OpenROAD 41a51eaf4ca2171c92ff38afb91eb37bbd3f36da 
This program is licensed under the BSD-3 license. See the LICENSE file for details.
Components of this program may be licensed under more restrictive licenses which must be honored.
[INFO]: Reading ODB at '/openlane/designs/Singgle_cycle/runs/RUN_2026.10.05_13.27.22/results/routing/top.odb'…
define_corners Typical
read_liberty -corner Typical /home/thiennb/.ciel/sky130A/libs.ref/sky130_fd_sc_hd/lib/sky130_fd_sc_hd__tt_025C_1v80.lib
Using 1e-12 for capacitance...
Using 1e+03 for resistance...
Using 1e-09 for time...
Using 1e+00 for voltage...
Using 1e-03 for current...
Using 1e-09 for power...
Using 1e-06 for distance...
Reading design constraints file at '/openlane/designs/Singgle_cycle/runs/RUN_2026.10.05_13.27.22/tmp/17-top.sdc'…
Net: _06146_
  Pin: _14643_/A (sky130_fd_sc_hd__clkbuf_4)
    Layer: met2
      Partial area ratio:   27.19
      Required ratio:    0.00 (Gate area) 
      Partial area ratio:  137.03
      Required ratio: 3312.80 (Side area) 
      Cumulative area ratio:  125.03
      Required ratio:    0.00 (Cumulative area) 
      Cumulative area ratio:  631.01
      Required ratio:    0.00 (Cumulative side area) 

    Layer: met1
      Partial area ratio:    0.39
      Required ratio:    0.00 (Gate area) 
      Partial area ratio:    2.43
      Required ratio:  400.00 (Side area) 
      Cumulative area ratio:    0.39
      Required ratio:    0.00 (Cumulative area) 
      Cumulative area ratio:    2.43
      Required ratio:    0.00 (Cumulative side area) 

    Layer: li1
      Partial area ratio:    0.00
      Required ratio:    0.00 (Gate area) 
      Partial area ratio:    0.00
      Required ratio:   75.00 (Side area) 
      Cumulative area ratio:    0.00
      Required ratio:    0.00 (Cumulative area) 
      Cumulative area ratio:    0.00
      Required ratio:    0.00 (Cumulative side area) 

    Layer: met3
      Partial area ratio:    2.98
      Required ratio:    0.00 (Gate area) 
      Partial area ratio:   16.14
      Required ratio: 3312.80 (Side area) 
      Cumulative area ratio:  128.01
      Required ratio:    0.00 (Cumulative area) 
      Cumulative area ratio:  647.16
      Required ratio:    0.00 (Cumulative side area) 

    Layer: met4
      Partial area ratio:   33.59
      Required ratio:    0.00 (Gate area) 
      Partial area ratio:  179.39
      Required ratio: 3312.80 (Side area) 
      Cumulative area ratio:  161.60
      Required ratio:    0.00 (Cumulative area) 
      Cumulative area ratio:  826.55
      Required ratio:    0.00 (Cumulative side area) 

    Via: M2M3_PR
      Partial area ratio:    0.02
      Required ratio:    6.00 (Gate area) 
      Cumulative area ratio:    0.44
      Required ratio:    0.00 (Cumulative area) 

    Via: M1M2_PR
      Partial area ratio:    0.11
      Required ratio:    6.00 (Gate area) 
      Cumulative area ratio:    0.24
      Required ratio:    0.00 (Cumulative area) 

    Via: L1M1_PR
      Partial area ratio:    0.14
      Required ratio:    3.00 (Gate area) 
      Cumulative area ratio:    0.14
      Required ratio:    0.00 (Cumulative area) 

    Via: M3M4_PR
      Partial area ratio:    0.02
      Required ratio:    6.00 (Gate area) 
      Cumulative area ratio:    0.46
      Required ratio:    0.00 (Cumulative area) 

  Pin: _13977_/A (sky130_fd_sc_hd__clkbuf_4)
    Layer: met2
      Partial area ratio:   27.19
      Required ratio:    0.00 (Gate area) 
      Partial area ratio:  137.03
      Required ratio: 3312.80 (Side area) 
      Cumulative area ratio:  127.93
      Required ratio:    0.00 (Cumulative area) 
      Cumulative area ratio:  646.46
      Required ratio:    0.00 (Cumulative side area) 

    Layer: met1
      Partial area ratio:    0.70
      Required ratio:    0.00 (Gate area) 
      Partial area ratio:    3.94
      Required ratio:  400.00 (Side area) 
      Cumulative area ratio:    0.70
      Required ratio:    0.00 (Cumulative area) 
      Cumulative area ratio:    3.94
      Required ratio:    0.00 (Cumulative side area) 

    Layer: li1
      Partial area ratio:    0.00
      Required ratio:    0.00 (Gate area) 
      Partial area ratio:    0.00
      Required ratio:   75.00 (Side area) 
      Cumulative area ratio:    0.00
      Required ratio:    0.00 (Cumulative area) 
      Cumulative area ratio:    0.00
      Required ratio:    0.00 (Cumulative side area) 

    Layer: met3
      Partial area ratio:    2.98
      Required ratio:    0.00 (Gate area) 
      Partial area ratio:   16.14
      Required ratio: 3312.80 (Side area) 
      Cumulative area ratio:  130.91
      Required ratio:    0.00 (Cumulative area) 
      Cumulative area ratio:  662.60
      Required ratio:    0.00 (Cumulative side area) 

    Layer: met4
      Partial area ratio:   33.59
      Required ratio:    0.00 (Gate area) 
      Partial area ratio:  179.39
      Required ratio: 3312.80 (Side area) 
      Cumulative area ratio:  164.51
      Required ratio:    0.00 (Cumulative area) 
      Cumulative area ratio:  841.99
      Required ratio:    0.00 (Cumulative side area) 

    Via: M2M3_PR
      Partial area ratio:    0.02
      Required ratio:    6.00 (Gate area) 
      Cumulative area ratio:    0.65
      Required ratio:    0.00 (Cumulative area) 

    Via: M1M2_PR
      Partial area ratio:    0.11
      Required ratio:    6.00 (Gate area) 
      Cumulative area ratio:    0.24
      Required ratio:    0.00 (Cumulative area) 

    Via: L1M1_PR
      Partial area ratio:    0.14
      Required ratio:    3.00 (Gate area) 
      Cumulative area ratio:    0.14
      Required ratio:    0.00 (Cumulative area) 

    Via: M3M4_PR
      Partial area ratio:    0.02
      Required ratio:    6.00 (Gate area) 
      Cumulative area ratio:    0.68
      Required ratio:    0.00 (Cumulative area) 

  Pin: _14199_/A (sky130_fd_sc_hd__clkbuf_4)
    Layer: met2
      Partial area ratio:   27.19
      Required ratio:    0.00 (Gate area) 
      Partial area ratio:  137.03
      Required ratio: 3312.80 (Side area) 
      Cumulative area ratio:  127.24
      Required ratio:    0.00 (Cumulative area) 
      Cumulative area ratio:  642.52
      Required ratio:    0.00 (Cumulative side area) 

    Layer: met1
      Partial area ratio:    0.00
      Required ratio:    0.00 (Gate area) 
      Partial area ratio:    0.00
      Required ratio:  400.00 (Side area) 
      Cumulative area ratio:    0.00
      Required ratio:    0.00 (Cumulative area) 
      Cumulative area ratio:    0.00
      Required ratio:    0.00 (Cumulative side area) 

    Layer: li1
      Partial area ratio:    0.00
      Required ratio:    0.00 (Gate area) 
      Partial area ratio:    0.00
      Required ratio:   75.00 (Side area) 
      Cumulative area ratio:    0.00
      Required ratio:    0.00 (Cumulative area) 
      Cumulative area ratio:    0.00
      Required ratio:    0.00 (Cumulative side area) 

    Layer: met3
      Partial area ratio:    2.98
      Required ratio:    0.00 (Gate area) 
      Partial area ratio:   16.14
      Required ratio: 3312.80 (Side area) 
      Cumulative area ratio:  130.22
      Required ratio:    0.00 (Cumulative area) 
      Cumulative area ratio:  658.66
      Required ratio:    0.00 (Cumulative side area) 

    Layer: met4
      Partial area ratio:   33.59
      Required ratio:    0.00 (Gate area) 
      Partial area ratio:  179.39
      Required ratio: 3312.80 (Side area) 
      Cumulative area ratio:  163.81
      Required ratio:    0.00 (Cumulative area) 
      Cumulative area ratio:  838.05
      Required ratio:    0.00 (Cumulative side area) 

    Via: M2M3_PR
      Partial area ratio:    0.02
      Required ratio:    6.00 (Gate area) 
      Cumulative area ratio:    0.65
      Required ratio:    0.00 (Cumulative area) 

    Via: M1M2_PR
      Partial area ratio:    0.11
      Required ratio:    6.00 (Gate area) 
      Cumulative area ratio:    0.24
      Required ratio:    0.00 (Cumulative area) 

    Via: L1M1_PR
      Partial area ratio:    0.14
      Required ratio:    3.00 (Gate area) 
      Cumulative area ratio:    0.14
      Required ratio:    0.00 (Cumulative area) 

    Via: M3M4_PR
      Partial area ratio:    0.02
      Required ratio:    6.00 (Gate area) 
      Cumulative area ratio:    0.68
      Required ratio:    0.00 (Cumulative area) 

  Pin: _14310_/A (sky130_fd_sc_hd__clkbuf_4)
    Layer: met2
      Partial area ratio:   27.19
      Required ratio:    0.00 (Gate area) 
      Partial area ratio:  137.03
      Required ratio: 3312.80 (Side area) 
      Cumulative area ratio:  165.89
      Required ratio:    0.00 (Cumulative area) 
      Cumulative area ratio:  838.98
      Required ratio:    0.00 (Cumulative side area) 

    Layer: met1
      Partial area ratio:    0.00
      Required ratio:    0.00 (Gate area) 
      Partial area ratio:    0.00
      Required ratio:  400.00 (Side area) 
      Cumulative area ratio:    0.00
      Required ratio:    0.00 (Cumulative area) 
      Cumulative area ratio:    0.00
      Required ratio:    0.00 (Cumulative side area) 

    Layer: li1
      Partial area ratio:    0.00
      Required ratio:    0.00 (Gate area) 
      Partial area ratio:    0.00
      Required ratio:   75.00 (Side area) 
      Cumulative area ratio:    0.00
      Required ratio:    0.00 (Cumulative area) 
      Cumulative area ratio:    0.00
      Required ratio:    0.00 (Cumulative side area) 

    Layer: met3
      Partial area ratio:    2.98
      Required ratio:    0.00 (Gate area) 
      Partial area ratio:   16.14
      Required ratio: 3312.80 (Side area) 
      Cumulative area ratio:  168.87
      Required ratio:    0.00 (Cumulative area) 
      Cumulative area ratio:  855.12
      Required ratio:    0.00 (Cumulative side area) 

    Layer: met4
      Partial area ratio:   33.59
      Required ratio:    0.00 (Gate area) 
      Partial area ratio:  179.39
      Required ratio: 3312.80 (Side area) 
      Cumulative area ratio:  202.46
      Required ratio:    0.00 (Cumulative area) 
      Cumulative area ratio: 1034.51
      Required ratio:    0.00 (Cumulative side area) 

    Via: M2M3_PR
      Partial area ratio:    0.02
      Required ratio:    6.00 (Gate area) 
      Cumulative area ratio:    0.87
      Required ratio:    0.00 (Cumulative area) 

    Via: M1M2_PR
      Partial area ratio:    0.11
      Required ratio:    6.00 (Gate area) 
      Cumulative area ratio:    0.24
      Required ratio:    0.00 (Cumulative area) 

    Via: L1M1_PR
      Partial area ratio:    0.14
      Required ratio:    3.00 (Gate area) 
      Cumulative area ratio:    0.14
      Required ratio:    0.00 (Cumulative area) 

    Via: M3M4_PR
      Partial area ratio:    0.02
      Required ratio:    6.00 (Gate area) 
      Cumulative area ratio:    0.89
      Required ratio:    0.00 (Cumulative area) 

  Pin: _14865_/A (sky130_fd_sc_hd__clkbuf_4)
    Layer: met2
      Partial area ratio:   27.19
      Required ratio:    0.00 (Gate area) 
      Partial area ratio:  137.03
      Required ratio: 3312.80 (Side area) 
      Cumulative area ratio:  165.89
      Required ratio:    0.00 (Cumulative area) 
      Cumulative area ratio:  838.98
      Required ratio:    0.00 (Cumulative side area) 

    Layer: met1
      Partial area ratio:   38.65
      Required ratio:    0.00 (Gate area) 
      Partial area ratio:  196.46
      Required ratio:  400.00 (Side area) 
      Cumulative area ratio:   38.65
      Required ratio:    0.00 (Cumulative area) 
      Cumulative area ratio:  196.46
      Required ratio:    0.00 (Cumulative side area) 

    Layer: li1
      Partial area ratio:    0.00
      Required ratio:    0.00 (Gate area) 
      Partial area ratio:    0.00
      Required ratio:   75.00 (Side area) 
      Cumulative area ratio:    0.00
      Required ratio:    0.00 (Cumulative area) 
      Cumulative area ratio:    0.00
      Required ratio:    0.00 (Cumulative side area) 

    Layer: met3
      Partial area ratio:    2.98
      Required ratio:    0.00 (Gate area) 
      Partial area ratio:   16.14
      Required ratio: 3312.80 (Side area) 
      Cumulative area ratio:  168.87
      Required ratio:    0.00 (Cumulative area) 
      Cumulative area ratio:  855.12
      Required ratio:    0.00 (Cumulative side area) 

    Layer: met4
      Partial area ratio:   33.59
      Required ratio:    0.00 (Gate area) 
      Partial area ratio:  179.39
      Required ratio: 3312.80 (Side area) 
      Cumulative area ratio:  202.46
      Required ratio:    0.00 (Cumulative area) 
      Cumulative area ratio: 1034.51
      Required ratio:    0.00 (Cumulative side area) 

    Via: M2M3_PR
      Partial area ratio:    0.02
      Required ratio:    6.00 (Gate area) 
      Cumulative area ratio:    0.76
      Required ratio:    0.00 (Cumulative area) 

    Via: M1M2_PR
      Partial area ratio:    0.21
      Required ratio:    6.00 (Gate area) 
      Cumulative area ratio:    0.35
      Required ratio:    0.00 (Cumulative area) 

    Via: L1M1_PR
      Partial area ratio:    0.14
      Required ratio:    3.00 (Gate area) 
      Cumulative area ratio:    0.14
      Required ratio:    0.00 (Cumulative area) 

    Via: M3M4_PR
      Partial area ratio:    0.02
      Required ratio:    6.00 (Gate area) 
      Cumulative area ratio:    0.78
      Required ratio:    0.00 (Cumulative area) 

  Pin: _14088_/A (sky130_fd_sc_hd__clkbuf_4)
    Layer: met2
      Partial area ratio:   27.19
      Required ratio:    0.00 (Gate area) 
      Partial area ratio:  137.03
      Required ratio: 3312.80 (Side area) 
      Cumulative area ratio:  127.24
      Required ratio:    0.00 (Cumulative area) 
      Cumulative area ratio:  642.52
      Required ratio:    0.00 (Cumulative side area) 

    Layer: met1
      Partial area ratio:    2.60
      Required ratio:    0.00 (Gate area) 
      Partial area ratio:   13.93
      Required ratio:  400.00 (Side area) 
      Cumulative area ratio:    2.60
      Required ratio:    0.00 (Cumulative area) 
      Cumulative area ratio:   13.93
      Required ratio:    0.00 (Cumulative side area) 

    Layer: li1
      Partial area ratio:    0.00
      Required ratio:    0.00 (Gate area) 
      Partial area ratio:    0.00
      Required ratio:   75.00 (Side area) 
      Cumulative area ratio:    0.00
      Required ratio:    0.00 (Cumulative area) 
      Cumulative area ratio:    0.00
      Required ratio:    0.00 (Cumulative side area) 

    Layer: met3
      Partial area ratio:    2.98
      Required ratio:    0.00 (Gate area) 
      Partial area ratio:   16.14
      Required ratio: 3312.80 (Side area) 
      Cumulative area ratio:  130.22
      Required ratio:    0.00 (Cumulative area) 
      Cumulative area ratio:  658.66
      Required ratio:    0.00 (Cumulative side area) 

    Layer: met4
      Partial area ratio:   33.59
      Required ratio:    0.00 (Gate area) 
      Partial area ratio:  179.39
      Required ratio: 3312.80 (Side area) 
      Cumulative area ratio:  163.81
      Required ratio:    0.00 (Cumulative area) 
      Cumulative area ratio:  838.05
      Required ratio:    0.00 (Cumulative side area) 

    Via: M2M3_PR
      Partial area ratio:    0.02
      Required ratio:    6.00 (Gate area) 
      Cumulative area ratio:    0.55
      Required ratio:    0.00 (Cumulative area) 

    Via: M1M2_PR
      Partial area ratio:    0.21
      Required ratio:    6.00 (Gate area) 
      Cumulative area ratio:    0.35
      Required ratio:    0.00 (Cumulative area) 

    Via: L1M1_PR
      Partial area ratio:    0.14
      Required ratio:    3.00 (Gate area) 
      Cumulative area ratio:    0.14
      Required ratio:    0.00 (Cumulative area) 

    Via: M3M4_PR
      Partial area ratio:    0.02
      Required ratio:    6.00 (Gate area) 
      Cumulative area ratio:    0.57
      Required ratio:    0.00 (Cumulative area) 

  Pin: _14532_/A (sky130_fd_sc_hd__clkbuf_4)
    Layer: met2
      Partial area ratio:   27.19
      Required ratio:    0.00 (Gate area) 
      Partial area ratio:  137.03
      Required ratio: 3312.80 (Side area) 
      Cumulative area ratio:  160.46
      Required ratio:    0.00 (Cumulative area) 
      Cumulative area ratio:  809.99
      Required ratio:    0.00 (Cumulative side area) 

    Layer: met1
      Partial area ratio:   35.82
      Required ratio:    0.00 (Gate area) 
      Partial area ratio:  181.41
      Required ratio:  400.00 (Side area) 
      Cumulative area ratio:   35.82
      Required ratio:    0.00 (Cumulative area) 
      Cumulative area ratio:  181.41
      Required ratio:    0.00 (Cumulative side area) 

    Layer: li1
      Partial area ratio:    0.00
      Required ratio:    0.00 (Gate area) 
      Partial area ratio:    0.00
      Required ratio:   75.00 (Side area) 
      Cumulative area ratio:    0.00
      Required ratio:    0.00 (Cumulative area) 
      Cumulative area ratio:    0.00
      Required ratio:    0.00 (Cumulative side area) 

    Layer: met3
      Partial area ratio:    2.98
      Required ratio:    0.00 (Gate area) 
      Partial area ratio:   16.14
      Required ratio: 3312.80 (Side area) 
      Cumulative area ratio:  163.44
      Required ratio:    0.00 (Cumulative area) 
      Cumulative area ratio:  826.13
      Required ratio:    0.00 (Cumulative side area) 

    Layer: met4
      Partial area ratio:   33.59
      Required ratio:    0.00 (Gate area) 
      Partial area ratio:  179.39
      Required ratio: 3312.80 (Side area) 
      Cumulative area ratio:  197.03
      Required ratio:    0.00 (Cumulative area) 
      Cumulative area ratio: 1005.52
      Required ratio:    0.00 (Cumulative side area) 

    Via: M2M3_PR
      Partial area ratio:    0.02
      Required ratio:    6.00 (Gate area) 
      Cumulative area ratio:    0.44
      Required ratio:    0.00 (Cumulative area) 

    Via: M1M2_PR
      Partial area ratio:    0.11
      Required ratio:    6.00 (Gate area) 
      Cumulative area ratio:    0.24
      Required ratio:    0.00 (Cumulative area) 

    Via: L1M1_PR
      Partial area ratio:    0.14
      Required ratio:    3.00 (Gate area) 
      Cumulative area ratio:    0.14
      Required ratio:    0.00 (Cumulative area) 

    Via: M3M4_PR
      Partial area ratio:    0.02
      Required ratio:    6.00 (Gate area) 
      Cumulative area ratio:    0.46
      Required ratio:    0.00 (Cumulative area) 

  Pin: _14421_/A (sky130_fd_sc_hd__buf_4)
    Layer: met2
      Partial area ratio:   27.19
      Required ratio:    0.00 (Gate area) 
      Partial area ratio:  137.03
      Required ratio: 3312.80 (Side area) 
      Cumulative area ratio:  124.63
      Required ratio:    0.00 (Cumulative area) 
      Cumulative area ratio:  628.58
      Required ratio:    0.00 (Cumulative side area) 

    Layer: met1
      Partial area ratio:   97.44
      Required ratio:    0.00 (Gate area) 
      Partial area ratio:  491.56
      Required ratio:  400.00 (Side area) (VIOLATED)
      Cumulative area ratio:   97.44
      Required ratio:    0.00 (Cumulative area) 
      Cumulative area ratio:  491.56
      Required ratio:    0.00 (Cumulative side area) 

    Layer: li1
      Partial area ratio:    0.00
      Required ratio:    0.00 (Gate area) 
      Partial area ratio:    0.00
      Required ratio:   75.00 (Side area) 
      Cumulative area ratio:    0.00
      Required ratio:    0.00 (Cumulative area) 
      Cumulative area ratio:    0.00
      Required ratio:    0.00 (Cumulative side area) 

    Layer: met3
      Partial area ratio:    2.98
      Required ratio:    0.00 (Gate area) 
      Partial area ratio:   16.14
      Required ratio: 3312.80 (Side area) 
      Cumulative area ratio:  127.62
      Required ratio:    0.00 (Cumulative area) 
      Cumulative area ratio:  644.73
      Required ratio:    0.00 (Cumulative side area) 

    Layer: met4
      Partial area ratio:   33.59
      Required ratio:    0.00 (Gate area) 
      Partial area ratio:  179.39
      Required ratio: 3312.80 (Side area) 
      Cumulative area ratio:  161.21
      Required ratio:    0.00 (Cumulative area) 
      Cumulative area ratio:  824.11
      Required ratio:    0.00 (Cumulative side area) 

    Via: M2M3_PR
      Partial area ratio:    0.02
      Required ratio:    6.00 (Gate area) 
      Cumulative area ratio:    0.32
      Required ratio:    0.00 (Cumulative area) 

    Via: M1M2_PR
      Partial area ratio:    0.18
      Required ratio:    6.00 (Gate area) 
      Cumulative area ratio:    0.30
      Required ratio:    0.00 (Cumulative area) 

    Via: L1M1_PR
      Partial area ratio:    0.12
      Required ratio:    3.00 (Gate area) 
      Cumulative area ratio:    0.12
      Required ratio:    0.00 (Cumulative area) 

    Via: M3M4_PR
      Partial area ratio:    0.02
      Required ratio:    6.00 (Gate area) 
      Cumulative area ratio:    0.34
      Required ratio:    0.00 (Cumulative area) 

  Pin: _13866_/A (sky130_fd_sc_hd__clkbuf_4)
    Layer: met2
      Partial area ratio:   27.19
      Required ratio:    0.00 (Gate area) 
      Partial area ratio:  137.03
      Required ratio: 3312.80 (Side area) 
      Cumulative area ratio:   27.19
      Required ratio:    0.00 (Cumulative area) 
      Cumulative area ratio:  137.03
      Required ratio:    0.00 (Cumulative side area) 

    Layer: met1
      Partial area ratio:    0.00
      Required ratio:    0.00 (Gate area) 
      Partial area ratio:    0.00
      Required ratio:  400.00 (Side area) 
      Cumulative area ratio:    0.00
      Required ratio:    0.00 (Cumulative area) 
      Cumulative area ratio:    0.00
      Required ratio:    0.00 (Cumulative side area) 

    Layer: li1
      Partial area ratio:    0.00
      Required ratio:    0.00 (Gate area) 
      Partial area ratio:    0.00
      Required ratio:   75.00 (Side area) 
      Cumulative area ratio:    0.00
      Required ratio:    0.00 (Cumulative area) 
      Cumulative area ratio:    0.00
      Required ratio:    0.00 (Cumulative side area) 

    Layer: met3
      Partial area ratio:    2.98
      Required ratio:    0.00 (Gate area) 
      Partial area ratio:   16.14
      Required ratio: 3312.80 (Side area) 
      Cumulative area ratio:   30.18
      Required ratio:    0.00 (Cumulative area) 
      Cumulative area ratio:  153.17
      Required ratio:    0.00 (Cumulative side area) 

    Layer: met4
      Partial area ratio:   33.59
      Required ratio:    0.00 (Gate area) 
      Partial area ratio:  179.39
      Required ratio: 3312.80 (Side area) 
      Cumulative area ratio:   63.77
      Required ratio:    0.00 (Cumulative area) 
      Cumulative area ratio:  332.56
      Required ratio:    0.00 (Cumulative side area) 

    Via: M2M3_PR
      Partial area ratio:    0.02
      Required ratio:    6.00 (Gate area) 
      Cumulative area ratio:    0.26
      Required ratio:    0.00 (Cumulative area) 

    Via: M1M2_PR
      Partial area ratio:    0.11
      Required ratio:    6.00 (Gate area) 
      Cumulative area ratio:    0.24
      Required ratio:    0.00 (Cumulative area) 

    Via: L1M1_PR
      Partial area ratio:    0.14
      Required ratio:    3.00 (Gate area) 
      Cumulative area ratio:    0.14
      Required ratio:    0.00 (Cumulative area) 

    Via: M3M4_PR
      Partial area ratio:    0.02
      Required ratio:    6.00 (Gate area) 
      Cumulative area ratio:    0.28
      Required ratio:    0.00 (Cumulative area) 

  Pin: _14754_/A (sky130_fd_sc_hd__clkbuf_4)
    Layer: met4
      Partial area ratio:   33.59
      Required ratio:    0.00 (Gate area) 
      Partial area ratio:  179.39
      Required ratio: 3312.80 (Side area) 
      Cumulative area ratio:   34.54
      Required ratio:    0.00 (Cumulative area) 
      Cumulative area ratio:  187.10
      Required ratio:    0.00 (Cumulative side area) 

    Layer: met3
      Partial area ratio:    0.75
      Required ratio:    0.00 (Gate area) 
      Partial area ratio:    6.23
      Required ratio:  400.00 (Side area) 
      Cumulative area ratio:    0.95
      Required ratio:    0.00 (Cumulative area) 
      Cumulative area ratio:    7.71
      Required ratio:    0.00 (Cumulative side area) 

    Layer: met2
      Partial area ratio:    0.20
      Required ratio:    0.00 (Gate area) 
      Partial area ratio:    1.48
      Required ratio:  400.00 (Side area) 
      Cumulative area ratio:    0.20
      Required ratio:    0.00 (Cumulative area) 
      Cumulative area ratio:    1.48
      Required ratio:    0.00 (Cumulative side area) 

    Layer: met1
      Partial area ratio:    0.00
      Required ratio:    0.00 (Gate area) 
      Partial area ratio:    0.00
      Required ratio:  400.00 (Side area) 
      Cumulative area ratio:    0.00
      Required ratio:    0.00 (Cumulative area) 
      Cumulative area ratio:    0.00
      Required ratio:    0.00 (Cumulative side area) 

    Layer: li1
      Partial area ratio:    0.00
      Required ratio:    0.00 (Gate area) 
      Partial area ratio:    0.00
      Required ratio:   75.00 (Side area) 
      Cumulative area ratio:    0.00
      Required ratio:    0.00 (Cumulative area) 
      Cumulative area ratio:    0.00
      Required ratio:    0.00 (Cumulative side area) 

    Via: M3M4_PR
      Partial area ratio:    0.19
      Required ratio:    6.00 (Gate area) 
      Cumulative area ratio:    0.62
      Required ratio:    0.00 (Cumulative area) 

    Via: M2M3_PR
      Partial area ratio:    0.19
      Required ratio:    6.00 (Gate area) 
      Cumulative area ratio:    0.43
      Required ratio:    0.00 (Cumulative area) 

    Via: M1M2_PR
      Partial area ratio:    0.11
      Required ratio:    6.00 (Gate area) 
      Cumulative area ratio:    0.24
      Required ratio:    0.00 (Cumulative area) 

    Via: L1M1_PR
      Partial area ratio:    0.14
      Required ratio:    3.00 (Gate area) 
      Cumulative area ratio:    0.14
      Required ratio:    0.00 (Cumulative area) 


Net: net6
  Pin: output6/A (sky130_fd_sc_hd__clkbuf_4)
    Layer: met3
      Partial area ratio:   28.09
      Required ratio:    0.00 (Gate area) 
      Partial area ratio:  150.85
      Required ratio: 2956.40 (Side area) 
      Cumulative area ratio:  178.43
      Required ratio:    0.00 (Cumulative area) 
      Cumulative area ratio:  908.52
      Required ratio:    0.00 (Cumulative side area) 

    Layer: met2
      Partial area ratio:  148.44
      Required ratio:    0.00 (Gate area) 
      Partial area ratio:  747.68
      Required ratio:  400.00 (Side area) (VIOLATED)
      Cumulative area ratio:  150.34
      Required ratio:    0.00 (Cumulative area) 
      Cumulative area ratio:  757.67
      Required ratio:    0.00 (Cumulative side area) 

    Layer: met1
      Partial area ratio:    1.91
      Required ratio:    0.00 (Gate area) 
      Partial area ratio:    9.99
      Required ratio:  400.00 (Side area) 
      Cumulative area ratio:    1.91
      Required ratio:    0.00 (Cumulative area) 
      Cumulative area ratio:    9.99
      Required ratio:    0.00 (Cumulative side area) 

    Layer: li1
      Partial area ratio:    0.00
      Required ratio:    0.00 (Gate area) 
      Partial area ratio:    0.00
      Required ratio:   75.00 (Side area) 
      Cumulative area ratio:    0.00
      Required ratio:    0.00 (Cumulative area) 
      Cumulative area ratio:    0.00
      Required ratio:    0.00 (Cumulative side area) 

    Via: M2M3_PR
      Partial area ratio:    0.12
      Required ratio:    6.00 (Gate area) 
      Cumulative area ratio:    0.36
      Required ratio:    0.00 (Cumulative area) 

    Via: M1M2_PR
      Partial area ratio:    0.11
      Required ratio:    6.00 (Gate area) 
      Cumulative area ratio:    0.24
      Required ratio:    0.00 (Cumulative area) 

    Via: L1M1_PR
      Partial area ratio:    0.14
      Required ratio:    3.00 (Gate area) 
      Cumulative area ratio:    0.14
      Required ratio:    0.00 (Cumulative area) 

  Pin: _12659_/A (sky130_fd_sc_hd__or2_1)
    Layer: met3
      Partial area ratio:   28.09
      Required ratio:    0.00 (Gate area) 
      Partial area ratio:  150.85
      Required ratio: 2956.40 (Side area) 
      Cumulative area ratio:  176.53
      Required ratio:    0.00 (Cumulative area) 
      Cumulative area ratio:  898.53
      Required ratio:    0.00 (Cumulative side area) 

    Layer: met2
      Partial area ratio:  148.44
      Required ratio:    0.00 (Gate area) 
      Partial area ratio:  747.68
      Required ratio:  400.00 (Side area) (VIOLATED)
      Cumulative area ratio:  148.44
      Required ratio:    0.00 (Cumulative area) 
      Cumulative area ratio:  747.68
      Required ratio:    0.00 (Cumulative side area) 

    Layer: met1
      Partial area ratio:    0.00
      Required ratio:    0.00 (Gate area) 
      Partial area ratio:    0.00
      Required ratio:  400.00 (Side area) 
      Cumulative area ratio:    0.00
      Required ratio:    0.00 (Cumulative area) 
      Cumulative area ratio:    0.00
      Required ratio:    0.00 (Cumulative side area) 

    Layer: li1
      Partial area ratio:    0.00
      Required ratio:    0.00 (Gate area) 
      Partial area ratio:    0.00
      Required ratio:   75.00 (Side area) 
      Cumulative area ratio:    0.00
      Required ratio:    0.00 (Cumulative area) 
      Cumulative area ratio:    0.00
      Required ratio:    0.00 (Cumulative side area) 

    Via: M2M3_PR
      Partial area ratio:    0.12
      Required ratio:    6.00 (Gate area) 
      Cumulative area ratio:    0.53
      Required ratio:    0.00 (Cumulative area) 

    Via: M1M2_PR
      Partial area ratio:    0.18
      Required ratio:    6.00 (Gate area) 
      Cumulative area ratio:    0.41
      Required ratio:    0.00 (Cumulative area) 

    Via: L1M1_PR
      Partial area ratio:    0.23
      Required ratio:    3.00 (Gate area) 
      Cumulative area ratio:    0.23
      Required ratio:    0.00 (Cumulative area) 

  Pin: _13125_/B (sky130_fd_sc_hd__or3_1)
    Layer: met1
      Partial area ratio:    0.00
      Required ratio:    0.00 (Gate area) 
      Partial area ratio:    0.00
      Required ratio:  400.00 (Side area) 
      Cumulative area ratio:    0.00
      Required ratio:    0.00 (Cumulative area) 
      Cumulative area ratio:    0.00
      Required ratio:    0.00 (Cumulative side area) 

    Layer: li1
      Partial area ratio:    0.00
      Required ratio:    0.00 (Gate area) 
      Partial area ratio:    0.00
      Required ratio:   75.00 (Side area) 
      Cumulative area ratio:    0.00
      Required ratio:    0.00 (Cumulative area) 
      Cumulative area ratio:    0.00
      Required ratio:    0.00 (Cumulative side area) 

    Via: M1M2_PR
      Partial area ratio:    0.18
      Required ratio:    6.00 (Gate area) 
      Cumulative area ratio:    0.41
      Required ratio:    0.00 (Cumulative area) 

    Via: L1M1_PR
      Partial area ratio:    0.23
      Required ratio:    3.00 (Gate area) 
      Cumulative area ratio:    0.23
      Required ratio:    0.00 (Cumulative area) 


Net: net17
  Pin: _13136_/A (sky130_fd_sc_hd__nor4_1)
    Layer: met2
      Partial area ratio:   53.99
      Required ratio:    0.00 (Gate area) 
      Partial area ratio:  271.22
      Required ratio: 2780.80 (Side area) 
      Cumulative area ratio:   55.89
      Required ratio:    0.00 (Cumulative area) 
      Cumulative area ratio:  281.12
      Required ratio:    0.00 (Cumulative side area) 

    Layer: met1
      Partial area ratio:    1.90
      Required ratio:    0.00 (Gate area) 
      Partial area ratio:    9.90
      Required ratio:  400.00 (Side area) 
      Cumulative area ratio:    1.90
      Required ratio:    0.00 (Cumulative area) 
      Cumulative area ratio:    9.90
      Required ratio:    0.00 (Cumulative side area) 

    Layer: li1
      Partial area ratio:    0.00
      Required ratio:    0.00 (Gate area) 
      Partial area ratio:    0.00
      Required ratio:   75.00 (Side area) 
      Cumulative area ratio:    0.00
      Required ratio:    0.00 (Cumulative area) 
      Cumulative area ratio:    0.00
      Required ratio:    0.00 (Cumulative side area) 

    Via: M1M2_PR
      Partial area ratio:    0.09
      Required ratio:    6.00 (Gate area) 
      Cumulative area ratio:    0.21
      Required ratio:    0.00 (Cumulative area) 

    Via: L1M1_PR
      Partial area ratio:    0.12
      Required ratio:    3.00 (Gate area) 
      Cumulative area ratio:    0.12
      Required ratio:    0.00 (Cumulative area) 

  Pin: _12537_/A (sky130_fd_sc_hd__or2_1)
    Layer: met2
      Partial area ratio:   53.99
      Required ratio:    0.00 (Gate area) 
      Partial area ratio:  271.22
      Required ratio: 2780.80 (Side area) 
      Cumulative area ratio:   54.65
      Required ratio:    0.00 (Cumulative area) 
      Cumulative area ratio:  275.33
      Required ratio:    0.00 (Cumulative side area) 

    Layer: met1
      Partial area ratio:    0.67
      Required ratio:    0.00 (Gate area) 
      Partial area ratio:    4.11
      Required ratio:  400.00 (Side area) 
      Cumulative area ratio:    0.67
      Required ratio:    0.00 (Cumulative area) 
      Cumulative area ratio:    4.11
      Required ratio:    0.00 (Cumulative side area) 

    Layer: li1
      Partial area ratio:    0.00
      Required ratio:    0.00 (Gate area) 
      Partial area ratio:    0.00
      Required ratio:   75.00 (Side area) 
      Cumulative area ratio:    0.00
      Required ratio:    0.00 (Cumulative area) 
      Cumulative area ratio:    0.00
      Required ratio:    0.00 (Cumulative side area) 

    Via: M1M2_PR
      Partial area ratio:    0.18
      Required ratio:    6.00 (Gate area) 
      Cumulative area ratio:    0.41
      Required ratio:    0.00 (Cumulative area) 

    Via: L1M1_PR
      Partial area ratio:    0.23
      Required ratio:    3.00 (Gate area) 
      Cumulative area ratio:    0.23
      Required ratio:    0.00 (Cumulative area) 

  Pin: output17/A (sky130_fd_sc_hd__buf_2)
    Layer: met2
      Partial area ratio:   53.99
      Required ratio:    0.00 (Gate area) 
      Partial area ratio:  271.22
      Required ratio: 2780.80 (Side area) 
      Cumulative area ratio:  145.38
      Required ratio:    0.00 (Cumulative area) 
      Cumulative area ratio:  730.05
      Required ratio:    0.00 (Cumulative side area) 

    Layer: met1
      Partial area ratio:   91.40
      Required ratio:    0.00 (Gate area) 
      Partial area ratio:  458.83
      Required ratio:  400.00 (Side area) (VIOLATED)
      Cumulative area ratio:   91.40
      Required ratio:    0.00 (Cumulative area) 
      Cumulative area ratio:  458.83
      Required ratio:    0.00 (Cumulative side area) 

    Layer: li1
      Partial area ratio:    0.00
      Required ratio:    0.00 (Gate area) 
      Partial area ratio:    0.00
      Required ratio:   75.00 (Side area) 
      Cumulative area ratio:    0.00
      Required ratio:    0.00 (Cumulative area) 
      Cumulative area ratio:    0.00
      Required ratio:    0.00 (Cumulative side area) 

    Via: M1M2_PR
      Partial area ratio:    0.14
      Required ratio:    6.00 (Gate area) 
      Cumulative area ratio:    0.32
      Required ratio:    0.00 (Cumulative area) 

    Via: L1M1_PR
      Partial area ratio:    0.18
      Required ratio:    3.00 (Gate area) 
      Cumulative area ratio:    0.18
      Required ratio:    0.00 (Cumulative area) 


Net: net18
  Pin: output18/A (sky130_fd_sc_hd__clkbuf_4)
    Layer: met4
      Partial area ratio:    7.13
      Required ratio:    0.00 (Gate area) 
      Partial area ratio:   40.26
      Required ratio: 2778.20 (Side area) 
      Cumulative area ratio:  227.02
      Required ratio:    0.00 (Cumulative area) 
      Cumulative area ratio: 1145.67
      Required ratio:    0.00 (Cumulative side area) 

    Layer: met3
      Partial area ratio:    1.39
      Required ratio:    0.00 (Gate area) 
      Partial area ratio:    9.69
      Required ratio:  400.00 (Side area) 
      Cumulative area ratio:  219.89
      Required ratio:    0.00 (Cumulative area) 
      Cumulative area ratio: 1105.40
      Required ratio:    0.00 (Cumulative side area) 

    Layer: met2
      Partial area ratio:  146.43
      Required ratio:    0.00 (Gate area) 
      Partial area ratio:  734.47
      Required ratio:  400.00 (Side area) (VIOLATED)
      Cumulative area ratio:  218.50
      Required ratio:    0.00 (Cumulative area) 
      Cumulative area ratio: 1095.71
      Required ratio:    0.00 (Cumulative side area) 

    Layer: met1
      Partial area ratio:   72.06
      Required ratio:    0.00 (Gate area) 
      Partial area ratio:  361.24
      Required ratio:  400.00 (Side area) 
      Cumulative area ratio:   72.06
      Required ratio:    0.00 (Cumulative area) 
      Cumulative area ratio:  361.24
      Required ratio:    0.00 (Cumulative side area) 

    Layer: li1
      Partial area ratio:    0.00
      Required ratio:    0.00 (Gate area) 
      Partial area ratio:    0.00
      Required ratio:   75.00 (Side area) 
      Cumulative area ratio:    0.00
      Required ratio:    0.00 (Cumulative area) 
      Cumulative area ratio:    0.00
      Required ratio:    0.00 (Cumulative side area) 

    Via: M3M4_PR
      Partial area ratio:    0.19
      Required ratio:    6.00 (Gate area) 
      Cumulative area ratio:    0.62
      Required ratio:    0.00 (Cumulative area) 

    Via: M2M3_PR
      Partial area ratio:    0.19
      Required ratio:    6.00 (Gate area) 
      Cumulative area ratio:    0.43
      Required ratio:    0.00 (Cumulative area) 

    Via: M1M2_PR
      Partial area ratio:    0.11
      Required ratio:    6.00 (Gate area) 
      Cumulative area ratio:    0.24
      Required ratio:    0.00 (Cumulative area) 

    Via: L1M1_PR
      Partial area ratio:    0.14
      Required ratio:    3.00 (Gate area) 
      Cumulative area ratio:    0.14
      Required ratio:    0.00 (Cumulative area) 


Net: net19
  Pin: _13127_/B (sky130_fd_sc_hd__or4b_1)
    Layer: met4
      Partial area ratio:   20.57
      Required ratio:    0.00 (Gate area) 
      Partial area ratio:  110.87
      Required ratio: 2918.08 (Side area) 
      Cumulative area ratio:   26.67
      Required ratio:    0.00 (Cumulative area) 
      Cumulative area ratio:  146.75
      Required ratio:    0.00 (Cumulative side area) 

    Layer: met3
      Partial area ratio:    2.36
      Required ratio:    0.00 (Gate area) 
      Partial area ratio:   16.38
      Required ratio:  400.00 (Side area) 
      Cumulative area ratio:    6.10
      Required ratio:    0.00 (Cumulative area) 
      Cumulative area ratio:   35.88
      Required ratio:    0.00 (Cumulative side area) 

    Layer: met2
      Partial area ratio:    3.74
      Required ratio:    0.00 (Gate area) 
      Partial area ratio:   19.50
      Required ratio:  400.00 (Side area) 
      Cumulative area ratio:    3.74
      Required ratio:    0.00 (Cumulative area) 
      Cumulative area ratio:   19.50
      Required ratio:    0.00 (Cumulative side area) 

    Layer: met1
      Partial area ratio:    0.00
      Required ratio:    0.00 (Gate area) 
      Partial area ratio:    0.00
      Required ratio:  400.00 (Side area) 
      Cumulative area ratio:    0.00
      Required ratio:    0.00 (Cumulative area) 
      Cumulative area ratio:    0.00
      Required ratio:    0.00 (Cumulative side area) 

    Layer: li1
      Partial area ratio:    0.00
      Required ratio:    0.00 (Gate area) 
      Partial area ratio:    0.00
      Required ratio:   75.00 (Side area) 
      Cumulative area ratio:    0.00
      Required ratio:    0.00 (Cumulative area) 
      Cumulative area ratio:    0.00
      Required ratio:    0.00 (Cumulative side area) 

    Via: M3M4_PR
      Partial area ratio:    0.32
      Required ratio:    6.00 (Gate area) 
      Cumulative area ratio:    1.04
      Required ratio:    0.00 (Cumulative area) 

    Via: M2M3_PR
      Partial area ratio:    0.32
      Required ratio:    6.00 (Gate area) 
      Cumulative area ratio:    0.73
      Required ratio:    0.00 (Cumulative area) 

    Via: M1M2_PR
      Partial area ratio:    0.18
      Required ratio:    6.00 (Gate area) 
      Cumulative area ratio:    0.41
      Required ratio:    0.00 (Cumulative area) 

    Via: L1M1_PR
      Partial area ratio:    0.23
      Required ratio:    3.00 (Gate area) 
      Cumulative area ratio:    0.23
      Required ratio:    0.00 (Cumulative area) 

  Pin: _12514_/A (sky130_fd_sc_hd__or2_1)
    Layer: met1
      Partial area ratio:   31.76
      Required ratio:    0.00 (Gate area) 
      Partial area ratio:  165.00
      Required ratio: 2918.08 (Side area) 
      Cumulative area ratio:   31.76
      Required ratio:    0.00 (Cumulative area) 
      Cumulative area ratio:  165.00
      Required ratio:    0.00 (Cumulative side area) 

    Layer: met2
      Partial area ratio:   66.22
      Required ratio:    0.00 (Gate area) 
      Partial area ratio:  332.49
      Required ratio: 2918.08 (Side area) 
      Cumulative area ratio:   97.98
      Required ratio:    0.00 (Cumulative area) 
      Cumulative area ratio:  497.49
      Required ratio:    0.00 (Cumulative side area) 

    Layer: met3
      Partial area ratio:   12.18
      Required ratio:    0.00 (Gate area) 
      Partial area ratio:   66.64
      Required ratio: 2918.08 (Side area) 
      Cumulative area ratio:  110.16
      Required ratio:    0.00 (Cumulative area) 
      Cumulative area ratio:  564.13
      Required ratio:    0.00 (Cumulative side area) 

    Layer: met4
      Partial area ratio:   20.57
      Required ratio:    0.00 (Gate area) 
      Partial area ratio:  110.87
      Required ratio: 2918.08 (Side area) 
      Cumulative area ratio:  130.73
      Required ratio:    0.00 (Cumulative area) 
      Cumulative area ratio:  675.00
      Required ratio:    0.00 (Cumulative side area) 

    Layer: li1
      Partial area ratio:    0.00
      Required ratio:    0.00 (Gate area) 
      Partial area ratio:    0.00
      Required ratio:   75.00 (Side area) 
      Cumulative area ratio:    0.00
      Required ratio:    0.00 (Cumulative area) 
      Cumulative area ratio:    0.00
      Required ratio:    0.00 (Cumulative side area) 

    Via: M1M2_PR
      Partial area ratio:    0.36
      Required ratio:    6.00 (Gate area) 
      Cumulative area ratio:    0.59
      Required ratio:    0.00 (Cumulative area) 

    Via: M2M3_PR
      Partial area ratio:    0.14
      Required ratio:    6.00 (Gate area) 
      Cumulative area ratio:    0.73
      Required ratio:    0.00 (Cumulative area) 

    Via: M3M4_PR
      Partial area ratio:    0.14
      Required ratio:    6.00 (Gate area) 
      Cumulative area ratio:    0.87
      Required ratio:    0.00 (Cumulative area) 

    Via: L1M1_PR
      Partial area ratio:    0.23
      Required ratio:    3.00 (Gate area) 
      Cumulative area ratio:    0.23
      Required ratio:    0.00 (Cumulative area) 

  Pin: output19/A (sky130_fd_sc_hd__buf_2)
    Layer: met1
      Partial area ratio:  149.65
      Required ratio:    0.00 (Gate area) 
      Partial area ratio:  757.50
      Required ratio:  400.00 (Side area) (VIOLATED)
      Cumulative area ratio:  149.65
      Required ratio:    0.00 (Cumulative area) 
      Cumulative area ratio:  757.50
      Required ratio:    0.00 (Cumulative side area) 

    Layer: li1
      Partial area ratio:    0.00
      Required ratio:    0.00 (Gate area) 
      Partial area ratio:    0.00
      Required ratio:   75.00 (Side area) 
      Cumulative area ratio:    0.00
      Required ratio:    0.00 (Cumulative area) 
      Cumulative area ratio:    0.00
      Required ratio:    0.00 (Cumulative side area) 

    Via: M1M2_PR
      Partial area ratio:    0.14
      Required ratio:    6.00 (Gate area) 
      Cumulative area ratio:    0.32
      Required ratio:    0.00 (Cumulative area) 

    Via: L1M1_PR
      Partial area ratio:    0.18
      Required ratio:    3.00 (Gate area) 
      Cumulative area ratio:    0.18
      Required ratio:    0.00 (Cumulative area) 


Net: net22
  Pin: output22/A (sky130_fd_sc_hd__clkbuf_4)
    Layer: met2
      Partial area ratio:   10.69
      Required ratio:    0.00 (Gate area) 
      Partial area ratio:   54.36
      Required ratio: 2778.20 (Side area) 
      Cumulative area ratio:  141.52
      Required ratio:    0.00 (Cumulative area) 
      Cumulative area ratio:  715.91
      Required ratio:    0.00 (Cumulative side area) 

    Layer: met1
      Partial area ratio:  130.84
      Required ratio:    0.00 (Gate area) 
      Partial area ratio:  661.55
      Required ratio:  400.00 (Side area) (VIOLATED)
      Cumulative area ratio:  130.84
      Required ratio:    0.00 (Cumulative area) 
      Cumulative area ratio:  661.55
      Required ratio:    0.00 (Cumulative side area) 

    Layer: li1
      Partial area ratio:    0.00
      Required ratio:    0.00 (Gate area) 
      Partial area ratio:    0.00
      Required ratio:   75.00 (Side area) 
      Cumulative area ratio:    0.00
      Required ratio:    0.00 (Cumulative area) 
      Cumulative area ratio:    0.00
      Required ratio:    0.00 (Cumulative side area) 

    Via: M1M2_PR
      Partial area ratio:    0.11
      Required ratio:    6.00 (Gate area) 
      Cumulative area ratio:    0.24
      Required ratio:    0.00 (Cumulative area) 

    Via: L1M1_PR
      Partial area ratio:    0.14
      Required ratio:    3.00 (Gate area) 
      Cumulative area ratio:    0.14
      Required ratio:    0.00 (Cumulative area) 


Net: net28
  Pin: _12735_/A (sky130_fd_sc_hd__or2_1)
    Layer: met2
      Partial area ratio:   15.30
      Required ratio:    0.00 (Gate area) 
      Partial area ratio:   77.69
      Required ratio: 2956.40 (Side area) 
      Cumulative area ratio:   35.92
      Required ratio:    0.00 (Cumulative area) 
      Cumulative area ratio:  182.35
      Required ratio:    0.00 (Cumulative side area) 

    Layer: met1
      Partial area ratio:   20.62
      Required ratio:    0.00 (Gate area) 
      Partial area ratio:  104.67
      Required ratio:  400.00 (Side area) 
      Cumulative area ratio:   20.62
      Required ratio:    0.00 (Cumulative area) 
      Cumulative area ratio:  104.67
      Required ratio:    0.00 (Cumulative side area) 

    Layer: li1
      Partial area ratio:    0.00
      Required ratio:    0.00 (Gate area) 
      Partial area ratio:    0.00
      Required ratio:   75.00 (Side area) 
      Cumulative area ratio:    0.00
      Required ratio:    0.00 (Cumulative area) 
      Cumulative area ratio:    0.00
      Required ratio:    0.00 (Cumulative side area) 

    Via: M1M2_PR
      Partial area ratio:    0.18
      Required ratio:    6.00 (Gate area) 
      Cumulative area ratio:    0.41
      Required ratio:    0.00 (Cumulative area) 

    Via: L1M1_PR
      Partial area ratio:    0.23
      Required ratio:    3.00 (Gate area) 
      Cumulative area ratio:    0.23
      Required ratio:    0.00 (Cumulative area) 

  Pin: _12437_/C (sky130_fd_sc_hd__or4b_4)
    Layer: met1
      Partial area ratio:    0.00
      Required ratio:    0.00 (Gate area) 
      Partial area ratio:    0.00
      Required ratio:  400.00 (Side area) 
      Cumulative area ratio:    0.00
      Required ratio:    0.00 (Cumulative area) 
      Cumulative area ratio:    0.00
      Required ratio:    0.00 (Cumulative side area) 

    Layer: li1
      Partial area ratio:    0.00
      Required ratio:    0.00 (Gate area) 
      Partial area ratio:    0.00
      Required ratio:   75.00 (Side area) 
      Cumulative area ratio:    0.00
      Required ratio:    0.00 (Cumulative area) 
      Cumulative area ratio:    0.00
      Required ratio:    0.00 (Cumulative side area) 

    Via: M1M2_PR
      Partial area ratio:    0.09
      Required ratio:    6.00 (Gate area) 
      Cumulative area ratio:    0.21
      Required ratio:    0.00 (Cumulative area) 

    Via: L1M1_PR
      Partial area ratio:    0.12
      Required ratio:    3.00 (Gate area) 
      Cumulative area ratio:    0.12
      Required ratio:    0.00 (Cumulative area) 

  Pin: _13130_/B (sky130_fd_sc_hd__or2_1)
    Layer: met1
      Partial area ratio:    0.00
      Required ratio:    0.00 (Gate area) 
      Partial area ratio:    0.00
      Required ratio:  400.00 (Side area) 
      Cumulative area ratio:    0.00
      Required ratio:    0.00 (Cumulative area) 
      Cumulative area ratio:    0.00
      Required ratio:    0.00 (Cumulative side area) 

    Layer: li1
      Partial area ratio:    0.00
      Required ratio:    0.00 (Gate area) 
      Partial area ratio:    0.00
      Required ratio:   75.00 (Side area) 
      Cumulative area ratio:    0.00
      Required ratio:    0.00 (Cumulative area) 
      Cumulative area ratio:    0.00
      Required ratio:    0.00 (Cumulative side area) 

    Via: M1M2_PR
      Partial area ratio:    0.18
      Required ratio:    6.00 (Gate area) 
      Cumulative area ratio:    0.41
      Required ratio:    0.00 (Cumulative area) 

    Via: L1M1_PR
      Partial area ratio:    0.23
      Required ratio:    3.00 (Gate area) 
      Cumulative area ratio:    0.23
      Required ratio:    0.00 (Cumulative area) 

  Pin: output28/A (sky130_fd_sc_hd__buf_2)
    Layer: met1
      Partial area ratio:  237.35
      Required ratio:    0.00 (Gate area) 
      Partial area ratio: 1200.30
      Required ratio:  400.00 (Side area) (VIOLATED)
      Cumulative area ratio:  237.35
      Required ratio:    0.00 (Cumulative area) 
      Cumulative area ratio: 1200.30
      Required ratio:    0.00 (Cumulative side area) 

    Layer: li1
      Partial area ratio:    0.00
      Required ratio:    0.00 (Gate area) 
      Partial area ratio:    0.00
      Required ratio:   75.00 (Side area) 
      Cumulative area ratio:    0.00
      Required ratio:    0.00 (Cumulative area) 
      Cumulative area ratio:    0.00
      Required ratio:    0.00 (Cumulative side area) 

    Via: M1M2_PR
      Partial area ratio:    0.14
      Required ratio:    6.00 (Gate area) 
      Cumulative area ratio:    0.32
      Required ratio:    0.00 (Cumulative area) 

    Via: L1M1_PR
      Partial area ratio:    0.18
      Required ratio:    3.00 (Gate area) 
      Cumulative area ratio:    0.18
      Required ratio:    0.00 (Cumulative area) 


Net: net31
  Pin: output31/A (sky130_fd_sc_hd__clkbuf_4)
    Layer: met3
      Partial area ratio:   61.86
      Required ratio:    0.00 (Gate area) 
      Partial area ratio:  333.01
      Required ratio: 3193.60 (Side area) 
      Cumulative area ratio:  202.32
      Required ratio:    0.00 (Cumulative area) 
      Cumulative area ratio: 1043.72
      Required ratio:    0.00 (Cumulative side area) 

    Layer: met2
      Partial area ratio:    4.33
      Required ratio:    0.00 (Gate area) 
      Partial area ratio:   22.22
      Required ratio:  400.00 (Side area) 
      Cumulative area ratio:  140.46
      Required ratio:    0.00 (Cumulative area) 
      Cumulative area ratio:  710.72
      Required ratio:    0.00 (Cumulative side area) 

    Layer: met1
      Partial area ratio:  136.14
      Required ratio:    0.00 (Gate area) 
      Partial area ratio:  688.50
      Required ratio:  400.00 (Side area) (VIOLATED)
      Cumulative area ratio:  136.14
      Required ratio:    0.00 (Cumulative area) 
      Cumulative area ratio:  688.50
      Required ratio:    0.00 (Cumulative side area) 

    Layer: li1
      Partial area ratio:    0.00
      Required ratio:    0.00 (Gate area) 
      Partial area ratio:    0.00
      Required ratio:   75.00 (Side area) 
      Cumulative area ratio:    0.00
      Required ratio:    0.00 (Cumulative area) 
      Cumulative area ratio:    0.00
      Required ratio:    0.00 (Cumulative side area) 

    Via: M2M3_PR
      Partial area ratio:    0.12
      Required ratio:    6.00 (Gate area) 
      Cumulative area ratio:    0.36
      Required ratio:    0.00 (Cumulative area) 

    Via: M1M2_PR
      Partial area ratio:    0.11
      Required ratio:    6.00 (Gate area) 
      Cumulative area ratio:    0.24
      Required ratio:    0.00 (Cumulative area) 

    Via: L1M1_PR
      Partial area ratio:    0.14
      Required ratio:    3.00 (Gate area) 
      Cumulative area ratio:    0.14
      Required ratio:    0.00 (Cumulative area) 

  Pin: _12719_/A (sky130_fd_sc_hd__or2_1)
    Layer: met3
      Partial area ratio:   61.86
      Required ratio:    0.00 (Gate area) 
      Partial area ratio:  333.01
      Required ratio: 3193.60 (Side area) 
      Cumulative area ratio:   66.19
      Required ratio:    0.00 (Cumulative area) 
      Cumulative area ratio:  355.22
      Required ratio:    0.00 (Cumulative side area) 

    Layer: met2
      Partial area ratio:    4.33
      Required ratio:    0.00 (Gate area) 
      Partial area ratio:   22.22
      Required ratio:  400.00 (Side area) 
      Cumulative area ratio:    4.33
      Required ratio:    0.00 (Cumulative area) 
      Cumulative area ratio:   22.22
      Required ratio:    0.00 (Cumulative side area) 

    Layer: met1
      Partial area ratio:    0.00
      Required ratio:    0.00 (Gate area) 
      Partial area ratio:    0.00
      Required ratio:  400.00 (Side area) 
      Cumulative area ratio:    0.00
      Required ratio:    0.00 (Cumulative area) 
      Cumulative area ratio:    0.00
      Required ratio:    0.00 (Cumulative side area) 

    Layer: li1
      Partial area ratio:    0.00
      Required ratio:    0.00 (Gate area) 
      Partial area ratio:    0.00
      Required ratio:   75.00 (Side area) 
      Cumulative area ratio:    0.00
      Required ratio:    0.00 (Cumulative area) 
      Cumulative area ratio:    0.00
      Required ratio:    0.00 (Cumulative side area) 

    Via: M2M3_PR
      Partial area ratio:    0.12
      Required ratio:    6.00 (Gate area) 
      Cumulative area ratio:    0.53
      Required ratio:    0.00 (Cumulative area) 

    Via: M1M2_PR
      Partial area ratio:    0.18
      Required ratio:    6.00 (Gate area) 
      Cumulative area ratio:    0.41
      Required ratio:    0.00 (Cumulative area) 

    Via: L1M1_PR
      Partial area ratio:    0.23
      Required ratio:    3.00 (Gate area) 
      Cumulative area ratio:    0.23
      Required ratio:    0.00 (Cumulative area) 

  Pin: _13131_/B (sky130_fd_sc_hd__or2_1)
    Layer: met2
      Partial area ratio:    6.64
      Required ratio:    0.00 (Gate area) 
      Partial area ratio:   35.56
      Required ratio: 3193.60 (Side area) 
      Cumulative area ratio:    6.64
      Required ratio:    0.00 (Cumulative area) 
      Cumulative area ratio:   35.56
      Required ratio:    0.00 (Cumulative side area) 

    Layer: met3
      Partial area ratio:   61.86
      Required ratio:    0.00 (Gate area) 
      Partial area ratio:  333.01
      Required ratio: 3193.60 (Side area) 
      Cumulative area ratio:   68.50
      Required ratio:    0.00 (Cumulative area) 
      Cumulative area ratio:  368.56
      Required ratio:    0.00 (Cumulative side area) 

    Layer: met1
      Partial area ratio:    0.00
      Required ratio:    0.00 (Gate area) 
      Partial area ratio:    0.00
      Required ratio:  400.00 (Side area) 
      Cumulative area ratio:    0.00
      Required ratio:    0.00 (Cumulative area) 
      Cumulative area ratio:    0.00
      Required ratio:    0.00 (Cumulative side area) 

    Layer: li1
      Partial area ratio:    0.00
      Required ratio:    0.00 (Gate area) 
      Partial area ratio:    0.00
      Required ratio:   75.00 (Side area) 
      Cumulative area ratio:    0.00
      Required ratio:    0.00 (Cumulative area) 
      Cumulative area ratio:    0.00
      Required ratio:    0.00 (Cumulative side area) 

    Via: M2M3_PR
      Partial area ratio:    0.32
      Required ratio:    6.00 (Gate area) 
      Cumulative area ratio:    0.73
      Required ratio:    0.00 (Cumulative area) 

    Via: M1M2_PR
      Partial area ratio:    0.18
      Required ratio:    6.00 (Gate area) 
      Cumulative area ratio:    0.41
      Required ratio:    0.00 (Cumulative area) 

    Via: L1M1_PR
      Partial area ratio:    0.23
      Required ratio:    3.00 (Gate area) 
      Cumulative area ratio:    0.23
      Required ratio:    0.00 (Cumulative area) 


Net: net34
  Pin: _12996_/S (sky130_fd_sc_hd__mux2_1)
    Layer: met2
      Partial area ratio:   16.43
      Required ratio:    0.00 (Gate area) 
      Partial area ratio:   83.32
      Required ratio: 3312.80 (Side area) 
      Cumulative area ratio:   30.73
      Required ratio:    0.00 (Cumulative area) 
      Cumulative area ratio:  158.32
      Required ratio:    0.00 (Cumulative side area) 

    Layer: met1
      Partial area ratio:    7.84
      Required ratio:    0.00 (Gate area) 
      Partial area ratio:   40.78
      Required ratio:  400.00 (Side area) 
      Cumulative area ratio:    7.84
      Required ratio:    0.00 (Cumulative area) 
      Cumulative area ratio:   40.78
      Required ratio:    0.00 (Cumulative side area) 

    Layer: li1
      Partial area ratio:    0.00
      Required ratio:    0.00 (Gate area) 
      Partial area ratio:    0.00
      Required ratio:   75.00 (Side area) 
      Cumulative area ratio:    0.00
      Required ratio:    0.00 (Cumulative area) 
      Cumulative area ratio:    0.00
      Required ratio:    0.00 (Cumulative side area) 

    Layer: met3
      Partial area ratio:   16.50
      Required ratio:    0.00 (Gate area) 
      Partial area ratio:   88.65
      Required ratio: 3312.80 (Side area) 
      Cumulative area ratio:   47.23
      Required ratio:    0.00 (Cumulative area) 
      Cumulative area ratio:  246.97
      Required ratio:    0.00 (Cumulative side area) 

    Layer: met4
      Partial area ratio:    3.24
      Required ratio:    0.00 (Gate area) 
      Partial area ratio:   17.49
      Required ratio: 3312.80 (Side area) 
      Cumulative area ratio:   50.48
      Required ratio:    0.00 (Cumulative area) 
      Cumulative area ratio:  264.46
      Required ratio:    0.00 (Cumulative side area) 

    Via: M2M3_PR
      Partial area ratio:    0.03
      Required ratio:    6.00 (Gate area) 
      Cumulative area ratio:    0.59
      Required ratio:    0.00 (Cumulative area) 

    Via: M1M2_PR
      Partial area ratio:    0.09
      Required ratio:    6.00 (Gate area) 
      Cumulative area ratio:    0.20
      Required ratio:    0.00 (Cumulative area) 

    Via: L1M1_PR
      Partial area ratio:    0.11
      Required ratio:    3.00 (Gate area) 
      Cumulative area ratio:    0.11
      Required ratio:    0.00 (Cumulative area) 

    Via: M3M4_PR
      Partial area ratio:    0.03
      Required ratio:    6.00 (Gate area) 
      Cumulative area ratio:    0.62
      Required ratio:    0.00 (Cumulative area) 

  Pin: _13017_/S (sky130_fd_sc_hd__mux2_1)
    Layer: met2
      Partial area ratio:   16.43
      Required ratio:    0.00 (Gate area) 
      Partial area ratio:   83.32
      Required ratio: 3312.80 (Side area) 
      Cumulative area ratio:   24.75
      Required ratio:    0.00 (Cumulative area) 
      Cumulative area ratio:  127.27
      Required ratio:    0.00 (Cumulative side area) 

    Layer: met1
      Partial area ratio:    1.87
      Required ratio:    0.00 (Gate area) 
      Partial area ratio:    9.72
      Required ratio:  400.00 (Side area) 
      Cumulative area ratio:    1.87
      Required ratio:    0.00 (Cumulative area) 
      Cumulative area ratio:    9.72
      Required ratio:    0.00 (Cumulative side area) 

    Layer: li1
      Partial area ratio:    0.00
      Required ratio:    0.00 (Gate area) 
      Partial area ratio:    0.00
      Required ratio:   75.00 (Side area) 
      Cumulative area ratio:    0.00
      Required ratio:    0.00 (Cumulative area) 
      Cumulative area ratio:    0.00
      Required ratio:    0.00 (Cumulative side area) 

    Layer: met3
      Partial area ratio:   16.50
      Required ratio:    0.00 (Gate area) 
      Partial area ratio:   88.65
      Required ratio: 3312.80 (Side area) 
      Cumulative area ratio:   41.26
      Required ratio:    0.00 (Cumulative area) 
      Cumulative area ratio:  215.91
      Required ratio:    0.00 (Cumulative side area) 

    Layer: met4
      Partial area ratio:    3.24
      Required ratio:    0.00 (Gate area) 
      Partial area ratio:   17.49
      Required ratio: 3312.80 (Side area) 
      Cumulative area ratio:   44.50
      Required ratio:    0.00 (Cumulative area) 
      Cumulative area ratio:  233.40
      Required ratio:    0.00 (Cumulative side area) 

    Via: M2M3_PR
      Partial area ratio:    0.03
      Required ratio:    6.00 (Gate area) 
      Cumulative area ratio:    0.59
      Required ratio:    0.00 (Cumulative area) 

    Via: M1M2_PR
      Partial area ratio:    0.09
      Required ratio:    6.00 (Gate area) 
      Cumulative area ratio:    0.20
      Required ratio:    0.00 (Cumulative area) 

    Via: L1M1_PR
      Partial area ratio:    0.11
      Required ratio:    3.00 (Gate area) 
      Cumulative area ratio:    0.11
      Required ratio:    0.00 (Cumulative area) 

    Via: M3M4_PR
      Partial area ratio:    0.03
      Required ratio:    6.00 (Gate area) 
      Cumulative area ratio:    0.62
      Required ratio:    0.00 (Cumulative area) 

  Pin: _12990_/S (sky130_fd_sc_hd__mux2_1)
    Layer: met2
      Partial area ratio:   16.43
      Required ratio:    0.00 (Gate area) 
      Partial area ratio:   83.32
      Required ratio: 3312.80 (Side area) 
      Cumulative area ratio:   22.89
      Required ratio:    0.00 (Cumulative area) 
      Cumulative area ratio:  117.54
      Required ratio:    0.00 (Cumulative side area) 

    Layer: met1
      Partial area ratio:    2.21
      Required ratio:    0.00 (Gate area) 
      Partial area ratio:   12.22
      Required ratio:  400.00 (Side area) 
      Cumulative area ratio:    2.21
      Required ratio:    0.00 (Cumulative area) 
      Cumulative area ratio:   12.22
      Required ratio:    0.00 (Cumulative side area) 

    Layer: li1
      Partial area ratio:    0.00
      Required ratio:    0.00 (Gate area) 
      Partial area ratio:    0.00
      Required ratio:   75.00 (Side area) 
      Cumulative area ratio:    0.00
      Required ratio:    0.00 (Cumulative area) 
      Cumulative area ratio:    0.00
      Required ratio:    0.00 (Cumulative side area) 

    Layer: met3
      Partial area ratio:   16.50
      Required ratio:    0.00 (Gate area) 
      Partial area ratio:   88.65
      Required ratio: 3312.80 (Side area) 
      Cumulative area ratio:   39.39
      Required ratio:    0.00 (Cumulative area) 
      Cumulative area ratio:  206.19
      Required ratio:    0.00 (Cumulative side area) 

    Layer: met4
      Partial area ratio:    3.24
      Required ratio:    0.00 (Gate area) 
      Partial area ratio:   17.49
      Required ratio: 3312.80 (Side area) 
      Cumulative area ratio:   42.63
      Required ratio:    0.00 (Cumulative area) 
      Cumulative area ratio:  223.68
      Required ratio:    0.00 (Cumulative side area) 

    Via: M2M3_PR
      Partial area ratio:    0.03
      Required ratio:    6.00 (Gate area) 
      Cumulative area ratio:    0.50
      Required ratio:    0.00 (Cumulative area) 

    Via: M1M2_PR
      Partial area ratio:    0.18
      Required ratio:    6.00 (Gate area) 
      Cumulative area ratio:    0.29
      Required ratio:    0.00 (Cumulative area) 

    Via: L1M1_PR
      Partial area ratio:    0.11
      Required ratio:    3.00 (Gate area) 
      Cumulative area ratio:    0.11
      Required ratio:    0.00 (Cumulative area) 

    Via: M3M4_PR
      Partial area ratio:    0.03
      Required ratio:    6.00 (Gate area) 
      Cumulative area ratio:    0.53
      Required ratio:    0.00 (Cumulative area) 

  Pin: _12985_/S (sky130_fd_sc_hd__mux2_1)
    Layer: met2
      Partial area ratio:   16.43
      Required ratio:    0.00 (Gate area) 
      Partial area ratio:   83.32
      Required ratio: 3312.80 (Side area) 
      Cumulative area ratio:   20.68
      Required ratio:    0.00 (Cumulative area) 
      Cumulative area ratio:  105.32
      Required ratio:    0.00 (Cumulative side area) 

    Layer: met1
      Partial area ratio:    4.24
      Required ratio:    0.00 (Gate area) 
      Partial area ratio:   22.00
      Required ratio:  400.00 (Side area) 
      Cumulative area ratio:    4.24
      Required ratio:    0.00 (Cumulative area) 
      Cumulative area ratio:   22.00
      Required ratio:    0.00 (Cumulative side area) 

    Layer: li1
      Partial area ratio:    0.00
      Required ratio:    0.00 (Gate area) 
      Partial area ratio:    0.00
      Required ratio:   75.00 (Side area) 
      Cumulative area ratio:    0.00
      Required ratio:    0.00 (Cumulative area) 
      Cumulative area ratio:    0.00
      Required ratio:    0.00 (Cumulative side area) 

    Layer: met3
      Partial area ratio:   16.50
      Required ratio:    0.00 (Gate area) 
      Partial area ratio:   88.65
      Required ratio: 3312.80 (Side area) 
      Cumulative area ratio:   37.18
      Required ratio:    0.00 (Cumulative area) 
      Cumulative area ratio:  193.97
      Required ratio:    0.00 (Cumulative side area) 

    Layer: met4
      Partial area ratio:    3.24
      Required ratio:    0.00 (Gate area) 
      Partial area ratio:   17.49
      Required ratio: 3312.80 (Side area) 
      Cumulative area ratio:   40.42
      Required ratio:    0.00 (Cumulative area) 
      Cumulative area ratio:  211.46
      Required ratio:    0.00 (Cumulative side area) 

    Via: M2M3_PR
      Partial area ratio:    0.03
      Required ratio:    6.00 (Gate area) 
      Cumulative area ratio:    0.33
      Required ratio:    0.00 (Cumulative area) 

    Via: M1M2_PR
      Partial area ratio:    0.18
      Required ratio:    6.00 (Gate area) 
      Cumulative area ratio:    0.29
      Required ratio:    0.00 (Cumulative area) 

    Via: L1M1_PR
      Partial area ratio:    0.11
      Required ratio:    3.00 (Gate area) 
      Cumulative area ratio:    0.11
      Required ratio:    0.00 (Cumulative area) 

    Via: M3M4_PR
      Partial area ratio:    0.03
      Required ratio:    6.00 (Gate area) 
      Cumulative area ratio:    0.35
      Required ratio:    0.00 (Cumulative area) 

  Pin: _12980_/S (sky130_fd_sc_hd__mux2_1)
    Layer: met2
      Partial area ratio:   16.43
      Required ratio:    0.00 (Gate area) 
      Partial area ratio:   83.32
      Required ratio: 3312.80 (Side area) 
      Cumulative area ratio:   16.43
      Required ratio:    0.00 (Cumulative area) 
      Cumulative area ratio:   83.32
      Required ratio:    0.00 (Cumulative side area) 

    Layer: met1
      Partial area ratio:    0.00
      Required ratio:    0.00 (Gate area) 
      Partial area ratio:    0.00
      Required ratio:  400.00 (Side area) 
      Cumulative area ratio:    0.00
      Required ratio:    0.00 (Cumulative area) 
      Cumulative area ratio:    0.00
      Required ratio:    0.00 (Cumulative side area) 

    Layer: li1
      Partial area ratio:    0.00
      Required ratio:    0.00 (Gate area) 
      Partial area ratio:    0.00
      Required ratio:   75.00 (Side area) 
      Cumulative area ratio:    0.00
      Required ratio:    0.00 (Cumulative area) 
      Cumulative area ratio:    0.00
      Required ratio:    0.00 (Cumulative side area) 

    Layer: met3
      Partial area ratio:   16.50
      Required ratio:    0.00 (Gate area) 
      Partial area ratio:   88.65
      Required ratio: 3312.80 (Side area) 
      Cumulative area ratio:   32.93
      Required ratio:    0.00 (Cumulative area) 
      Cumulative area ratio:  171.97
      Required ratio:    0.00 (Cumulative side area) 

    Layer: met4
      Partial area ratio:    3.24
      Required ratio:    0.00 (Gate area) 
      Partial area ratio:   17.49
      Required ratio: 3312.80 (Side area) 
      Cumulative area ratio:   36.18
      Required ratio:    0.00 (Cumulative area) 
      Cumulative area ratio:  189.46
      Required ratio:    0.00 (Cumulative side area) 

    Via: M2M3_PR
      Partial area ratio:    0.03
      Required ratio:    6.00 (Gate area) 
      Cumulative area ratio:    0.24
      Required ratio:    0.00 (Cumulative area) 

    Via: M1M2_PR
      Partial area ratio:    0.09
      Required ratio:    6.00 (Gate area) 
      Cumulative area ratio:    0.20
      Required ratio:    0.00 (Cumulative area) 

    Via: L1M1_PR
      Partial area ratio:    0.11
      Required ratio:    3.00 (Gate area) 
      Cumulative area ratio:    0.11
      Required ratio:    0.00 (Cumulative area) 

    Via: M3M4_PR
      Partial area ratio:    0.03
      Required ratio:    6.00 (Gate area) 
      Cumulative area ratio:    0.26
      Required ratio:    0.00 (Cumulative area) 

  Pin: _13012_/S (sky130_fd_sc_hd__mux2_1)
    Layer: met3
      Partial area ratio:   16.50
      Required ratio:    0.00 (Gate area) 
      Partial area ratio:   88.65
      Required ratio: 3312.80 (Side area) 
      Cumulative area ratio:   20.08
      Required ratio:    0.00 (Cumulative area) 
      Cumulative area ratio:  107.70
      Required ratio:    0.00 (Cumulative side area) 

    Layer: met2
      Partial area ratio:    2.99
      Required ratio:    0.00 (Gate area) 
      Partial area ratio:   15.72
      Required ratio:  400.00 (Side area) 
      Cumulative area ratio:    3.58
      Required ratio:    0.00 (Cumulative area) 
      Cumulative area ratio:   19.06
      Required ratio:    0.00 (Cumulative side area) 

    Layer: met1
      Partial area ratio:    0.59
      Required ratio:    0.00 (Gate area) 
      Partial area ratio:    3.33
      Required ratio:  400.00 (Side area) 
      Cumulative area ratio:    0.59
      Required ratio:    0.00 (Cumulative area) 
      Cumulative area ratio:    3.33
      Required ratio:    0.00 (Cumulative side area) 

    Layer: li1
      Partial area ratio:    0.00
      Required ratio:    0.00 (Gate area) 
      Partial area ratio:    0.00
      Required ratio:   75.00 (Side area) 
      Cumulative area ratio:    0.00
      Required ratio:    0.00 (Cumulative area) 
      Cumulative area ratio:    0.00
      Required ratio:    0.00 (Cumulative side area) 

    Layer: met4
      Partial area ratio:    3.24
      Required ratio:    0.00 (Gate area) 
      Partial area ratio:   17.49
      Required ratio: 3312.80 (Side area) 
      Cumulative area ratio:   23.32
      Required ratio:    0.00 (Cumulative area) 
      Cumulative area ratio:  125.19
      Required ratio:    0.00 (Cumulative side area) 

    Via: M3M4_PR
      Partial area ratio:    0.03
      Required ratio:    6.00 (Gate area) 
      Cumulative area ratio:    0.55
      Required ratio:    0.00 (Cumulative area) 

    Via: M2M3_PR
      Partial area ratio:    0.32
      Required ratio:    6.00 (Gate area) 
      Cumulative area ratio:    0.52
      Required ratio:    0.00 (Cumulative area) 

    Via: M1M2_PR
      Partial area ratio:    0.09
      Required ratio:    6.00 (Gate area) 
      Cumulative area ratio:    0.20
      Required ratio:    0.00 (Cumulative area) 

    Via: L1M1_PR
      Partial area ratio:    0.11
      Required ratio:    3.00 (Gate area) 
      Cumulative area ratio:    0.11
      Required ratio:    0.00 (Cumulative area) 

  Pin: _13009_/S (sky130_fd_sc_hd__mux2_1)
    Layer: met4
      Partial area ratio:    3.24
      Required ratio:    0.00 (Gate area) 
      Partial area ratio:   17.49
      Required ratio: 3312.80 (Side area) 
      Cumulative area ratio:   61.03
      Required ratio:    0.00 (Cumulative area) 
      Cumulative area ratio:  310.66
      Required ratio:    0.00 (Cumulative side area) 

    Layer: met3
      Partial area ratio:    4.81
      Required ratio:    0.00 (Gate area) 
      Partial area ratio:   26.67
      Required ratio:  400.00 (Side area) 
      Cumulative area ratio:   57.79
      Required ratio:    0.00 (Cumulative area) 
      Cumulative area ratio:  293.17
      Required ratio:    0.00 (Cumulative side area) 

    Layer: met2
      Partial area ratio:   52.39
      Required ratio:    0.00 (Gate area) 
      Partial area ratio:  263.17
      Required ratio:  400.00 (Side area) 
      Cumulative area ratio:   52.98
      Required ratio:    0.00 (Cumulative area) 
      Cumulative area ratio:  266.50
      Required ratio:    0.00 (Cumulative side area) 

    Layer: met1
      Partial area ratio:    0.59
      Required ratio:    0.00 (Gate area) 
      Partial area ratio:    3.33
      Required ratio:  400.00 (Side area) 
      Cumulative area ratio:    0.59
      Required ratio:    0.00 (Cumulative area) 
      Cumulative area ratio:    3.33
      Required ratio:    0.00 (Cumulative side area) 

    Layer: li1
      Partial area ratio:    0.00
      Required ratio:    0.00 (Gate area) 
      Partial area ratio:    0.00
      Required ratio:   75.00 (Side area) 
      Cumulative area ratio:    0.00
      Required ratio:    0.00 (Cumulative area) 
      Cumulative area ratio:    0.00
      Required ratio:    0.00 (Cumulative side area) 

    Via: M3M4_PR
      Partial area ratio:    0.04
      Required ratio:    6.00 (Gate area) 
      Cumulative area ratio:    0.30
      Required ratio:    0.00 (Cumulative area) 

    Via: M2M3_PR
      Partial area ratio:    0.06
      Required ratio:    6.00 (Gate area) 
      Cumulative area ratio:    0.26
      Required ratio:    0.00 (Cumulative area) 

    Via: M1M2_PR
      Partial area ratio:    0.09
      Required ratio:    6.00 (Gate area) 
      Cumulative area ratio:    0.20
      Required ratio:    0.00 (Cumulative area) 

    Via: L1M1_PR
      Partial area ratio:    0.11
      Required ratio:    3.00 (Gate area) 
      Cumulative area ratio:    0.11
      Required ratio:    0.00 (Cumulative area) 

  Pin: output34/A (sky130_fd_sc_hd__clkbuf_4)
    Layer: met4
      Partial area ratio:    3.24
      Required ratio:    0.00 (Gate area) 
      Partial area ratio:   17.49
      Required ratio: 3312.80 (Side area) 
      Cumulative area ratio:  187.72
      Required ratio:    0.00 (Cumulative area) 
      Cumulative area ratio:  950.01
      Required ratio:    0.00 (Cumulative side area) 

    Layer: met3
      Partial area ratio:    4.81
      Required ratio:    0.00 (Gate area) 
      Partial area ratio:   26.67
      Required ratio:  400.00 (Side area) 
      Cumulative area ratio:  184.48
      Required ratio:    0.00 (Cumulative area) 
      Cumulative area ratio:  932.52
      Required ratio:    0.00 (Cumulative side area) 

    Layer: met2
      Partial area ratio:   52.39
      Required ratio:    0.00 (Gate area) 
      Partial area ratio:  263.17
      Required ratio:  400.00 (Side area) 
      Cumulative area ratio:  179.67
      Required ratio:    0.00 (Cumulative area) 
      Cumulative area ratio:  905.86
      Required ratio:    0.00 (Cumulative side area) 

    Layer: met1
      Partial area ratio:    1.30
      Required ratio:    0.00 (Gate area) 
      Partial area ratio:    6.97
      Required ratio:  400.00 (Side area) 
      Cumulative area ratio:    1.30
      Required ratio:    0.00 (Cumulative area) 
      Cumulative area ratio:    6.97
      Required ratio:    0.00 (Cumulative side area) 

    Layer: li1
      Partial area ratio:    0.00
      Required ratio:    0.00 (Gate area) 
      Partial area ratio:    0.00
      Required ratio:   75.00 (Side area) 
      Cumulative area ratio:    0.00
      Required ratio:    0.00 (Cumulative area) 
      Cumulative area ratio:    0.00
      Required ratio:    0.00 (Cumulative side area) 

    Via: M3M4_PR
      Partial area ratio:    0.04
      Required ratio:    6.00 (Gate area) 
      Cumulative area ratio:    0.52
      Required ratio:    0.00 (Cumulative area) 

    Via: M2M3_PR
      Partial area ratio:    0.06
      Required ratio:    6.00 (Gate area) 
      Cumulative area ratio:    0.48
      Required ratio:    0.00 (Cumulative area) 

    Via: M1M2_PR
      Partial area ratio:    0.11
      Required ratio:    6.00 (Gate area) 
      Cumulative area ratio:    0.24
      Required ratio:    0.00 (Cumulative area) 

    Via: L1M1_PR
      Partial area ratio:    0.14
      Required ratio:    3.00 (Gate area) 
      Cumulative area ratio:    0.14
      Required ratio:    0.00 (Cumulative area) 

  Pin: _13001_/S (sky130_fd_sc_hd__mux2_1)
    Layer: met4
      Partial area ratio:    3.24
      Required ratio:    0.00 (Gate area) 
      Partial area ratio:   17.49
      Required ratio: 3312.80 (Side area) 
      Cumulative area ratio:  186.42
      Required ratio:    0.00 (Cumulative area) 
      Cumulative area ratio:  943.05
      Required ratio:    0.00 (Cumulative side area) 

    Layer: met3
      Partial area ratio:    4.81
      Required ratio:    0.00 (Gate area) 
      Partial area ratio:   26.67
      Required ratio:  400.00 (Side area) 
      Cumulative area ratio:  183.18
      Required ratio:    0.00 (Cumulative area) 
      Cumulative area ratio:  925.56
      Required ratio:    0.00 (Cumulative side area) 

    Layer: met2
      Partial area ratio:   52.39
      Required ratio:    0.00 (Gate area) 
      Partial area ratio:  263.17
      Required ratio:  400.00 (Side area) 
      Cumulative area ratio:  178.37
      Required ratio:    0.00 (Cumulative area) 
      Cumulative area ratio:  898.89
      Required ratio:    0.00 (Cumulative side area) 

    Layer: met1
      Partial area ratio:  125.98
      Required ratio:    0.00 (Gate area) 
      Partial area ratio:  635.72
      Required ratio:  400.00 (Side area) (VIOLATED)
      Cumulative area ratio:  125.98
      Required ratio:    0.00 (Cumulative area) 
      Cumulative area ratio:  635.72
      Required ratio:    0.00 (Cumulative side area) 

    Layer: li1
      Partial area ratio:    0.00
      Required ratio:    0.00 (Gate area) 
      Partial area ratio:    0.00
      Required ratio:   75.00 (Side area) 
      Cumulative area ratio:    0.00
      Required ratio:    0.00 (Cumulative area) 
      Cumulative area ratio:    0.00
      Required ratio:    0.00 (Cumulative side area) 

    Via: M3M4_PR
      Partial area ratio:    0.04
      Required ratio:    6.00 (Gate area) 
      Cumulative area ratio:    0.39
      Required ratio:    0.00 (Cumulative area) 

    Via: M2M3_PR
      Partial area ratio:    0.06
      Required ratio:    6.00 (Gate area) 
      Cumulative area ratio:    0.35
      Required ratio:    0.00 (Cumulative area) 

    Via: M1M2_PR
      Partial area ratio:    0.18
      Required ratio:    6.00 (Gate area) 
      Cumulative area ratio:    0.29
      Required ratio:    0.00 (Cumulative area) 

    Via: L1M1_PR
      Partial area ratio:    0.11
      Required ratio:    3.00 (Gate area) 
      Cumulative area ratio:    0.11
      Required ratio:    0.00 (Cumulative area) 

  Pin: _13006_/S (sky130_fd_sc_hd__mux2_1)
    Layer: met4
      Partial area ratio:    3.24
      Required ratio:    0.00 (Gate area) 
      Partial area ratio:   17.49
      Required ratio: 3312.80 (Side area) 
      Cumulative area ratio:    9.17
      Required ratio:    0.00 (Cumulative area) 
      Cumulative area ratio:   50.13
      Required ratio:    0.00 (Cumulative side area) 

    Layer: met3
      Partial area ratio:    4.81
      Required ratio:    0.00 (Gate area) 
      Partial area ratio:   26.67
      Required ratio:  400.00 (Side area) 
      Cumulative area ratio:    5.93
      Required ratio:    0.00 (Cumulative area) 
      Cumulative area ratio:   32.64
      Required ratio:    0.00 (Cumulative side area) 

    Layer: met2
      Partial area ratio:    1.12
      Required ratio:    0.00 (Gate area) 
      Partial area ratio:    5.97
      Required ratio:  400.00 (Side area) 
      Cumulative area ratio:    1.12
      Required ratio:    0.00 (Cumulative area) 
      Cumulative area ratio:    5.97
      Required ratio:    0.00 (Cumulative side area) 

    Layer: met1
      Partial area ratio:    0.00
      Required ratio:    0.00 (Gate area) 
      Partial area ratio:    0.00
      Required ratio:  400.00 (Side area) 
      Cumulative area ratio:    0.00
      Required ratio:    0.00 (Cumulative area) 
      Cumulative area ratio:    0.00
      Required ratio:    0.00 (Cumulative side area) 

    Layer: li1
      Partial area ratio:    0.00
      Required ratio:    0.00 (Gate area) 
      Partial area ratio:    0.00
      Required ratio:   75.00 (Side area) 
      Cumulative area ratio:    0.00
      Required ratio:    0.00 (Cumulative area) 
      Cumulative area ratio:    0.00
      Required ratio:    0.00 (Cumulative side area) 

    Via: M3M4_PR
      Partial area ratio:    0.04
      Required ratio:    6.00 (Gate area) 
      Cumulative area ratio:    0.40
      Required ratio:    0.00 (Cumulative area) 

    Via: M2M3_PR
      Partial area ratio:    0.16
      Required ratio:    6.00 (Gate area) 
      Cumulative area ratio:    0.36
      Required ratio:    0.00 (Cumulative area) 

    Via: M1M2_PR
      Partial area ratio:    0.09
      Required ratio:    6.00 (Gate area) 
      Cumulative area ratio:    0.20
      Required ratio:    0.00 (Cumulative area) 

    Via: L1M1_PR
      Partial area ratio:    0.11
      Required ratio:    3.00 (Gate area) 
      Cumulative area ratio:    0.11
      Required ratio:    0.00 (Cumulative area) 


Net: net35
  Pin: output35/A (sky130_fd_sc_hd__clkbuf_4)
    Layer: met2
      Partial area ratio:    0.76
      Required ratio:    0.00 (Gate area) 
      Partial area ratio:    4.27
      Required ratio: 2778.20 (Side area) 
      Cumulative area ratio:  167.13
      Required ratio:    0.00 (Cumulative area) 
      Cumulative area ratio:  848.54
      Required ratio:    0.00 (Cumulative side area) 

    Layer: met1
      Partial area ratio:  166.37
      Required ratio:    0.00 (Gate area) 
      Partial area ratio:  844.27
      Required ratio:  400.00 (Side area) (VIOLATED)
      Cumulative area ratio:  166.37
      Required ratio:    0.00 (Cumulative area) 
      Cumulative area ratio:  844.27
      Required ratio:    0.00 (Cumulative side area) 

    Layer: li1
      Partial area ratio:    0.00
      Required ratio:    0.00 (Gate area) 
      Partial area ratio:    0.00
      Required ratio:   75.00 (Side area) 
      Cumulative area ratio:    0.00
      Required ratio:    0.00 (Cumulative area) 
      Cumulative area ratio:    0.00
      Required ratio:    0.00 (Cumulative side area) 

    Via: M1M2_PR
      Partial area ratio:    0.11
      Required ratio:    6.00 (Gate area) 
      Cumulative area ratio:    0.24
      Required ratio:    0.00 (Cumulative area) 

    Via: L1M1_PR
      Partial area ratio:    0.14
      Required ratio:    3.00 (Gate area) 
      Cumulative area ratio:    0.14
      Required ratio:    0.00 (Cumulative area) 


Net: net36
  Pin: fanout119/A (sky130_fd_sc_hd__buf_4)
    Layer: met2
      Partial area ratio:   89.38
      Required ratio:    0.00 (Gate area) 
      Partial area ratio:  448.61
      Required ratio: 2956.40 (Side area) 
      Cumulative area ratio:  220.53
      Required ratio:    0.00 (Cumulative area) 
      Cumulative area ratio: 1115.86
      Required ratio:    0.00 (Cumulative side area) 

    Layer: met1
      Partial area ratio:  131.15
      Required ratio:    0.00 (Gate area) 
      Partial area ratio:  667.25
      Required ratio:  400.00 (Side area) (VIOLATED)
      Cumulative area ratio:  131.15
      Required ratio:    0.00 (Cumulative area) 
      Cumulative area ratio:  667.25
      Required ratio:    0.00 (Cumulative side area) 

    Layer: li1
      Partial area ratio:    0.00
      Required ratio:    0.00 (Gate area) 
      Partial area ratio:    0.00
      Required ratio:   75.00 (Side area) 
      Cumulative area ratio:    0.00
      Required ratio:    0.00 (Cumulative area) 
      Cumulative area ratio:    0.00
      Required ratio:    0.00 (Cumulative side area) 

    Via: M1M2_PR
      Partial area ratio:    0.18
      Required ratio:    6.00 (Gate area) 
      Cumulative area ratio:    0.30
      Required ratio:    0.00 (Cumulative area) 

    Via: L1M1_PR
      Partial area ratio:    0.12
      Required ratio:    3.00 (Gate area) 
      Cumulative area ratio:    0.12
      Required ratio:    0.00 (Cumulative area) 

  Pin: output36/A (sky130_fd_sc_hd__clkbuf_4)
    Layer: met2
      Partial area ratio:   89.38
      Required ratio:    0.00 (Gate area) 
      Partial area ratio:  448.61
      Required ratio: 2956.40 (Side area) 
      Cumulative area ratio:  221.84
      Required ratio:    0.00 (Cumulative area) 
      Cumulative area ratio: 1122.82
      Required ratio:    0.00 (Cumulative side area) 

    Layer: met1
      Partial area ratio:    1.30
      Required ratio:    0.00 (Gate area) 
      Partial area ratio:    6.97
      Required ratio:  400.00 (Side area) 
      Cumulative area ratio:    1.30
      Required ratio:    0.00 (Cumulative area) 
      Cumulative area ratio:    6.97
      Required ratio:    0.00 (Cumulative side area) 

    Layer: li1
      Partial area ratio:    0.00
      Required ratio:    0.00 (Gate area) 
      Partial area ratio:    0.00
      Required ratio:   75.00 (Side area) 
      Cumulative area ratio:    0.00
      Required ratio:    0.00 (Cumulative area) 
      Cumulative area ratio:    0.00
      Required ratio:    0.00 (Cumulative side area) 

    Via: M1M2_PR
      Partial area ratio:    0.11
      Required ratio:    6.00 (Gate area) 
      Cumulative area ratio:    0.24
      Required ratio:    0.00 (Cumulative area) 

    Via: L1M1_PR
      Partial area ratio:    0.14
      Required ratio:    3.00 (Gate area) 
      Cumulative area ratio:    0.14
      Required ratio:    0.00 (Cumulative area) 


Net: net53
  Pin: _13177_/A1 (sky130_fd_sc_hd__o21ba_1)
    Layer: met2
      Partial area ratio:    6.12
      Required ratio:    0.00 (Gate area) 
      Partial area ratio:   30.95
      Required ratio: 2956.40 (Side area) 
      Cumulative area ratio:    6.75
      Required ratio:    0.00 (Cumulative area) 
      Cumulative area ratio:   34.89
      Required ratio:    0.00 (Cumulative side area) 

    Layer: met1
      Partial area ratio:    0.63
      Required ratio:    0.00 (Gate area) 
      Partial area ratio:    3.94
      Required ratio:  400.00 (Side area) 
      Cumulative area ratio:    0.63
      Required ratio:    0.00 (Cumulative area) 
      Cumulative area ratio:    3.94
      Required ratio:    0.00 (Cumulative side area) 

    Layer: li1
      Partial area ratio:    0.00
      Required ratio:    0.00 (Gate area) 
      Partial area ratio:    0.00
      Required ratio:   75.00 (Side area) 
      Cumulative area ratio:    0.00
      Required ratio:    0.00 (Cumulative area) 
      Cumulative area ratio:    0.00
      Required ratio:    0.00 (Cumulative side area) 

    Via: M1M2_PR
      Partial area ratio:    0.06
      Required ratio:    6.00 (Gate area) 
      Cumulative area ratio:    0.18
      Required ratio:    0.00 (Cumulative area) 

    Via: L1M1_PR
      Partial area ratio:    0.12
      Required ratio:    3.00 (Gate area) 
      Cumulative area ratio:    0.12
      Required ratio:    0.00 (Cumulative area) 

  Pin: _13178_/A (sky130_fd_sc_hd__and3_1)
    Layer: met2
      Partial area ratio:    6.12
      Required ratio:    0.00 (Gate area) 
      Partial area ratio:   30.95
      Required ratio: 2956.40 (Side area) 
      Cumulative area ratio:    6.75
      Required ratio:    0.00 (Cumulative area) 
      Cumulative area ratio:   34.89
      Required ratio:    0.00 (Cumulative side area) 

    Layer: met1
      Partial area ratio:    0.63
      Required ratio:    0.00 (Gate area) 
      Partial area ratio:    3.94
      Required ratio:  400.00 (Side area) 
      Cumulative area ratio:    0.63
      Required ratio:    0.00 (Cumulative area) 
      Cumulative area ratio:    3.94
      Required ratio:    0.00 (Cumulative side area) 

    Layer: li1
      Partial area ratio:    0.00
      Required ratio:    0.00 (Gate area) 
      Partial area ratio:    0.00
      Required ratio:   75.00 (Side area) 
      Cumulative area ratio:    0.00
      Required ratio:    0.00 (Cumulative area) 
      Cumulative area ratio:    0.00
      Required ratio:    0.00 (Cumulative side area) 

    Via: M1M2_PR
      Partial area ratio:    0.06
      Required ratio:    6.00 (Gate area) 
      Cumulative area ratio:    0.29
      Required ratio:    0.00 (Cumulative area) 

    Via: L1M1_PR
      Partial area ratio:    0.23
      Required ratio:    3.00 (Gate area) 
      Cumulative area ratio:    0.23
      Required ratio:    0.00 (Cumulative area) 

  Pin: _13175_/A (sky130_fd_sc_hd__nand2_1)
    Layer: met2
      Partial area ratio:    6.12
      Required ratio:    0.00 (Gate area) 
      Partial area ratio:   30.95
      Required ratio: 2956.40 (Side area) 
      Cumulative area ratio:  153.97
      Required ratio:    0.00 (Cumulative area) 
      Cumulative area ratio:  772.19
      Required ratio:    0.00 (Cumulative side area) 

    Layer: met1
      Partial area ratio:  147.85
      Required ratio:    0.00 (Gate area) 
      Partial area ratio:  741.24
      Required ratio:  400.00 (Side area) (VIOLATED)
      Cumulative area ratio:  147.85
      Required ratio:    0.00 (Cumulative area) 
      Cumulative area ratio:  741.24
      Required ratio:    0.00 (Cumulative side area) 

    Layer: li1
      Partial area ratio:    0.00
      Required ratio:    0.00 (Gate area) 
      Partial area ratio:    0.00
      Required ratio:   75.00 (Side area) 
      Cumulative area ratio:    0.00
      Required ratio:    0.00 (Cumulative area) 
      Cumulative area ratio:    0.00
      Required ratio:    0.00 (Cumulative side area) 

    Via: M1M2_PR
      Partial area ratio:    0.18
      Required ratio:    6.00 (Gate area) 
      Cumulative area ratio:    0.30
      Required ratio:    0.00 (Cumulative area) 

    Via: L1M1_PR
      Partial area ratio:    0.12
      Required ratio:    3.00 (Gate area) 
      Cumulative area ratio:    0.12
      Required ratio:    0.00 (Cumulative area) 

  Pin: output53/A (sky130_fd_sc_hd__clkbuf_4)
    Layer: met2
      Partial area ratio:    6.12
      Required ratio:    0.00 (Gate area) 
      Partial area ratio:   30.95
      Required ratio: 2956.40 (Side area) 
      Cumulative area ratio:  155.88
      Required ratio:    0.00 (Cumulative area) 
      Cumulative area ratio:  782.18
      Required ratio:    0.00 (Cumulative side area) 

    Layer: met1
      Partial area ratio:    1.91
      Required ratio:    0.00 (Gate area) 
      Partial area ratio:    9.99
      Required ratio:  400.00 (Side area) 
      Cumulative area ratio:    1.91
      Required ratio:    0.00 (Cumulative area) 
      Cumulative area ratio:    9.99
      Required ratio:    0.00 (Cumulative side area) 

    Layer: li1
      Partial area ratio:    0.00
      Required ratio:    0.00 (Gate area) 
      Partial area ratio:    0.00
      Required ratio:   75.00 (Side area) 
      Cumulative area ratio:    0.00
      Required ratio:    0.00 (Cumulative area) 
      Cumulative area ratio:    0.00
      Required ratio:    0.00 (Cumulative side area) 

    Via: M1M2_PR
      Partial area ratio:    0.11
      Required ratio:    6.00 (Gate area) 
      Cumulative area ratio:    0.24
      Required ratio:    0.00 (Cumulative area) 

    Via: L1M1_PR
      Partial area ratio:    0.14
      Required ratio:    3.00 (Gate area) 
      Cumulative area ratio:    0.14
      Required ratio:    0.00 (Cumulative area) 


Net: net55
  Pin: output55/A (sky130_fd_sc_hd__buf_2)
    Layer: met2
      Partial area ratio:    2.93
      Required ratio:    0.00 (Gate area) 
      Partial area ratio:   15.04
      Required ratio: 2956.40 (Side area) 
      Cumulative area ratio:  262.45
      Required ratio:    0.00 (Cumulative area) 
      Cumulative area ratio: 1319.42
      Required ratio:    0.00 (Cumulative side area) 

    Layer: met1
      Partial area ratio:  259.52
      Required ratio:    0.00 (Gate area) 
      Partial area ratio: 1304.38
      Required ratio:  400.00 (Side area) (VIOLATED)
      Cumulative area ratio:  259.52
      Required ratio:    0.00 (Cumulative area) 
      Cumulative area ratio: 1304.38
      Required ratio:    0.00 (Cumulative side area) 

    Layer: li1
      Partial area ratio:    0.00
      Required ratio:    0.00 (Gate area) 
      Partial area ratio:    0.00
      Required ratio:   75.00 (Side area) 
      Cumulative area ratio:    0.00
      Required ratio:    0.00 (Cumulative area) 
      Cumulative area ratio:    0.00
      Required ratio:    0.00 (Cumulative side area) 

    Via: M1M2_PR
      Partial area ratio:    0.14
      Required ratio:    6.00 (Gate area) 
      Cumulative area ratio:    0.32
      Required ratio:    0.00 (Cumulative area) 

    Via: L1M1_PR
      Partial area ratio:    0.18
      Required ratio:    3.00 (Gate area) 
      Cumulative area ratio:    0.18
      Required ratio:    0.00 (Cumulative area) 

  Pin: _13184_/A1 (sky130_fd_sc_hd__o21a_1)
    Layer: met2
      Partial area ratio:    2.93
      Required ratio:    0.00 (Gate area) 
      Partial area ratio:   15.04
      Required ratio: 2956.40 (Side area) 
      Cumulative area ratio:    6.79
      Required ratio:    0.00 (Cumulative area) 
      Cumulative area ratio:   35.13
      Required ratio:    0.00 (Cumulative side area) 

    Layer: met1
      Partial area ratio:    3.86
      Required ratio:    0.00 (Gate area) 
      Partial area ratio:   20.09
      Required ratio:  400.00 (Side area) 
      Cumulative area ratio:    3.86
      Required ratio:    0.00 (Cumulative area) 
      Cumulative area ratio:   20.09
      Required ratio:    0.00 (Cumulative side area) 

    Layer: li1
      Partial area ratio:    0.00
      Required ratio:    0.00 (Gate area) 
      Partial area ratio:    0.00
      Required ratio:   75.00 (Side area) 
      Cumulative area ratio:    0.00
      Required ratio:    0.00 (Cumulative area) 
      Cumulative area ratio:    0.00
      Required ratio:    0.00 (Cumulative side area) 

    Via: M1M2_PR
      Partial area ratio:    0.06
      Required ratio:    6.00 (Gate area) 
      Cumulative area ratio:    0.18
      Required ratio:    0.00 (Cumulative area) 

    Via: L1M1_PR
      Partial area ratio:    0.12
      Required ratio:    3.00 (Gate area) 
      Cumulative area ratio:    0.12
      Required ratio:    0.00 (Cumulative area) 

  Pin: _13181_/A (sky130_fd_sc_hd__and2_1)
    Layer: met2
      Partial area ratio:    2.93
      Required ratio:    0.00 (Gate area) 
      Partial area ratio:   15.04
      Required ratio: 2956.40 (Side area) 
      Cumulative area ratio:    6.79
      Required ratio:    0.00 (Cumulative area) 
      Cumulative area ratio:   35.13
      Required ratio:    0.00 (Cumulative side area) 

    Layer: met1
      Partial area ratio:    3.86
      Required ratio:    0.00 (Gate area) 
      Partial area ratio:   20.09
      Required ratio:  400.00 (Side area) 
      Cumulative area ratio:    3.86
      Required ratio:    0.00 (Cumulative area) 
      Cumulative area ratio:   20.09
      Required ratio:    0.00 (Cumulative side area) 

    Layer: li1
      Partial area ratio:    0.00
      Required ratio:    0.00 (Gate area) 
      Partial area ratio:    0.00
      Required ratio:   75.00 (Side area) 
      Cumulative area ratio:    0.00
      Required ratio:    0.00 (Cumulative area) 
      Cumulative area ratio:    0.00
      Required ratio:    0.00 (Cumulative side area) 

    Via: M1M2_PR
      Partial area ratio:    0.06
      Required ratio:    6.00 (Gate area) 
      Cumulative area ratio:    0.29
      Required ratio:    0.00 (Cumulative area) 

    Via: L1M1_PR
      Partial area ratio:    0.23
      Required ratio:    3.00 (Gate area) 
      Cumulative area ratio:    0.23
      Required ratio:    0.00 (Cumulative area) 


Net: net58
  Pin: output58/A (sky130_fd_sc_hd__buf_2)
    Layer: met2
      Partial area ratio:   31.84
      Required ratio:    0.00 (Gate area) 
      Partial area ratio:  160.12
      Required ratio: 2956.40 (Side area) 
      Cumulative area ratio:  286.73
      Required ratio:    0.00 (Cumulative area) 
      Cumulative area ratio: 1435.18
      Required ratio:    0.00 (Cumulative side area) 

    Layer: met1
      Partial area ratio:  254.89
      Required ratio:    0.00 (Gate area) 
      Partial area ratio: 1275.06
      Required ratio:  400.00 (Side area) (VIOLATED)
      Cumulative area ratio:  254.89
      Required ratio:    0.00 (Cumulative area) 
      Cumulative area ratio: 1275.06
      Required ratio:    0.00 (Cumulative side area) 

    Layer: li1
      Partial area ratio:    0.00
      Required ratio:    0.00 (Gate area) 
      Partial area ratio:    0.00
      Required ratio:   75.00 (Side area) 
      Cumulative area ratio:    0.00
      Required ratio:    0.00 (Cumulative area) 
      Cumulative area ratio:    0.00
      Required ratio:    0.00 (Cumulative side area) 

    Via: M1M2_PR
      Partial area ratio:    0.14
      Required ratio:    6.00 (Gate area) 
      Cumulative area ratio:    0.32
      Required ratio:    0.00 (Cumulative area) 

    Via: L1M1_PR
      Partial area ratio:    0.18
      Required ratio:    3.00 (Gate area) 
      Cumulative area ratio:    0.18
      Required ratio:    0.00 (Cumulative area) 

  Pin: _13192_/A (sky130_fd_sc_hd__inv_2)
    Layer: met2
      Partial area ratio:   31.84
      Required ratio:    0.00 (Gate area) 
      Partial area ratio:  160.12
      Required ratio: 2956.40 (Side area) 
      Cumulative area ratio:   32.68
      Required ratio:    0.00 (Cumulative area) 
      Cumulative area ratio:  164.87
      Required ratio:    0.00 (Cumulative side area) 

    Layer: met1
      Partial area ratio:    0.83
      Required ratio:    0.00 (Gate area) 
      Partial area ratio:    4.75
      Required ratio:  400.00 (Side area) 
      Cumulative area ratio:    0.83
      Required ratio:    0.00 (Cumulative area) 
      Cumulative area ratio:    4.75
      Required ratio:    0.00 (Cumulative side area) 

    Layer: li1
      Partial area ratio:    0.00
      Required ratio:    0.00 (Gate area) 
      Partial area ratio:    0.00
      Required ratio:   75.00 (Side area) 
      Cumulative area ratio:    0.00
      Required ratio:    0.00 (Cumulative area) 
      Cumulative area ratio:    0.00
      Required ratio:    0.00 (Cumulative side area) 

    Via: M1M2_PR
      Partial area ratio:    0.05
      Required ratio:    6.00 (Gate area) 
      Cumulative area ratio:    0.10
      Required ratio:    0.00 (Cumulative area) 

    Via: L1M1_PR
      Partial area ratio:    0.06
      Required ratio:    3.00 (Gate area) 
      Cumulative area ratio:    0.06
      Required ratio:    0.00 (Cumulative area) 


Net: net60
  Pin: output60/A (sky130_fd_sc_hd__clkbuf_4)
    Layer: met2
      Partial area ratio:    2.10
      Required ratio:    0.00 (Gate area) 
      Partial area ratio:   10.81
      Required ratio: 2956.40 (Side area) 
      Cumulative area ratio:  173.04
      Required ratio:    0.00 (Cumulative area) 
      Cumulative area ratio:  875.98
      Required ratio:    0.00 (Cumulative side area) 

    Layer: met1
      Partial area ratio:  168.25
      Required ratio:    0.00 (Gate area) 
      Partial area ratio:  850.91
      Required ratio:  400.00 (Side area) (VIOLATED)
      Cumulative area ratio:  168.25
      Required ratio:    0.00 (Cumulative area) 
      Cumulative area ratio:  850.91
      Required ratio:    0.00 (Cumulative side area) 

    Layer: li1
      Partial area ratio:    0.00
      Required ratio:    0.00 (Gate area) 
      Partial area ratio:    0.00
      Required ratio:   75.00 (Side area) 
      Cumulative area ratio:    0.00
      Required ratio:    0.00 (Cumulative area) 
      Cumulative area ratio:    0.00
      Required ratio:    0.00 (Cumulative side area) 

    Via: M1M2_PR
      Partial area ratio:    0.11
      Required ratio:    6.00 (Gate area) 
      Cumulative area ratio:    0.24
      Required ratio:    0.00 (Cumulative area) 

    Via: L1M1_PR
      Partial area ratio:    0.14
      Required ratio:    3.00 (Gate area) 
      Cumulative area ratio:    0.14
      Required ratio:    0.00 (Cumulative area) 

  Pin: _13202_/A1 (sky130_fd_sc_hd__o21a_1)
    Layer: met2
      Partial area ratio:    2.10
      Required ratio:    0.00 (Gate area) 
      Partial area ratio:   10.81
      Required ratio: 2956.40 (Side area) 
      Cumulative area ratio:    4.79
      Required ratio:    0.00 (Cumulative area) 
      Cumulative area ratio:   25.07
      Required ratio:    0.00 (Cumulative side area) 

    Layer: met1
      Partial area ratio:    2.69
      Required ratio:    0.00 (Gate area) 
      Partial area ratio:   14.25
      Required ratio:  400.00 (Side area) 
      Cumulative area ratio:    2.69
      Required ratio:    0.00 (Cumulative area) 
      Cumulative area ratio:   14.25
      Required ratio:    0.00 (Cumulative side area) 

    Layer: li1
      Partial area ratio:    0.00
      Required ratio:    0.00 (Gate area) 
      Partial area ratio:    0.00
      Required ratio:   75.00 (Side area) 
      Cumulative area ratio:    0.00
      Required ratio:    0.00 (Cumulative area) 
      Cumulative area ratio:    0.00
      Required ratio:    0.00 (Cumulative side area) 

    Via: M1M2_PR
      Partial area ratio:    0.18
      Required ratio:    6.00 (Gate area) 
      Cumulative area ratio:    0.30
      Required ratio:    0.00 (Cumulative area) 

    Via: L1M1_PR
      Partial area ratio:    0.12
      Required ratio:    3.00 (Gate area) 
      Cumulative area ratio:    0.12
      Required ratio:    0.00 (Cumulative area) 

  Pin: _13199_/B (sky130_fd_sc_hd__and3_1)
    Layer: met1
      Partial area ratio:    6.84
      Required ratio:    0.00 (Gate area) 
      Partial area ratio:   36.56
      Required ratio: 2956.40 (Side area) 
      Cumulative area ratio:    6.84
      Required ratio:    0.00 (Cumulative area) 
      Cumulative area ratio:   36.56
      Required ratio:    0.00 (Cumulative side area) 

    Layer: met2
      Partial area ratio:    2.10
      Required ratio:    0.00 (Gate area) 
      Partial area ratio:   10.81
      Required ratio: 2956.40 (Side area) 
      Cumulative area ratio:    8.94
      Required ratio:    0.00 (Cumulative area) 
      Cumulative area ratio:   47.37
      Required ratio:    0.00 (Cumulative side area) 

    Layer: li1
      Partial area ratio:    0.00
      Required ratio:    0.00 (Gate area) 
      Partial area ratio:    0.00
      Required ratio:   75.00 (Side area) 
      Cumulative area ratio:    0.00
      Required ratio:    0.00 (Cumulative area) 
      Cumulative area ratio:    0.00
      Required ratio:    0.00 (Cumulative side area) 

    Via: M1M2_PR
      Partial area ratio:    0.18
      Required ratio:    6.00 (Gate area) 
      Cumulative area ratio:    0.41
      Required ratio:    0.00 (Cumulative area) 

    Via: L1M1_PR
      Partial area ratio:    0.23
      Required ratio:    3.00 (Gate area) 
      Cumulative area ratio:    0.23
      Required ratio:    0.00 (Cumulative area) 


Net: net61
  Pin: _13098_/A (sky130_fd_sc_hd__clkbuf_1)
    Layer: met2
      Partial area ratio:   21.82
      Required ratio:    0.00 (Gate area) 
      Partial area ratio:  110.06
      Required ratio: 2956.40 (Side area) 
      Cumulative area ratio:   22.25
      Required ratio:    0.00 (Cumulative area) 
      Cumulative area ratio:  112.70
      Required ratio:    0.00 (Cumulative side area) 

    Layer: met1
      Partial area ratio:    0.43
      Required ratio:    0.00 (Gate area) 
      Partial area ratio:    2.64
      Required ratio:  400.00 (Side area) 
      Cumulative area ratio:    0.43
      Required ratio:    0.00 (Cumulative area) 
      Cumulative area ratio:    2.64
      Required ratio:    0.00 (Cumulative side area) 

    Layer: li1
      Partial area ratio:    0.00
      Required ratio:    0.00 (Gate area) 
      Partial area ratio:    0.00
      Required ratio:   75.00 (Side area) 
      Cumulative area ratio:    0.00
      Required ratio:    0.00 (Cumulative area) 
      Cumulative area ratio:    0.00
      Required ratio:    0.00 (Cumulative side area) 

    Via: M1M2_PR
      Partial area ratio:    0.11
      Required ratio:    6.00 (Gate area) 
      Cumulative area ratio:    0.26
      Required ratio:    0.00 (Cumulative area) 

    Via: L1M1_PR
      Partial area ratio:    0.15
      Required ratio:    3.00 (Gate area) 
      Cumulative area ratio:    0.15
      Required ratio:    0.00 (Cumulative area) 

  Pin: _13122_/A1 (sky130_fd_sc_hd__a22o_1)
    Layer: met2
      Partial area ratio:   21.82
      Required ratio:    0.00 (Gate area) 
      Partial area ratio:  110.06
      Required ratio: 2956.40 (Side area) 
      Cumulative area ratio:   27.22
      Required ratio:    0.00 (Cumulative area) 
      Cumulative area ratio:  138.20
      Required ratio:    0.00 (Cumulative side area) 

    Layer: met1
      Partial area ratio:    2.68
      Required ratio:    0.00 (Gate area) 
      Partial area ratio:   13.80
      Required ratio:  400.00 (Side area) 
      Cumulative area ratio:    2.68
      Required ratio:    0.00 (Cumulative area) 
      Cumulative area ratio:   13.80
      Required ratio:    0.00 (Cumulative side area) 

    Layer: li1
      Partial area ratio:    0.00
      Required ratio:    0.00 (Gate area) 
      Partial area ratio:    0.00
      Required ratio:   75.00 (Side area) 
      Cumulative area ratio:    0.00
      Required ratio:    0.00 (Cumulative area) 
      Cumulative area ratio:    0.00
      Required ratio:    0.00 (Cumulative side area) 

    Via: M1M2_PR
      Partial area ratio:    0.09
      Required ratio:    6.00 (Gate area) 
      Cumulative area ratio:    0.21
      Required ratio:    0.00 (Cumulative area) 

    Via: L1M1_PR
      Partial area ratio:    0.12
      Required ratio:    3.00 (Gate area) 
      Cumulative area ratio:    0.12
      Required ratio:    0.00 (Cumulative area) 

  Pin: _13121_/A (sky130_fd_sc_hd__or2_1)
    Layer: met2
      Partial area ratio:   21.82
      Required ratio:    0.00 (Gate area) 
      Partial area ratio:  110.06
      Required ratio: 2956.40 (Side area) 
      Cumulative area ratio:   24.53
      Required ratio:    0.00 (Cumulative area) 
      Cumulative area ratio:  124.39
      Required ratio:    0.00 (Cumulative side area) 

    Layer: met1
      Partial area ratio:    2.71
      Required ratio:    0.00 (Gate area) 
      Partial area ratio:   14.33
      Required ratio:  400.00 (Side area) 
      Cumulative area ratio:    2.71
      Required ratio:    0.00 (Cumulative area) 
      Cumulative area ratio:   14.33
      Required ratio:    0.00 (Cumulative side area) 

    Layer: li1
      Partial area ratio:    0.00
      Required ratio:    0.00 (Gate area) 
      Partial area ratio:    0.00
      Required ratio:   75.00 (Side area) 
      Cumulative area ratio:    0.00
      Required ratio:    0.00 (Cumulative area) 
      Cumulative area ratio:    0.00
      Required ratio:    0.00 (Cumulative side area) 

    Via: M1M2_PR
      Partial area ratio:    0.36
      Required ratio:    6.00 (Gate area) 
      Cumulative area ratio:    0.59
      Required ratio:    0.00 (Cumulative area) 

    Via: L1M1_PR
      Partial area ratio:    0.23
      Required ratio:    3.00 (Gate area) 
      Cumulative area ratio:    0.23
      Required ratio:    0.00 (Cumulative area) 

  Pin: output61/A (sky130_fd_sc_hd__buf_2)
    Layer: met1
      Partial area ratio:  193.83
      Required ratio:    0.00 (Gate area) 
      Partial area ratio:  980.88
      Required ratio:  400.00 (Side area) (VIOLATED)
      Cumulative area ratio:  193.83
      Required ratio:    0.00 (Cumulative area) 
      Cumulative area ratio:  980.88
      Required ratio:    0.00 (Cumulative side area) 

    Layer: li1
      Partial area ratio:    0.00
      Required ratio:    0.00 (Gate area) 
      Partial area ratio:    0.00
      Required ratio:   75.00 (Side area) 
      Cumulative area ratio:    0.00
      Required ratio:    0.00 (Cumulative area) 
      Cumulative area ratio:    0.00
      Required ratio:    0.00 (Cumulative side area) 

    Via: M1M2_PR
      Partial area ratio:    0.14
      Required ratio:    6.00 (Gate area) 
      Cumulative area ratio:    0.32
      Required ratio:    0.00 (Cumulative area) 

    Via: L1M1_PR
      Partial area ratio:    0.18
      Required ratio:    3.00 (Gate area) 
      Cumulative area ratio:    0.18
      Required ratio:    0.00 (Cumulative area) 


Net: net64
  Pin: output64/A (sky130_fd_sc_hd__clkbuf_4)
    Layer: met2
      Partial area ratio:   28.29
      Required ratio:    0.00 (Gate area) 
      Partial area ratio:  142.63
      Required ratio: 2956.40 (Side area) 
      Cumulative area ratio:  193.46
      Required ratio:    0.00 (Cumulative area) 
      Cumulative area ratio:  968.95
      Required ratio:    0.00 (Cumulative side area) 

    Layer: met1
      Partial area ratio:  165.17
      Required ratio:    0.00 (Gate area) 
      Partial area ratio:  826.33
      Required ratio:  400.00 (Side area) (VIOLATED)
      Cumulative area ratio:  165.17
      Required ratio:    0.00 (Cumulative area) 
      Cumulative area ratio:  826.33
      Required ratio:    0.00 (Cumulative side area) 

    Layer: li1
      Partial area ratio:    0.00
      Required ratio:    0.00 (Gate area) 
      Partial area ratio:    0.00
      Required ratio:   75.00 (Side area) 
      Cumulative area ratio:    0.00
      Required ratio:    0.00 (Cumulative area) 
      Cumulative area ratio:    0.00
      Required ratio:    0.00 (Cumulative side area) 

    Via: M1M2_PR
      Partial area ratio:    0.11
      Required ratio:    6.00 (Gate area) 
      Cumulative area ratio:    0.24
      Required ratio:    0.00 (Cumulative area) 

    Via: L1M1_PR
      Partial area ratio:    0.14
      Required ratio:    3.00 (Gate area) 
      Cumulative area ratio:    0.14
      Required ratio:    0.00 (Cumulative area) 

  Pin: _13212_/A1 (sky130_fd_sc_hd__o21ba_1)
    Layer: met2
      Partial area ratio:   28.29
      Required ratio:    0.00 (Gate area) 
      Partial area ratio:  142.63
      Required ratio: 2956.40 (Side area) 
      Cumulative area ratio:   29.41
      Required ratio:    0.00 (Cumulative area) 
      Cumulative area ratio:  148.62
      Required ratio:    0.00 (Cumulative side area) 

    Layer: met1
      Partial area ratio:    1.12
      Required ratio:    0.00 (Gate area) 
      Partial area ratio:    6.00
      Required ratio:  400.00 (Side area) 
      Cumulative area ratio:    1.12
      Required ratio:    0.00 (Cumulative area) 
      Cumulative area ratio:    6.00
      Required ratio:    0.00 (Cumulative side area) 

    Layer: li1
      Partial area ratio:    0.00
      Required ratio:    0.00 (Gate area) 
      Partial area ratio:    0.00
      Required ratio:   75.00 (Side area) 
      Cumulative area ratio:    0.00
      Required ratio:    0.00 (Cumulative area) 
      Cumulative area ratio:    0.00
      Required ratio:    0.00 (Cumulative side area) 

    Via: M1M2_PR
      Partial area ratio:    0.09
      Required ratio:    6.00 (Gate area) 
      Cumulative area ratio:    0.21
      Required ratio:    0.00 (Cumulative area) 

    Via: L1M1_PR
      Partial area ratio:    0.12
      Required ratio:    3.00 (Gate area) 
      Cumulative area ratio:    0.12
      Required ratio:    0.00 (Cumulative area) 

  Pin: _13210_/B (sky130_fd_sc_hd__and3_1)
    Layer: met2
      Partial area ratio:   28.29
      Required ratio:    0.00 (Gate area) 
      Partial area ratio:  142.63
      Required ratio: 2956.40 (Side area) 
      Cumulative area ratio:   28.29
      Required ratio:    0.00 (Cumulative area) 
      Cumulative area ratio:  142.63
      Required ratio:    0.00 (Cumulative side area) 

    Layer: met1
      Partial area ratio:    0.00
      Required ratio:    0.00 (Gate area) 
      Partial area ratio:    0.00
      Required ratio:  400.00 (Side area) 
      Cumulative area ratio:    0.00
      Required ratio:    0.00 (Cumulative area) 
      Cumulative area ratio:    0.00
      Required ratio:    0.00 (Cumulative side area) 

    Layer: li1
      Partial area ratio:    0.00
      Required ratio:    0.00 (Gate area) 
      Partial area ratio:    0.00
      Required ratio:   75.00 (Side area) 
      Cumulative area ratio:    0.00
      Required ratio:    0.00 (Cumulative area) 
      Cumulative area ratio:    0.00
      Required ratio:    0.00 (Cumulative side area) 

    Via: M1M2_PR
      Partial area ratio:    0.18
      Required ratio:    6.00 (Gate area) 
      Cumulative area ratio:    0.41
      Required ratio:    0.00 (Cumulative area) 

    Via: L1M1_PR
      Partial area ratio:    0.23
      Required ratio:    3.00 (Gate area) 
      Cumulative area ratio:    0.23
      Required ratio:    0.00 (Cumulative area) 


Net: net65
  Pin: _13215_/A1 (sky130_fd_sc_hd__o21a_1)
    Layer: met2
      Partial area ratio:   97.49
      Required ratio:    0.00 (Gate area) 
      Partial area ratio:  487.96
      Required ratio: 2956.40 (Side area) 
      Cumulative area ratio:  448.45
      Required ratio:    0.00 (Cumulative area) 
      Cumulative area ratio: 2259.46
      Required ratio:    0.00 (Cumulative side area) 

    Layer: met1
      Partial area ratio:    0.60
      Required ratio:    0.00 (Gate area) 
      Partial area ratio:    3.39
      Required ratio:  400.00 (Side area) 
      Cumulative area ratio:    0.60
      Required ratio:    0.00 (Cumulative area) 
      Cumulative area ratio:    3.39
      Required ratio:    0.00 (Cumulative side area) 

    Layer: li1
      Partial area ratio:    0.00
      Required ratio:    0.00 (Gate area) 
      Partial area ratio:    0.00
      Required ratio:   75.00 (Side area) 
      Cumulative area ratio:    0.00
      Required ratio:    0.00 (Cumulative area) 
      Cumulative area ratio:    0.00
      Required ratio:    0.00 (Cumulative side area) 

    Via: M1M2_PR
      Partial area ratio:    0.09
      Required ratio:    6.00 (Gate area) 
      Cumulative area ratio:    0.21
      Required ratio:    0.00 (Cumulative area) 

    Via: L1M1_PR
      Partial area ratio:    0.12
      Required ratio:    3.00 (Gate area) 
      Cumulative area ratio:    0.12
      Required ratio:    0.00 (Cumulative area) 

  Pin: _13213_/A (sky130_fd_sc_hd__and2_1)
    Layer: met2
      Partial area ratio:   97.49
      Required ratio:    0.00 (Gate area) 
      Partial area ratio:  487.96
      Required ratio: 2956.40 (Side area) 
      Cumulative area ratio:  447.85
      Required ratio:    0.00 (Cumulative area) 
      Cumulative area ratio: 2256.07
      Required ratio:    0.00 (Cumulative side area) 

    Layer: met1
      Partial area ratio:  350.36
      Required ratio:    0.00 (Gate area) 
      Partial area ratio: 1768.11
      Required ratio:  400.00 (Side area) (VIOLATED)
      Cumulative area ratio:  350.36
      Required ratio:    0.00 (Cumulative area) 
      Cumulative area ratio: 1768.11
      Required ratio:    0.00 (Cumulative side area) 

    Layer: li1
      Partial area ratio:    0.00
      Required ratio:    0.00 (Gate area) 
      Partial area ratio:    0.00
      Required ratio:   75.00 (Side area) 
      Cumulative area ratio:    0.00
      Required ratio:    0.00 (Cumulative area) 
      Cumulative area ratio:    0.00
      Required ratio:    0.00 (Cumulative side area) 

    Via: M1M2_PR
      Partial area ratio:    0.54
      Required ratio:    6.00 (Gate area) 
      Cumulative area ratio:    0.77
      Required ratio:    0.00 (Cumulative area) 

    Via: L1M1_PR
      Partial area ratio:    0.23
      Required ratio:    3.00 (Gate area) 
      Cumulative area ratio:    0.23
      Required ratio:    0.00 (Cumulative area) 

  Pin: output65/A (sky130_fd_sc_hd__clkbuf_4)
    Layer: met2
      Partial area ratio:   97.49
      Required ratio:    0.00 (Gate area) 
      Partial area ratio:  487.96
      Required ratio: 2956.40 (Side area) 
      Cumulative area ratio:  449.45
      Required ratio:    0.00 (Cumulative area) 
      Cumulative area ratio: 2264.55
      Required ratio:    0.00 (Cumulative side area) 

    Layer: met1
      Partial area ratio:    1.60
      Required ratio:    0.00 (Gate area) 
      Partial area ratio:    8.48
      Required ratio:  400.00 (Side area) 
      Cumulative area ratio:    1.60
      Required ratio:    0.00 (Cumulative area) 
      Cumulative area ratio:    8.48
      Required ratio:    0.00 (Cumulative side area) 

    Layer: li1
      Partial area ratio:    0.00
      Required ratio:    0.00 (Gate area) 
      Partial area ratio:    0.00
      Required ratio:   75.00 (Side area) 
      Cumulative area ratio:    0.00
      Required ratio:    0.00 (Cumulative area) 
      Cumulative area ratio:    0.00
      Required ratio:    0.00 (Cumulative side area) 

    Via: M1M2_PR
      Partial area ratio:    0.11
      Required ratio:    6.00 (Gate area) 
      Cumulative area ratio:    0.24
      Required ratio:    0.00 (Cumulative area) 

    Via: L1M1_PR
      Partial area ratio:    0.14
      Required ratio:    3.00 (Gate area) 
      Cumulative area ratio:    0.14
      Required ratio:    0.00 (Cumulative area) 


Net: net68
  Pin: output68/A (sky130_fd_sc_hd__clkbuf_4)
    Layer: met2
      Partial area ratio:   14.34
      Required ratio:    0.00 (Gate area) 
      Partial area ratio:   72.67
      Required ratio: 2956.40 (Side area) 
      Cumulative area ratio:  177.28
      Required ratio:    0.00 (Cumulative area) 
      Cumulative area ratio:  891.51
      Required ratio:    0.00 (Cumulative side area) 

    Layer: met1
      Partial area ratio:  162.94
      Required ratio:    0.00 (Gate area) 
      Partial area ratio:  818.84
      Required ratio:  400.00 (Side area) (VIOLATED)
      Cumulative area ratio:  162.94
      Required ratio:    0.00 (Cumulative area) 
      Cumulative area ratio:  818.84
      Required ratio:    0.00 (Cumulative side area) 

    Layer: li1
      Partial area ratio:    0.00
      Required ratio:    0.00 (Gate area) 
      Partial area ratio:    0.00
      Required ratio:   75.00 (Side area) 
      Cumulative area ratio:    0.00
      Required ratio:    0.00 (Cumulative area) 
      Cumulative area ratio:    0.00
      Required ratio:    0.00 (Cumulative side area) 

    Via: M1M2_PR
      Partial area ratio:    0.11
      Required ratio:    6.00 (Gate area) 
      Cumulative area ratio:    0.24
      Required ratio:    0.00 (Cumulative area) 

    Via: L1M1_PR
      Partial area ratio:    0.14
      Required ratio:    3.00 (Gate area) 
      Cumulative area ratio:    0.14
      Required ratio:    0.00 (Cumulative area) 

  Pin: _13222_/A (sky130_fd_sc_hd__inv_2)
    Layer: met2
      Partial area ratio:   14.34
      Required ratio:    0.00 (Gate area) 
      Partial area ratio:   72.67
      Required ratio: 2956.40 (Side area) 
      Cumulative area ratio:   14.51
      Required ratio:    0.00 (Cumulative area) 
      Cumulative area ratio:   73.72
      Required ratio:    0.00 (Cumulative side area) 

    Layer: met1
      Partial area ratio:    0.17
      Required ratio:    0.00 (Gate area) 
      Partial area ratio:    1.05
      Required ratio:  400.00 (Side area) 
      Cumulative area ratio:    0.17
      Required ratio:    0.00 (Cumulative area) 
      Cumulative area ratio:    1.05
      Required ratio:    0.00 (Cumulative side area) 

    Layer: li1
      Partial area ratio:    0.00
      Required ratio:    0.00 (Gate area) 
      Partial area ratio:    0.00
      Required ratio:   75.00 (Side area) 
      Cumulative area ratio:    0.00
      Required ratio:    0.00 (Cumulative area) 
      Cumulative area ratio:    0.00
      Required ratio:    0.00 (Cumulative side area) 

    Via: M1M2_PR
      Partial area ratio:    0.05
      Required ratio:    6.00 (Gate area) 
      Cumulative area ratio:    0.10
      Required ratio:    0.00 (Cumulative area) 

    Via: L1M1_PR
      Partial area ratio:    0.06
      Required ratio:    3.00 (Gate area) 
      Cumulative area ratio:    0.06
      Required ratio:    0.00 (Cumulative area) 


Net: net72
  Pin: output72/A (sky130_fd_sc_hd__clkbuf_4)
    Layer: met2
      Partial area ratio:   48.88
      Required ratio:    0.00 (Gate area) 
      Partial area ratio:  245.36
      Required ratio: 2956.40 (Side area) 
      Cumulative area ratio:  177.29
      Required ratio:    0.00 (Cumulative area) 
      Cumulative area ratio:  889.22
      Required ratio:    0.00 (Cumulative side area) 

    Layer: met1
      Partial area ratio:  128.41
      Required ratio:    0.00 (Gate area) 
      Partial area ratio:  643.87
      Required ratio:  400.00 (Side area) (VIOLATED)
      Cumulative area ratio:  128.41
      Required ratio:    0.00 (Cumulative area) 
      Cumulative area ratio:  643.87
      Required ratio:    0.00 (Cumulative side area) 

    Layer: li1
      Partial area ratio:    0.00
      Required ratio:    0.00 (Gate area) 
      Partial area ratio:    0.00
      Required ratio:   75.00 (Side area) 
      Cumulative area ratio:    0.00
      Required ratio:    0.00 (Cumulative area) 
      Cumulative area ratio:    0.00
      Required ratio:    0.00 (Cumulative side area) 

    Via: M1M2_PR
      Partial area ratio:    0.11
      Required ratio:    6.00 (Gate area) 
      Cumulative area ratio:    0.24
      Required ratio:    0.00 (Cumulative area) 

    Via: L1M1_PR
      Partial area ratio:    0.14
      Required ratio:    3.00 (Gate area) 
      Cumulative area ratio:    0.14
      Required ratio:    0.00 (Cumulative area) 

  Pin: _07847_/A (sky130_fd_sc_hd__buf_2)
    Layer: met1
      Partial area ratio:    1.05
      Required ratio:    0.00 (Gate area) 
      Partial area ratio:    5.72
      Required ratio:  400.00 (Side area) 
      Cumulative area ratio:    1.05
      Required ratio:    0.00 (Cumulative area) 
      Cumulative area ratio:    5.72
      Required ratio:    0.00 (Cumulative side area) 

    Layer: li1
      Partial area ratio:    0.00
      Required ratio:    0.00 (Gate area) 
      Partial area ratio:    0.00
      Required ratio:   75.00 (Side area) 
      Cumulative area ratio:    0.00
      Required ratio:    0.00 (Cumulative area) 
      Cumulative area ratio:    0.00
      Required ratio:    0.00 (Cumulative side area) 

    Via: M1M2_PR
      Partial area ratio:    0.06
      Required ratio:    6.00 (Gate area) 
      Cumulative area ratio:    0.24
      Required ratio:    0.00 (Cumulative area) 

    Via: L1M1_PR
      Partial area ratio:    0.18
      Required ratio:    3.00 (Gate area) 
      Cumulative area ratio:    0.18
      Required ratio:    0.00 (Cumulative area) 

  Pin: _11980_/D (sky130_fd_sc_hd__or4_4)
    Layer: met1
      Partial area ratio:    1.05
      Required ratio:    0.00 (Gate area) 
      Partial area ratio:    5.72
      Required ratio:  400.00 (Side area) 
      Cumulative area ratio:    1.05
      Required ratio:    0.00 (Cumulative area) 
      Cumulative area ratio:    5.72
      Required ratio:    0.00 (Cumulative side area) 

    Layer: li1
      Partial area ratio:    0.00
      Required ratio:    0.00 (Gate area) 
      Partial area ratio:    0.00
      Required ratio:   75.00 (Side area) 
      Cumulative area ratio:    0.00
      Required ratio:    0.00 (Cumulative area) 
      Cumulative area ratio:    0.00
      Required ratio:    0.00 (Cumulative side area) 

    Via: M1M2_PR
      Partial area ratio:    0.06
      Required ratio:    6.00 (Gate area) 
      Cumulative area ratio:    0.17
      Required ratio:    0.00 (Cumulative area) 

    Via: L1M1_PR
      Partial area ratio:    0.12
      Required ratio:    3.00 (Gate area) 
      Cumulative area ratio:    0.12
      Required ratio:    0.00 (Cumulative area) 


Net: net80
  Pin: output80/A (sky130_fd_sc_hd__clkbuf_4)
    Layer: met2
      Partial area ratio:   40.82
      Required ratio:    0.00 (Gate area) 
      Partial area ratio:  205.26
      Required ratio: 2956.40 (Side area) 
      Cumulative area ratio:  202.11
      Required ratio:    0.00 (Cumulative area) 
      Cumulative area ratio: 1014.04
      Required ratio:    0.00 (Cumulative side area) 

    Layer: met1
      Partial area ratio:  161.30
      Required ratio:    0.00 (Gate area) 
      Partial area ratio:  808.78
      Required ratio:  400.00 (Side area) (VIOLATED)
      Cumulative area ratio:  161.30
      Required ratio:    0.00 (Cumulative area) 
      Cumulative area ratio:  808.78
      Required ratio:    0.00 (Cumulative side area) 

    Layer: li1
      Partial area ratio:    0.00
      Required ratio:    0.00 (Gate area) 
      Partial area ratio:    0.00
      Required ratio:   75.00 (Side area) 
      Cumulative area ratio:    0.00
      Required ratio:    0.00 (Cumulative area) 
      Cumulative area ratio:    0.00
      Required ratio:    0.00 (Cumulative side area) 

    Via: M1M2_PR
      Partial area ratio:    0.11
      Required ratio:    6.00 (Gate area) 
      Cumulative area ratio:    0.24
      Required ratio:    0.00 (Cumulative area) 

    Via: L1M1_PR
      Partial area ratio:    0.14
      Required ratio:    3.00 (Gate area) 
      Cumulative area ratio:    0.14
      Required ratio:    0.00 (Cumulative area) 

  Pin: _13162_/A (sky130_fd_sc_hd__and2_1)
    Layer: met1
      Partial area ratio:    6.80
      Required ratio:    0.00 (Gate area) 
      Partial area ratio:   34.78
      Required ratio:  400.00 (Side area) 
      Cumulative area ratio:    6.80
      Required ratio:    0.00 (Cumulative area) 
      Cumulative area ratio:   34.78
      Required ratio:    0.00 (Cumulative side area) 

    Layer: li1
      Partial area ratio:    0.00
      Required ratio:    0.00 (Gate area) 
      Partial area ratio:    0.00
      Required ratio:   75.00 (Side area) 
      Cumulative area ratio:    0.00
      Required ratio:    0.00 (Cumulative area) 
      Cumulative area ratio:    0.00
      Required ratio:    0.00 (Cumulative side area) 

    Via: M1M2_PR
      Partial area ratio:    0.18
      Required ratio:    6.00 (Gate area) 
      Cumulative area ratio:    0.41
      Required ratio:    0.00 (Cumulative area) 

    Via: L1M1_PR
      Partial area ratio:    0.23
      Required ratio:    3.00 (Gate area) 
      Cumulative area ratio:    0.23
      Required ratio:    0.00 (Cumulative area) 

  Pin: _13164_/A1 (sky130_fd_sc_hd__o21ba_1)
    Layer: met1
      Partial area ratio:    1.66
      Required ratio:    0.00 (Gate area) 
      Partial area ratio:    9.50
      Required ratio:  400.00 (Side area) 
      Cumulative area ratio:    1.66
      Required ratio:    0.00 (Cumulative area) 
      Cumulative area ratio:    9.50
      Required ratio:    0.00 (Cumulative side area) 

    Layer: li1
      Partial area ratio:    0.00
      Required ratio:    0.00 (Gate area) 
      Partial area ratio:    0.00
      Required ratio:   75.00 (Side area) 
      Cumulative area ratio:    0.00
      Required ratio:    0.00 (Cumulative area) 
      Cumulative area ratio:    0.00
      Required ratio:    0.00 (Cumulative side area) 

    Via: M1M2_PR
      Partial area ratio:    0.09
      Required ratio:    6.00 (Gate area) 
      Cumulative area ratio:    0.21
      Required ratio:    0.00 (Cumulative area) 

    Via: L1M1_PR
      Partial area ratio:    0.12
      Required ratio:    3.00 (Gate area) 
      Cumulative area ratio:    0.12
      Required ratio:    0.00 (Cumulative area) 


Net: net82
  Pin: _12973_/A1 (sky130_fd_sc_hd__mux2_1)
    Layer: met2
      Partial area ratio:    4.29
      Required ratio:    0.00 (Gate area) 
      Partial area ratio:   22.64
      Required ratio: 3236.16 (Side area) 
      Cumulative area ratio:   17.74
      Required ratio:    0.00 (Cumulative area) 
      Cumulative area ratio:   94.53
      Required ratio:    0.00 (Cumulative side area) 

    Layer: met1
      Partial area ratio:    6.47
      Required ratio:    0.00 (Gate area) 
      Partial area ratio:   34.67
      Required ratio:  400.00 (Side area) 
      Cumulative area ratio:    6.47
      Required ratio:    0.00 (Cumulative area) 
      Cumulative area ratio:   34.67
      Required ratio:    0.00 (Cumulative side area) 

    Layer: li1
      Partial area ratio:    0.00
      Required ratio:    0.00 (Gate area) 
      Partial area ratio:    0.00
      Required ratio:   75.00 (Side area) 
      Cumulative area ratio:    0.00
      Required ratio:    0.00 (Cumulative area) 
      Cumulative area ratio:    0.00
      Required ratio:    0.00 (Cumulative side area) 

    Via: M1M2_PR
      Partial area ratio:    0.18
      Required ratio:    6.00 (Gate area) 
      Cumulative area ratio:    0.41
      Required ratio:    0.00 (Cumulative area) 

    Via: L1M1_PR
      Partial area ratio:    0.23
      Required ratio:    3.00 (Gate area) 
      Cumulative area ratio:    0.23
      Required ratio:    0.00 (Cumulative area) 

  Pin: _12902_/A0 (sky130_fd_sc_hd__mux2_1)
    Layer: met2
      Partial area ratio:    4.29
      Required ratio:    0.00 (Gate area) 
      Partial area ratio:   22.64
      Required ratio: 3236.16 (Side area) 
      Cumulative area ratio:   11.27
      Required ratio:    0.00 (Cumulative area) 
      Cumulative area ratio:   59.86
      Required ratio:    0.00 (Cumulative side area) 

    Layer: met1
      Partial area ratio:    6.98
      Required ratio:    0.00 (Gate area) 
      Partial area ratio:   37.22
      Required ratio:  400.00 (Side area) 
      Cumulative area ratio:    6.98
      Required ratio:    0.00 (Cumulative area) 
      Cumulative area ratio:   37.22
      Required ratio:    0.00 (Cumulative side area) 

    Layer: li1
      Partial area ratio:    0.00
      Required ratio:    0.00 (Gate area) 
      Partial area ratio:    0.00
      Required ratio:   75.00 (Side area) 
      Cumulative area ratio:    0.00
      Required ratio:    0.00 (Cumulative area) 
      Cumulative area ratio:    0.00
      Required ratio:    0.00 (Cumulative side area) 

    Via: M1M2_PR
      Partial area ratio:    0.36
      Required ratio:    6.00 (Gate area) 
      Cumulative area ratio:    0.59
      Required ratio:    0.00 (Cumulative area) 

    Via: L1M1_PR
      Partial area ratio:    0.23
      Required ratio:    3.00 (Gate area) 
      Cumulative area ratio:    0.23
      Required ratio:    0.00 (Cumulative area) 

  Pin: _13017_/A1 (sky130_fd_sc_hd__mux2_1)
    Layer: met4
      Partial area ratio:   72.75
      Required ratio:    0.00 (Gate area) 
      Partial area ratio:  388.73
      Required ratio: 3236.16 (Side area) 
      Cumulative area ratio:  358.76
      Required ratio:    0.00 (Cumulative area) 
      Cumulative area ratio: 1833.35
      Required ratio:    0.00 (Cumulative side area) 

    Layer: met3
      Partial area ratio:    0.56
      Required ratio:    0.00 (Gate area) 
      Partial area ratio:    4.66
      Required ratio:  400.00 (Side area) 
      Cumulative area ratio:  286.01
      Required ratio:    0.00 (Cumulative area) 
      Cumulative area ratio: 1444.62
      Required ratio:    0.00 (Cumulative side area) 

    Layer: met2
      Partial area ratio:   24.67
      Required ratio:    0.00 (Gate area) 
      Partial area ratio:  124.40
      Required ratio:  400.00 (Side area) 
      Cumulative area ratio:  285.45
      Required ratio:    0.00 (Cumulative area) 
      Cumulative area ratio: 1439.96
      Required ratio:    0.00 (Cumulative side area) 

    Layer: met1
      Partial area ratio:  260.78
      Required ratio:    0.00 (Gate area) 
      Partial area ratio: 1315.56
      Required ratio:  400.00 (Side area) (VIOLATED)
      Cumulative area ratio:  260.78
      Required ratio:    0.00 (Cumulative area) 
      Cumulative area ratio: 1315.56
      Required ratio:    0.00 (Cumulative side area) 

    Layer: li1
      Partial area ratio:    0.00
      Required ratio:    0.00 (Gate area) 
      Partial area ratio:    0.00
      Required ratio:   75.00 (Side area) 
      Cumulative area ratio:    0.00
      Required ratio:    0.00 (Cumulative area) 
      Cumulative area ratio:    0.00
      Required ratio:    0.00 (Cumulative side area) 

    Via: M3M4_PR
      Partial area ratio:    0.14
      Required ratio:    6.00 (Gate area) 
      Cumulative area ratio:    0.87
      Required ratio:    0.00 (Cumulative area) 

    Via: M2M3_PR
      Partial area ratio:    0.14
      Required ratio:    6.00 (Gate area) 
      Cumulative area ratio:    0.73
      Required ratio:    0.00 (Cumulative area) 

    Via: M1M2_PR
      Partial area ratio:    0.36
      Required ratio:    6.00 (Gate area) 
      Cumulative area ratio:    0.59
      Required ratio:    0.00 (Cumulative area) 

    Via: L1M1_PR
      Partial area ratio:    0.23
      Required ratio:    3.00 (Gate area) 
      Cumulative area ratio:    0.23
      Required ratio:    0.00 (Cumulative area) 

  Pin: output82/A (sky130_fd_sc_hd__buf_2)
    Layer: met4
      Partial area ratio:   72.75
      Required ratio:    0.00 (Gate area) 
      Partial area ratio:  388.73
      Required ratio: 3236.16 (Side area) 
      Cumulative area ratio:  360.50
      Required ratio:    0.00 (Cumulative area) 
      Cumulative area ratio: 1842.68
      Required ratio:    0.00 (Cumulative side area) 

    Layer: met3
      Partial area ratio:    0.56
      Required ratio:    0.00 (Gate area) 
      Partial area ratio:    4.66
      Required ratio:  400.00 (Side area) 
      Cumulative area ratio:  287.75
      Required ratio:    0.00 (Cumulative area) 
      Cumulative area ratio: 1453.95
      Required ratio:    0.00 (Cumulative side area) 

    Layer: met2
      Partial area ratio:   24.67
      Required ratio:    0.00 (Gate area) 
      Partial area ratio:  124.40
      Required ratio:  400.00 (Side area) 
      Cumulative area ratio:  287.20
      Required ratio:    0.00 (Cumulative area) 
      Cumulative area ratio: 1449.29
      Required ratio:    0.00 (Cumulative side area) 

    Layer: met1
      Partial area ratio:    1.74
      Required ratio:    0.00 (Gate area) 
      Partial area ratio:    9.33
      Required ratio:  400.00 (Side area) 
      Cumulative area ratio:    1.74
      Required ratio:    0.00 (Cumulative area) 
      Cumulative area ratio:    9.33
      Required ratio:    0.00 (Cumulative side area) 

    Layer: li1
      Partial area ratio:    0.00
      Required ratio:    0.00 (Gate area) 
      Partial area ratio:    0.00
      Required ratio:   75.00 (Side area) 
      Cumulative area ratio:    0.00
      Required ratio:    0.00 (Cumulative area) 
      Cumulative area ratio:    0.00
      Required ratio:    0.00 (Cumulative side area) 

    Via: M3M4_PR
      Partial area ratio:    0.14
      Required ratio:    6.00 (Gate area) 
      Cumulative area ratio:    0.96
      Required ratio:    0.00 (Cumulative area) 

    Via: M2M3_PR
      Partial area ratio:    0.14
      Required ratio:    6.00 (Gate area) 
      Cumulative area ratio:    0.82
      Required ratio:    0.00 (Cumulative area) 

    Via: M1M2_PR
      Partial area ratio:    0.14
      Required ratio:    6.00 (Gate area) 
      Cumulative area ratio:    0.32
      Required ratio:    0.00 (Cumulative area) 

    Via: L1M1_PR
      Partial area ratio:    0.18
      Required ratio:    3.00 (Gate area) 
      Cumulative area ratio:    0.18
      Required ratio:    0.00 (Cumulative area) 

  Pin: _13060_/A1 (sky130_fd_sc_hd__mux2_1)
    Layer: met3
      Partial area ratio:  134.83
      Required ratio:    0.00 (Gate area) 
      Partial area ratio:  721.61
      Required ratio: 3236.16 (Side area) 
      Cumulative area ratio:  135.17
      Required ratio:    0.00 (Cumulative area) 
      Cumulative area ratio:  724.11
      Required ratio:    0.00 (Cumulative side area) 

    Layer: met4
      Partial area ratio:   72.75
      Required ratio:    0.00 (Gate area) 
      Partial area ratio:  388.73
      Required ratio: 3236.16 (Side area) 
      Cumulative area ratio:  207.92
      Required ratio:    0.00 (Cumulative area) 
      Cumulative area ratio: 1112.84
      Required ratio:    0.00 (Cumulative side area) 

    Layer: met2
      Partial area ratio:    0.34
      Required ratio:    0.00 (Gate area) 
      Partial area ratio:    2.50
      Required ratio:  400.00 (Side area) 
      Cumulative area ratio:    0.34
      Required ratio:    0.00 (Cumulative area) 
      Cumulative area ratio:    2.50
      Required ratio:    0.00 (Cumulative side area) 

    Layer: met1
      Partial area ratio:    0.00
      Required ratio:    0.00 (Gate area) 
      Partial area ratio:    0.00
      Required ratio:  400.00 (Side area) 
      Cumulative area ratio:    0.00
      Required ratio:    0.00 (Cumulative area) 
      Cumulative area ratio:    0.00
      Required ratio:    0.00 (Cumulative side area) 

    Layer: li1
      Partial area ratio:    0.00
      Required ratio:    0.00 (Gate area) 
      Partial area ratio:    0.00
      Required ratio:   75.00 (Side area) 
      Cumulative area ratio:    0.00
      Required ratio:    0.00 (Cumulative area) 
      Cumulative area ratio:    0.00
      Required ratio:    0.00 (Cumulative side area) 

    Via: M3M4_PR
      Partial area ratio:    0.11
      Required ratio:    6.00 (Gate area) 
      Cumulative area ratio:    0.83
      Required ratio:    0.00 (Cumulative area) 

    Via: M2M3_PR
      Partial area ratio:    0.32
      Required ratio:    6.00 (Gate area) 
      Cumulative area ratio:    0.73
      Required ratio:    0.00 (Cumulative area) 

    Via: M1M2_PR
      Partial area ratio:    0.18
      Required ratio:    6.00 (Gate area) 
      Cumulative area ratio:    0.41
      Required ratio:    0.00 (Cumulative area) 

    Via: L1M1_PR
      Partial area ratio:    0.23
      Required ratio:    3.00 (Gate area) 
      Cumulative area ratio:    0.23
      Required ratio:    0.00 (Cumulative area) 


Net: net85
  Pin: _13001_/A1 (sky130_fd_sc_hd__mux2_1)
    Layer: met2
      Partial area ratio:    9.57
      Required ratio:    0.00 (Gate area) 
      Partial area ratio:   49.39
      Required ratio: 3172.40 (Side area) 
      Cumulative area ratio:    9.57
      Required ratio:    0.00 (Cumulative area) 
      Cumulative area ratio:   49.39
      Required ratio:    0.00 (Cumulative side area) 

    Layer: met1
      Partial area ratio:    0.00
      Required ratio:    0.00 (Gate area) 
      Partial area ratio:    0.00
      Required ratio:  400.00 (Side area) 
      Cumulative area ratio:    0.00
      Required ratio:    0.00 (Cumulative area) 
      Cumulative area ratio:    0.00
      Required ratio:    0.00 (Cumulative side area) 

    Layer: li1
      Partial area ratio:    0.00
      Required ratio:    0.00 (Gate area) 
      Partial area ratio:    0.00
      Required ratio:   75.00 (Side area) 
      Cumulative area ratio:    0.00
      Required ratio:    0.00 (Cumulative area) 
      Cumulative area ratio:    0.00
      Required ratio:    0.00 (Cumulative side area) 

    Layer: met3
      Partial area ratio:    7.25
      Required ratio:    0.00 (Gate area) 
      Partial area ratio:   39.32
      Required ratio: 3172.40 (Side area) 
      Cumulative area ratio:   16.81
      Required ratio:    0.00 (Cumulative area) 
      Cumulative area ratio:   88.71
      Required ratio:    0.00 (Cumulative side area) 

    Via: M2M3_PR
      Partial area ratio:    0.32
      Required ratio:    6.00 (Gate area) 
      Cumulative area ratio:    0.73
      Required ratio:    0.00 (Cumulative area) 

    Via: M1M2_PR
      Partial area ratio:    0.18
      Required ratio:    6.00 (Gate area) 
      Cumulative area ratio:    0.41
      Required ratio:    0.00 (Cumulative area) 

    Via: L1M1_PR
      Partial area ratio:    0.23
      Required ratio:    3.00 (Gate area) 
      Cumulative area ratio:    0.23
      Required ratio:    0.00 (Cumulative area) 

  Pin: _12877_/A0 (sky130_fd_sc_hd__mux2_1)
    Layer: met3
      Partial area ratio:    7.25
      Required ratio:    0.00 (Gate area) 
      Partial area ratio:   39.32
      Required ratio: 3172.40 (Side area) 
      Cumulative area ratio:   54.04
      Required ratio:    0.00 (Cumulative area) 
      Cumulative area ratio:  275.84
      Required ratio:    0.00 (Cumulative side area) 

    Layer: met2
      Partial area ratio:   42.15
      Required ratio:    0.00 (Gate area) 
      Partial area ratio:  211.74
      Required ratio:  400.00 (Side area) 
      Cumulative area ratio:   46.79
      Required ratio:    0.00 (Cumulative area) 
      Cumulative area ratio:  236.52
      Required ratio:    0.00 (Cumulative side area) 

    Layer: met1
      Partial area ratio:    4.64
      Required ratio:    0.00 (Gate area) 
      Partial area ratio:   24.78
      Required ratio:  400.00 (Side area) 
      Cumulative area ratio:    4.64
      Required ratio:    0.00 (Cumulative area) 
      Cumulative area ratio:   24.78
      Required ratio:    0.00 (Cumulative side area) 

    Layer: li1
      Partial area ratio:    0.00
      Required ratio:    0.00 (Gate area) 
      Partial area ratio:    0.00
      Required ratio:   75.00 (Side area) 
      Cumulative area ratio:    0.00
      Required ratio:    0.00 (Cumulative area) 
      Cumulative area ratio:    0.00
      Required ratio:    0.00 (Cumulative side area) 

    Via: M2M3_PR
      Partial area ratio:    0.07
      Required ratio:    6.00 (Gate area) 
      Cumulative area ratio:    0.48
      Required ratio:    0.00 (Cumulative area) 

    Via: M1M2_PR
      Partial area ratio:    0.18
      Required ratio:    6.00 (Gate area) 
      Cumulative area ratio:    0.41
      Required ratio:    0.00 (Cumulative area) 

    Via: L1M1_PR
      Partial area ratio:    0.23
      Required ratio:    3.00 (Gate area) 
      Cumulative area ratio:    0.23
      Required ratio:    0.00 (Cumulative area) 

  Pin: output85/A (sky130_fd_sc_hd__clkbuf_4)
    Layer: met3
      Partial area ratio:    7.25
      Required ratio:    0.00 (Gate area) 
      Partial area ratio:   39.32
      Required ratio: 3172.40 (Side area) 
      Cumulative area ratio:  147.51
      Required ratio:    0.00 (Cumulative area) 
      Cumulative area ratio:  745.59
      Required ratio:    0.00 (Cumulative side area) 

    Layer: met2
      Partial area ratio:   42.15
      Required ratio:    0.00 (Gate area) 
      Partial area ratio:  211.74
      Required ratio:  400.00 (Side area) 
      Cumulative area ratio:  140.26
      Required ratio:    0.00 (Cumulative area) 
      Cumulative area ratio:  706.28
      Required ratio:    0.00 (Cumulative side area) 

    Layer: met1
      Partial area ratio:    1.60
      Required ratio:    0.00 (Gate area) 
      Partial area ratio:    8.48
      Required ratio:  400.00 (Side area) 
      Cumulative area ratio:    1.60
      Required ratio:    0.00 (Cumulative area) 
      Cumulative area ratio:    8.48
      Required ratio:    0.00 (Cumulative side area) 

    Layer: li1
      Partial area ratio:    0.00
      Required ratio:    0.00 (Gate area) 
      Partial area ratio:    0.00
      Required ratio:   75.00 (Side area) 
      Cumulative area ratio:    0.00
      Required ratio:    0.00 (Cumulative area) 
      Cumulative area ratio:    0.00
      Required ratio:    0.00 (Cumulative side area) 

    Via: M2M3_PR
      Partial area ratio:    0.07
      Required ratio:    6.00 (Gate area) 
      Cumulative area ratio:    0.49
      Required ratio:    0.00 (Cumulative area) 

    Via: M1M2_PR
      Partial area ratio:    0.11
      Required ratio:    6.00 (Gate area) 
      Cumulative area ratio:    0.24
      Required ratio:    0.00 (Cumulative area) 

    Via: L1M1_PR
      Partial area ratio:    0.14
      Required ratio:    3.00 (Gate area) 
      Cumulative area ratio:    0.14
      Required ratio:    0.00 (Cumulative area) 

  Pin: _12949_/A1 (sky130_fd_sc_hd__mux2_1)
    Layer: met3
      Partial area ratio:    7.25
      Required ratio:    0.00 (Gate area) 
      Partial area ratio:   39.32
      Required ratio: 3172.40 (Side area) 
      Cumulative area ratio:  145.91
      Required ratio:    0.00 (Cumulative area) 
      Cumulative area ratio:  737.12
      Required ratio:    0.00 (Cumulative side area) 

    Layer: met2
      Partial area ratio:   42.15
      Required ratio:    0.00 (Gate area) 
      Partial area ratio:  211.74
      Required ratio:  400.00 (Side area) 
      Cumulative area ratio:  138.66
      Required ratio:    0.00 (Cumulative area) 
      Cumulative area ratio:  697.80
      Required ratio:    0.00 (Cumulative side area) 

    Layer: met1
      Partial area ratio:   96.51
      Required ratio:    0.00 (Gate area) 
      Partial area ratio:  486.06
      Required ratio:  400.00 (Side area) (VIOLATED)
      Cumulative area ratio:   96.51
      Required ratio:    0.00 (Cumulative area) 
      Cumulative area ratio:  486.06
      Required ratio:    0.00 (Cumulative side area) 

    Layer: li1
      Partial area ratio:    0.00
      Required ratio:    0.00 (Gate area) 
      Partial area ratio:    0.00
      Required ratio:   75.00 (Side area) 
      Cumulative area ratio:    0.00
      Required ratio:    0.00 (Cumulative area) 
      Cumulative area ratio:    0.00
      Required ratio:    0.00 (Cumulative side area) 

    Via: M2M3_PR
      Partial area ratio:    0.07
      Required ratio:    6.00 (Gate area) 
      Cumulative area ratio:    0.48
      Required ratio:    0.00 (Cumulative area) 

    Via: M1M2_PR
      Partial area ratio:    0.18
      Required ratio:    6.00 (Gate area) 
      Cumulative area ratio:    0.41
      Required ratio:    0.00 (Cumulative area) 

    Via: L1M1_PR
      Partial area ratio:    0.23
      Required ratio:    3.00 (Gate area) 
      Cumulative area ratio:    0.23
      Required ratio:    0.00 (Cumulative area) 

  Pin: _13044_/A1 (sky130_fd_sc_hd__mux2_1)
    Layer: met3
      Partial area ratio:    7.25
      Required ratio:    0.00 (Gate area) 
      Partial area ratio:   39.32
      Required ratio: 3172.40 (Side area) 
      Cumulative area ratio:  145.91
      Required ratio:    0.00 (Cumulative area) 
      Cumulative area ratio:  737.12
      Required ratio:    0.00 (Cumulative side area) 

    Layer: met2
      Partial area ratio:   42.15
      Required ratio:    0.00 (Gate area) 
      Partial area ratio:  211.74
      Required ratio:  400.00 (Side area) 
      Cumulative area ratio:  138.66
      Required ratio:    0.00 (Cumulative area) 
      Cumulative area ratio:  697.80
      Required ratio:    0.00 (Cumulative side area) 

    Layer: met1
      Partial area ratio:   96.51
      Required ratio:    0.00 (Gate area) 
      Partial area ratio:  486.06
      Required ratio:  400.00 (Side area) (VIOLATED)
      Cumulative area ratio:   96.51
      Required ratio:    0.00 (Cumulative area) 
      Cumulative area ratio:  486.06
      Required ratio:    0.00 (Cumulative side area) 

    Layer: li1
      Partial area ratio:    0.00
      Required ratio:    0.00 (Gate area) 
      Partial area ratio:    0.00
      Required ratio:   75.00 (Side area) 
      Cumulative area ratio:    0.00
      Required ratio:    0.00 (Cumulative area) 
      Cumulative area ratio:    0.00
      Required ratio:    0.00 (Cumulative side area) 

    Via: M2M3_PR
      Partial area ratio:    0.07
      Required ratio:    6.00 (Gate area) 
      Cumulative area ratio:    0.48
      Required ratio:    0.00 (Cumulative area) 

    Via: M1M2_PR
      Partial area ratio:    0.18
      Required ratio:    6.00 (Gate area) 
      Cumulative area ratio:    0.41
      Required ratio:    0.00 (Cumulative area) 

    Via: L1M1_PR
      Partial area ratio:    0.23
      Required ratio:    3.00 (Gate area) 
      Cumulative area ratio:    0.23
      Required ratio:    0.00 (Cumulative area) 


Net: net88
  Pin: output88/A (sky130_fd_sc_hd__clkbuf_4)
    Layer: met2
      Partial area ratio:  111.66
      Required ratio:    0.00 (Gate area) 
      Partial area ratio:  560.18
      Required ratio: 2956.40 (Side area) 
      Cumulative area ratio:  233.15
      Required ratio:    0.00 (Cumulative area) 
      Cumulative area ratio: 1168.56
      Required ratio:    0.00 (Cumulative side area) 

    Layer: met1
      Partial area ratio:  121.49
      Required ratio:    0.00 (Gate area) 
      Partial area ratio:  608.38
      Required ratio:  400.00 (Side area) (VIOLATED)
      Cumulative area ratio:  121.49
      Required ratio:    0.00 (Cumulative area) 
      Cumulative area ratio:  608.38
      Required ratio:    0.00 (Cumulative side area) 

    Layer: li1
      Partial area ratio:    0.00
      Required ratio:    0.00 (Gate area) 
      Partial area ratio:    0.00
      Required ratio:   75.00 (Side area) 
      Cumulative area ratio:    0.00
      Required ratio:    0.00 (Cumulative area) 
      Cumulative area ratio:    0.00
      Required ratio:    0.00 (Cumulative side area) 

    Via: M1M2_PR
      Partial area ratio:    0.11
      Required ratio:    6.00 (Gate area) 
      Cumulative area ratio:    0.24
      Required ratio:    0.00 (Cumulative area) 

    Via: L1M1_PR
      Partial area ratio:    0.14
      Required ratio:    3.00 (Gate area) 
      Cumulative area ratio:    0.14
      Required ratio:    0.00 (Cumulative area) 

  Pin: _12942_/A1 (sky130_fd_sc_hd__mux2_1)
    Layer: met2
      Partial area ratio:  111.66
      Required ratio:    0.00 (Gate area) 
      Partial area ratio:  560.18
      Required ratio: 2956.40 (Side area) 
      Cumulative area ratio:  114.77
      Required ratio:    0.00 (Cumulative area) 
      Cumulative area ratio:  577.29
      Required ratio:    0.00 (Cumulative side area) 

    Layer: met1
      Partial area ratio:    3.11
      Required ratio:    0.00 (Gate area) 
      Partial area ratio:   17.11
      Required ratio:  400.00 (Side area) 
      Cumulative area ratio:    3.11
      Required ratio:    0.00 (Cumulative area) 
      Cumulative area ratio:   17.11
      Required ratio:    0.00 (Cumulative side area) 

    Layer: li1
      Partial area ratio:    0.00
      Required ratio:    0.00 (Gate area) 
      Partial area ratio:    0.00
      Required ratio:   75.00 (Side area) 
      Cumulative area ratio:    0.00
      Required ratio:    0.00 (Cumulative area) 
      Cumulative area ratio:    0.00
      Required ratio:    0.00 (Cumulative side area) 

    Via: M1M2_PR
      Partial area ratio:    0.18
      Required ratio:    6.00 (Gate area) 
      Cumulative area ratio:    0.41
      Required ratio:    0.00 (Cumulative area) 

    Via: L1M1_PR
      Partial area ratio:    0.23
      Required ratio:    3.00 (Gate area) 
      Cumulative area ratio:    0.23
      Required ratio:    0.00 (Cumulative area) 

  Pin: _12871_/A0 (sky130_fd_sc_hd__mux2_1)
    Layer: met1
      Partial area ratio:    0.00
      Required ratio:    0.00 (Gate area) 
      Partial area ratio:    0.00
      Required ratio:  400.00 (Side area) 
      Cumulative area ratio:    0.00
      Required ratio:    0.00 (Cumulative area) 
      Cumulative area ratio:    0.00
      Required ratio:    0.00 (Cumulative side area) 

    Layer: li1
      Partial area ratio:    0.00
      Required ratio:    0.00 (Gate area) 
      Partial area ratio:    0.00
      Required ratio:   75.00 (Side area) 
      Cumulative area ratio:    0.00
      Required ratio:    0.00 (Cumulative area) 
      Cumulative area ratio:    0.00
      Required ratio:    0.00 (Cumulative side area) 

    Via: M1M2_PR
      Partial area ratio:    0.18
      Required ratio:    6.00 (Gate area) 
      Cumulative area ratio:    0.41
      Required ratio:    0.00 (Cumulative area) 

    Via: L1M1_PR
      Partial area ratio:    0.23
      Required ratio:    3.00 (Gate area) 
      Cumulative area ratio:    0.23
      Required ratio:    0.00 (Cumulative area) 


Net: net91
  Pin: output91/A (sky130_fd_sc_hd__buf_2)
    Layer: met2
      Partial area ratio:   51.65
      Required ratio:    0.00 (Gate area) 
      Partial area ratio:  259.22
      Required ratio: 2778.20 (Side area) 
      Cumulative area ratio:  197.66
      Required ratio:    0.00 (Cumulative area) 
      Cumulative area ratio:  992.96
      Required ratio:    0.00 (Cumulative side area) 

    Layer: met1
      Partial area ratio:   11.87
      Required ratio:    0.00 (Gate area) 
      Partial area ratio:   59.96
      Required ratio:  400.00 (Side area) 
      Cumulative area ratio:   11.87
      Required ratio:    0.00 (Cumulative area) 
      Cumulative area ratio:   59.96
      Required ratio:    0.00 (Cumulative side area) 

    Layer: li1
      Partial area ratio:    0.00
      Required ratio:    0.00 (Gate area) 
      Partial area ratio:    0.00
      Required ratio:   75.00 (Side area) 
      Cumulative area ratio:    0.00
      Required ratio:    0.00 (Cumulative area) 
      Cumulative area ratio:    0.00
      Required ratio:    0.00 (Cumulative side area) 

    Via: M1M2_PR
      Partial area ratio:    0.14
      Required ratio:    6.00 (Gate area) 
      Cumulative area ratio:    0.32
      Required ratio:    0.00 (Cumulative area) 

    Via: L1M1_PR
      Partial area ratio:    0.18
      Required ratio:    3.00 (Gate area) 
      Cumulative area ratio:    0.18
      Required ratio:    0.00 (Cumulative area) 

  Pin: _12936_/A1 (sky130_fd_sc_hd__mux2_1)
    Layer: met2
      Partial area ratio:   51.65
      Required ratio:    0.00 (Gate area) 
      Partial area ratio:  259.22
      Required ratio: 2778.20 (Side area) 
      Cumulative area ratio:  185.79
      Required ratio:    0.00 (Cumulative area) 
      Cumulative area ratio:  933.00
      Required ratio:    0.00 (Cumulative side area) 

    Layer: met1
      Partial area ratio:  134.13
      Required ratio:    0.00 (Gate area) 
      Partial area ratio:  673.78
      Required ratio:  400.00 (Side area) (VIOLATED)
      Cumulative area ratio:  134.13
      Required ratio:    0.00 (Cumulative area) 
      Cumulative area ratio:  673.78
      Required ratio:    0.00 (Cumulative side area) 

    Layer: li1
      Partial area ratio:    0.00
      Required ratio:    0.00 (Gate area) 
      Partial area ratio:    0.00
      Required ratio:   75.00 (Side area) 
      Cumulative area ratio:    0.00
      Required ratio:    0.00 (Cumulative area) 
      Cumulative area ratio:    0.00
      Required ratio:    0.00 (Cumulative side area) 

    Via: M1M2_PR
      Partial area ratio:    0.36
      Required ratio:    6.00 (Gate area) 
      Cumulative area ratio:    0.59
      Required ratio:    0.00 (Cumulative area) 

    Via: L1M1_PR
      Partial area ratio:    0.23
      Required ratio:    3.00 (Gate area) 
      Cumulative area ratio:    0.23
      Required ratio:    0.00 (Cumulative area) 

  Pin: _12865_/A0 (sky130_fd_sc_hd__mux2_1)
    Layer: met1
      Partial area ratio:    4.91
      Required ratio:    0.00 (Gate area) 
      Partial area ratio:   26.11
      Required ratio: 2778.20 (Side area) 
      Cumulative area ratio:    4.91
      Required ratio:    0.00 (Cumulative area) 
      Cumulative area ratio:   26.11
      Required ratio:    0.00 (Cumulative side area) 

    Layer: met2
      Partial area ratio:   51.65
      Required ratio:    0.00 (Gate area) 
      Partial area ratio:  259.22
      Required ratio: 2778.20 (Side area) 
      Cumulative area ratio:   56.56
      Required ratio:    0.00 (Cumulative area) 
      Cumulative area ratio:  285.33
      Required ratio:    0.00 (Cumulative side area) 

    Layer: li1
      Partial area ratio:    0.00
      Required ratio:    0.00 (Gate area) 
      Partial area ratio:    0.00
      Required ratio:   75.00 (Side area) 
      Cumulative area ratio:    0.00
      Required ratio:    0.00 (Cumulative area) 
      Cumulative area ratio:    0.00
      Required ratio:    0.00 (Cumulative side area) 

    Via: M1M2_PR
      Partial area ratio:    0.18
      Required ratio:    6.00 (Gate area) 
      Cumulative area ratio:    0.41
      Required ratio:    0.00 (Cumulative area) 

    Via: L1M1_PR
      Partial area ratio:    0.23
      Required ratio:    3.00 (Gate area) 
      Cumulative area ratio:    0.23
      Required ratio:    0.00 (Cumulative area) 


Net: net93
  Pin: _12900_/A0 (sky130_fd_sc_hd__mux2_1)
    Layer: met2
      Partial area ratio:   66.05
      Required ratio:    0.00 (Gate area) 
      Partial area ratio:  330.88
      Required ratio: 2918.08 (Side area) 
      Cumulative area ratio:   67.23
      Required ratio:    0.00 (Cumulative area) 
      Cumulative area ratio:  337.55
      Required ratio:    0.00 (Cumulative side area) 

    Layer: met1
      Partial area ratio:    1.18
      Required ratio:    0.00 (Gate area) 
      Partial area ratio:    6.67
      Required ratio:  400.00 (Side area) 
      Cumulative area ratio:    1.18
      Required ratio:    0.00 (Cumulative area) 
      Cumulative area ratio:    6.67
      Required ratio:    0.00 (Cumulative side area) 

    Layer: li1
      Partial area ratio:    0.00
      Required ratio:    0.00 (Gate area) 
      Partial area ratio:    0.00
      Required ratio:   75.00 (Side area) 
      Cumulative area ratio:    0.00
      Required ratio:    0.00 (Cumulative area) 
      Cumulative area ratio:    0.00
      Required ratio:    0.00 (Cumulative side area) 

    Via: M1M2_PR
      Partial area ratio:    0.18
      Required ratio:    6.00 (Gate area) 
      Cumulative area ratio:    0.41
      Required ratio:    0.00 (Cumulative area) 

    Via: L1M1_PR
      Partial area ratio:    0.23
      Required ratio:    3.00 (Gate area) 
      Cumulative area ratio:    0.23
      Required ratio:    0.00 (Cumulative area) 

  Pin: output93/A (sky130_fd_sc_hd__clkbuf_4)
    Layer: met2
      Partial area ratio:   66.05
      Required ratio:    0.00 (Gate area) 
      Partial area ratio:  330.88
      Required ratio: 2918.08 (Side area) 
      Cumulative area ratio:  301.34
      Required ratio:    0.00 (Cumulative area) 
      Cumulative area ratio: 1514.00
      Required ratio:    0.00 (Cumulative side area) 

    Layer: met1
      Partial area ratio:    1.00
      Required ratio:    0.00 (Gate area) 
      Partial area ratio:    5.46
      Required ratio:  400.00 (Side area) 
      Cumulative area ratio:    1.00
      Required ratio:    0.00 (Cumulative area) 
      Cumulative area ratio:    5.46
      Required ratio:    0.00 (Cumulative side area) 

    Layer: li1
      Partial area ratio:    0.00
      Required ratio:    0.00 (Gate area) 
      Partial area ratio:    0.00
      Required ratio:   75.00 (Side area) 
      Cumulative area ratio:    0.00
      Required ratio:    0.00 (Cumulative area) 
      Cumulative area ratio:    0.00
      Required ratio:    0.00 (Cumulative side area) 

    Via: M1M2_PR
      Partial area ratio:    0.11
      Required ratio:    6.00 (Gate area) 
      Cumulative area ratio:    0.24
      Required ratio:    0.00 (Cumulative area) 

    Via: L1M1_PR
      Partial area ratio:    0.14
      Required ratio:    3.00 (Gate area) 
      Cumulative area ratio:    0.14
      Required ratio:    0.00 (Cumulative area) 

  Pin: _12971_/A1 (sky130_fd_sc_hd__mux2_1)
    Layer: met2
      Partial area ratio:   66.05
      Required ratio:    0.00 (Gate area) 
      Partial area ratio:  330.88
      Required ratio: 2918.08 (Side area) 
      Cumulative area ratio:  300.34
      Required ratio:    0.00 (Cumulative area) 
      Cumulative area ratio: 1508.55
      Required ratio:    0.00 (Cumulative side area) 

    Layer: met1
      Partial area ratio:  234.29
      Required ratio:    0.00 (Gate area) 
      Partial area ratio: 1177.67
      Required ratio:  400.00 (Side area) (VIOLATED)
      Cumulative area ratio:  234.29
      Required ratio:    0.00 (Cumulative area) 
      Cumulative area ratio: 1177.67
      Required ratio:    0.00 (Cumulative side area) 

    Layer: li1
      Partial area ratio:    0.00
      Required ratio:    0.00 (Gate area) 
      Partial area ratio:    0.00
      Required ratio:   75.00 (Side area) 
      Cumulative area ratio:    0.00
      Required ratio:    0.00 (Cumulative area) 
      Cumulative area ratio:    0.00
      Required ratio:    0.00 (Cumulative side area) 

    Via: M1M2_PR
      Partial area ratio:    0.36
      Required ratio:    6.00 (Gate area) 
      Cumulative area ratio:    0.59
      Required ratio:    0.00 (Cumulative area) 

    Via: L1M1_PR
      Partial area ratio:    0.23
      Required ratio:    3.00 (Gate area) 
      Cumulative area ratio:    0.23
      Required ratio:    0.00 (Cumulative area) 


Net: net99
  Pin: _12850_/A0 (sky130_fd_sc_hd__mux2_1)
    Layer: met2
      Partial area ratio:   72.18
      Required ratio:    0.00 (Gate area) 
      Partial area ratio:  362.80
      Required ratio: 2918.08 (Side area) 
      Cumulative area ratio:   76.58
      Required ratio:    0.00 (Cumulative area) 
      Cumulative area ratio:  386.35
      Required ratio:    0.00 (Cumulative side area) 

    Layer: met1
      Partial area ratio:    4.40
      Required ratio:    0.00 (Gate area) 
      Partial area ratio:   23.56
      Required ratio:  400.00 (Side area) 
      Cumulative area ratio:    4.40
      Required ratio:    0.00 (Cumulative area) 
      Cumulative area ratio:   23.56
      Required ratio:    0.00 (Cumulative side area) 

    Layer: li1
      Partial area ratio:    0.00
      Required ratio:    0.00 (Gate area) 
      Partial area ratio:    0.00
      Required ratio:   75.00 (Side area) 
      Cumulative area ratio:    0.00
      Required ratio:    0.00 (Cumulative area) 
      Cumulative area ratio:    0.00
      Required ratio:    0.00 (Cumulative side area) 

    Via: M1M2_PR
      Partial area ratio:    0.36
      Required ratio:    6.00 (Gate area) 
      Cumulative area ratio:    0.59
      Required ratio:    0.00 (Cumulative area) 

    Via: L1M1_PR
      Partial area ratio:    0.23
      Required ratio:    3.00 (Gate area) 
      Cumulative area ratio:    0.23
      Required ratio:    0.00 (Cumulative area) 

  Pin: _12921_/A1 (sky130_fd_sc_hd__mux2_1)
    Layer: met2
      Partial area ratio:   72.18
      Required ratio:    0.00 (Gate area) 
      Partial area ratio:  362.80
      Required ratio: 2918.08 (Side area) 
      Cumulative area ratio:  221.11
      Required ratio:    0.00 (Cumulative area) 
      Cumulative area ratio: 1121.46
      Required ratio:    0.00 (Cumulative side area) 

    Layer: met1
      Partial area ratio:  144.53
      Required ratio:    0.00 (Gate area) 
      Partial area ratio:  735.11
      Required ratio:  400.00 (Side area) (VIOLATED)
      Cumulative area ratio:  144.53
      Required ratio:    0.00 (Cumulative area) 
      Cumulative area ratio:  735.11
      Required ratio:    0.00 (Cumulative side area) 

    Layer: li1
      Partial area ratio:    0.00
      Required ratio:    0.00 (Gate area) 
      Partial area ratio:    0.00
      Required ratio:   75.00 (Side area) 
      Cumulative area ratio:    0.00
      Required ratio:    0.00 (Cumulative area) 
      Cumulative area ratio:    0.00
      Required ratio:    0.00 (Cumulative side area) 

    Via: M1M2_PR
      Partial area ratio:    0.36
      Required ratio:    6.00 (Gate area) 
      Cumulative area ratio:    0.59
      Required ratio:    0.00 (Cumulative area) 

    Via: L1M1_PR
      Partial area ratio:    0.23
      Required ratio:    3.00 (Gate area) 
      Cumulative area ratio:    0.23
      Required ratio:    0.00 (Cumulative area) 

  Pin: output99/A (sky130_fd_sc_hd__clkbuf_4)
    Layer: met2
      Partial area ratio:   72.18
      Required ratio:    0.00 (Gate area) 
      Partial area ratio:  362.80
      Required ratio: 2918.08 (Side area) 
      Cumulative area ratio:  221.11
      Required ratio:    0.00 (Cumulative area) 
      Cumulative area ratio: 1121.46
      Required ratio:    0.00 (Cumulative side area) 

    Layer: met1
      Partial area ratio:    0.00
      Required ratio:    0.00 (Gate area) 
      Partial area ratio:    0.00
      Required ratio:  400.00 (Side area) 
      Cumulative area ratio:    0.00
      Required ratio:    0.00 (Cumulative area) 
      Cumulative area ratio:    0.00
      Required ratio:    0.00 (Cumulative side area) 

    Layer: li1
      Partial area ratio:    0.00
      Required ratio:    0.00 (Gate area) 
      Partial area ratio:    0.00
      Required ratio:   75.00 (Side area) 
      Cumulative area ratio:    0.00
      Required ratio:    0.00 (Cumulative area) 
      Cumulative area ratio:    0.00
      Required ratio:    0.00 (Cumulative side area) 

    Via: M1M2_PR
      Partial area ratio:    0.11
      Required ratio:    6.00 (Gate area) 
      Cumulative area ratio:    0.24
      Required ratio:    0.00 (Cumulative area) 

    Via: L1M1_PR
      Partial area ratio:    0.14
      Required ratio:    3.00 (Gate area) 
      Cumulative area ratio:    0.14
      Required ratio:    0.00 (Cumulative area) 


Net: net101
  Pin: _12846_/A0 (sky130_fd_sc_hd__mux2_1)
    Layer: met2
      Partial area ratio:   72.19
      Required ratio:    0.00 (Gate area) 
      Partial area ratio:  361.59
      Required ratio: 2956.40 (Side area) 
      Cumulative area ratio:   74.39
      Required ratio:    0.00 (Cumulative area) 
      Cumulative area ratio:  373.37
      Required ratio:    0.00 (Cumulative side area) 

    Layer: met1
      Partial area ratio:    2.20
      Required ratio:    0.00 (Gate area) 
      Partial area ratio:   11.78
      Required ratio:  400.00 (Side area) 
      Cumulative area ratio:    2.20
      Required ratio:    0.00 (Cumulative area) 
      Cumulative area ratio:   11.78
      Required ratio:    0.00 (Cumulative side area) 

    Layer: li1
      Partial area ratio:    0.00
      Required ratio:    0.00 (Gate area) 
      Partial area ratio:    0.00
      Required ratio:   75.00 (Side area) 
      Cumulative area ratio:    0.00
      Required ratio:    0.00 (Cumulative area) 
      Cumulative area ratio:    0.00
      Required ratio:    0.00 (Cumulative side area) 

    Via: M1M2_PR
      Partial area ratio:    0.18
      Required ratio:    6.00 (Gate area) 
      Cumulative area ratio:    0.41
      Required ratio:    0.00 (Cumulative area) 

    Via: L1M1_PR
      Partial area ratio:    0.23
      Required ratio:    3.00 (Gate area) 
      Cumulative area ratio:    0.23
      Required ratio:    0.00 (Cumulative area) 

  Pin: output101/A (sky130_fd_sc_hd__clkbuf_4)
    Layer: met2
      Partial area ratio:   72.19
      Required ratio:    0.00 (Gate area) 
      Partial area ratio:  361.59
      Required ratio: 2956.40 (Side area) 
      Cumulative area ratio:  328.47
      Required ratio:    0.00 (Cumulative area) 
      Cumulative area ratio: 1644.98
      Required ratio:    0.00 (Cumulative side area) 

    Layer: met1
      Partial area ratio:  249.83
      Required ratio:    0.00 (Gate area) 
      Partial area ratio: 1249.62
      Required ratio:  400.00 (Side area) (VIOLATED)
      Cumulative area ratio:  249.83
      Required ratio:    0.00 (Cumulative area) 
      Cumulative area ratio: 1249.62
      Required ratio:    0.00 (Cumulative side area) 

    Layer: li1
      Partial area ratio:    0.00
      Required ratio:    0.00 (Gate area) 
      Partial area ratio:    0.00
      Required ratio:   75.00 (Side area) 
      Cumulative area ratio:    0.00
      Required ratio:    0.00 (Cumulative area) 
      Cumulative area ratio:    0.00
      Required ratio:    0.00 (Cumulative side area) 

    Via: M1M2_PR
      Partial area ratio:    0.11
      Required ratio:    6.00 (Gate area) 
      Cumulative area ratio:    0.24
      Required ratio:    0.00 (Cumulative area) 

    Via: L1M1_PR
      Partial area ratio:    0.14
      Required ratio:    3.00 (Gate area) 
      Cumulative area ratio:    0.14
      Required ratio:    0.00 (Cumulative area) 

  Pin: _12917_/A1 (sky130_fd_sc_hd__mux2_1)
    Layer: met2
      Partial area ratio:   72.19
      Required ratio:    0.00 (Gate area) 
      Partial area ratio:  361.59
      Required ratio: 2956.40 (Side area) 
      Cumulative area ratio:   78.64
      Required ratio:    0.00 (Cumulative area) 
      Cumulative area ratio:  395.37
      Required ratio:    0.00 (Cumulative side area) 

    Layer: met1
      Partial area ratio:    6.44
      Required ratio:    0.00 (Gate area) 
      Partial area ratio:   33.78
      Required ratio:  400.00 (Side area) 
      Cumulative area ratio:    6.44
      Required ratio:    0.00 (Cumulative area) 
      Cumulative area ratio:   33.78
      Required ratio:    0.00 (Cumulative side area) 

    Layer: li1
      Partial area ratio:    0.00
      Required ratio:    0.00 (Gate area) 
      Partial area ratio:    0.00
      Required ratio:   75.00 (Side area) 
      Cumulative area ratio:    0.00
      Required ratio:    0.00 (Cumulative area) 
      Cumulative area ratio:    0.00
      Required ratio:    0.00 (Cumulative side area) 

    Via: M1M2_PR
      Partial area ratio:    0.36
      Required ratio:    6.00 (Gate area) 
      Cumulative area ratio:    0.59
      Required ratio:    0.00 (Cumulative area) 

    Via: L1M1_PR
      Partial area ratio:    0.23
      Required ratio:    3.00 (Gate area) 
      Cumulative area ratio:    0.23
      Required ratio:    0.00 (Cumulative area) 


Net: net106
  Pin: _12838_/A0 (sky130_fd_sc_hd__mux2_1)
    Layer: met2
      Partial area ratio:   42.53
      Required ratio:    0.00 (Gate area) 
      Partial area ratio:  214.33
      Required ratio: 3172.40 (Side area) 
      Cumulative area ratio:   44.73
      Required ratio:    0.00 (Cumulative area) 
      Cumulative area ratio:  226.10
      Required ratio:    0.00 (Cumulative side area) 

    Layer: met1
      Partial area ratio:    2.20
      Required ratio:    0.00 (Gate area) 
      Partial area ratio:   11.78
      Required ratio:  400.00 (Side area) 
      Cumulative area ratio:    2.20
      Required ratio:    0.00 (Cumulative area) 
      Cumulative area ratio:   11.78
      Required ratio:    0.00 (Cumulative side area) 

    Layer: li1
      Partial area ratio:    0.00
      Required ratio:    0.00 (Gate area) 
      Partial area ratio:    0.00
      Required ratio:   75.00 (Side area) 
      Cumulative area ratio:    0.00
      Required ratio:    0.00 (Cumulative area) 
      Cumulative area ratio:    0.00
      Required ratio:    0.00 (Cumulative side area) 

    Via: M1M2_PR
      Partial area ratio:    0.18
      Required ratio:    6.00 (Gate area) 
      Cumulative area ratio:    0.41
      Required ratio:    0.00 (Cumulative area) 

    Via: L1M1_PR
      Partial area ratio:    0.23
      Required ratio:    3.00 (Gate area) 
      Cumulative area ratio:    0.23
      Required ratio:    0.00 (Cumulative area) 

  Pin: _12909_/A1 (sky130_fd_sc_hd__mux2_1)
    Layer: met1
      Partial area ratio:  113.58
      Required ratio:    0.00 (Gate area) 
      Partial area ratio:  571.78
      Required ratio:  400.00 (Side area) (VIOLATED)
      Cumulative area ratio:  113.58
      Required ratio:    0.00 (Cumulative area) 
      Cumulative area ratio:  571.78
      Required ratio:    0.00 (Cumulative side area) 

    Layer: li1
      Partial area ratio:    0.00
      Required ratio:    0.00 (Gate area) 
      Partial area ratio:    0.00
      Required ratio:   75.00 (Side area) 
      Cumulative area ratio:    0.00
      Required ratio:    0.00 (Cumulative area) 
      Cumulative area ratio:    0.00
      Required ratio:    0.00 (Cumulative side area) 

    Via: M1M2_PR
      Partial area ratio:    0.36
      Required ratio:    6.00 (Gate area) 
      Cumulative area ratio:    0.59
      Required ratio:    0.00 (Cumulative area) 

    Via: L1M1_PR
      Partial area ratio:    0.23
      Required ratio:    3.00 (Gate area) 
      Cumulative area ratio:    0.23
      Required ratio:    0.00 (Cumulative area) 

  Pin: output106/A (sky130_fd_sc_hd__buf_2)
    Layer: met1
      Partial area ratio:   23.21
      Required ratio:    0.00 (Gate area) 
      Partial area ratio:  116.67
      Required ratio:  400.00 (Side area) 
      Cumulative area ratio:   23.21
      Required ratio:    0.00 (Cumulative area) 
      Cumulative area ratio:  116.67
      Required ratio:    0.00 (Cumulative side area) 

    Layer: li1
      Partial area ratio:    0.00
      Required ratio:    0.00 (Gate area) 
      Partial area ratio:    0.00
      Required ratio:   75.00 (Side area) 
      Cumulative area ratio:    0.00
      Required ratio:    0.00 (Cumulative area) 
      Cumulative area ratio:    0.00
      Required ratio:    0.00 (Cumulative side area) 

    Via: M1M2_PR
      Partial area ratio:    0.14
      Required ratio:    6.00 (Gate area) 
      Cumulative area ratio:    0.32
      Required ratio:    0.00 (Cumulative area) 

    Via: L1M1_PR
      Partial area ratio:    0.18
      Required ratio:    3.00 (Gate area) 
      Cumulative area ratio:    0.18
      Required ratio:    0.00 (Cumulative area) 


Net: net109
  Pin: _12892_/A0 (sky130_fd_sc_hd__mux2_1)
    Layer: met2
      Partial area ratio:   99.52
      Required ratio:    0.00 (Gate area) 
      Partial area ratio:  500.71
      Required ratio: 2956.40 (Side area) 
      Cumulative area ratio:  108.88
      Required ratio:    0.00 (Cumulative area) 
      Cumulative area ratio:  548.27
      Required ratio:    0.00 (Cumulative side area) 

    Layer: met1
      Partial area ratio:    9.36
      Required ratio:    0.00 (Gate area) 
      Partial area ratio:   47.56
      Required ratio:  400.00 (Side area) 
      Cumulative area ratio:    9.36
      Required ratio:    0.00 (Cumulative area) 
      Cumulative area ratio:   47.56
      Required ratio:    0.00 (Cumulative side area) 

    Layer: li1
      Partial area ratio:    0.00
      Required ratio:    0.00 (Gate area) 
      Partial area ratio:    0.00
      Required ratio:   75.00 (Side area) 
      Cumulative area ratio:    0.00
      Required ratio:    0.00 (Cumulative area) 
      Cumulative area ratio:    0.00
      Required ratio:    0.00 (Cumulative side area) 

    Via: M1M2_PR
      Partial area ratio:    0.18
      Required ratio:    6.00 (Gate area) 
      Cumulative area ratio:    0.41
      Required ratio:    0.00 (Cumulative area) 

    Via: L1M1_PR
      Partial area ratio:    0.23
      Required ratio:    3.00 (Gate area) 
      Cumulative area ratio:    0.23
      Required ratio:    0.00 (Cumulative area) 

  Pin: _12963_/A1 (sky130_fd_sc_hd__mux2_1)
    Layer: met2
      Partial area ratio:   99.52
      Required ratio:    0.00 (Gate area) 
      Partial area ratio:  500.71
      Required ratio: 2956.40 (Side area) 
      Cumulative area ratio:  328.08
      Required ratio:    0.00 (Cumulative area) 
      Cumulative area ratio: 1650.49
      Required ratio:    0.00 (Cumulative side area) 

    Layer: met1
      Partial area ratio:  228.56
      Required ratio:    0.00 (Gate area) 
      Partial area ratio: 1149.78
      Required ratio:  400.00 (Side area) (VIOLATED)
      Cumulative area ratio:  228.56
      Required ratio:    0.00 (Cumulative area) 
      Cumulative area ratio: 1149.78
      Required ratio:    0.00 (Cumulative side area) 

    Layer: li1
      Partial area ratio:    0.00
      Required ratio:    0.00 (Gate area) 
      Partial area ratio:    0.00
      Required ratio:   75.00 (Side area) 
      Cumulative area ratio:    0.00
      Required ratio:    0.00 (Cumulative area) 
      Cumulative area ratio:    0.00
      Required ratio:    0.00 (Cumulative side area) 

    Via: M1M2_PR
      Partial area ratio:    0.36
      Required ratio:    6.00 (Gate area) 
      Cumulative area ratio:    0.59
      Required ratio:    0.00 (Cumulative area) 

    Via: L1M1_PR
      Partial area ratio:    0.23
      Required ratio:    3.00 (Gate area) 
      Cumulative area ratio:    0.23
      Required ratio:    0.00 (Cumulative area) 

  Pin: output109/A (sky130_fd_sc_hd__buf_2)
    Layer: met2
      Partial area ratio:   99.52
      Required ratio:    0.00 (Gate area) 
      Partial area ratio:  500.71
      Required ratio: 2956.40 (Side area) 
      Cumulative area ratio:  329.42
      Required ratio:    0.00 (Cumulative area) 
      Cumulative area ratio: 1657.80
      Required ratio:    0.00 (Cumulative side area) 

    Layer: met1
      Partial area ratio:    1.34
      Required ratio:    0.00 (Gate area) 
      Partial area ratio:    7.31
      Required ratio:  400.00 (Side area) 
      Cumulative area ratio:    1.34
      Required ratio:    0.00 (Cumulative area) 
      Cumulative area ratio:    7.31
      Required ratio:    0.00 (Cumulative side area) 

    Layer: li1
      Partial area ratio:    0.00
      Required ratio:    0.00 (Gate area) 
      Partial area ratio:    0.00
      Required ratio:   75.00 (Side area) 
      Cumulative area ratio:    0.00
      Required ratio:    0.00 (Cumulative area) 
      Cumulative area ratio:    0.00
      Required ratio:    0.00 (Cumulative side area) 

    Via: M1M2_PR
      Partial area ratio:    0.14
      Required ratio:    6.00 (Gate area) 
      Cumulative area ratio:    0.32
      Required ratio:    0.00 (Cumulative area) 

    Via: L1M1_PR
      Partial area ratio:    0.18
      Required ratio:    3.00 (Gate area) 
      Cumulative area ratio:    0.18
      Required ratio:    0.00 (Cumulative area) 


Net: net110
  Pin: _12890_/A0 (sky130_fd_sc_hd__mux2_1)
    Layer: met2
      Partial area ratio:    7.58
      Required ratio:    0.00 (Gate area) 
      Partial area ratio:   39.47
      Required ratio: 2956.40 (Side area) 
      Cumulative area ratio:   39.94
      Required ratio:    0.00 (Cumulative area) 
      Cumulative area ratio:  202.03
      Required ratio:    0.00 (Cumulative side area) 

    Layer: met1
      Partial area ratio:   32.36
      Required ratio:    0.00 (Gate area) 
      Partial area ratio:  162.56
      Required ratio:  400.00 (Side area) 
      Cumulative area ratio:   32.36
      Required ratio:    0.00 (Cumulative area) 
      Cumulative area ratio:  162.56
      Required ratio:    0.00 (Cumulative side area) 

    Layer: li1
      Partial area ratio:    0.00
      Required ratio:    0.00 (Gate area) 
      Partial area ratio:    0.00
      Required ratio:   75.00 (Side area) 
      Cumulative area ratio:    0.00
      Required ratio:    0.00 (Cumulative area) 
      Cumulative area ratio:    0.00
      Required ratio:    0.00 (Cumulative side area) 

    Layer: met3
      Partial area ratio:    1.18
      Required ratio:    0.00 (Gate area) 
      Partial area ratio:    8.19
      Required ratio: 2956.40 (Side area) 
      Cumulative area ratio:   41.12
      Required ratio:    0.00 (Cumulative area) 
      Cumulative area ratio:  210.22
      Required ratio:    0.00 (Cumulative side area) 

    Layer: met4
      Partial area ratio:   34.84
      Required ratio:    0.00 (Gate area) 
      Partial area ratio:  186.47
      Required ratio: 2956.40 (Side area) 
      Cumulative area ratio:   75.95
      Required ratio:    0.00 (Cumulative area) 
      Cumulative area ratio:  396.68
      Required ratio:    0.00 (Cumulative side area) 

    Via: M2M3_PR
      Partial area ratio:    0.16
      Required ratio:    6.00 (Gate area) 
      Cumulative area ratio:    0.57
      Required ratio:    0.00 (Cumulative area) 

    Via: M1M2_PR
      Partial area ratio:    0.18
      Required ratio:    6.00 (Gate area) 
      Cumulative area ratio:    0.41
      Required ratio:    0.00 (Cumulative area) 

    Via: L1M1_PR
      Partial area ratio:    0.23
      Required ratio:    3.00 (Gate area) 
      Cumulative area ratio:    0.23
      Required ratio:    0.00 (Cumulative area) 

    Via: M3M4_PR
      Partial area ratio:    0.16
      Required ratio:    6.00 (Gate area) 
      Cumulative area ratio:    0.73
      Required ratio:    0.00 (Cumulative area) 

  Pin: _13009_/A1 (sky130_fd_sc_hd__mux2_1)
    Layer: met2
      Partial area ratio:    7.58
      Required ratio:    0.00 (Gate area) 
      Partial area ratio:   39.47
      Required ratio: 2956.40 (Side area) 
      Cumulative area ratio:    7.58
      Required ratio:    0.00 (Cumulative area) 
      Cumulative area ratio:   39.47
      Required ratio:    0.00 (Cumulative side area) 

    Layer: met1
      Partial area ratio:    0.00
      Required ratio:    0.00 (Gate area) 
      Partial area ratio:    0.00
      Required ratio:  400.00 (Side area) 
      Cumulative area ratio:    0.00
      Required ratio:    0.00 (Cumulative area) 
      Cumulative area ratio:    0.00
      Required ratio:    0.00 (Cumulative side area) 

    Layer: li1
      Partial area ratio:    0.00
      Required ratio:    0.00 (Gate area) 
      Partial area ratio:    0.00
      Required ratio:   75.00 (Side area) 
      Cumulative area ratio:    0.00
      Required ratio:    0.00 (Cumulative area) 
      Cumulative area ratio:    0.00
      Required ratio:    0.00 (Cumulative side area) 

    Layer: met3
      Partial area ratio:    1.18
      Required ratio:    0.00 (Gate area) 
      Partial area ratio:    8.19
      Required ratio: 2956.40 (Side area) 
      Cumulative area ratio:    8.76
      Required ratio:    0.00 (Cumulative area) 
      Cumulative area ratio:   47.66
      Required ratio:    0.00 (Cumulative side area) 

    Layer: met4
      Partial area ratio:   34.84
      Required ratio:    0.00 (Gate area) 
      Partial area ratio:  186.47
      Required ratio: 2956.40 (Side area) 
      Cumulative area ratio:   43.60
      Required ratio:    0.00 (Cumulative area) 
      Cumulative area ratio:  234.13
      Required ratio:    0.00 (Cumulative side area) 

    Via: M2M3_PR
      Partial area ratio:    0.16
      Required ratio:    6.00 (Gate area) 
      Cumulative area ratio:    0.57
      Required ratio:    0.00 (Cumulative area) 

    Via: M1M2_PR
      Partial area ratio:    0.18
      Required ratio:    6.00 (Gate area) 
      Cumulative area ratio:    0.41
      Required ratio:    0.00 (Cumulative area) 

    Via: L1M1_PR
      Partial area ratio:    0.23
      Required ratio:    3.00 (Gate area) 
      Cumulative area ratio:    0.23
      Required ratio:    0.00 (Cumulative area) 

    Via: M3M4_PR
      Partial area ratio:    0.16
      Required ratio:    6.00 (Gate area) 
      Cumulative area ratio:    0.73
      Required ratio:    0.00 (Cumulative area) 

  Pin: _13052_/A1 (sky130_fd_sc_hd__mux2_1)
    Layer: met4
      Partial area ratio:   34.84
      Required ratio:    0.00 (Gate area) 
      Partial area ratio:  186.47
      Required ratio: 2956.40 (Side area) 
      Cumulative area ratio:   90.36
      Required ratio:    0.00 (Cumulative area) 
      Cumulative area ratio:  466.72
      Required ratio:    0.00 (Cumulative side area) 

    Layer: met3
      Partial area ratio:    0.34
      Required ratio:    0.00 (Gate area) 
      Partial area ratio:    2.86
      Required ratio:  400.00 (Side area) 
      Cumulative area ratio:   55.53
      Required ratio:    0.00 (Cumulative area) 
      Cumulative area ratio:  280.25
      Required ratio:    0.00 (Cumulative side area) 

    Layer: met2
      Partial area ratio:   55.18
      Required ratio:    0.00 (Gate area) 
      Partial area ratio:  277.40
      Required ratio:  400.00 (Side area) 
      Cumulative area ratio:   55.18
      Required ratio:    0.00 (Cumulative area) 
      Cumulative area ratio:  277.40
      Required ratio:    0.00 (Cumulative side area) 

    Layer: met1
      Partial area ratio:    0.00
      Required ratio:    0.00 (Gate area) 
      Partial area ratio:    0.00
      Required ratio:  400.00 (Side area) 
      Cumulative area ratio:    0.00
      Required ratio:    0.00 (Cumulative area) 
      Cumulative area ratio:    0.00
      Required ratio:    0.00 (Cumulative side area) 

    Layer: li1
      Partial area ratio:    0.00
      Required ratio:    0.00 (Gate area) 
      Partial area ratio:    0.00
      Required ratio:   75.00 (Side area) 
      Cumulative area ratio:    0.00
      Required ratio:    0.00 (Cumulative area) 
      Cumulative area ratio:    0.00
      Required ratio:    0.00 (Cumulative side area) 

    Via: M3M4_PR
      Partial area ratio:    0.09
      Required ratio:    6.00 (Gate area) 
      Cumulative area ratio:    0.58
      Required ratio:    0.00 (Cumulative area) 

    Via: M2M3_PR
      Partial area ratio:    0.09
      Required ratio:    6.00 (Gate area) 
      Cumulative area ratio:    0.49
      Required ratio:    0.00 (Cumulative area) 

    Via: M1M2_PR
      Partial area ratio:    0.18
      Required ratio:    6.00 (Gate area) 
      Cumulative area ratio:    0.41
      Required ratio:    0.00 (Cumulative area) 

    Via: L1M1_PR
      Partial area ratio:    0.23
      Required ratio:    3.00 (Gate area) 
      Cumulative area ratio:    0.23
      Required ratio:    0.00 (Cumulative area) 

  Pin: output110/A (sky130_fd_sc_hd__clkbuf_4)
    Layer: met4
      Partial area ratio:   34.84
      Required ratio:    0.00 (Gate area) 
      Partial area ratio:  186.47
      Required ratio: 2956.40 (Side area) 
      Cumulative area ratio:  332.30
      Required ratio:    0.00 (Cumulative area) 
      Cumulative area ratio: 1698.16
      Required ratio:    0.00 (Cumulative side area) 

    Layer: met3
      Partial area ratio:    0.34
      Required ratio:    0.00 (Gate area) 
      Partial area ratio:    2.86
      Required ratio:  400.00 (Side area) 
      Cumulative area ratio:  297.46
      Required ratio:    0.00 (Cumulative area) 
      Cumulative area ratio: 1511.70
      Required ratio:    0.00 (Cumulative side area) 

    Layer: met2
      Partial area ratio:   55.18
      Required ratio:    0.00 (Gate area) 
      Partial area ratio:  277.40
      Required ratio:  400.00 (Side area) 
      Cumulative area ratio:  297.12
      Required ratio:    0.00 (Cumulative area) 
      Cumulative area ratio: 1508.84
      Required ratio:    0.00 (Cumulative side area) 

    Layer: met1
      Partial area ratio:    0.00
      Required ratio:    0.00 (Gate area) 
      Partial area ratio:    0.00
      Required ratio:  400.00 (Side area) 
      Cumulative area ratio:    0.00
      Required ratio:    0.00 (Cumulative area) 
      Cumulative area ratio:    0.00
      Required ratio:    0.00 (Cumulative side area) 

    Layer: li1
      Partial area ratio:    0.00
      Required ratio:    0.00 (Gate area) 
      Partial area ratio:    0.00
      Required ratio:   75.00 (Side area) 
      Cumulative area ratio:    0.00
      Required ratio:    0.00 (Cumulative area) 
      Cumulative area ratio:    0.00
      Required ratio:    0.00 (Cumulative side area) 

    Via: M3M4_PR
      Partial area ratio:    0.09
      Required ratio:    6.00 (Gate area) 
      Cumulative area ratio:    0.77
      Required ratio:    0.00 (Cumulative area) 

    Via: M2M3_PR
      Partial area ratio:    0.09
      Required ratio:    6.00 (Gate area) 
      Cumulative area ratio:    0.68
      Required ratio:    0.00 (Cumulative area) 

    Via: M1M2_PR
      Partial area ratio:    0.11
      Required ratio:    6.00 (Gate area) 
      Cumulative area ratio:    0.24
      Required ratio:    0.00 (Cumulative area) 

    Via: L1M1_PR
      Partial area ratio:    0.14
      Required ratio:    3.00 (Gate area) 
      Cumulative area ratio:    0.14
      Required ratio:    0.00 (Cumulative area) 

  Pin: _12961_/A1 (sky130_fd_sc_hd__mux2_1)
    Layer: met4
      Partial area ratio:   34.84
      Required ratio:    0.00 (Gate area) 
      Partial area ratio:  186.47
      Required ratio: 2956.40 (Side area) 
      Cumulative area ratio:  332.30
      Required ratio:    0.00 (Cumulative area) 
      Cumulative area ratio: 1698.16
      Required ratio:    0.00 (Cumulative side area) 

    Layer: met3
      Partial area ratio:    0.34
      Required ratio:    0.00 (Gate area) 
      Partial area ratio:    2.86
      Required ratio:  400.00 (Side area) 
      Cumulative area ratio:  297.46
      Required ratio:    0.00 (Cumulative area) 
      Cumulative area ratio: 1511.70
      Required ratio:    0.00 (Cumulative side area) 

    Layer: met2
      Partial area ratio:   55.18
      Required ratio:    0.00 (Gate area) 
      Partial area ratio:  277.40
      Required ratio:  400.00 (Side area) 
      Cumulative area ratio:  297.12
      Required ratio:    0.00 (Cumulative area) 
      Cumulative area ratio: 1508.84
      Required ratio:    0.00 (Cumulative side area) 

    Layer: met1
      Partial area ratio:  241.93
      Required ratio:    0.00 (Gate area) 
      Partial area ratio: 1231.44
      Required ratio:  400.00 (Side area) (VIOLATED)
      Cumulative area ratio:  241.93
      Required ratio:    0.00 (Cumulative area) 
      Cumulative area ratio: 1231.44
      Required ratio:    0.00 (Cumulative side area) 

    Layer: li1
      Partial area ratio:    0.00
      Required ratio:    0.00 (Gate area) 
      Partial area ratio:    0.00
      Required ratio:   75.00 (Side area) 
      Cumulative area ratio:    0.00
      Required ratio:    0.00 (Cumulative area) 
      Cumulative area ratio:    0.00
      Required ratio:    0.00 (Cumulative side area) 

    Via: M3M4_PR
      Partial area ratio:    0.09
      Required ratio:    6.00 (Gate area) 
      Cumulative area ratio:    0.76
      Required ratio:    0.00 (Cumulative area) 

    Via: M2M3_PR
      Partial area ratio:    0.09
      Required ratio:    6.00 (Gate area) 
      Cumulative area ratio:    0.67
      Required ratio:    0.00 (Cumulative area) 

    Via: M1M2_PR
      Partial area ratio:    0.36
      Required ratio:    6.00 (Gate area) 
      Cumulative area ratio:    0.59
      Required ratio:    0.00 (Cumulative area) 

    Via: L1M1_PR
      Partial area ratio:    0.23
      Required ratio:    3.00 (Gate area) 
      Cumulative area ratio:    0.23
      Required ratio:    0.00 (Cumulative area) 


Net: net111
  Pin: output111/A (sky130_fd_sc_hd__buf_2)
    Layer: met2
      Partial area ratio:   92.23
      Required ratio:    0.00 (Gate area) 
      Partial area ratio:  463.06
      Required ratio: 2918.08 (Side area) 
      Cumulative area ratio:  202.72
      Required ratio:    0.00 (Cumulative area) 
      Cumulative area ratio: 1021.59
      Required ratio:    0.00 (Cumulative side area) 

    Layer: met1
      Partial area ratio:    1.34
      Required ratio:    0.00 (Gate area) 
      Partial area ratio:    7.31
      Required ratio:  400.00 (Side area) 
      Cumulative area ratio:    1.34
      Required ratio:    0.00 (Cumulative area) 
      Cumulative area ratio:    7.31
      Required ratio:    0.00 (Cumulative side area) 

    Layer: li1
      Partial area ratio:    0.00
      Required ratio:    0.00 (Gate area) 
      Partial area ratio:    0.00
      Required ratio:   75.00 (Side area) 
      Cumulative area ratio:    0.00
      Required ratio:    0.00 (Cumulative area) 
      Cumulative area ratio:    0.00
      Required ratio:    0.00 (Cumulative side area) 

    Via: M1M2_PR
      Partial area ratio:    0.14
      Required ratio:    6.00 (Gate area) 
      Cumulative area ratio:    0.32
      Required ratio:    0.00 (Cumulative area) 

    Via: L1M1_PR
      Partial area ratio:    0.18
      Required ratio:    3.00 (Gate area) 
      Cumulative area ratio:    0.18
      Required ratio:    0.00 (Cumulative area) 

  Pin: _12959_/A1 (sky130_fd_sc_hd__mux2_1)
    Layer: met2
      Partial area ratio:   92.23
      Required ratio:    0.00 (Gate area) 
      Partial area ratio:  463.06
      Required ratio: 2918.08 (Side area) 
      Cumulative area ratio:  201.39
      Required ratio:    0.00 (Cumulative area) 
      Cumulative area ratio: 1014.28
      Required ratio:    0.00 (Cumulative side area) 

    Layer: met1
      Partial area ratio:  109.16
      Required ratio:    0.00 (Gate area) 
      Partial area ratio:  551.22
      Required ratio:  400.00 (Side area) (VIOLATED)
      Cumulative area ratio:  109.16
      Required ratio:    0.00 (Cumulative area) 
      Cumulative area ratio:  551.22
      Required ratio:    0.00 (Cumulative side area) 

    Layer: li1
      Partial area ratio:    0.00
      Required ratio:    0.00 (Gate area) 
      Partial area ratio:    0.00
      Required ratio:   75.00 (Side area) 
      Cumulative area ratio:    0.00
      Required ratio:    0.00 (Cumulative area) 
      Cumulative area ratio:    0.00
      Required ratio:    0.00 (Cumulative side area) 

    Via: M1M2_PR
      Partial area ratio:    0.36
      Required ratio:    6.00 (Gate area) 
      Cumulative area ratio:    0.59
      Required ratio:    0.00 (Cumulative area) 

    Via: L1M1_PR
      Partial area ratio:    0.23
      Required ratio:    3.00 (Gate area) 
      Cumulative area ratio:    0.23
      Required ratio:    0.00 (Cumulative area) 

  Pin: _12888_/A0 (sky130_fd_sc_hd__mux2_1)
    Layer: met1
      Partial area ratio:   10.27
      Required ratio:    0.00 (Gate area) 
      Partial area ratio:   52.89
      Required ratio: 2918.08 (Side area) 
      Cumulative area ratio:   10.27
      Required ratio:    0.00 (Cumulative area) 
      Cumulative area ratio:   52.89
      Required ratio:    0.00 (Cumulative side area) 

    Layer: met2
      Partial area ratio:   92.23
      Required ratio:    0.00 (Gate area) 
      Partial area ratio:  463.06
      Required ratio: 2918.08 (Side area) 
      Cumulative area ratio:  102.50
      Required ratio:    0.00 (Cumulative area) 
      Cumulative area ratio:  515.94
      Required ratio:    0.00 (Cumulative side area) 

    Layer: li1
      Partial area ratio:    0.00
      Required ratio:    0.00 (Gate area) 
      Partial area ratio:    0.00
      Required ratio:   75.00 (Side area) 
      Cumulative area ratio:    0.00
      Required ratio:    0.00 (Cumulative area) 
      Cumulative area ratio:    0.00
      Required ratio:    0.00 (Cumulative side area) 

    Via: M1M2_PR
      Partial area ratio:    0.18
      Required ratio:    6.00 (Gate area) 
      Cumulative area ratio:    0.41
      Required ratio:    0.00 (Cumulative area) 

    Via: L1M1_PR
      Partial area ratio:    0.23
      Required ratio:    3.00 (Gate area) 
      Cumulative area ratio:    0.23
      Required ratio:    0.00 (Cumulative area) 


Net: net113
  Pin: _12884_/A0 (sky130_fd_sc_hd__mux2_1)
    Layer: met2
      Partial area ratio:   48.15
      Required ratio:    0.00 (Gate area) 
      Partial area ratio:  241.82
      Required ratio: 3172.40 (Side area) 
      Cumulative area ratio:   50.51
      Required ratio:    0.00 (Cumulative area) 
      Cumulative area ratio:  255.16
      Required ratio:    0.00 (Cumulative side area) 

    Layer: met1
      Partial area ratio:    2.36
      Required ratio:    0.00 (Gate area) 
      Partial area ratio:   13.33
      Required ratio:  400.00 (Side area) 
      Cumulative area ratio:    2.36
      Required ratio:    0.00 (Cumulative area) 
      Cumulative area ratio:   13.33
      Required ratio:    0.00 (Cumulative side area) 

    Layer: li1
      Partial area ratio:    0.00
      Required ratio:    0.00 (Gate area) 
      Partial area ratio:    0.00
      Required ratio:   75.00 (Side area) 
      Cumulative area ratio:    0.00
      Required ratio:    0.00 (Cumulative area) 
      Cumulative area ratio:    0.00
      Required ratio:    0.00 (Cumulative side area) 

    Via: M1M2_PR
      Partial area ratio:    0.36
      Required ratio:    6.00 (Gate area) 
      Cumulative area ratio:    0.59
      Required ratio:    0.00 (Cumulative area) 

    Via: L1M1_PR
      Partial area ratio:    0.23
      Required ratio:    3.00 (Gate area) 
      Cumulative area ratio:    0.23
      Required ratio:    0.00 (Cumulative area) 

  Pin: output113/A (sky130_fd_sc_hd__clkbuf_4)
    Layer: met2
      Partial area ratio:   48.15
      Required ratio:    0.00 (Gate area) 
      Partial area ratio:  241.82
      Required ratio: 3172.40 (Side area) 
      Cumulative area ratio:  185.85
      Required ratio:    0.00 (Cumulative area) 
      Cumulative area ratio:  936.76
      Required ratio:    0.00 (Cumulative side area) 

    Layer: met1
      Partial area ratio:  132.63
      Required ratio:    0.00 (Gate area) 
      Partial area ratio:  667.27
      Required ratio:  400.00 (Side area) (VIOLATED)
      Cumulative area ratio:  132.63
      Required ratio:    0.00 (Cumulative area) 
      Cumulative area ratio:  667.27
      Required ratio:    0.00 (Cumulative side area) 

    Layer: li1
      Partial area ratio:    0.00
      Required ratio:    0.00 (Gate area) 
      Partial area ratio:    0.00
      Required ratio:   75.00 (Side area) 
      Cumulative area ratio:    0.00
      Required ratio:    0.00 (Cumulative area) 
      Cumulative area ratio:    0.00
      Required ratio:    0.00 (Cumulative side area) 

    Via: M1M2_PR
      Partial area ratio:    0.11
      Required ratio:    6.00 (Gate area) 
      Cumulative area ratio:    0.24
      Required ratio:    0.00 (Cumulative area) 

    Via: L1M1_PR
      Partial area ratio:    0.14
      Required ratio:    3.00 (Gate area) 
      Cumulative area ratio:    0.14
      Required ratio:    0.00 (Cumulative area) 

  Pin: _12955_/A1 (sky130_fd_sc_hd__mux2_1)
    Layer: met2
      Partial area ratio:   48.15
      Required ratio:    0.00 (Gate area) 
      Partial area ratio:  241.82
      Required ratio: 3172.40 (Side area) 
      Cumulative area ratio:   53.22
      Required ratio:    0.00 (Cumulative area) 
      Cumulative area ratio:  269.49
      Required ratio:    0.00 (Cumulative side area) 

    Layer: met1
      Partial area ratio:    2.71
      Required ratio:    0.00 (Gate area) 
      Partial area ratio:   14.33
      Required ratio:  400.00 (Side area) 
      Cumulative area ratio:    2.71
      Required ratio:    0.00 (Cumulative area) 
      Cumulative area ratio:   14.33
      Required ratio:    0.00 (Cumulative side area) 

    Layer: li1
      Partial area ratio:    0.00
      Required ratio:    0.00 (Gate area) 
      Partial area ratio:    0.00
      Required ratio:   75.00 (Side area) 
      Cumulative area ratio:    0.00
      Required ratio:    0.00 (Cumulative area) 
      Cumulative area ratio:    0.00
      Required ratio:    0.00 (Cumulative side area) 

    Via: M1M2_PR
      Partial area ratio:    0.36
      Required ratio:    6.00 (Gate area) 
      Cumulative area ratio:    0.59
      Required ratio:    0.00 (Cumulative area) 

    Via: L1M1_PR
      Partial area ratio:    0.23
      Required ratio:    3.00 (Gate area) 
      Cumulative area ratio:    0.23
      Required ratio:    0.00 (Cumulative area) 


Net: net157
  Pin: _12759_/B (sky130_fd_sc_hd__or2_1)
    Layer: met2
      Partial area ratio:   67.94
      Required ratio:    0.00 (Gate area) 
      Partial area ratio:  341.45
      Required ratio: 2918.08 (Side area) 
      Cumulative area ratio:   73.39
      Required ratio:    0.00 (Cumulative area) 
      Cumulative area ratio:  371.01
      Required ratio:    0.00 (Cumulative side area) 

    Layer: met1
      Partial area ratio:    5.44
      Required ratio:    0.00 (Gate area) 
      Partial area ratio:   29.56
      Required ratio:  400.00 (Side area) 
      Cumulative area ratio:    5.44
      Required ratio:    0.00 (Cumulative area) 
      Cumulative area ratio:   29.56
      Required ratio:    0.00 (Cumulative side area) 

    Layer: li1
      Partial area ratio:    0.00
      Required ratio:    0.00 (Gate area) 
      Partial area ratio:    0.00
      Required ratio:   75.00 (Side area) 
      Cumulative area ratio:    0.00
      Required ratio:    0.00 (Cumulative area) 
      Cumulative area ratio:    0.00
      Required ratio:    0.00 (Cumulative side area) 

    Via: M1M2_PR
      Partial area ratio:    0.36
      Required ratio:    6.00 (Gate area) 
      Cumulative area ratio:    0.59
      Required ratio:    0.00 (Cumulative area) 

    Via: L1M1_PR
      Partial area ratio:    0.23
      Required ratio:    3.00 (Gate area) 
      Cumulative area ratio:    0.23
      Required ratio:    0.00 (Cumulative area) 

  Pin: output42/A (sky130_fd_sc_hd__clkbuf_4)
    Layer: met2
      Partial area ratio:   67.94
      Required ratio:    0.00 (Gate area) 
      Partial area ratio:  341.45
      Required ratio: 2918.08 (Side area) 
      Cumulative area ratio:  232.90
      Required ratio:    0.00 (Cumulative area) 
      Cumulative area ratio: 1174.53
      Required ratio:    0.00 (Cumulative side area) 

    Layer: met1
      Partial area ratio:  159.51
      Required ratio:    0.00 (Gate area) 
      Partial area ratio:  803.52
      Required ratio:  400.00 (Side area) (VIOLATED)
      Cumulative area ratio:  159.51
      Required ratio:    0.00 (Cumulative area) 
      Cumulative area ratio:  803.52
      Required ratio:    0.00 (Cumulative side area) 

    Layer: li1
      Partial area ratio:    0.00
      Required ratio:    0.00 (Gate area) 
      Partial area ratio:    0.00
      Required ratio:   75.00 (Side area) 
      Cumulative area ratio:    0.00
      Required ratio:    0.00 (Cumulative area) 
      Cumulative area ratio:    0.00
      Required ratio:    0.00 (Cumulative side area) 

    Via: M1M2_PR
      Partial area ratio:    0.11
      Required ratio:    6.00 (Gate area) 
      Cumulative area ratio:    0.24
      Required ratio:    0.00 (Cumulative area) 

    Via: L1M1_PR
      Partial area ratio:    0.14
      Required ratio:    3.00 (Gate area) 
      Cumulative area ratio:    0.14
      Required ratio:    0.00 (Cumulative area) 


[INFO ANT-0002] Found 34 net violations.
[INFO ANT-0001] Found 36 pin violations.
