
 /----------------------------------------------------------------------------\
 |                                                                            |
 |  yosys -- Yosys Open SYnthesis Suite                                       |
 |                                                                            |
 |  Copyright (C) 2012 - 2020  Claire Xenia Wolf <claire@yosyshq.com>         |
 |                                                                            |
 |  Permission to use, copy, modify, and/or distribute this software for any  |
 |  purpose with or without fee is hereby granted, provided that the above    |
 |  copyright notice and this permission notice appear in all copies.         |
 |                                                                            |
 |  THE SOFTWARE IS PROVIDED "AS IS" AND THE AUTHOR DISCLAIMS ALL WARRANTIES  |
 |  WITH REGARD TO THIS SOFTWARE INCLUDING ALL IMPLIED WARRANTIES OF          |
 |  MERCHANTABILITY AND FITNESS. IN NO EVENT SHALL THE AUTHOR BE LIABLE FOR   |
 |  ANY SPECIAL, DIRECT, INDIRECT, OR CONSEQUENTIAL DAMAGES OR ANY DAMAGES    |
 |  WHATSOEVER RESULTING FROM LOSS OF USE, DATA OR PROFITS, WHETHER IN AN     |
 |  ACTION OF CONTRACT, NEGLIGENCE OR OTHER TORTIOUS ACTION, ARISING OUT OF   |
 |  OR IN CONNECTION WITH THE USE OR PERFORMANCE OF THIS SOFTWARE.            |
 |                                                                            |
 \----------------------------------------------------------------------------/

 Yosys 0.30+48 (git sha1 14d50a176d5, gcc 8.3.1 -fPIC -Os)

[TCL: yosys -import] Command name collision: found pre-existing command `cd' -> skip.
[TCL: yosys -import] Command name collision: found pre-existing command `eval' -> skip.
[TCL: yosys -import] Command name collision: found pre-existing command `exec' -> skip.
[TCL: yosys -import] Command name collision: found pre-existing command `read' -> skip.
[TCL: yosys -import] Command name collision: found pre-existing command `trace' -> skip.

1. Executing Verilog-2005 frontend: /openlane/designs/Singgle_cycle/src/Adder.sv
Parsing SystemVerilog input from `/openlane/designs/Singgle_cycle/src/Adder.sv' to AST representation.
Generating RTLIL representation for module `\Adder'.
Successfully finished Verilog frontend.

2. Executing Verilog-2005 frontend: /openlane/designs/Singgle_cycle/src/ALU_Control.sv
Parsing SystemVerilog input from `/openlane/designs/Singgle_cycle/src/ALU_Control.sv' to AST representation.
Generating RTLIL representation for module `\ALU_Control'.
Successfully finished Verilog frontend.

3. Executing Verilog-2005 frontend: /openlane/designs/Singgle_cycle/src/ALU_unit.sv
Parsing SystemVerilog input from `/openlane/designs/Singgle_cycle/src/ALU_unit.sv' to AST representation.
Generating RTLIL representation for module `\ALU_unit'.
Successfully finished Verilog frontend.

4. Executing Verilog-2005 frontend: /openlane/designs/Singgle_cycle/src/Control_Unit.sv
Parsing SystemVerilog input from `/openlane/designs/Singgle_cycle/src/Control_Unit.sv' to AST representation.
Generating RTLIL representation for module `\Control_Unit'.
Successfully finished Verilog frontend.

5. Executing Verilog-2005 frontend: /openlane/designs/Singgle_cycle/src/Data_Memory.sv
Parsing SystemVerilog input from `/openlane/designs/Singgle_cycle/src/Data_Memory.sv' to AST representation.
Generating RTLIL representation for module `\Data_Memory'.
Warning: Replacing memory \D_Memory with list of registers. See /openlane/designs/Singgle_cycle/src/Data_Memory.sv:12
Successfully finished Verilog frontend.

6. Executing Verilog-2005 frontend: /openlane/designs/Singgle_cycle/src/ImmGen.sv
Parsing SystemVerilog input from `/openlane/designs/Singgle_cycle/src/ImmGen.sv' to AST representation.
Generating RTLIL representation for module `\ImmGen'.
Successfully finished Verilog frontend.

7. Executing Verilog-2005 frontend: /openlane/designs/Singgle_cycle/src/Instruction_Mem.sv
Parsing SystemVerilog input from `/openlane/designs/Singgle_cycle/src/Instruction_Mem.sv' to AST representation.
Generating RTLIL representation for module `\Instruction_Mem'.
Successfully finished Verilog frontend.

8. Executing Verilog-2005 frontend: /openlane/designs/Singgle_cycle/src/Mux2to1.sv
Parsing SystemVerilog input from `/openlane/designs/Singgle_cycle/src/Mux2to1.sv' to AST representation.
Generating RTLIL representation for module `\Mux2to1'.
Successfully finished Verilog frontend.

9. Executing Verilog-2005 frontend: /openlane/designs/Singgle_cycle/src/PCplus4.sv
Parsing SystemVerilog input from `/openlane/designs/Singgle_cycle/src/PCplus4.sv' to AST representation.
Generating RTLIL representation for module `\PCplus4'.
Successfully finished Verilog frontend.

10. Executing Verilog-2005 frontend: /openlane/designs/Singgle_cycle/src/Program_Counter.sv
Parsing SystemVerilog input from `/openlane/designs/Singgle_cycle/src/Program_Counter.sv' to AST representation.
Generating RTLIL representation for module `\Program_Counter'.
Successfully finished Verilog frontend.

11. Executing Verilog-2005 frontend: /openlane/designs/Singgle_cycle/src/Reg_file.sv
Parsing SystemVerilog input from `/openlane/designs/Singgle_cycle/src/Reg_file.sv' to AST representation.
Generating RTLIL representation for module `\Reg_file'.
Warning: Replacing memory \Registers with list of registers. See /openlane/designs/Singgle_cycle/src/Reg_file.sv:13
Successfully finished Verilog frontend.

12. Executing Verilog-2005 frontend: /openlane/designs/Singgle_cycle/src/top.sv
Parsing SystemVerilog input from `/openlane/designs/Singgle_cycle/src/top.sv' to AST representation.
Generating RTLIL representation for module `\top'.
Successfully finished Verilog frontend.

13. Generating Graphviz representation of design.
Writing dot description to `/openlane/designs/Singgle_cycle/runs/RUN_2026.10.05_13.27.22/tmp/synthesis/hierarchy.dot'.
Dumping module top to page 1.

14. Executing HIERARCHY pass (managing design hierarchy).

14.1. Analyzing design hierarchy..
Top module:  \top
Used module:     \Mux2to1
Used module:     \Data_Memory
Used module:     \Adder
Used module:     \ALU_unit
Used module:     \ALU_Control
Used module:     \Control_Unit
Used module:     \ImmGen
Used module:     \Reg_file
Used module:     \Instruction_Mem
Used module:     \PCplus4
Used module:     \Program_Counter

14.2. Analyzing design hierarchy..
Top module:  \top
Used module:     \Mux2to1
Used module:     \Data_Memory
Used module:     \Adder
Used module:     \ALU_unit
Used module:     \ALU_Control
Used module:     \Control_Unit
Used module:     \ImmGen
Used module:     \Reg_file
Used module:     \Instruction_Mem
Used module:     \PCplus4
Used module:     \Program_Counter
Removed 0 unused modules.

15. Executing TRIBUF pass.

16. Executing HIERARCHY pass (managing design hierarchy).

16.1. Analyzing design hierarchy..
Top module:  \top
Used module:     \Mux2to1
Used module:     \Data_Memory
Used module:     \Adder
Used module:     \ALU_unit
Used module:     \ALU_Control
Used module:     \Control_Unit
Used module:     \ImmGen
Used module:     \Reg_file
Used module:     \Instruction_Mem
Used module:     \PCplus4
Used module:     \Program_Counter

16.2. Analyzing design hierarchy..
Top module:  \top
Used module:     \Mux2to1
Used module:     \Data_Memory
Used module:     \Adder
Used module:     \ALU_unit
Used module:     \ALU_Control
Used module:     \Control_Unit
Used module:     \ImmGen
Used module:     \Reg_file
Used module:     \Instruction_Mem
Used module:     \PCplus4
Used module:     \Program_Counter
Removed 0 unused modules.

17. Executing PROC_CLEAN pass (remove empty switches from decision trees).
Removing empty process `Instruction_Mem.$proc$/openlane/designs/Singgle_cycle/src/Instruction_Mem.sv:0$28'.
Cleaned up 0 empty switches.

18. Executing PROC_RMDEAD pass (remove dead branches from decision trees).
Removed 1 dead cases from process $proc$/openlane/designs/Singgle_cycle/src/Reg_file.sv:0$52 in module Reg_file.
Marked 1 switch rules as full_case in process $proc$/openlane/designs/Singgle_cycle/src/Reg_file.sv:0$52 in module Reg_file.
Removed 1 dead cases from process $proc$/openlane/designs/Singgle_cycle/src/Reg_file.sv:0$49 in module Reg_file.
Marked 1 switch rules as full_case in process $proc$/openlane/designs/Singgle_cycle/src/Reg_file.sv:0$49 in module Reg_file.
Marked 3 switch rules as full_case in process $proc$/openlane/designs/Singgle_cycle/src/Reg_file.sv:10$36 in module Reg_file.
Marked 1 switch rules as full_case in process $proc$/openlane/designs/Singgle_cycle/src/Program_Counter.sv:8$31 in module Program_Counter.
Marked 1 switch rules as full_case in process $proc$/openlane/designs/Singgle_cycle/src/ImmGen.sv:0$25 in module ImmGen.
Removed 1 dead cases from process $proc$/openlane/designs/Singgle_cycle/src/Data_Memory.sv:0$22 in module Data_Memory.
Marked 1 switch rules as full_case in process $proc$/openlane/designs/Singgle_cycle/src/Data_Memory.sv:0$22 in module Data_Memory.
Marked 3 switch rules as full_case in process $proc$/openlane/designs/Singgle_cycle/src/Data_Memory.sv:9$14 in module Data_Memory.
Marked 1 switch rules as full_case in process $proc$/openlane/designs/Singgle_cycle/src/Control_Unit.sv:0$10 in module Control_Unit.
Marked 1 switch rules as full_case in process $proc$/openlane/designs/Singgle_cycle/src/ALU_unit.sv:0$4 in module ALU_unit.
Marked 2 switch rules as full_case in process $proc$/openlane/designs/Singgle_cycle/src/ALU_Control.sv:0$2 in module ALU_Control.
Removed a total of 3 dead cases.

19. Executing PROC_PRUNE pass (remove redundant assignments in processes).
Removed 1 redundant assignment.
Promoted 20 assignments to connections.

20. Executing PROC_INIT pass (extract init attributes).

21. Executing PROC_ARST pass (detect async resets in processes).
Found async reset \rst in `\Reg_file.$proc$/openlane/designs/Singgle_cycle/src/Reg_file.sv:10$36'.
Found async reset \rst in `\Program_Counter.$proc$/openlane/designs/Singgle_cycle/src/Program_Counter.sv:8$31'.
Found async reset \reset in `\Data_Memory.$proc$/openlane/designs/Singgle_cycle/src/Data_Memory.sv:9$14'.

22. Executing PROC_ROM pass (convert switches to ROMs).
Converted 0 switches.
<suppressed ~12 debug messages>

23. Executing PROC_MUX pass (convert decision trees to multiplexers).
Creating decoders for process `\Reg_file.$proc$/openlane/designs/Singgle_cycle/src/Reg_file.sv:0$52'.
     1/1: $1$mem2reg_rd$\Registers$/openlane/designs/Singgle_cycle/src/Reg_file.sv:22$35_DATA[31:0]$54
Creating decoders for process `\Reg_file.$proc$/openlane/designs/Singgle_cycle/src/Reg_file.sv:0$49'.
     1/1: $1$mem2reg_rd$\Registers$/openlane/designs/Singgle_cycle/src/Reg_file.sv:21$34_DATA[31:0]$51
Creating decoders for process `\Reg_file.$proc$/openlane/designs/Singgle_cycle/src/Reg_file.sv:10$36'.
     1/37: $2$mem2reg_wr$\Registers$/openlane/designs/Singgle_cycle/src/Reg_file.sv:17$33_ADDR[4:0]$43
     2/37: $2$mem2reg_wr$\Registers$/openlane/designs/Singgle_cycle/src/Reg_file.sv:17$33_DATA[31:0]$44
     3/37: $1$mem2reg_wr$\Registers$/openlane/designs/Singgle_cycle/src/Reg_file.sv:17$33_DATA[31:0]$40
     4/37: $1$mem2reg_wr$\Registers$/openlane/designs/Singgle_cycle/src/Reg_file.sv:17$33_ADDR[4:0]$39
     5/37: $1\i[31:0]
     6/37: $0\Registers[31][31:0]
     7/37: $0\Registers[30][31:0]
     8/37: $0\Registers[29][31:0]
     9/37: $0\Registers[28][31:0]
    10/37: $0\Registers[27][31:0]
    11/37: $0\Registers[26][31:0]
    12/37: $0\Registers[25][31:0]
    13/37: $0\Registers[24][31:0]
    14/37: $0\Registers[23][31:0]
    15/37: $0\Registers[22][31:0]
    16/37: $0\Registers[21][31:0]
    17/37: $0\Registers[20][31:0]
    18/37: $0\Registers[19][31:0]
    19/37: $0\Registers[18][31:0]
    20/37: $0\Registers[17][31:0]
    21/37: $0\Registers[16][31:0]
    22/37: $0\Registers[15][31:0]
    23/37: $0\Registers[14][31:0]
    24/37: $0\Registers[13][31:0]
    25/37: $0\Registers[12][31:0]
    26/37: $0\Registers[11][31:0]
    27/37: $0\Registers[10][31:0]
    28/37: $0\Registers[9][31:0]
    29/37: $0\Registers[8][31:0]
    30/37: $0\Registers[7][31:0]
    31/37: $0\Registers[6][31:0]
    32/37: $0\Registers[5][31:0]
    33/37: $0\Registers[4][31:0]
    34/37: $0\Registers[3][31:0]
    35/37: $0\Registers[2][31:0]
    36/37: $0\Registers[1][31:0]
    37/37: $0\Registers[0][31:0]
Creating decoders for process `\Program_Counter.$proc$/openlane/designs/Singgle_cycle/src/Program_Counter.sv:8$31'.
     1/1: $0\PC_out[31:0]
Creating decoders for process `\ImmGen.$proc$/openlane/designs/Singgle_cycle/src/ImmGen.sv:0$25'.
     1/1: $1\ImmExt[31:0]
Creating decoders for process `\Data_Memory.$proc$/openlane/designs/Singgle_cycle/src/Data_Memory.sv:0$22'.
     1/1: $1$mem2reg_rd$\D_Memory$/openlane/designs/Singgle_cycle/src/Data_Memory.sv:20$13_DATA[31:0]$24
Creating decoders for process `\Data_Memory.$proc$/openlane/designs/Singgle_cycle/src/Data_Memory.sv:9$14'.
     1/69: $2$mem2reg_wr$\D_Memory$/openlane/designs/Singgle_cycle/src/Data_Memory.sv:16$12_ADDR[5:0]$19
     2/69: $2$mem2reg_wr$\D_Memory$/openlane/designs/Singgle_cycle/src/Data_Memory.sv:16$12_DATA[31:0]$20
     3/69: $1$mem2reg_wr$\D_Memory$/openlane/designs/Singgle_cycle/src/Data_Memory.sv:16$12_DATA[31:0]$18
     4/69: $1$mem2reg_wr$\D_Memory$/openlane/designs/Singgle_cycle/src/Data_Memory.sv:16$12_ADDR[5:0]$17
     5/69: $1\i[31:0]
     6/69: $0\D_Memory[63][31:0]
     7/69: $0\D_Memory[62][31:0]
     8/69: $0\D_Memory[61][31:0]
     9/69: $0\D_Memory[60][31:0]
    10/69: $0\D_Memory[59][31:0]
    11/69: $0\D_Memory[58][31:0]
    12/69: $0\D_Memory[57][31:0]
    13/69: $0\D_Memory[56][31:0]
    14/69: $0\D_Memory[55][31:0]
    15/69: $0\D_Memory[54][31:0]
    16/69: $0\D_Memory[53][31:0]
    17/69: $0\D_Memory[52][31:0]
    18/69: $0\D_Memory[51][31:0]
    19/69: $0\D_Memory[50][31:0]
    20/69: $0\D_Memory[49][31:0]
    21/69: $0\D_Memory[48][31:0]
    22/69: $0\D_Memory[47][31:0]
    23/69: $0\D_Memory[46][31:0]
    24/69: $0\D_Memory[45][31:0]
    25/69: $0\D_Memory[44][31:0]
    26/69: $0\D_Memory[43][31:0]
    27/69: $0\D_Memory[42][31:0]
    28/69: $0\D_Memory[41][31:0]
    29/69: $0\D_Memory[40][31:0]
    30/69: $0\D_Memory[39][31:0]
    31/69: $0\D_Memory[38][31:0]
    32/69: $0\D_Memory[37][31:0]
    33/69: $0\D_Memory[36][31:0]
    34/69: $0\D_Memory[35][31:0]
    35/69: $0\D_Memory[34][31:0]
    36/69: $0\D_Memory[33][31:0]
    37/69: $0\D_Memory[32][31:0]
    38/69: $0\D_Memory[31][31:0]
    39/69: $0\D_Memory[30][31:0]
    40/69: $0\D_Memory[29][31:0]
    41/69: $0\D_Memory[28][31:0]
    42/69: $0\D_Memory[27][31:0]
    43/69: $0\D_Memory[26][31:0]
    44/69: $0\D_Memory[25][31:0]
    45/69: $0\D_Memory[24][31:0]
    46/69: $0\D_Memory[23][31:0]
    47/69: $0\D_Memory[22][31:0]
    48/69: $0\D_Memory[21][31:0]
    49/69: $0\D_Memory[20][31:0]
    50/69: $0\D_Memory[19][31:0]
    51/69: $0\D_Memory[18][31:0]
    52/69: $0\D_Memory[17][31:0]
    53/69: $0\D_Memory[16][31:0]
    54/69: $0\D_Memory[15][31:0]
    55/69: $0\D_Memory[14][31:0]
    56/69: $0\D_Memory[13][31:0]
    57/69: $0\D_Memory[12][31:0]
    58/69: $0\D_Memory[11][31:0]
    59/69: $0\D_Memory[10][31:0]
    60/69: $0\D_Memory[9][31:0]
    61/69: $0\D_Memory[8][31:0]
    62/69: $0\D_Memory[7][31:0]
    63/69: $0\D_Memory[6][31:0]
    64/69: $0\D_Memory[5][31:0]
    65/69: $0\D_Memory[4][31:0]
    66/69: $0\D_Memory[3][31:0]
    67/69: $0\D_Memory[2][31:0]
    68/69: $0\D_Memory[1][31:0]
    69/69: $0\D_Memory[0][31:0]
Creating decoders for process `\Control_Unit.$proc$/openlane/designs/Singgle_cycle/src/Control_Unit.sv:0$10'.
     1/1: { $1\ALUSrc[0:0] $1\MemtoReg[0:0] $1\RegWrite[0:0] $1\MemRead[0:0] $1\MemWrite[0:0] $1\Branch[0:0] $1\ALUOp[1:0] }
Creating decoders for process `\ALU_unit.$proc$/openlane/designs/Singgle_cycle/src/ALU_unit.sv:0$4'.
     1/1: $1\ALU_Result[31:0]
Creating decoders for process `\ALU_Control.$proc$/openlane/designs/Singgle_cycle/src/ALU_Control.sv:0$2'.
     1/2: $2\Control_out[3:0]
     2/2: $1\Control_out[3:0]

24. Executing PROC_DLATCH pass (convert process syncs to latches).
No latch inferred for signal `\Reg_file.$mem2reg_rd$\Registers$/openlane/designs/Singgle_cycle/src/Reg_file.sv:22$35_DATA' from process `\Reg_file.$proc$/openlane/designs/Singgle_cycle/src/Reg_file.sv:0$52'.
No latch inferred for signal `\Reg_file.$mem2reg_rd$\Registers$/openlane/designs/Singgle_cycle/src/Reg_file.sv:21$34_DATA' from process `\Reg_file.$proc$/openlane/designs/Singgle_cycle/src/Reg_file.sv:0$49'.
No latch inferred for signal `\ImmGen.\ImmExt' from process `\ImmGen.$proc$/openlane/designs/Singgle_cycle/src/ImmGen.sv:0$25'.
No latch inferred for signal `\Data_Memory.$mem2reg_rd$\D_Memory$/openlane/designs/Singgle_cycle/src/Data_Memory.sv:20$13_DATA' from process `\Data_Memory.$proc$/openlane/designs/Singgle_cycle/src/Data_Memory.sv:0$22'.
No latch inferred for signal `\Control_Unit.\ALUOp' from process `\Control_Unit.$proc$/openlane/designs/Singgle_cycle/src/Control_Unit.sv:0$10'.
No latch inferred for signal `\Control_Unit.\Branch' from process `\Control_Unit.$proc$/openlane/designs/Singgle_cycle/src/Control_Unit.sv:0$10'.
No latch inferred for signal `\Control_Unit.\MemRead' from process `\Control_Unit.$proc$/openlane/designs/Singgle_cycle/src/Control_Unit.sv:0$10'.
No latch inferred for signal `\Control_Unit.\MemtoReg' from process `\Control_Unit.$proc$/openlane/designs/Singgle_cycle/src/Control_Unit.sv:0$10'.
No latch inferred for signal `\Control_Unit.\MemWrite' from process `\Control_Unit.$proc$/openlane/designs/Singgle_cycle/src/Control_Unit.sv:0$10'.
No latch inferred for signal `\Control_Unit.\ALUSrc' from process `\Control_Unit.$proc$/openlane/designs/Singgle_cycle/src/Control_Unit.sv:0$10'.
No latch inferred for signal `\Control_Unit.\RegWrite' from process `\Control_Unit.$proc$/openlane/designs/Singgle_cycle/src/Control_Unit.sv:0$10'.
No latch inferred for signal `\ALU_unit.\ALU_Result' from process `\ALU_unit.$proc$/openlane/designs/Singgle_cycle/src/ALU_unit.sv:0$4'.
No latch inferred for signal `\ALU_unit.\zero' from process `\ALU_unit.$proc$/openlane/designs/Singgle_cycle/src/ALU_unit.sv:0$4'.
No latch inferred for signal `\ALU_Control.\Control_out' from process `\ALU_Control.$proc$/openlane/designs/Singgle_cycle/src/ALU_Control.sv:0$2'.

25. Executing PROC_DFF pass (convert process syncs to FFs).
Creating register for signal `\Reg_file.\i' using process `\Reg_file.$proc$/openlane/designs/Singgle_cycle/src/Reg_file.sv:10$36'.
  created $adff cell `$procdff$3223' with positive edge clock and positive level reset.
Creating register for signal `\Reg_file.\Registers[0]' using process `\Reg_file.$proc$/openlane/designs/Singgle_cycle/src/Reg_file.sv:10$36'.
  created $adff cell `$procdff$3224' with positive edge clock and positive level reset.
Creating register for signal `\Reg_file.\Registers[1]' using process `\Reg_file.$proc$/openlane/designs/Singgle_cycle/src/Reg_file.sv:10$36'.
  created $adff cell `$procdff$3225' with positive edge clock and positive level reset.
Creating register for signal `\Reg_file.\Registers[2]' using process `\Reg_file.$proc$/openlane/designs/Singgle_cycle/src/Reg_file.sv:10$36'.
  created $adff cell `$procdff$3226' with positive edge clock and positive level reset.
Creating register for signal `\Reg_file.\Registers[3]' using process `\Reg_file.$proc$/openlane/designs/Singgle_cycle/src/Reg_file.sv:10$36'.
  created $adff cell `$procdff$3227' with positive edge clock and positive level reset.
Creating register for signal `\Reg_file.\Registers[4]' using process `\Reg_file.$proc$/openlane/designs/Singgle_cycle/src/Reg_file.sv:10$36'.
  created $adff cell `$procdff$3228' with positive edge clock and positive level reset.
Creating register for signal `\Reg_file.\Registers[5]' using process `\Reg_file.$proc$/openlane/designs/Singgle_cycle/src/Reg_file.sv:10$36'.
  created $adff cell `$procdff$3229' with positive edge clock and positive level reset.
Creating register for signal `\Reg_file.\Registers[6]' using process `\Reg_file.$proc$/openlane/designs/Singgle_cycle/src/Reg_file.sv:10$36'.
  created $adff cell `$procdff$3230' with positive edge clock and positive level reset.
Creating register for signal `\Reg_file.\Registers[7]' using process `\Reg_file.$proc$/openlane/designs/Singgle_cycle/src/Reg_file.sv:10$36'.
  created $adff cell `$procdff$3231' with positive edge clock and positive level reset.
Creating register for signal `\Reg_file.\Registers[8]' using process `\Reg_file.$proc$/openlane/designs/Singgle_cycle/src/Reg_file.sv:10$36'.
  created $adff cell `$procdff$3232' with positive edge clock and positive level reset.
Creating register for signal `\Reg_file.\Registers[9]' using process `\Reg_file.$proc$/openlane/designs/Singgle_cycle/src/Reg_file.sv:10$36'.
  created $adff cell `$procdff$3233' with positive edge clock and positive level reset.
Creating register for signal `\Reg_file.\Registers[10]' using process `\Reg_file.$proc$/openlane/designs/Singgle_cycle/src/Reg_file.sv:10$36'.
  created $adff cell `$procdff$3234' with positive edge clock and positive level reset.
Creating register for signal `\Reg_file.\Registers[11]' using process `\Reg_file.$proc$/openlane/designs/Singgle_cycle/src/Reg_file.sv:10$36'.
  created $adff cell `$procdff$3235' with positive edge clock and positive level reset.
Creating register for signal `\Reg_file.\Registers[12]' using process `\Reg_file.$proc$/openlane/designs/Singgle_cycle/src/Reg_file.sv:10$36'.
  created $adff cell `$procdff$3236' with positive edge clock and positive level reset.
Creating register for signal `\Reg_file.\Registers[13]' using process `\Reg_file.$proc$/openlane/designs/Singgle_cycle/src/Reg_file.sv:10$36'.
  created $adff cell `$procdff$3237' with positive edge clock and positive level reset.
Creating register for signal `\Reg_file.\Registers[14]' using process `\Reg_file.$proc$/openlane/designs/Singgle_cycle/src/Reg_file.sv:10$36'.
  created $adff cell `$procdff$3238' with positive edge clock and positive level reset.
Creating register for signal `\Reg_file.\Registers[15]' using process `\Reg_file.$proc$/openlane/designs/Singgle_cycle/src/Reg_file.sv:10$36'.
  created $adff cell `$procdff$3239' with positive edge clock and positive level reset.
Creating register for signal `\Reg_file.\Registers[16]' using process `\Reg_file.$proc$/openlane/designs/Singgle_cycle/src/Reg_file.sv:10$36'.
  created $adff cell `$procdff$3240' with positive edge clock and positive level reset.
Creating register for signal `\Reg_file.\Registers[17]' using process `\Reg_file.$proc$/openlane/designs/Singgle_cycle/src/Reg_file.sv:10$36'.
  created $adff cell `$procdff$3241' with positive edge clock and positive level reset.
Creating register for signal `\Reg_file.\Registers[18]' using process `\Reg_file.$proc$/openlane/designs/Singgle_cycle/src/Reg_file.sv:10$36'.
  created $adff cell `$procdff$3242' with positive edge clock and positive level reset.
Creating register for signal `\Reg_file.\Registers[19]' using process `\Reg_file.$proc$/openlane/designs/Singgle_cycle/src/Reg_file.sv:10$36'.
  created $adff cell `$procdff$3243' with positive edge clock and positive level reset.
Creating register for signal `\Reg_file.\Registers[20]' using process `\Reg_file.$proc$/openlane/designs/Singgle_cycle/src/Reg_file.sv:10$36'.
  created $adff cell `$procdff$3244' with positive edge clock and positive level reset.
Creating register for signal `\Reg_file.\Registers[21]' using process `\Reg_file.$proc$/openlane/designs/Singgle_cycle/src/Reg_file.sv:10$36'.
  created $adff cell `$procdff$3245' with positive edge clock and positive level reset.
Creating register for signal `\Reg_file.\Registers[22]' using process `\Reg_file.$proc$/openlane/designs/Singgle_cycle/src/Reg_file.sv:10$36'.
  created $adff cell `$procdff$3246' with positive edge clock and positive level reset.
Creating register for signal `\Reg_file.\Registers[23]' using process `\Reg_file.$proc$/openlane/designs/Singgle_cycle/src/Reg_file.sv:10$36'.
  created $adff cell `$procdff$3247' with positive edge clock and positive level reset.
Creating register for signal `\Reg_file.\Registers[24]' using process `\Reg_file.$proc$/openlane/designs/Singgle_cycle/src/Reg_file.sv:10$36'.
  created $adff cell `$procdff$3248' with positive edge clock and positive level reset.
Creating register for signal `\Reg_file.\Registers[25]' using process `\Reg_file.$proc$/openlane/designs/Singgle_cycle/src/Reg_file.sv:10$36'.
  created $adff cell `$procdff$3249' with positive edge clock and positive level reset.
Creating register for signal `\Reg_file.\Registers[26]' using process `\Reg_file.$proc$/openlane/designs/Singgle_cycle/src/Reg_file.sv:10$36'.
  created $adff cell `$procdff$3250' with positive edge clock and positive level reset.
Creating register for signal `\Reg_file.\Registers[27]' using process `\Reg_file.$proc$/openlane/designs/Singgle_cycle/src/Reg_file.sv:10$36'.
  created $adff cell `$procdff$3251' with positive edge clock and positive level reset.
Creating register for signal `\Reg_file.\Registers[28]' using process `\Reg_file.$proc$/openlane/designs/Singgle_cycle/src/Reg_file.sv:10$36'.
  created $adff cell `$procdff$3252' with positive edge clock and positive level reset.
Creating register for signal `\Reg_file.\Registers[29]' using process `\Reg_file.$proc$/openlane/designs/Singgle_cycle/src/Reg_file.sv:10$36'.
  created $adff cell `$procdff$3253' with positive edge clock and positive level reset.
Creating register for signal `\Reg_file.\Registers[30]' using process `\Reg_file.$proc$/openlane/designs/Singgle_cycle/src/Reg_file.sv:10$36'.
  created $adff cell `$procdff$3254' with positive edge clock and positive level reset.
Creating register for signal `\Reg_file.\Registers[31]' using process `\Reg_file.$proc$/openlane/designs/Singgle_cycle/src/Reg_file.sv:10$36'.
  created $adff cell `$procdff$3255' with positive edge clock and positive level reset.
Creating register for signal `\Reg_file.$mem2reg_wr$\Registers$/openlane/designs/Singgle_cycle/src/Reg_file.sv:17$33_ADDR' using process `\Reg_file.$proc$/openlane/designs/Singgle_cycle/src/Reg_file.sv:10$36'.
  created $adff cell `$procdff$3256' with positive edge clock and positive level reset.
Creating register for signal `\Reg_file.$mem2reg_wr$\Registers$/openlane/designs/Singgle_cycle/src/Reg_file.sv:17$33_DATA' using process `\Reg_file.$proc$/openlane/designs/Singgle_cycle/src/Reg_file.sv:10$36'.
  created $adff cell `$procdff$3257' with positive edge clock and positive level reset.
Creating register for signal `\Program_Counter.\PC_out' using process `\Program_Counter.$proc$/openlane/designs/Singgle_cycle/src/Program_Counter.sv:8$31'.
  created $adff cell `$procdff$3258' with positive edge clock and positive level reset.
Creating register for signal `\Data_Memory.\i' using process `\Data_Memory.$proc$/openlane/designs/Singgle_cycle/src/Data_Memory.sv:9$14'.
  created $adff cell `$procdff$3259' with positive edge clock and positive level reset.
Creating register for signal `\Data_Memory.\D_Memory[0]' using process `\Data_Memory.$proc$/openlane/designs/Singgle_cycle/src/Data_Memory.sv:9$14'.
  created $adff cell `$procdff$3260' with positive edge clock and positive level reset.
Creating register for signal `\Data_Memory.\D_Memory[1]' using process `\Data_Memory.$proc$/openlane/designs/Singgle_cycle/src/Data_Memory.sv:9$14'.
  created $adff cell `$procdff$3261' with positive edge clock and positive level reset.
Creating register for signal `\Data_Memory.\D_Memory[2]' using process `\Data_Memory.$proc$/openlane/designs/Singgle_cycle/src/Data_Memory.sv:9$14'.
  created $adff cell `$procdff$3262' with positive edge clock and positive level reset.
Creating register for signal `\Data_Memory.\D_Memory[3]' using process `\Data_Memory.$proc$/openlane/designs/Singgle_cycle/src/Data_Memory.sv:9$14'.
  created $adff cell `$procdff$3263' with positive edge clock and positive level reset.
Creating register for signal `\Data_Memory.\D_Memory[4]' using process `\Data_Memory.$proc$/openlane/designs/Singgle_cycle/src/Data_Memory.sv:9$14'.
  created $adff cell `$procdff$3264' with positive edge clock and positive level reset.
Creating register for signal `\Data_Memory.\D_Memory[5]' using process `\Data_Memory.$proc$/openlane/designs/Singgle_cycle/src/Data_Memory.sv:9$14'.
  created $adff cell `$procdff$3265' with positive edge clock and positive level reset.
Creating register for signal `\Data_Memory.\D_Memory[6]' using process `\Data_Memory.$proc$/openlane/designs/Singgle_cycle/src/Data_Memory.sv:9$14'.
  created $adff cell `$procdff$3266' with positive edge clock and positive level reset.
Creating register for signal `\Data_Memory.\D_Memory[7]' using process `\Data_Memory.$proc$/openlane/designs/Singgle_cycle/src/Data_Memory.sv:9$14'.
  created $adff cell `$procdff$3267' with positive edge clock and positive level reset.
Creating register for signal `\Data_Memory.\D_Memory[8]' using process `\Data_Memory.$proc$/openlane/designs/Singgle_cycle/src/Data_Memory.sv:9$14'.
  created $adff cell `$procdff$3268' with positive edge clock and positive level reset.
Creating register for signal `\Data_Memory.\D_Memory[9]' using process `\Data_Memory.$proc$/openlane/designs/Singgle_cycle/src/Data_Memory.sv:9$14'.
  created $adff cell `$procdff$3269' with positive edge clock and positive level reset.
Creating register for signal `\Data_Memory.\D_Memory[10]' using process `\Data_Memory.$proc$/openlane/designs/Singgle_cycle/src/Data_Memory.sv:9$14'.
  created $adff cell `$procdff$3270' with positive edge clock and positive level reset.
Creating register for signal `\Data_Memory.\D_Memory[11]' using process `\Data_Memory.$proc$/openlane/designs/Singgle_cycle/src/Data_Memory.sv:9$14'.
  created $adff cell `$procdff$3271' with positive edge clock and positive level reset.
Creating register for signal `\Data_Memory.\D_Memory[12]' using process `\Data_Memory.$proc$/openlane/designs/Singgle_cycle/src/Data_Memory.sv:9$14'.
  created $adff cell `$procdff$3272' with positive edge clock and positive level reset.
Creating register for signal `\Data_Memory.\D_Memory[13]' using process `\Data_Memory.$proc$/openlane/designs/Singgle_cycle/src/Data_Memory.sv:9$14'.
  created $adff cell `$procdff$3273' with positive edge clock and positive level reset.
Creating register for signal `\Data_Memory.\D_Memory[14]' using process `\Data_Memory.$proc$/openlane/designs/Singgle_cycle/src/Data_Memory.sv:9$14'.
  created $adff cell `$procdff$3274' with positive edge clock and positive level reset.
Creating register for signal `\Data_Memory.\D_Memory[15]' using process `\Data_Memory.$proc$/openlane/designs/Singgle_cycle/src/Data_Memory.sv:9$14'.
  created $adff cell `$procdff$3275' with positive edge clock and positive level reset.
Creating register for signal `\Data_Memory.\D_Memory[16]' using process `\Data_Memory.$proc$/openlane/designs/Singgle_cycle/src/Data_Memory.sv:9$14'.
  created $adff cell `$procdff$3276' with positive edge clock and positive level reset.
Creating register for signal `\Data_Memory.\D_Memory[17]' using process `\Data_Memory.$proc$/openlane/designs/Singgle_cycle/src/Data_Memory.sv:9$14'.
  created $adff cell `$procdff$3277' with positive edge clock and positive level reset.
Creating register for signal `\Data_Memory.\D_Memory[18]' using process `\Data_Memory.$proc$/openlane/designs/Singgle_cycle/src/Data_Memory.sv:9$14'.
  created $adff cell `$procdff$3278' with positive edge clock and positive level reset.
Creating register for signal `\Data_Memory.\D_Memory[19]' using process `\Data_Memory.$proc$/openlane/designs/Singgle_cycle/src/Data_Memory.sv:9$14'.
  created $adff cell `$procdff$3279' with positive edge clock and positive level reset.
Creating register for signal `\Data_Memory.\D_Memory[20]' using process `\Data_Memory.$proc$/openlane/designs/Singgle_cycle/src/Data_Memory.sv:9$14'.
  created $adff cell `$procdff$3280' with positive edge clock and positive level reset.
Creating register for signal `\Data_Memory.\D_Memory[21]' using process `\Data_Memory.$proc$/openlane/designs/Singgle_cycle/src/Data_Memory.sv:9$14'.
  created $adff cell `$procdff$3281' with positive edge clock and positive level reset.
Creating register for signal `\Data_Memory.\D_Memory[22]' using process `\Data_Memory.$proc$/openlane/designs/Singgle_cycle/src/Data_Memory.sv:9$14'.
  created $adff cell `$procdff$3282' with positive edge clock and positive level reset.
Creating register for signal `\Data_Memory.\D_Memory[23]' using process `\Data_Memory.$proc$/openlane/designs/Singgle_cycle/src/Data_Memory.sv:9$14'.
  created $adff cell `$procdff$3283' with positive edge clock and positive level reset.
Creating register for signal `\Data_Memory.\D_Memory[24]' using process `\Data_Memory.$proc$/openlane/designs/Singgle_cycle/src/Data_Memory.sv:9$14'.
  created $adff cell `$procdff$3284' with positive edge clock and positive level reset.
Creating register for signal `\Data_Memory.\D_Memory[25]' using process `\Data_Memory.$proc$/openlane/designs/Singgle_cycle/src/Data_Memory.sv:9$14'.
  created $adff cell `$procdff$3285' with positive edge clock and positive level reset.
Creating register for signal `\Data_Memory.\D_Memory[26]' using process `\Data_Memory.$proc$/openlane/designs/Singgle_cycle/src/Data_Memory.sv:9$14'.
  created $adff cell `$procdff$3286' with positive edge clock and positive level reset.
Creating register for signal `\Data_Memory.\D_Memory[27]' using process `\Data_Memory.$proc$/openlane/designs/Singgle_cycle/src/Data_Memory.sv:9$14'.
  created $adff cell `$procdff$3287' with positive edge clock and positive level reset.
Creating register for signal `\Data_Memory.\D_Memory[28]' using process `\Data_Memory.$proc$/openlane/designs/Singgle_cycle/src/Data_Memory.sv:9$14'.
  created $adff cell `$procdff$3288' with positive edge clock and positive level reset.
Creating register for signal `\Data_Memory.\D_Memory[29]' using process `\Data_Memory.$proc$/openlane/designs/Singgle_cycle/src/Data_Memory.sv:9$14'.
  created $adff cell `$procdff$3289' with positive edge clock and positive level reset.
Creating register for signal `\Data_Memory.\D_Memory[30]' using process `\Data_Memory.$proc$/openlane/designs/Singgle_cycle/src/Data_Memory.sv:9$14'.
  created $adff cell `$procdff$3290' with positive edge clock and positive level reset.
Creating register for signal `\Data_Memory.\D_Memory[31]' using process `\Data_Memory.$proc$/openlane/designs/Singgle_cycle/src/Data_Memory.sv:9$14'.
  created $adff cell `$procdff$3291' with positive edge clock and positive level reset.
Creating register for signal `\Data_Memory.\D_Memory[32]' using process `\Data_Memory.$proc$/openlane/designs/Singgle_cycle/src/Data_Memory.sv:9$14'.
  created $adff cell `$procdff$3292' with positive edge clock and positive level reset.
Creating register for signal `\Data_Memory.\D_Memory[33]' using process `\Data_Memory.$proc$/openlane/designs/Singgle_cycle/src/Data_Memory.sv:9$14'.
  created $adff cell `$procdff$3293' with positive edge clock and positive level reset.
Creating register for signal `\Data_Memory.\D_Memory[34]' using process `\Data_Memory.$proc$/openlane/designs/Singgle_cycle/src/Data_Memory.sv:9$14'.
  created $adff cell `$procdff$3294' with positive edge clock and positive level reset.
Creating register for signal `\Data_Memory.\D_Memory[35]' using process `\Data_Memory.$proc$/openlane/designs/Singgle_cycle/src/Data_Memory.sv:9$14'.
  created $adff cell `$procdff$3295' with positive edge clock and positive level reset.
Creating register for signal `\Data_Memory.\D_Memory[36]' using process `\Data_Memory.$proc$/openlane/designs/Singgle_cycle/src/Data_Memory.sv:9$14'.
  created $adff cell `$procdff$3296' with positive edge clock and positive level reset.
Creating register for signal `\Data_Memory.\D_Memory[37]' using process `\Data_Memory.$proc$/openlane/designs/Singgle_cycle/src/Data_Memory.sv:9$14'.
  created $adff cell `$procdff$3297' with positive edge clock and positive level reset.
Creating register for signal `\Data_Memory.\D_Memory[38]' using process `\Data_Memory.$proc$/openlane/designs/Singgle_cycle/src/Data_Memory.sv:9$14'.
  created $adff cell `$procdff$3298' with positive edge clock and positive level reset.
Creating register for signal `\Data_Memory.\D_Memory[39]' using process `\Data_Memory.$proc$/openlane/designs/Singgle_cycle/src/Data_Memory.sv:9$14'.
  created $adff cell `$procdff$3299' with positive edge clock and positive level reset.
Creating register for signal `\Data_Memory.\D_Memory[40]' using process `\Data_Memory.$proc$/openlane/designs/Singgle_cycle/src/Data_Memory.sv:9$14'.
  created $adff cell `$procdff$3300' with positive edge clock and positive level reset.
Creating register for signal `\Data_Memory.\D_Memory[41]' using process `\Data_Memory.$proc$/openlane/designs/Singgle_cycle/src/Data_Memory.sv:9$14'.
  created $adff cell `$procdff$3301' with positive edge clock and positive level reset.
Creating register for signal `\Data_Memory.\D_Memory[42]' using process `\Data_Memory.$proc$/openlane/designs/Singgle_cycle/src/Data_Memory.sv:9$14'.
  created $adff cell `$procdff$3302' with positive edge clock and positive level reset.
Creating register for signal `\Data_Memory.\D_Memory[43]' using process `\Data_Memory.$proc$/openlane/designs/Singgle_cycle/src/Data_Memory.sv:9$14'.
  created $adff cell `$procdff$3303' with positive edge clock and positive level reset.
Creating register for signal `\Data_Memory.\D_Memory[44]' using process `\Data_Memory.$proc$/openlane/designs/Singgle_cycle/src/Data_Memory.sv:9$14'.
  created $adff cell `$procdff$3304' with positive edge clock and positive level reset.
Creating register for signal `\Data_Memory.\D_Memory[45]' using process `\Data_Memory.$proc$/openlane/designs/Singgle_cycle/src/Data_Memory.sv:9$14'.
  created $adff cell `$procdff$3305' with positive edge clock and positive level reset.
Creating register for signal `\Data_Memory.\D_Memory[46]' using process `\Data_Memory.$proc$/openlane/designs/Singgle_cycle/src/Data_Memory.sv:9$14'.
  created $adff cell `$procdff$3306' with positive edge clock and positive level reset.
Creating register for signal `\Data_Memory.\D_Memory[47]' using process `\Data_Memory.$proc$/openlane/designs/Singgle_cycle/src/Data_Memory.sv:9$14'.
  created $adff cell `$procdff$3307' with positive edge clock and positive level reset.
Creating register for signal `\Data_Memory.\D_Memory[48]' using process `\Data_Memory.$proc$/openlane/designs/Singgle_cycle/src/Data_Memory.sv:9$14'.
  created $adff cell `$procdff$3308' with positive edge clock and positive level reset.
Creating register for signal `\Data_Memory.\D_Memory[49]' using process `\Data_Memory.$proc$/openlane/designs/Singgle_cycle/src/Data_Memory.sv:9$14'.
  created $adff cell `$procdff$3309' with positive edge clock and positive level reset.
Creating register for signal `\Data_Memory.\D_Memory[50]' using process `\Data_Memory.$proc$/openlane/designs/Singgle_cycle/src/Data_Memory.sv:9$14'.
  created $adff cell `$procdff$3310' with positive edge clock and positive level reset.
Creating register for signal `\Data_Memory.\D_Memory[51]' using process `\Data_Memory.$proc$/openlane/designs/Singgle_cycle/src/Data_Memory.sv:9$14'.
  created $adff cell `$procdff$3311' with positive edge clock and positive level reset.
Creating register for signal `\Data_Memory.\D_Memory[52]' using process `\Data_Memory.$proc$/openlane/designs/Singgle_cycle/src/Data_Memory.sv:9$14'.
  created $adff cell `$procdff$3312' with positive edge clock and positive level reset.
Creating register for signal `\Data_Memory.\D_Memory[53]' using process `\Data_Memory.$proc$/openlane/designs/Singgle_cycle/src/Data_Memory.sv:9$14'.
  created $adff cell `$procdff$3313' with positive edge clock and positive level reset.
Creating register for signal `\Data_Memory.\D_Memory[54]' using process `\Data_Memory.$proc$/openlane/designs/Singgle_cycle/src/Data_Memory.sv:9$14'.
  created $adff cell `$procdff$3314' with positive edge clock and positive level reset.
Creating register for signal `\Data_Memory.\D_Memory[55]' using process `\Data_Memory.$proc$/openlane/designs/Singgle_cycle/src/Data_Memory.sv:9$14'.
  created $adff cell `$procdff$3315' with positive edge clock and positive level reset.
Creating register for signal `\Data_Memory.\D_Memory[56]' using process `\Data_Memory.$proc$/openlane/designs/Singgle_cycle/src/Data_Memory.sv:9$14'.
  created $adff cell `$procdff$3316' with positive edge clock and positive level reset.
Creating register for signal `\Data_Memory.\D_Memory[57]' using process `\Data_Memory.$proc$/openlane/designs/Singgle_cycle/src/Data_Memory.sv:9$14'.
  created $adff cell `$procdff$3317' with positive edge clock and positive level reset.
Creating register for signal `\Data_Memory.\D_Memory[58]' using process `\Data_Memory.$proc$/openlane/designs/Singgle_cycle/src/Data_Memory.sv:9$14'.
  created $adff cell `$procdff$3318' with positive edge clock and positive level reset.
Creating register for signal `\Data_Memory.\D_Memory[59]' using process `\Data_Memory.$proc$/openlane/designs/Singgle_cycle/src/Data_Memory.sv:9$14'.
  created $adff cell `$procdff$3319' with positive edge clock and positive level reset.
Creating register for signal `\Data_Memory.\D_Memory[60]' using process `\Data_Memory.$proc$/openlane/designs/Singgle_cycle/src/Data_Memory.sv:9$14'.
  created $adff cell `$procdff$3320' with positive edge clock and positive level reset.
Creating register for signal `\Data_Memory.\D_Memory[61]' using process `\Data_Memory.$proc$/openlane/designs/Singgle_cycle/src/Data_Memory.sv:9$14'.
  created $adff cell `$procdff$3321' with positive edge clock and positive level reset.
Creating register for signal `\Data_Memory.\D_Memory[62]' using process `\Data_Memory.$proc$/openlane/designs/Singgle_cycle/src/Data_Memory.sv:9$14'.
  created $adff cell `$procdff$3322' with positive edge clock and positive level reset.
Creating register for signal `\Data_Memory.\D_Memory[63]' using process `\Data_Memory.$proc$/openlane/designs/Singgle_cycle/src/Data_Memory.sv:9$14'.
  created $adff cell `$procdff$3323' with positive edge clock and positive level reset.
Creating register for signal `\Data_Memory.$mem2reg_wr$\D_Memory$/openlane/designs/Singgle_cycle/src/Data_Memory.sv:16$12_ADDR' using process `\Data_Memory.$proc$/openlane/designs/Singgle_cycle/src/Data_Memory.sv:9$14'.
  created $adff cell `$procdff$3324' with positive edge clock and positive level reset.
Creating register for signal `\Data_Memory.$mem2reg_wr$\D_Memory$/openlane/designs/Singgle_cycle/src/Data_Memory.sv:16$12_DATA' using process `\Data_Memory.$proc$/openlane/designs/Singgle_cycle/src/Data_Memory.sv:9$14'.
  created $adff cell `$procdff$3325' with positive edge clock and positive level reset.

26. Executing PROC_MEMWR pass (convert process memory writes to cells).

27. Executing PROC_CLEAN pass (remove empty switches from decision trees).
Found and cleaned up 1 empty switch in `\Reg_file.$proc$/openlane/designs/Singgle_cycle/src/Reg_file.sv:0$52'.
Removing empty process `Reg_file.$proc$/openlane/designs/Singgle_cycle/src/Reg_file.sv:0$52'.
Found and cleaned up 1 empty switch in `\Reg_file.$proc$/openlane/designs/Singgle_cycle/src/Reg_file.sv:0$49'.
Removing empty process `Reg_file.$proc$/openlane/designs/Singgle_cycle/src/Reg_file.sv:0$49'.
Found and cleaned up 2 empty switches in `\Reg_file.$proc$/openlane/designs/Singgle_cycle/src/Reg_file.sv:10$36'.
Removing empty process `Reg_file.$proc$/openlane/designs/Singgle_cycle/src/Reg_file.sv:10$36'.
Removing empty process `Program_Counter.$proc$/openlane/designs/Singgle_cycle/src/Program_Counter.sv:8$31'.
Found and cleaned up 1 empty switch in `\ImmGen.$proc$/openlane/designs/Singgle_cycle/src/ImmGen.sv:0$25'.
Removing empty process `ImmGen.$proc$/openlane/designs/Singgle_cycle/src/ImmGen.sv:0$25'.
Found and cleaned up 1 empty switch in `\Data_Memory.$proc$/openlane/designs/Singgle_cycle/src/Data_Memory.sv:0$22'.
Removing empty process `Data_Memory.$proc$/openlane/designs/Singgle_cycle/src/Data_Memory.sv:0$22'.
Found and cleaned up 2 empty switches in `\Data_Memory.$proc$/openlane/designs/Singgle_cycle/src/Data_Memory.sv:9$14'.
Removing empty process `Data_Memory.$proc$/openlane/designs/Singgle_cycle/src/Data_Memory.sv:9$14'.
Found and cleaned up 1 empty switch in `\Control_Unit.$proc$/openlane/designs/Singgle_cycle/src/Control_Unit.sv:0$10'.
Removing empty process `Control_Unit.$proc$/openlane/designs/Singgle_cycle/src/Control_Unit.sv:0$10'.
Found and cleaned up 1 empty switch in `\ALU_unit.$proc$/openlane/designs/Singgle_cycle/src/ALU_unit.sv:0$4'.
Removing empty process `ALU_unit.$proc$/openlane/designs/Singgle_cycle/src/ALU_unit.sv:0$4'.
Found and cleaned up 2 empty switches in `\ALU_Control.$proc$/openlane/designs/Singgle_cycle/src/ALU_Control.sv:0$2'.
Removing empty process `ALU_Control.$proc$/openlane/designs/Singgle_cycle/src/ALU_Control.sv:0$2'.
Cleaned up 12 empty switches.

28. Executing CHECK pass (checking for obvious problems).
Checking module top...
Checking module Reg_file...
Checking module Program_Counter...
Checking module PCplus4...
Checking module Mux2to1...
Checking module Instruction_Mem...
Checking module ImmGen...
Checking module Data_Memory...
Checking module Control_Unit...
Checking module ALU_unit...
Checking module ALU_Control...
Checking module Adder...
Found and reported 0 problems.

29. Executing OPT_EXPR pass (perform const folding).
Optimizing module top.
Optimizing module Reg_file.
<suppressed ~6 debug messages>
Optimizing module Program_Counter.
Optimizing module PCplus4.
Optimizing module Mux2to1.
Optimizing module Instruction_Mem.
Optimizing module ImmGen.
Optimizing module Data_Memory.
<suppressed ~2 debug messages>
Optimizing module Control_Unit.
Optimizing module ALU_unit.
<suppressed ~2 debug messages>
Optimizing module ALU_Control.
<suppressed ~1 debug messages>
Optimizing module Adder.

30. Executing FLATTEN pass (flatten design).
Deleting now unused module Reg_file.
Deleting now unused module Program_Counter.
Deleting now unused module PCplus4.
Deleting now unused module Mux2to1.
Deleting now unused module Instruction_Mem.
Deleting now unused module ImmGen.
Deleting now unused module Data_Memory.
Deleting now unused module Control_Unit.
Deleting now unused module ALU_unit.
Deleting now unused module ALU_Control.
Deleting now unused module Adder.
<suppressed ~13 debug messages>

31. Executing OPT_EXPR pass (perform const folding).
Optimizing module top.

32. Executing OPT_CLEAN pass (remove unused cells and wires).
Finding unused cells or wires in module \top..
Removed 10 unused cells and 272 unused wires.
<suppressed ~13 debug messages>

33. Executing OPT pass (performing simple optimizations).

33.1. Executing OPT_EXPR pass (perform const folding).
Optimizing module top.

33.2. Executing OPT_MERGE pass (detect identical cells).
Finding identical cells in module `\top'.
<suppressed ~213 debug messages>
Removed a total of 71 cells.

33.3. Executing OPT_MUXTREE pass (detect dead branches in mux trees).
Running muxtree optimizer on module \top..
  Creating internal representation of mux trees.
  Evaluating internal representation of mux trees.
  Analyzing evaluation results.
    dead port 2/2 on $mux $flatten\AC_inst.$procmux$3217.
    dead port 32/33 on $pmux $flatten\RF_inst.$procmux$56.
    dead port 32/33 on $pmux $flatten\RF_inst.$procmux$89.
Removed 3 multiplexer ports.
<suppressed ~105 debug messages>

33.4. Executing OPT_REDUCE pass (consolidate $*mux and $reduce_* inputs).
  Optimizing cells in module \top.
Performed a total of 0 changes.

33.5. Executing OPT_MERGE pass (detect identical cells).
Finding identical cells in module `\top'.
Removed a total of 0 cells.

33.6. Executing OPT_DFF pass (perform DFF optimizations).

33.7. Executing OPT_CLEAN pass (remove unused cells and wires).
Finding unused cells or wires in module \top..
Removed 4 unused cells and 74 unused wires.
<suppressed ~6 debug messages>

33.8. Executing OPT_EXPR pass (perform const folding).
Optimizing module top.

33.9. Rerunning OPT passes. (Maybe there is more to do..)

33.10. Executing OPT_MUXTREE pass (detect dead branches in mux trees).
Running muxtree optimizer on module \top..
  Creating internal representation of mux trees.
  Evaluating internal representation of mux trees.
  Analyzing evaluation results.
Removed 0 multiplexer ports.
<suppressed ~104 debug messages>

33.11. Executing OPT_REDUCE pass (consolidate $*mux and $reduce_* inputs).
  Optimizing cells in module \top.
Performed a total of 0 changes.

33.12. Executing OPT_MERGE pass (detect identical cells).
Finding identical cells in module `\top'.
Removed a total of 0 cells.

33.13. Executing OPT_DFF pass (perform DFF optimizations).

33.14. Executing OPT_CLEAN pass (remove unused cells and wires).
Finding unused cells or wires in module \top..

33.15. Executing OPT_EXPR pass (perform const folding).
Optimizing module top.

33.16. Finished OPT passes. (There is nothing left to do.)

34. Executing FSM pass (extract and optimize FSM).

34.1. Executing FSM_DETECT pass (finding FSMs in design).

34.2. Executing FSM_EXTRACT pass (extracting FSM from design).

34.3. Executing FSM_OPT pass (simple optimizations of FSMs).

34.4. Executing OPT_CLEAN pass (remove unused cells and wires).
Finding unused cells or wires in module \top..

34.5. Executing FSM_OPT pass (simple optimizations of FSMs).

34.6. Executing FSM_RECODE pass (re-assigning FSM state encoding).

34.7. Executing FSM_INFO pass (dumping all available information on FSM cells).

34.8. Executing FSM_MAP pass (mapping FSMs to basic logic).

35. Executing OPT pass (performing simple optimizations).

35.1. Executing OPT_EXPR pass (perform const folding).
Optimizing module top.

35.2. Executing OPT_MERGE pass (detect identical cells).
Finding identical cells in module `\top'.
Removed a total of 0 cells.

35.3. Executing OPT_MUXTREE pass (detect dead branches in mux trees).
Running muxtree optimizer on module \top..
  Creating internal representation of mux trees.
  Evaluating internal representation of mux trees.
  Analyzing evaluation results.
Removed 0 multiplexer ports.
<suppressed ~104 debug messages>

35.4. Executing OPT_REDUCE pass (consolidate $*mux and $reduce_* inputs).
  Optimizing cells in module \top.
Performed a total of 0 changes.

35.5. Executing OPT_MERGE pass (detect identical cells).
Finding identical cells in module `\top'.
Removed a total of 0 cells.

35.6. Executing OPT_DFF pass (perform DFF optimizations).
Adding EN signal on $flatten\RF_inst.$procdff$3255 ($adff) from module top (D = \RF_inst.write_data, Q = \RF_inst.Registers[31]).
Adding EN signal on $flatten\RF_inst.$procdff$3254 ($adff) from module top (D = \RF_inst.write_data, Q = \RF_inst.Registers[30]).
Adding EN signal on $flatten\RF_inst.$procdff$3253 ($adff) from module top (D = \RF_inst.write_data, Q = \RF_inst.Registers[29]).
Adding EN signal on $flatten\RF_inst.$procdff$3252 ($adff) from module top (D = \RF_inst.write_data, Q = \RF_inst.Registers[28]).
Adding EN signal on $flatten\RF_inst.$procdff$3251 ($adff) from module top (D = \RF_inst.write_data, Q = \RF_inst.Registers[27]).
Adding EN signal on $flatten\RF_inst.$procdff$3250 ($adff) from module top (D = \RF_inst.write_data, Q = \RF_inst.Registers[26]).
Adding EN signal on $flatten\RF_inst.$procdff$3249 ($adff) from module top (D = \RF_inst.write_data, Q = \RF_inst.Registers[25]).
Adding EN signal on $flatten\RF_inst.$procdff$3248 ($adff) from module top (D = \RF_inst.write_data, Q = \RF_inst.Registers[24]).
Adding EN signal on $flatten\RF_inst.$procdff$3247 ($adff) from module top (D = \RF_inst.write_data, Q = \RF_inst.Registers[23]).
Adding EN signal on $flatten\RF_inst.$procdff$3246 ($adff) from module top (D = \RF_inst.write_data, Q = \RF_inst.Registers[22]).
Adding EN signal on $flatten\RF_inst.$procdff$3245 ($adff) from module top (D = \RF_inst.write_data, Q = \RF_inst.Registers[21]).
Adding EN signal on $flatten\RF_inst.$procdff$3244 ($adff) from module top (D = \RF_inst.write_data, Q = \RF_inst.Registers[20]).
Adding EN signal on $flatten\RF_inst.$procdff$3243 ($adff) from module top (D = \RF_inst.write_data, Q = \RF_inst.Registers[19]).
Adding EN signal on $flatten\RF_inst.$procdff$3242 ($adff) from module top (D = \RF_inst.write_data, Q = \RF_inst.Registers[18]).
Adding EN signal on $flatten\RF_inst.$procdff$3241 ($adff) from module top (D = \RF_inst.write_data, Q = \RF_inst.Registers[17]).
Adding EN signal on $flatten\RF_inst.$procdff$3240 ($adff) from module top (D = \RF_inst.write_data, Q = \RF_inst.Registers[16]).
Adding EN signal on $flatten\RF_inst.$procdff$3239 ($adff) from module top (D = \RF_inst.write_data, Q = \RF_inst.Registers[15]).
Adding EN signal on $flatten\RF_inst.$procdff$3238 ($adff) from module top (D = \RF_inst.write_data, Q = \RF_inst.Registers[14]).
Adding EN signal on $flatten\RF_inst.$procdff$3237 ($adff) from module top (D = \RF_inst.write_data, Q = \RF_inst.Registers[13]).
Adding EN signal on $flatten\RF_inst.$procdff$3236 ($adff) from module top (D = \RF_inst.write_data, Q = \RF_inst.Registers[12]).
Adding EN signal on $flatten\RF_inst.$procdff$3235 ($adff) from module top (D = \RF_inst.write_data, Q = \RF_inst.Registers[11]).
Adding EN signal on $flatten\RF_inst.$procdff$3234 ($adff) from module top (D = \RF_inst.write_data, Q = \RF_inst.Registers[10]).
Adding EN signal on $flatten\RF_inst.$procdff$3233 ($adff) from module top (D = \RF_inst.write_data, Q = \RF_inst.Registers[9]).
Adding EN signal on $flatten\RF_inst.$procdff$3232 ($adff) from module top (D = \RF_inst.write_data, Q = \RF_inst.Registers[8]).
Adding EN signal on $flatten\RF_inst.$procdff$3231 ($adff) from module top (D = \RF_inst.write_data, Q = \RF_inst.Registers[7]).
Adding EN signal on $flatten\RF_inst.$procdff$3230 ($adff) from module top (D = \RF_inst.write_data, Q = \RF_inst.Registers[6]).
Adding EN signal on $flatten\RF_inst.$procdff$3229 ($adff) from module top (D = \RF_inst.write_data, Q = \RF_inst.Registers[5]).
Adding EN signal on $flatten\RF_inst.$procdff$3228 ($adff) from module top (D = \RF_inst.write_data, Q = \RF_inst.Registers[4]).
Adding EN signal on $flatten\RF_inst.$procdff$3227 ($adff) from module top (D = \RF_inst.write_data, Q = \RF_inst.Registers[3]).
Adding EN signal on $flatten\RF_inst.$procdff$3226 ($adff) from module top (D = \RF_inst.write_data, Q = \RF_inst.Registers[2]).
Adding EN signal on $flatten\RF_inst.$procdff$3225 ($adff) from module top (D = \RF_inst.write_data, Q = \RF_inst.Registers[1]).
Adding EN signal on $flatten\DM_inst.$procdff$3323 ($adff) from module top (D = \ALU_in_Mux.in0, Q = \DM_inst.D_Memory[63]).
Adding EN signal on $flatten\DM_inst.$procdff$3322 ($adff) from module top (D = \ALU_in_Mux.in0, Q = \DM_inst.D_Memory[62]).
Adding EN signal on $flatten\DM_inst.$procdff$3321 ($adff) from module top (D = \ALU_in_Mux.in0, Q = \DM_inst.D_Memory[61]).
Adding EN signal on $flatten\DM_inst.$procdff$3320 ($adff) from module top (D = \ALU_in_Mux.in0, Q = \DM_inst.D_Memory[60]).
Adding EN signal on $flatten\DM_inst.$procdff$3319 ($adff) from module top (D = \ALU_in_Mux.in0, Q = \DM_inst.D_Memory[59]).
Adding EN signal on $flatten\DM_inst.$procdff$3318 ($adff) from module top (D = \ALU_in_Mux.in0, Q = \DM_inst.D_Memory[58]).
Adding EN signal on $flatten\DM_inst.$procdff$3317 ($adff) from module top (D = \ALU_in_Mux.in0, Q = \DM_inst.D_Memory[57]).
Adding EN signal on $flatten\DM_inst.$procdff$3316 ($adff) from module top (D = \ALU_in_Mux.in0, Q = \DM_inst.D_Memory[56]).
Adding EN signal on $flatten\DM_inst.$procdff$3315 ($adff) from module top (D = \ALU_in_Mux.in0, Q = \DM_inst.D_Memory[55]).
Adding EN signal on $flatten\DM_inst.$procdff$3314 ($adff) from module top (D = \ALU_in_Mux.in0, Q = \DM_inst.D_Memory[54]).
Adding EN signal on $flatten\DM_inst.$procdff$3313 ($adff) from module top (D = \ALU_in_Mux.in0, Q = \DM_inst.D_Memory[53]).
Adding EN signal on $flatten\DM_inst.$procdff$3312 ($adff) from module top (D = \ALU_in_Mux.in0, Q = \DM_inst.D_Memory[52]).
Adding EN signal on $flatten\DM_inst.$procdff$3311 ($adff) from module top (D = \ALU_in_Mux.in0, Q = \DM_inst.D_Memory[51]).
Adding EN signal on $flatten\DM_inst.$procdff$3310 ($adff) from module top (D = \ALU_in_Mux.in0, Q = \DM_inst.D_Memory[50]).
Adding EN signal on $flatten\DM_inst.$procdff$3309 ($adff) from module top (D = \ALU_in_Mux.in0, Q = \DM_inst.D_Memory[49]).
Adding EN signal on $flatten\DM_inst.$procdff$3308 ($adff) from module top (D = \ALU_in_Mux.in0, Q = \DM_inst.D_Memory[48]).
Adding EN signal on $flatten\DM_inst.$procdff$3307 ($adff) from module top (D = \ALU_in_Mux.in0, Q = \DM_inst.D_Memory[47]).
Adding EN signal on $flatten\DM_inst.$procdff$3306 ($adff) from module top (D = \ALU_in_Mux.in0, Q = \DM_inst.D_Memory[46]).
Adding EN signal on $flatten\DM_inst.$procdff$3305 ($adff) from module top (D = \ALU_in_Mux.in0, Q = \DM_inst.D_Memory[45]).
Adding EN signal on $flatten\DM_inst.$procdff$3304 ($adff) from module top (D = \ALU_in_Mux.in0, Q = \DM_inst.D_Memory[44]).
Adding EN signal on $flatten\DM_inst.$procdff$3303 ($adff) from module top (D = \ALU_in_Mux.in0, Q = \DM_inst.D_Memory[43]).
Adding EN signal on $flatten\DM_inst.$procdff$3302 ($adff) from module top (D = \ALU_in_Mux.in0, Q = \DM_inst.D_Memory[42]).
Adding EN signal on $flatten\DM_inst.$procdff$3301 ($adff) from module top (D = \ALU_in_Mux.in0, Q = \DM_inst.D_Memory[41]).
Adding EN signal on $flatten\DM_inst.$procdff$3300 ($adff) from module top (D = \ALU_in_Mux.in0, Q = \DM_inst.D_Memory[40]).
Adding EN signal on $flatten\DM_inst.$procdff$3299 ($adff) from module top (D = \ALU_in_Mux.in0, Q = \DM_inst.D_Memory[39]).
Adding EN signal on $flatten\DM_inst.$procdff$3298 ($adff) from module top (D = \ALU_in_Mux.in0, Q = \DM_inst.D_Memory[38]).
Adding EN signal on $flatten\DM_inst.$procdff$3297 ($adff) from module top (D = \ALU_in_Mux.in0, Q = \DM_inst.D_Memory[37]).
Adding EN signal on $flatten\DM_inst.$procdff$3296 ($adff) from module top (D = \ALU_in_Mux.in0, Q = \DM_inst.D_Memory[36]).
Adding EN signal on $flatten\DM_inst.$procdff$3295 ($adff) from module top (D = \ALU_in_Mux.in0, Q = \DM_inst.D_Memory[35]).
Adding EN signal on $flatten\DM_inst.$procdff$3294 ($adff) from module top (D = \ALU_in_Mux.in0, Q = \DM_inst.D_Memory[34]).
Adding EN signal on $flatten\DM_inst.$procdff$3293 ($adff) from module top (D = \ALU_in_Mux.in0, Q = \DM_inst.D_Memory[33]).
Adding EN signal on $flatten\DM_inst.$procdff$3292 ($adff) from module top (D = \ALU_in_Mux.in0, Q = \DM_inst.D_Memory[32]).
Adding EN signal on $flatten\DM_inst.$procdff$3291 ($adff) from module top (D = \ALU_in_Mux.in0, Q = \DM_inst.D_Memory[31]).
Adding EN signal on $flatten\DM_inst.$procdff$3290 ($adff) from module top (D = \ALU_in_Mux.in0, Q = \DM_inst.D_Memory[30]).
Adding EN signal on $flatten\DM_inst.$procdff$3289 ($adff) from module top (D = \ALU_in_Mux.in0, Q = \DM_inst.D_Memory[29]).
Adding EN signal on $flatten\DM_inst.$procdff$3288 ($adff) from module top (D = \ALU_in_Mux.in0, Q = \DM_inst.D_Memory[28]).
Adding EN signal on $flatten\DM_inst.$procdff$3287 ($adff) from module top (D = \ALU_in_Mux.in0, Q = \DM_inst.D_Memory[27]).
Adding EN signal on $flatten\DM_inst.$procdff$3286 ($adff) from module top (D = \ALU_in_Mux.in0, Q = \DM_inst.D_Memory[26]).
Adding EN signal on $flatten\DM_inst.$procdff$3285 ($adff) from module top (D = \ALU_in_Mux.in0, Q = \DM_inst.D_Memory[25]).
Adding EN signal on $flatten\DM_inst.$procdff$3284 ($adff) from module top (D = \ALU_in_Mux.in0, Q = \DM_inst.D_Memory[24]).
Adding EN signal on $flatten\DM_inst.$procdff$3283 ($adff) from module top (D = \ALU_in_Mux.in0, Q = \DM_inst.D_Memory[23]).
Adding EN signal on $flatten\DM_inst.$procdff$3282 ($adff) from module top (D = \ALU_in_Mux.in0, Q = \DM_inst.D_Memory[22]).
Adding EN signal on $flatten\DM_inst.$procdff$3281 ($adff) from module top (D = \ALU_in_Mux.in0, Q = \DM_inst.D_Memory[21]).
Adding EN signal on $flatten\DM_inst.$procdff$3280 ($adff) from module top (D = \ALU_in_Mux.in0, Q = \DM_inst.D_Memory[20]).
Adding EN signal on $flatten\DM_inst.$procdff$3279 ($adff) from module top (D = \ALU_in_Mux.in0, Q = \DM_inst.D_Memory[19]).
Adding EN signal on $flatten\DM_inst.$procdff$3278 ($adff) from module top (D = \ALU_in_Mux.in0, Q = \DM_inst.D_Memory[18]).
Adding EN signal on $flatten\DM_inst.$procdff$3277 ($adff) from module top (D = \ALU_in_Mux.in0, Q = \DM_inst.D_Memory[17]).
Adding EN signal on $flatten\DM_inst.$procdff$3276 ($adff) from module top (D = \ALU_in_Mux.in0, Q = \DM_inst.D_Memory[16]).
Adding EN signal on $flatten\DM_inst.$procdff$3275 ($adff) from module top (D = \ALU_in_Mux.in0, Q = \DM_inst.D_Memory[15]).
Adding EN signal on $flatten\DM_inst.$procdff$3274 ($adff) from module top (D = \ALU_in_Mux.in0, Q = \DM_inst.D_Memory[14]).
Adding EN signal on $flatten\DM_inst.$procdff$3273 ($adff) from module top (D = \ALU_in_Mux.in0, Q = \DM_inst.D_Memory[13]).
Adding EN signal on $flatten\DM_inst.$procdff$3272 ($adff) from module top (D = \ALU_in_Mux.in0, Q = \DM_inst.D_Memory[12]).
Adding EN signal on $flatten\DM_inst.$procdff$3271 ($adff) from module top (D = \ALU_in_Mux.in0, Q = \DM_inst.D_Memory[11]).
Adding EN signal on $flatten\DM_inst.$procdff$3270 ($adff) from module top (D = \ALU_in_Mux.in0, Q = \DM_inst.D_Memory[10]).
Adding EN signal on $flatten\DM_inst.$procdff$3269 ($adff) from module top (D = \ALU_in_Mux.in0, Q = \DM_inst.D_Memory[9]).
Adding EN signal on $flatten\DM_inst.$procdff$3268 ($adff) from module top (D = \ALU_in_Mux.in0, Q = \DM_inst.D_Memory[8]).
Adding EN signal on $flatten\DM_inst.$procdff$3267 ($adff) from module top (D = \ALU_in_Mux.in0, Q = \DM_inst.D_Memory[7]).
Adding EN signal on $flatten\DM_inst.$procdff$3266 ($adff) from module top (D = \ALU_in_Mux.in0, Q = \DM_inst.D_Memory[6]).
Adding EN signal on $flatten\DM_inst.$procdff$3265 ($adff) from module top (D = \ALU_in_Mux.in0, Q = \DM_inst.D_Memory[5]).
Adding EN signal on $flatten\DM_inst.$procdff$3264 ($adff) from module top (D = \ALU_in_Mux.in0, Q = \DM_inst.D_Memory[4]).
Adding EN signal on $flatten\DM_inst.$procdff$3263 ($adff) from module top (D = \ALU_in_Mux.in0, Q = \DM_inst.D_Memory[3]).
Adding EN signal on $flatten\DM_inst.$procdff$3262 ($adff) from module top (D = \ALU_in_Mux.in0, Q = \DM_inst.D_Memory[2]).
Adding EN signal on $flatten\DM_inst.$procdff$3261 ($adff) from module top (D = \ALU_in_Mux.in0, Q = \DM_inst.D_Memory[1]).
Adding EN signal on $flatten\DM_inst.$procdff$3260 ($adff) from module top (D = \ALU_in_Mux.in0, Q = \DM_inst.D_Memory[0]).

35.7. Executing OPT_CLEAN pass (remove unused cells and wires).
Finding unused cells or wires in module \top..
Removed 190 unused cells and 190 unused wires.
<suppressed ~191 debug messages>

35.8. Executing OPT_EXPR pass (perform const folding).
Optimizing module top.

35.9. Rerunning OPT passes. (Maybe there is more to do..)

35.10. Executing OPT_MUXTREE pass (detect dead branches in mux trees).
Running muxtree optimizer on module \top..
  Creating internal representation of mux trees.
  Evaluating internal representation of mux trees.
  Analyzing evaluation results.
Removed 0 multiplexer ports.
<suppressed ~9 debug messages>

35.11. Executing OPT_REDUCE pass (consolidate $*mux and $reduce_* inputs).
  Optimizing cells in module \top.
Performed a total of 0 changes.

35.12. Executing OPT_MERGE pass (detect identical cells).
Finding identical cells in module `\top'.
Removed a total of 0 cells.

35.13. Executing OPT_DFF pass (perform DFF optimizations).

35.14. Executing OPT_CLEAN pass (remove unused cells and wires).
Finding unused cells or wires in module \top..

35.15. Executing OPT_EXPR pass (perform const folding).
Optimizing module top.

35.16. Finished OPT passes. (There is nothing left to do.)

36. Executing WREDUCE pass (reducing word size of cells).
Removed top 26 address bits (of 32) from memory init port top.$flatten\IM_inst.$meminit$\Imen$/openlane/designs/Singgle_cycle/src/Instruction_Mem.sv:0$27 (IM_inst.Imen).
Removed top 29 bits (of 32) from port B of cell top.$flatten\PC4_inst.$add$/openlane/designs/Singgle_cycle/src/PCplus4.sv:5$30 ($add).
Removed top 4 bits (of 5) from port B of cell top.$flatten\RF_inst.$procmux$745_CMP0 ($eq).
Removed top 3 bits (of 5) from port B of cell top.$flatten\RF_inst.$procmux$710_CMP0 ($eq).
Removed top 3 bits (of 5) from port B of cell top.$flatten\RF_inst.$procmux$676_CMP0 ($eq).
Removed top 2 bits (of 5) from port B of cell top.$flatten\RF_inst.$procmux$643_CMP0 ($eq).
Removed top 2 bits (of 5) from port B of cell top.$flatten\RF_inst.$procmux$611_CMP0 ($eq).
Removed top 2 bits (of 5) from port B of cell top.$flatten\RF_inst.$procmux$580_CMP0 ($eq).
Removed top 2 bits (of 5) from port B of cell top.$flatten\RF_inst.$procmux$550_CMP0 ($eq).
Removed top 1 bits (of 5) from port B of cell top.$flatten\RF_inst.$procmux$521_CMP0 ($eq).
Removed top 1 bits (of 5) from port B of cell top.$flatten\RF_inst.$procmux$493_CMP0 ($eq).
Removed top 1 bits (of 5) from port B of cell top.$flatten\RF_inst.$procmux$466_CMP0 ($eq).
Removed top 1 bits (of 5) from port B of cell top.$flatten\RF_inst.$procmux$440_CMP0 ($eq).
Removed top 1 bits (of 5) from port B of cell top.$flatten\RF_inst.$procmux$415_CMP0 ($eq).
Removed top 1 bits (of 5) from port B of cell top.$flatten\RF_inst.$procmux$391_CMP0 ($eq).
Removed top 1 bits (of 5) from port B of cell top.$flatten\RF_inst.$procmux$368_CMP0 ($eq).
Removed top 1 bits (of 5) from port B of cell top.$flatten\RF_inst.$procmux$346_CMP0 ($eq).
Removed top 4 bits (of 5) from port B of cell top.$flatten\RF_inst.$procmux$120_CMP0 ($eq).
Removed top 3 bits (of 5) from port B of cell top.$flatten\RF_inst.$procmux$119_CMP0 ($eq).
Removed top 3 bits (of 5) from port B of cell top.$flatten\RF_inst.$procmux$118_CMP0 ($eq).
Removed top 2 bits (of 5) from port B of cell top.$flatten\RF_inst.$procmux$117_CMP0 ($eq).
Removed top 2 bits (of 5) from port B of cell top.$flatten\RF_inst.$procmux$116_CMP0 ($eq).
Removed top 2 bits (of 5) from port B of cell top.$flatten\RF_inst.$procmux$115_CMP0 ($eq).
Removed top 2 bits (of 5) from port B of cell top.$flatten\RF_inst.$procmux$114_CMP0 ($eq).
Removed top 1 bits (of 5) from port B of cell top.$flatten\RF_inst.$procmux$113_CMP0 ($eq).
Removed top 1 bits (of 5) from port B of cell top.$flatten\RF_inst.$procmux$112_CMP0 ($eq).
Removed top 1 bits (of 5) from port B of cell top.$flatten\RF_inst.$procmux$111_CMP0 ($eq).
Removed top 1 bits (of 5) from port B of cell top.$flatten\RF_inst.$procmux$110_CMP0 ($eq).
Removed top 1 bits (of 5) from port B of cell top.$flatten\RF_inst.$procmux$109_CMP0 ($eq).
Removed top 1 bits (of 5) from port B of cell top.$flatten\RF_inst.$procmux$108_CMP0 ($eq).
Removed top 1 bits (of 5) from port B of cell top.$flatten\RF_inst.$procmux$107_CMP0 ($eq).
Removed top 1 bits (of 5) from port B of cell top.$flatten\RF_inst.$procmux$106_CMP0 ($eq).
Removed top 4 bits (of 5) from port B of cell top.$flatten\RF_inst.$procmux$87_CMP0 ($eq).
Removed top 3 bits (of 5) from port B of cell top.$flatten\RF_inst.$procmux$86_CMP0 ($eq).
Removed top 3 bits (of 5) from port B of cell top.$flatten\RF_inst.$procmux$85_CMP0 ($eq).
Removed top 2 bits (of 5) from port B of cell top.$flatten\RF_inst.$procmux$84_CMP0 ($eq).
Removed top 2 bits (of 5) from port B of cell top.$flatten\RF_inst.$procmux$83_CMP0 ($eq).
Removed top 2 bits (of 5) from port B of cell top.$flatten\RF_inst.$procmux$82_CMP0 ($eq).
Removed top 2 bits (of 5) from port B of cell top.$flatten\RF_inst.$procmux$81_CMP0 ($eq).
Removed top 1 bits (of 5) from port B of cell top.$flatten\RF_inst.$procmux$80_CMP0 ($eq).
Removed top 1 bits (of 5) from port B of cell top.$flatten\RF_inst.$procmux$79_CMP0 ($eq).
Removed top 1 bits (of 5) from port B of cell top.$flatten\RF_inst.$procmux$78_CMP0 ($eq).
Removed top 1 bits (of 5) from port B of cell top.$flatten\RF_inst.$procmux$77_CMP0 ($eq).
Removed top 1 bits (of 5) from port B of cell top.$flatten\RF_inst.$procmux$76_CMP0 ($eq).
Removed top 1 bits (of 5) from port B of cell top.$flatten\RF_inst.$procmux$75_CMP0 ($eq).
Removed top 1 bits (of 5) from port B of cell top.$flatten\RF_inst.$procmux$74_CMP0 ($eq).
Removed top 1 bits (of 5) from port B of cell top.$flatten\RF_inst.$procmux$73_CMP0 ($eq).
Removed top 2 bits (of 7) from port B of cell top.$flatten\IG_inst.$procmux$787_CMP1 ($eq).
Removed top 1 bits (of 7) from port B of cell top.$flatten\IG_inst.$procmux$787_CMP0 ($eq).
Removed top 1 bits (of 7) from port B of cell top.$flatten\CU_inst.$procmux$3204_CMP0 ($eq).
Removed top 5 bits (of 7) from port B of cell top.$flatten\CU_inst.$procmux$3203_CMP0 ($eq).
Removed top 1 bits (of 7) from port B of cell top.$flatten\CU_inst.$procmux$3202_CMP0 ($eq).
Removed top 2 bits (of 7) from port B of cell top.$flatten\CU_inst.$procmux$3200_CMP0 ($eq).
Removed top 1 bits (of 2) from port B of cell top.$flatten\AC_inst.$procmux$3222_CMP0 ($eq).
Removed top 1 bits (of 4) from mux cell top.$flatten\AC_inst.$ternary$/openlane/designs/Singgle_cycle/src/ALU_Control.sv:15$3 ($mux).
Removed top 3 bits (of 4) from port B of cell top.$flatten\ALU_inst.$procmux$3209_CMP0 ($eq).
Removed top 2 bits (of 4) from port B of cell top.$flatten\ALU_inst.$procmux$3208_CMP0 ($eq).
Removed top 1 bits (of 4) from port B of cell top.$flatten\ALU_inst.$procmux$3207_CMP0 ($eq).
Removed top 5 bits (of 6) from port B of cell top.$flatten\DM_inst.$procmux$3127_CMP0 ($eq).
Removed top 4 bits (of 6) from port B of cell top.$flatten\DM_inst.$procmux$3060_CMP0 ($eq).
Removed top 4 bits (of 6) from port B of cell top.$flatten\DM_inst.$procmux$2994_CMP0 ($eq).
Removed top 3 bits (of 6) from port B of cell top.$flatten\DM_inst.$procmux$2929_CMP0 ($eq).
Removed top 3 bits (of 6) from port B of cell top.$flatten\DM_inst.$procmux$2865_CMP0 ($eq).
Removed top 3 bits (of 6) from port B of cell top.$flatten\DM_inst.$procmux$2802_CMP0 ($eq).
Removed top 3 bits (of 6) from port B of cell top.$flatten\DM_inst.$procmux$2740_CMP0 ($eq).
Removed top 2 bits (of 6) from port B of cell top.$flatten\DM_inst.$procmux$2679_CMP0 ($eq).
Removed top 2 bits (of 6) from port B of cell top.$flatten\DM_inst.$procmux$2619_CMP0 ($eq).
Removed top 2 bits (of 6) from port B of cell top.$flatten\DM_inst.$procmux$2560_CMP0 ($eq).
Removed top 2 bits (of 6) from port B of cell top.$flatten\DM_inst.$procmux$2502_CMP0 ($eq).
Removed top 2 bits (of 6) from port B of cell top.$flatten\DM_inst.$procmux$2445_CMP0 ($eq).
Removed top 2 bits (of 6) from port B of cell top.$flatten\DM_inst.$procmux$2389_CMP0 ($eq).
Removed top 2 bits (of 6) from port B of cell top.$flatten\DM_inst.$procmux$2334_CMP0 ($eq).
Removed top 2 bits (of 6) from port B of cell top.$flatten\DM_inst.$procmux$2280_CMP0 ($eq).
Removed top 1 bits (of 6) from port B of cell top.$flatten\DM_inst.$procmux$2227_CMP0 ($eq).
Removed top 1 bits (of 6) from port B of cell top.$flatten\DM_inst.$procmux$2175_CMP0 ($eq).
Removed top 1 bits (of 6) from port B of cell top.$flatten\DM_inst.$procmux$2124_CMP0 ($eq).
Removed top 1 bits (of 6) from port B of cell top.$flatten\DM_inst.$procmux$2074_CMP0 ($eq).
Removed top 1 bits (of 6) from port B of cell top.$flatten\DM_inst.$procmux$2025_CMP0 ($eq).
Removed top 1 bits (of 6) from port B of cell top.$flatten\DM_inst.$procmux$1977_CMP0 ($eq).
Removed top 1 bits (of 6) from port B of cell top.$flatten\DM_inst.$procmux$1930_CMP0 ($eq).
Removed top 1 bits (of 6) from port B of cell top.$flatten\DM_inst.$procmux$1884_CMP0 ($eq).
Removed top 1 bits (of 6) from port B of cell top.$flatten\DM_inst.$procmux$1839_CMP0 ($eq).
Removed top 1 bits (of 6) from port B of cell top.$flatten\DM_inst.$procmux$1795_CMP0 ($eq).
Removed top 1 bits (of 6) from port B of cell top.$flatten\DM_inst.$procmux$1752_CMP0 ($eq).
Removed top 1 bits (of 6) from port B of cell top.$flatten\DM_inst.$procmux$1710_CMP0 ($eq).
Removed top 1 bits (of 6) from port B of cell top.$flatten\DM_inst.$procmux$1669_CMP0 ($eq).
Removed top 1 bits (of 6) from port B of cell top.$flatten\DM_inst.$procmux$1629_CMP0 ($eq).
Removed top 1 bits (of 6) from port B of cell top.$flatten\DM_inst.$procmux$1590_CMP0 ($eq).
Removed top 1 bits (of 6) from port B of cell top.$flatten\DM_inst.$procmux$1552_CMP0 ($eq).
Removed top 1 bits (of 4) from wire top.$flatten\AC_inst.$ternary$/openlane/designs/Singgle_cycle/src/ALU_Control.sv:15$3_Y.

37. Executing PEEPOPT pass (run peephole optimizers).

38. Executing OPT_CLEAN pass (remove unused cells and wires).
Finding unused cells or wires in module \top..
Removed 0 unused cells and 1 unused wires.
<suppressed ~1 debug messages>

39. Executing ALUMACC pass (create $alu and $macc cells).
Extracting $alu and $macc cells in module top:
  creating $macc model for $flatten\ALU_inst.$add$/openlane/designs/Singgle_cycle/src/ALU_unit.sv:13$7 ($add).
  creating $macc model for $flatten\ALU_inst.$sub$/openlane/designs/Singgle_cycle/src/ALU_unit.sv:14$8 ($sub).
  creating $macc model for $flatten\Branch_Adder.$add$/openlane/designs/Singgle_cycle/src/Adder.sv:8$1 ($add).
  creating $macc model for $flatten\PC4_inst.$add$/openlane/designs/Singgle_cycle/src/PCplus4.sv:5$30 ($add).
  creating $alu model for $macc $flatten\PC4_inst.$add$/openlane/designs/Singgle_cycle/src/PCplus4.sv:5$30.
  creating $alu model for $macc $flatten\Branch_Adder.$add$/openlane/designs/Singgle_cycle/src/Adder.sv:8$1.
  creating $alu model for $macc $flatten\ALU_inst.$sub$/openlane/designs/Singgle_cycle/src/ALU_unit.sv:14$8.
  creating $alu model for $macc $flatten\ALU_inst.$add$/openlane/designs/Singgle_cycle/src/ALU_unit.sv:13$7.
  creating $alu cell for $flatten\ALU_inst.$add$/openlane/designs/Singgle_cycle/src/ALU_unit.sv:13$7: $auto$alumacc.cc:485:replace_alu$3612
  creating $alu cell for $flatten\ALU_inst.$sub$/openlane/designs/Singgle_cycle/src/ALU_unit.sv:14$8: $auto$alumacc.cc:485:replace_alu$3615
  creating $alu cell for $flatten\Branch_Adder.$add$/openlane/designs/Singgle_cycle/src/Adder.sv:8$1: $auto$alumacc.cc:485:replace_alu$3618
  creating $alu cell for $flatten\PC4_inst.$add$/openlane/designs/Singgle_cycle/src/PCplus4.sv:5$30: $auto$alumacc.cc:485:replace_alu$3621
  created 4 $alu and 0 $macc cells.

40. Executing SHARE pass (SAT-based resource sharing).

41. Executing OPT pass (performing simple optimizations).

41.1. Executing OPT_EXPR pass (perform const folding).
Optimizing module top.

41.2. Executing OPT_MERGE pass (detect identical cells).
Finding identical cells in module `\top'.
Removed a total of 0 cells.

41.3. Executing OPT_MUXTREE pass (detect dead branches in mux trees).
Running muxtree optimizer on module \top..
  Creating internal representation of mux trees.
  Evaluating internal representation of mux trees.
  Analyzing evaluation results.
Removed 0 multiplexer ports.
<suppressed ~9 debug messages>

41.4. Executing OPT_REDUCE pass (consolidate $*mux and $reduce_* inputs).
  Optimizing cells in module \top.
Performed a total of 0 changes.

41.5. Executing OPT_MERGE pass (detect identical cells).
Finding identical cells in module `\top'.
Removed a total of 0 cells.

41.6. Executing OPT_DFF pass (perform DFF optimizations).

41.7. Executing OPT_CLEAN pass (remove unused cells and wires).
Finding unused cells or wires in module \top..

41.8. Executing OPT_EXPR pass (perform const folding).
Optimizing module top.

41.9. Finished OPT passes. (There is nothing left to do.)

42. Executing MEMORY pass.

42.1. Executing OPT_MEM pass (optimize memories).
top.IM_inst.Imen: removing const-1 lane 0
top.IM_inst.Imen: removing const-1 lane 1
top.IM_inst.Imen: removing const-0 lane 2
top.IM_inst.Imen: removing const-0 lane 3
top.IM_inst.Imen: removing const-0 lane 10
top.IM_inst.Imen: removing const-0 lane 11
top.IM_inst.Imen: removing const-0 lane 17
top.IM_inst.Imen: removing const-0 lane 18
top.IM_inst.Imen: removing const-0 lane 19
top.IM_inst.Imen: removing const-0 lane 24
top.IM_inst.Imen: removing const-0 lane 25
top.IM_inst.Imen: removing const-0 lane 26
top.IM_inst.Imen: removing const-0 lane 27
top.IM_inst.Imen: removing const-0 lane 28
top.IM_inst.Imen: removing const-0 lane 29
top.IM_inst.Imen: removing const-0 lane 31
Performed a total of 1 transformations.

42.2. Executing OPT_MEM_PRIORITY pass (removing unnecessary memory write priority relations).
Performed a total of 0 transformations.

42.3. Executing OPT_MEM_FEEDBACK pass (finding memory read-to-write feedback paths).

42.4. Executing MEMORY_BMUX2ROM pass (converting muxes to ROMs).

42.5. Executing MEMORY_DFF pass (merging $dff cells to $memrd).
Checking read port `\IM_inst.Imen'[0] in module `\top': no output FF found.
Checking read port address `\IM_inst.Imen'[0] in module `\top': address FF has async set and/or reset, not supported.

42.6. Executing OPT_CLEAN pass (remove unused cells and wires).
Finding unused cells or wires in module \top..

42.7. Executing MEMORY_SHARE pass (consolidating $memrd/$memwr cells).

42.8. Executing OPT_MEM_WIDEN pass (optimize memories where all ports are wide).
Performed a total of 0 transformations.

42.9. Executing OPT_CLEAN pass (remove unused cells and wires).
Finding unused cells or wires in module \top..

42.10. Executing MEMORY_COLLECT pass (generating $mem cells).

43. Executing OPT_CLEAN pass (remove unused cells and wires).
Finding unused cells or wires in module \top..

44. Executing OPT pass (performing simple optimizations).

44.1. Executing OPT_EXPR pass (perform const folding).
Optimizing module top.
<suppressed ~107 debug messages>

44.2. Executing OPT_MERGE pass (detect identical cells).
Finding identical cells in module `\top'.
<suppressed ~69 debug messages>
Removed a total of 23 cells.

44.3. Executing OPT_DFF pass (perform DFF optimizations).
Handling never-active EN on $auto$ff.cc:266:slice$3362 ($adffe) from module top (removing D path).
Adding EN signal on $flatten\PC_inst.$procdff$3258 ($adff) from module top (D = \PC_inst.PC_in [1:0], Q = \PC_inst.PC_out [1:0]).
Setting constant 0-bit at position 0 on $auto$ff.cc:266:slice$3362 ($dlatch) from module top.
Setting constant 0-bit at position 1 on $auto$ff.cc:266:slice$3362 ($dlatch) from module top.
Setting constant 0-bit at position 2 on $auto$ff.cc:266:slice$3362 ($dlatch) from module top.
Setting constant 0-bit at position 3 on $auto$ff.cc:266:slice$3362 ($dlatch) from module top.
Setting constant 0-bit at position 4 on $auto$ff.cc:266:slice$3362 ($dlatch) from module top.
Setting constant 0-bit at position 5 on $auto$ff.cc:266:slice$3362 ($dlatch) from module top.
Setting constant 0-bit at position 6 on $auto$ff.cc:266:slice$3362 ($dlatch) from module top.
Setting constant 0-bit at position 7 on $auto$ff.cc:266:slice$3362 ($dlatch) from module top.
Setting constant 0-bit at position 8 on $auto$ff.cc:266:slice$3362 ($dlatch) from module top.
Setting constant 0-bit at position 9 on $auto$ff.cc:266:slice$3362 ($dlatch) from module top.
Setting constant 0-bit at position 10 on $auto$ff.cc:266:slice$3362 ($dlatch) from module top.
Setting constant 0-bit at position 11 on $auto$ff.cc:266:slice$3362 ($dlatch) from module top.
Setting constant 0-bit at position 12 on $auto$ff.cc:266:slice$3362 ($dlatch) from module top.
Setting constant 0-bit at position 13 on $auto$ff.cc:266:slice$3362 ($dlatch) from module top.
Setting constant 0-bit at position 14 on $auto$ff.cc:266:slice$3362 ($dlatch) from module top.
Setting constant 0-bit at position 15 on $auto$ff.cc:266:slice$3362 ($dlatch) from module top.
Setting constant 0-bit at position 16 on $auto$ff.cc:266:slice$3362 ($dlatch) from module top.
Setting constant 0-bit at position 17 on $auto$ff.cc:266:slice$3362 ($dlatch) from module top.
Setting constant 0-bit at position 18 on $auto$ff.cc:266:slice$3362 ($dlatch) from module top.
Setting constant 0-bit at position 19 on $auto$ff.cc:266:slice$3362 ($dlatch) from module top.
Setting constant 0-bit at position 20 on $auto$ff.cc:266:slice$3362 ($dlatch) from module top.
Setting constant 0-bit at position 21 on $auto$ff.cc:266:slice$3362 ($dlatch) from module top.
Setting constant 0-bit at position 22 on $auto$ff.cc:266:slice$3362 ($dlatch) from module top.
Setting constant 0-bit at position 23 on $auto$ff.cc:266:slice$3362 ($dlatch) from module top.
Setting constant 0-bit at position 24 on $auto$ff.cc:266:slice$3362 ($dlatch) from module top.
Setting constant 0-bit at position 25 on $auto$ff.cc:266:slice$3362 ($dlatch) from module top.
Setting constant 0-bit at position 26 on $auto$ff.cc:266:slice$3362 ($dlatch) from module top.
Setting constant 0-bit at position 27 on $auto$ff.cc:266:slice$3362 ($dlatch) from module top.
Setting constant 0-bit at position 28 on $auto$ff.cc:266:slice$3362 ($dlatch) from module top.
Setting constant 0-bit at position 29 on $auto$ff.cc:266:slice$3362 ($dlatch) from module top.
Setting constant 0-bit at position 30 on $auto$ff.cc:266:slice$3362 ($dlatch) from module top.
Setting constant 0-bit at position 31 on $auto$ff.cc:266:slice$3362 ($dlatch) from module top.

44.4. Executing OPT_CLEAN pass (remove unused cells and wires).
Finding unused cells or wires in module \top..
Removed 2 unused cells and 98 unused wires.
<suppressed ~3 debug messages>

44.5. Rerunning OPT passes. (Removed registers in this run.)

44.6. Executing OPT_EXPR pass (perform const folding).
Optimizing module top.
<suppressed ~1 debug messages>

44.7. Executing OPT_MERGE pass (detect identical cells).
Finding identical cells in module `\top'.
Removed a total of 0 cells.

44.8. Executing OPT_DFF pass (perform DFF optimizations).

44.9. Executing OPT_CLEAN pass (remove unused cells and wires).
Finding unused cells or wires in module \top..
Removed 0 unused cells and 1 unused wires.
<suppressed ~1 debug messages>

44.10. Finished fast OPT passes.

45. Executing MEMORY_MAP pass (converting memories to logic and flip-flops).
Mapping memory \IM_inst.Imen in module \top:
  created 64 $dff cells and 0 static cells of width 16.
  read interface: 0 $dff and 63 $mux cells.
  write interface: 0 write mux blocks.

46. Executing OPT pass (performing simple optimizations).

46.1. Executing OPT_EXPR pass (perform const folding).
Optimizing module top.
<suppressed ~50 debug messages>

46.2. Executing OPT_MERGE pass (detect identical cells).
Finding identical cells in module `\top'.
Removed a total of 0 cells.

46.3. Executing OPT_MUXTREE pass (detect dead branches in mux trees).
Running muxtree optimizer on module \top..
  Creating internal representation of mux trees.
  Evaluating internal representation of mux trees.
  Analyzing evaluation results.
    dead port 1/6 on $pmux $flatten\IG_inst.$procmux$785.
    dead port 2/6 on $pmux $flatten\IG_inst.$procmux$785.
    dead port 1/31 on $pmux $flatten\RF_inst.$procmux$56.
    dead port 2/31 on $pmux $flatten\RF_inst.$procmux$56.
    dead port 3/31 on $pmux $flatten\RF_inst.$procmux$56.
    dead port 4/31 on $pmux $flatten\RF_inst.$procmux$56.
    dead port 5/31 on $pmux $flatten\RF_inst.$procmux$56.
    dead port 6/31 on $pmux $flatten\RF_inst.$procmux$56.
    dead port 7/31 on $pmux $flatten\RF_inst.$procmux$56.
    dead port 8/31 on $pmux $flatten\RF_inst.$procmux$56.
    dead port 9/31 on $pmux $flatten\RF_inst.$procmux$56.
    dead port 10/31 on $pmux $flatten\RF_inst.$procmux$56.
    dead port 11/31 on $pmux $flatten\RF_inst.$procmux$56.
    dead port 12/31 on $pmux $flatten\RF_inst.$procmux$56.
    dead port 13/31 on $pmux $flatten\RF_inst.$procmux$56.
    dead port 14/31 on $pmux $flatten\RF_inst.$procmux$56.
    dead port 15/31 on $pmux $flatten\RF_inst.$procmux$56.
    dead port 16/31 on $pmux $flatten\RF_inst.$procmux$56.
    dead port 1/31 on $pmux $flatten\RF_inst.$procmux$89.
    dead port 2/31 on $pmux $flatten\RF_inst.$procmux$89.
    dead port 3/31 on $pmux $flatten\RF_inst.$procmux$89.
    dead port 4/31 on $pmux $flatten\RF_inst.$procmux$89.
    dead port 5/31 on $pmux $flatten\RF_inst.$procmux$89.
    dead port 6/31 on $pmux $flatten\RF_inst.$procmux$89.
    dead port 7/31 on $pmux $flatten\RF_inst.$procmux$89.
    dead port 8/31 on $pmux $flatten\RF_inst.$procmux$89.
    dead port 9/31 on $pmux $flatten\RF_inst.$procmux$89.
    dead port 10/31 on $pmux $flatten\RF_inst.$procmux$89.
    dead port 11/31 on $pmux $flatten\RF_inst.$procmux$89.
    dead port 12/31 on $pmux $flatten\RF_inst.$procmux$89.
    dead port 13/31 on $pmux $flatten\RF_inst.$procmux$89.
    dead port 14/31 on $pmux $flatten\RF_inst.$procmux$89.
    dead port 15/31 on $pmux $flatten\RF_inst.$procmux$89.
    dead port 16/31 on $pmux $flatten\RF_inst.$procmux$89.
    dead port 17/31 on $pmux $flatten\RF_inst.$procmux$89.
    dead port 18/31 on $pmux $flatten\RF_inst.$procmux$89.
    dead port 19/31 on $pmux $flatten\RF_inst.$procmux$89.
    dead port 20/31 on $pmux $flatten\RF_inst.$procmux$89.
    dead port 21/31 on $pmux $flatten\RF_inst.$procmux$89.
    dead port 22/31 on $pmux $flatten\RF_inst.$procmux$89.
    dead port 23/31 on $pmux $flatten\RF_inst.$procmux$89.
    dead port 24/31 on $pmux $flatten\RF_inst.$procmux$89.
    dead port 25/31 on $pmux $flatten\RF_inst.$procmux$89.
    dead port 26/31 on $pmux $flatten\RF_inst.$procmux$89.
    dead port 27/31 on $pmux $flatten\RF_inst.$procmux$89.
    dead port 28/31 on $pmux $flatten\RF_inst.$procmux$89.
Removed 46 multiplexer ports.
<suppressed ~10 debug messages>

46.4. Executing OPT_REDUCE pass (consolidate $*mux and $reduce_* inputs).
  Optimizing cells in module \top.
    Consolidated identical input bits for $mux cell $memory\IM_inst.Imen$rdmux[0][5][2]$3729:
      Old ports: A=16'0001001111101011, B=16'0001001110110011, Y=$memory\IM_inst.Imen$rdmux[0][4][1]$a$3679
      New ports: A=2'01, B=2'10, Y=$memory\IM_inst.Imen$rdmux[0][4][1]$a$3679 [4:3]
      New connections: { $memory\IM_inst.Imen$rdmux[0][4][1]$a$3679 [15:5] $memory\IM_inst.Imen$rdmux[0][4][1]$a$3679 [2:0] } = { 9'000100111 $memory\IM_inst.Imen$rdmux[0][4][1]$a$3679 [3] 4'1011 }
    Consolidated identical input bits for $mux cell $memory\IM_inst.Imen$rdmux[0][5][4]$3735:
      Old ports: A=16'0011111000000110, B=16'x, Y=$memory\IM_inst.Imen$rdmux[0][4][2]$a$3682
      New ports: A=2'10, B=2'x, Y=$memory\IM_inst.Imen$rdmux[0][4][2]$a$3682 [1:0]
      New connections: $memory\IM_inst.Imen$rdmux[0][4][2]$a$3682 [15:2] = { $memory\IM_inst.Imen$rdmux[0][4][2]$a$3682 [0] $memory\IM_inst.Imen$rdmux[0][4][2]$a$3682 [0] $memory\IM_inst.Imen$rdmux[0][4][2]$a$3682 [1] $memory\IM_inst.Imen$rdmux[0][4][2]$a$3682 [1] $memory\IM_inst.Imen$rdmux[0][4][2]$a$3682 [1] $memory\IM_inst.Imen$rdmux[0][4][2]$a$3682 [1] $memory\IM_inst.Imen$rdmux[0][4][2]$a$3682 [1:0] $memory\IM_inst.Imen$rdmux[0][4][2]$a$3682 [0] $memory\IM_inst.Imen$rdmux[0][4][2]$a$3682 [0] $memory\IM_inst.Imen$rdmux[0][4][2]$a$3682 [0] $memory\IM_inst.Imen$rdmux[0][4][2]$a$3682 [0] $memory\IM_inst.Imen$rdmux[0][4][2]$a$3682 [0] $memory\IM_inst.Imen$rdmux[0][4][2]$a$3682 [1] }
    Consolidated identical input bits for $mux cell $memory\IM_inst.Imen$rdmux[0][5][1]$3726:
      Old ports: A=16'0001001000011011, B=16'1001001000100011, Y=$memory\IM_inst.Imen$rdmux[0][4][0]$b$3677
      New ports: A=2'01, B=2'10, Y={ $memory\IM_inst.Imen$rdmux[0][4][0]$b$3677 [5] $memory\IM_inst.Imen$rdmux[0][4][0]$b$3677 [3] }
      New connections: { $memory\IM_inst.Imen$rdmux[0][4][0]$b$3677 [15:6] $memory\IM_inst.Imen$rdmux[0][4][0]$b$3677 [4] $memory\IM_inst.Imen$rdmux[0][4][0]$b$3677 [2:0] } = { $memory\IM_inst.Imen$rdmux[0][4][0]$b$3677 [5] 9'001001000 $memory\IM_inst.Imen$rdmux[0][4][0]$b$3677 [3] 3'011 }
    Consolidated identical input bits for $mux cell $memory\IM_inst.Imen$rdmux[0][5][0]$3723:
      Old ports: A=16'0101000000001001, B=16'0010100000010001, Y=$memory\IM_inst.Imen$rdmux[0][4][0]$a$3676
      New ports: A=2'01, B=2'10, Y=$memory\IM_inst.Imen$rdmux[0][4][0]$a$3676 [4:3]
      New connections: { $memory\IM_inst.Imen$rdmux[0][4][0]$a$3676 [15:5] $memory\IM_inst.Imen$rdmux[0][4][0]$a$3676 [2:0] } = { 1'0 $memory\IM_inst.Imen$rdmux[0][4][0]$a$3676 [3] $memory\IM_inst.Imen$rdmux[0][4][0]$a$3676 [4:3] $memory\IM_inst.Imen$rdmux[0][4][0]$a$3676 [4] 9'000000001 }
    Consolidated identical input bits for $pmux cell $flatten\AC_inst.$procmux$3213:
      Old ports: A=4'0010, B={ 1'0 $auto$wreduce.cc:455:run$3611 [2:0] 8'00000001 }, Y=$flatten\AC_inst.$2\Control_out[3:0]
      New ports: A=3'010, B={ $auto$wreduce.cc:455:run$3611 [2:0] 6'000001 }, Y=$flatten\AC_inst.$2\Control_out[3:0] [2:0]
      New connections: $flatten\AC_inst.$2\Control_out[3:0] [3] = 1'0
    Consolidated identical input bits for $mux cell $flatten\AC_inst.$ternary$/openlane/designs/Singgle_cycle/src/ALU_Control.sv:15$3:
      Old ports: A=3'010, B=3'110, Y=$auto$wreduce.cc:455:run$3611 [2:0]
      New ports: A=1'0, B=1'1, Y=$auto$wreduce.cc:455:run$3611 [2]
      New connections: $auto$wreduce.cc:455:run$3611 [1:0] = 2'10
    Consolidated identical input bits for $pmux cell $flatten\CU_inst.$procmux$3199:
      Old ports: A=8'00000000, B=40'0010001011110000100010000000010110100000, Y={ \ALU_in_Mux.sel \WB_Mux.sel \RF_inst.Reg_write \DM_inst.MemRead \CU_inst.MemWrite \branch_top \AC_inst.ALUOp }
      New ports: A=6'000000, B=30'010010111000100100000001110000, Y={ \ALU_in_Mux.sel \RF_inst.Reg_write \DM_inst.MemRead \CU_inst.MemWrite \AC_inst.ALUOp }
      New connections: { \WB_Mux.sel \branch_top } = { \DM_inst.MemRead \AC_inst.ALUOp [0] }
    Consolidated identical input bits for $pmux cell $flatten\IG_inst.$procmux$785:
      Old ports: A=0, B={ 21'000000000000000000000 \IG_inst.instruction [30] 6'000000 \IG_inst.instruction [23:20] 21'000000000000000000000 \IG_inst.instruction [30] 7'0000000 \IG_inst.instruction [9:7] 20'00000000000000000000 \IG_inst.instruction [7] \IG_inst.instruction [30] 7'0000000 \IG_inst.instruction [9:8] 1'0 }, Y=\ALU_in_Mux.in1
      New ports: A=6'000000, B={ 1'0 \IG_inst.instruction [30] \IG_inst.instruction [23:20] 1'0 \IG_inst.instruction [30] 1'0 \IG_inst.instruction [9:7] \IG_inst.instruction [7] \IG_inst.instruction [30] 1'0 \IG_inst.instruction [9:8] 1'0 }, Y={ \ALU_in_Mux.in1 [11:10] \ALU_in_Mux.in1 [3:0] }
      New connections: { \ALU_in_Mux.in1 [31:12] \ALU_in_Mux.in1 [9:4] } = 26'00000000000000000000000000
    New ctrl vector for $pmux cell $flatten\RF_inst.$procmux$56: { $flatten\RF_inst.$procmux$86_CMP $flatten\RF_inst.$procmux$85_CMP $flatten\RF_inst.$procmux$84_CMP $flatten\RF_inst.$procmux$83_CMP $flatten\RF_inst.$procmux$82_CMP $flatten\RF_inst.$procmux$81_CMP $auto$opt_reduce.cc:134:opt_pmux$3820 }
    Consolidated identical input bits for $mux cell $memory\IM_inst.Imen$rdmux[0][5][3]$3732:
      Old ports: A=16'0001100000000010, B=16'0000000000111000, Y=$memory\IM_inst.Imen$rdmux[0][4][1]$b$3680
      New ports: A=2'01, B=2'10, Y={ $memory\IM_inst.Imen$rdmux[0][4][1]$b$3680 [3] $memory\IM_inst.Imen$rdmux[0][4][1]$b$3680 [1] }
      New connections: { $memory\IM_inst.Imen$rdmux[0][4][1]$b$3680 [15:4] $memory\IM_inst.Imen$rdmux[0][4][1]$b$3680 [2] $memory\IM_inst.Imen$rdmux[0][4][1]$b$3680 [0] } = { 3'000 $memory\IM_inst.Imen$rdmux[0][4][1]$b$3680 [1] $memory\IM_inst.Imen$rdmux[0][4][1]$b$3680 [1] 5'00000 $memory\IM_inst.Imen$rdmux[0][4][1]$b$3680 [3] $memory\IM_inst.Imen$rdmux[0][4][1]$b$3680 [3] 2'00 }
  Optimizing cells in module \top.
    Consolidated identical input bits for $mux cell $memory\IM_inst.Imen$rdmux[0][4][0]$3675:
      Old ports: A=$memory\IM_inst.Imen$rdmux[0][4][0]$a$3676, B=$memory\IM_inst.Imen$rdmux[0][4][0]$b$3677, Y=$memory\IM_inst.Imen$rdmux[0][3][0]$a$3652
      New ports: A={ $memory\IM_inst.Imen$rdmux[0][4][0]$a$3676 [3] $memory\IM_inst.Imen$rdmux[0][4][0]$a$3676 [3] $memory\IM_inst.Imen$rdmux[0][4][0]$a$3676 [4] 1'0 $memory\IM_inst.Imen$rdmux[0][4][0]$a$3676 [4:3] 1'0 }, B={ 3'010 $memory\IM_inst.Imen$rdmux[0][4][0]$b$3677 [5] $memory\IM_inst.Imen$rdmux[0][4][0]$b$3677 [3] $memory\IM_inst.Imen$rdmux[0][4][0]$b$3677 [3] 1'1 }, Y={ $memory\IM_inst.Imen$rdmux[0][3][0]$a$3652 [14] $memory\IM_inst.Imen$rdmux[0][3][0]$a$3652 [12:11] $memory\IM_inst.Imen$rdmux[0][3][0]$a$3652 [5:3] $memory\IM_inst.Imen$rdmux[0][3][0]$a$3652 [1] }
      New connections: { $memory\IM_inst.Imen$rdmux[0][3][0]$a$3652 [15] $memory\IM_inst.Imen$rdmux[0][3][0]$a$3652 [13] $memory\IM_inst.Imen$rdmux[0][3][0]$a$3652 [10:6] $memory\IM_inst.Imen$rdmux[0][3][0]$a$3652 [2] $memory\IM_inst.Imen$rdmux[0][3][0]$a$3652 [0] } = { $memory\IM_inst.Imen$rdmux[0][3][0]$a$3652 [5] $memory\IM_inst.Imen$rdmux[0][3][0]$a$3652 [11] 1'0 $memory\IM_inst.Imen$rdmux[0][3][0]$a$3652 [1] 5'00001 }
    Consolidated identical input bits for $mux cell $memory\IM_inst.Imen$rdmux[0][4][2]$3681:
      Old ports: A=$memory\IM_inst.Imen$rdmux[0][4][2]$a$3682, B=16'x, Y=$memory\IM_inst.Imen$rdmux[0][3][1]$a$3655
      New ports: A=$memory\IM_inst.Imen$rdmux[0][4][2]$a$3682 [1:0], B=2'x, Y=$memory\IM_inst.Imen$rdmux[0][3][1]$a$3655 [1:0]
      New connections: $memory\IM_inst.Imen$rdmux[0][3][1]$a$3655 [15:2] = { $memory\IM_inst.Imen$rdmux[0][3][1]$a$3655 [0] $memory\IM_inst.Imen$rdmux[0][3][1]$a$3655 [0] $memory\IM_inst.Imen$rdmux[0][3][1]$a$3655 [1] $memory\IM_inst.Imen$rdmux[0][3][1]$a$3655 [1] $memory\IM_inst.Imen$rdmux[0][3][1]$a$3655 [1] $memory\IM_inst.Imen$rdmux[0][3][1]$a$3655 [1] $memory\IM_inst.Imen$rdmux[0][3][1]$a$3655 [1:0] $memory\IM_inst.Imen$rdmux[0][3][1]$a$3655 [0] $memory\IM_inst.Imen$rdmux[0][3][1]$a$3655 [0] $memory\IM_inst.Imen$rdmux[0][3][1]$a$3655 [0] $memory\IM_inst.Imen$rdmux[0][3][1]$a$3655 [0] $memory\IM_inst.Imen$rdmux[0][3][1]$a$3655 [0] $memory\IM_inst.Imen$rdmux[0][3][1]$a$3655 [1] }
    Consolidated identical input bits for $mux cell $memory\IM_inst.Imen$rdmux[0][4][1]$3678:
      Old ports: A=$memory\IM_inst.Imen$rdmux[0][4][1]$a$3679, B=$memory\IM_inst.Imen$rdmux[0][4][1]$b$3680, Y=$memory\IM_inst.Imen$rdmux[0][3][0]$b$3653
      New ports: A={ 1'0 $memory\IM_inst.Imen$rdmux[0][4][1]$a$3679 [3] 1'1 $memory\IM_inst.Imen$rdmux[0][4][1]$a$3679 [4:3] 2'11 }, B={ $memory\IM_inst.Imen$rdmux[0][4][1]$b$3680 [1] 1'0 $memory\IM_inst.Imen$rdmux[0][4][1]$b$3680 [3] $memory\IM_inst.Imen$rdmux[0][4][1]$b$3680 [3] $memory\IM_inst.Imen$rdmux[0][4][1]$b$3680 [3] $memory\IM_inst.Imen$rdmux[0][4][1]$b$3680 [1] 1'0 }, Y={ $memory\IM_inst.Imen$rdmux[0][3][0]$b$3653 [11] $memory\IM_inst.Imen$rdmux[0][3][0]$b$3653 [6:3] $memory\IM_inst.Imen$rdmux[0][3][0]$b$3653 [1:0] }
      New connections: { $memory\IM_inst.Imen$rdmux[0][3][0]$b$3653 [15:12] $memory\IM_inst.Imen$rdmux[0][3][0]$b$3653 [10:7] $memory\IM_inst.Imen$rdmux[0][3][0]$b$3653 [2] } = { 3'000 $memory\IM_inst.Imen$rdmux[0][3][0]$b$3653 [1] 1'0 $memory\IM_inst.Imen$rdmux[0][3][0]$b$3653 [0] $memory\IM_inst.Imen$rdmux[0][3][0]$b$3653 [0] $memory\IM_inst.Imen$rdmux[0][3][0]$b$3653 [0] 1'0 }
    Consolidated identical input bits for $pmux cell $flatten\AC_inst.$procmux$3220:
      Old ports: A=4'0010, B={ 4'0110 $flatten\AC_inst.$2\Control_out[3:0] }, Y=\ALU_inst.Control_in
      New ports: A=3'010, B={ 3'110 $flatten\AC_inst.$2\Control_out[3:0] [2:0] }, Y=\ALU_inst.Control_in [2:0]
      New connections: \ALU_inst.Control_in [3] = 1'0
  Optimizing cells in module \top.
    Consolidated identical input bits for $mux cell $memory\IM_inst.Imen$rdmux[0][3][1]$3654:
      Old ports: A=$memory\IM_inst.Imen$rdmux[0][3][1]$a$3655, B=16'x, Y=$memory\IM_inst.Imen$rdmux[0][2][0]$b$3641
      New ports: A=$memory\IM_inst.Imen$rdmux[0][3][1]$a$3655 [1:0], B=2'x, Y=$memory\IM_inst.Imen$rdmux[0][2][0]$b$3641 [1:0]
      New connections: $memory\IM_inst.Imen$rdmux[0][2][0]$b$3641 [15:2] = { $memory\IM_inst.Imen$rdmux[0][2][0]$b$3641 [0] $memory\IM_inst.Imen$rdmux[0][2][0]$b$3641 [0] $memory\IM_inst.Imen$rdmux[0][2][0]$b$3641 [1] $memory\IM_inst.Imen$rdmux[0][2][0]$b$3641 [1] $memory\IM_inst.Imen$rdmux[0][2][0]$b$3641 [1] $memory\IM_inst.Imen$rdmux[0][2][0]$b$3641 [1] $memory\IM_inst.Imen$rdmux[0][2][0]$b$3641 [1:0] $memory\IM_inst.Imen$rdmux[0][2][0]$b$3641 [0] $memory\IM_inst.Imen$rdmux[0][2][0]$b$3641 [0] $memory\IM_inst.Imen$rdmux[0][2][0]$b$3641 [0] $memory\IM_inst.Imen$rdmux[0][2][0]$b$3641 [0] $memory\IM_inst.Imen$rdmux[0][2][0]$b$3641 [0] $memory\IM_inst.Imen$rdmux[0][2][0]$b$3641 [1] }
    Consolidated identical input bits for $mux cell $memory\IM_inst.Imen$rdmux[0][3][0]$3651:
      Old ports: A=$memory\IM_inst.Imen$rdmux[0][3][0]$a$3652, B=$memory\IM_inst.Imen$rdmux[0][3][0]$b$3653, Y=$memory\IM_inst.Imen$rdmux[0][2][0]$a$3640
      New ports: A={ $memory\IM_inst.Imen$rdmux[0][3][0]$a$3652 [5] $memory\IM_inst.Imen$rdmux[0][3][0]$a$3652 [14] $memory\IM_inst.Imen$rdmux[0][3][0]$a$3652 [11] $memory\IM_inst.Imen$rdmux[0][3][0]$a$3652 [12:11] $memory\IM_inst.Imen$rdmux[0][3][0]$a$3652 [1] 2'00 $memory\IM_inst.Imen$rdmux[0][3][0]$a$3652 [5:3] $memory\IM_inst.Imen$rdmux[0][3][0]$a$3652 [1] 1'1 }, B={ 3'000 $memory\IM_inst.Imen$rdmux[0][3][0]$b$3653 [1] $memory\IM_inst.Imen$rdmux[0][3][0]$b$3653 [11] $memory\IM_inst.Imen$rdmux[0][3][0]$b$3653 [0] $memory\IM_inst.Imen$rdmux[0][3][0]$b$3653 [0] $memory\IM_inst.Imen$rdmux[0][3][0]$b$3653 [6:3] $memory\IM_inst.Imen$rdmux[0][3][0]$b$3653 [1:0] }, Y={ $memory\IM_inst.Imen$rdmux[0][2][0]$a$3640 [15:11] $memory\IM_inst.Imen$rdmux[0][2][0]$a$3640 [9] $memory\IM_inst.Imen$rdmux[0][2][0]$a$3640 [7:3] $memory\IM_inst.Imen$rdmux[0][2][0]$a$3640 [1:0] }
      New connections: { $memory\IM_inst.Imen$rdmux[0][2][0]$a$3640 [10] $memory\IM_inst.Imen$rdmux[0][2][0]$a$3640 [8] $memory\IM_inst.Imen$rdmux[0][2][0]$a$3640 [2] } = { 1'0 $memory\IM_inst.Imen$rdmux[0][2][0]$a$3640 [7] 1'0 }
  Optimizing cells in module \top.
    Consolidated identical input bits for $mux cell $memory\IM_inst.Imen$rdmux[0][2][0]$3639:
      Old ports: A=$memory\IM_inst.Imen$rdmux[0][2][0]$a$3640, B=$memory\IM_inst.Imen$rdmux[0][2][0]$b$3641, Y=$memory\IM_inst.Imen$rdmux[0][1][0]$a$3634
      New ports: A={ $memory\IM_inst.Imen$rdmux[0][2][0]$a$3640 [15:11] $memory\IM_inst.Imen$rdmux[0][2][0]$a$3640 [9] $memory\IM_inst.Imen$rdmux[0][2][0]$a$3640 [7:3] 1'0 $memory\IM_inst.Imen$rdmux[0][2][0]$a$3640 [1:0] }, B={ $memory\IM_inst.Imen$rdmux[0][2][0]$b$3641 [0] $memory\IM_inst.Imen$rdmux[0][2][0]$b$3641 [0] $memory\IM_inst.Imen$rdmux[0][2][0]$b$3641 [1] $memory\IM_inst.Imen$rdmux[0][2][0]$b$3641 [1] $memory\IM_inst.Imen$rdmux[0][2][0]$b$3641 [1] $memory\IM_inst.Imen$rdmux[0][2][0]$b$3641 [1:0] $memory\IM_inst.Imen$rdmux[0][2][0]$b$3641 [0] $memory\IM_inst.Imen$rdmux[0][2][0]$b$3641 [0] $memory\IM_inst.Imen$rdmux[0][2][0]$b$3641 [0] $memory\IM_inst.Imen$rdmux[0][2][0]$b$3641 [0] $memory\IM_inst.Imen$rdmux[0][2][0]$b$3641 [1] $memory\IM_inst.Imen$rdmux[0][2][0]$b$3641 [1:0] }, Y={ $memory\IM_inst.Imen$rdmux[0][1][0]$a$3634 [15:11] $memory\IM_inst.Imen$rdmux[0][1][0]$a$3634 [9] $memory\IM_inst.Imen$rdmux[0][1][0]$a$3634 [7:0] }
      New connections: { $memory\IM_inst.Imen$rdmux[0][1][0]$a$3634 [10] $memory\IM_inst.Imen$rdmux[0][1][0]$a$3634 [8] } = { $memory\IM_inst.Imen$rdmux[0][1][0]$a$3634 [2] $memory\IM_inst.Imen$rdmux[0][1][0]$a$3634 [7] }
  Optimizing cells in module \top.
    Consolidated identical input bits for $mux cell $memory\IM_inst.Imen$rdmux[0][1][0]$3633:
      Old ports: A=$memory\IM_inst.Imen$rdmux[0][1][0]$a$3634, B=16'x, Y=$memory\IM_inst.Imen$rdmux[0][0][0]$a$3631
      New ports: A={ $memory\IM_inst.Imen$rdmux[0][1][0]$a$3634 [15:11] $memory\IM_inst.Imen$rdmux[0][1][0]$a$3634 [9] $memory\IM_inst.Imen$rdmux[0][1][0]$a$3634 [7:0] }, B=14'x, Y={ $memory\IM_inst.Imen$rdmux[0][0][0]$a$3631 [15:11] $memory\IM_inst.Imen$rdmux[0][0][0]$a$3631 [9] $memory\IM_inst.Imen$rdmux[0][0][0]$a$3631 [7:0] }
      New connections: { $memory\IM_inst.Imen$rdmux[0][0][0]$a$3631 [10] $memory\IM_inst.Imen$rdmux[0][0][0]$a$3631 [8] } = { $memory\IM_inst.Imen$rdmux[0][0][0]$a$3631 [2] $memory\IM_inst.Imen$rdmux[0][0][0]$a$3631 [7] }
  Optimizing cells in module \top.
    Consolidated identical input bits for $mux cell $memory\IM_inst.Imen$rdmux[0][0][0]$3630:
      Old ports: A=$memory\IM_inst.Imen$rdmux[0][0][0]$a$3631, B=16'x, Y={ \IG_inst.instruction [30] \IG_inst.instruction [23:20] \IG_inst.instruction [16:12] \IG_inst.instruction [9:7] \Instr_out [6:4] }
      New ports: A={ $memory\IM_inst.Imen$rdmux[0][0][0]$a$3631 [15:11] $memory\IM_inst.Imen$rdmux[0][0][0]$a$3631 [9] $memory\IM_inst.Imen$rdmux[0][0][0]$a$3631 [7:0] }, B=14'x, Y={ \IG_inst.instruction [30] \IG_inst.instruction [23:20] \IG_inst.instruction [15] \IG_inst.instruction [13:12] \IG_inst.instruction [9:7] \Instr_out [6:4] }
      New connections: { \IG_inst.instruction [16] \IG_inst.instruction [14] } = { \Instr_out [6] \IG_inst.instruction [13] }
  Optimizing cells in module \top.
Performed a total of 19 changes.

46.5. Executing OPT_MERGE pass (detect identical cells).
Finding identical cells in module `\top'.
<suppressed ~9 debug messages>
Removed a total of 3 cells.

46.6. Executing OPT_SHARE pass.
    Found cells that share an operand and can be merged by moving the $pmux $flatten\ALU_inst.$procmux$3206 in front of them:
        $auto$alumacc.cc:485:replace_alu$3615
        $auto$alumacc.cc:485:replace_alu$3612

46.7. Executing OPT_DFF pass (perform DFF optimizations).

46.8. Executing OPT_CLEAN pass (remove unused cells and wires).
Finding unused cells or wires in module \top..
Removed 0 unused cells and 123 unused wires.
<suppressed ~1 debug messages>

46.9. Executing OPT_EXPR pass (perform const folding).
Optimizing module top.
<suppressed ~10 debug messages>

46.10. Rerunning OPT passes. (Maybe there is more to do..)

46.11. Executing OPT_MUXTREE pass (detect dead branches in mux trees).
Running muxtree optimizer on module \top..
  Creating internal representation of mux trees.
  Evaluating internal representation of mux trees.
  Analyzing evaluation results.
    dead port 2/2 on $mux $flatten\DM_inst.$ternary$/openlane/designs/Singgle_cycle/src/Data_Memory.sv:20$21.
Removed 1 multiplexer ports.
<suppressed ~12 debug messages>

46.12. Executing OPT_REDUCE pass (consolidate $*mux and $reduce_* inputs).
  Optimizing cells in module \top.
    New ctrl vector for $pmux cell $flatten\ALU_inst.$procmux$3206: { $flatten\ALU_inst.$procmux$3210_CMP $flatten\ALU_inst.$procmux$3209_CMP $auto$opt_reduce.cc:134:opt_pmux$3829 }
    Consolidated identical input bits for $mux cell $memory\IM_inst.Imen$rdmux[0][4][0]$3675:
      Old ports: A={ $memory\IM_inst.Imen$rdmux[0][4][0]$a$3676 [14] $memory\IM_inst.Imen$rdmux[0][4][0]$a$3676 [14:13] 1'0 $memory\IM_inst.Imen$rdmux[0][4][0]$a$3676 [13] $memory\IM_inst.Imen$rdmux[0][4][0]$a$3676 [14] 1'0 }, B={ 3'010 $memory\IM_inst.Imen$rdmux[0][4][0]$a$3676 [13] $memory\IM_inst.Imen$rdmux[0][4][0]$a$3676 [14] $memory\IM_inst.Imen$rdmux[0][4][0]$a$3676 [14] 1'1 }, Y={ $memory\IM_inst.Imen$rdmux[0][3][0]$a$3652 [14] $memory\IM_inst.Imen$rdmux[0][3][0]$a$3652 [12] $memory\IM_inst.Imen$rdmux[0][3][0]$a$3652 [13] $memory\IM_inst.Imen$rdmux[0][3][0]$a$3652 [15] $memory\IM_inst.Imen$rdmux[0][3][0]$a$3652 [4:3] $memory\IM_inst.Imen$rdmux[0][3][0]$a$3652 [9] }
      New ports: A={ $memory\IM_inst.Imen$rdmux[0][4][0]$a$3676 [14] $memory\IM_inst.Imen$rdmux[0][4][0]$a$3676 [14:13] 1'0 $memory\IM_inst.Imen$rdmux[0][4][0]$a$3676 [13] 1'0 }, B={ 3'010 $memory\IM_inst.Imen$rdmux[0][4][0]$a$3676 [13] $memory\IM_inst.Imen$rdmux[0][4][0]$a$3676 [14] 1'1 }, Y={ $memory\IM_inst.Imen$rdmux[0][3][0]$a$3652 [14] $memory\IM_inst.Imen$rdmux[0][3][0]$a$3652 [12] $memory\IM_inst.Imen$rdmux[0][3][0]$a$3652 [13] $memory\IM_inst.Imen$rdmux[0][3][0]$a$3652 [15] $memory\IM_inst.Imen$rdmux[0][3][0]$a$3652 [4] $memory\IM_inst.Imen$rdmux[0][3][0]$a$3652 [9] }
      New connections: $memory\IM_inst.Imen$rdmux[0][3][0]$a$3652 [3] = $memory\IM_inst.Imen$rdmux[0][4][0]$a$3676 [14]
    Consolidated identical input bits for $mux cell $memory\IM_inst.Imen$rdmux[0][4][1]$3678:
      Old ports: A={ 1'0 $memory\IM_inst.Imen$rdmux[0][4][0]$a$3676 [14] 1'1 $memory\IM_inst.Imen$rdmux[0][4][0]$a$3676 [13] $memory\IM_inst.Imen$rdmux[0][4][0]$a$3676 [14] 2'11 }, B={ $memory\IM_inst.Imen$rdmux[0][4][0]$a$3676 [14] 1'0 $memory\IM_inst.Imen$rdmux[0][4][0]$a$3676 [13] $memory\IM_inst.Imen$rdmux[0][4][0]$a$3676 [13] $memory\IM_inst.Imen$rdmux[0][4][0]$a$3676 [13] $memory\IM_inst.Imen$rdmux[0][4][0]$a$3676 [14] 1'0 }, Y={ $memory\IM_inst.Imen$rdmux[0][3][0]$b$3653 [11] $memory\IM_inst.Imen$rdmux[0][3][0]$b$3653 [6:3] $memory\IM_inst.Imen$rdmux[0][3][0]$b$3653 [12] $memory\IM_inst.Imen$rdmux[0][3][0]$b$3653 [9] }
      New ports: A={ 1'0 $memory\IM_inst.Imen$rdmux[0][4][0]$a$3676 [14] 1'1 $memory\IM_inst.Imen$rdmux[0][4][0]$a$3676 [14] 2'11 }, B={ $memory\IM_inst.Imen$rdmux[0][4][0]$a$3676 [14] 1'0 $memory\IM_inst.Imen$rdmux[0][4][0]$a$3676 [13] $memory\IM_inst.Imen$rdmux[0][4][0]$a$3676 [13] $memory\IM_inst.Imen$rdmux[0][4][0]$a$3676 [14] 1'0 }, Y={ $memory\IM_inst.Imen$rdmux[0][3][0]$b$3653 [11] $memory\IM_inst.Imen$rdmux[0][3][0]$b$3653 [6:5] $memory\IM_inst.Imen$rdmux[0][3][0]$b$3653 [3] $memory\IM_inst.Imen$rdmux[0][3][0]$b$3653 [12] $memory\IM_inst.Imen$rdmux[0][3][0]$b$3653 [9] }
      New connections: $memory\IM_inst.Imen$rdmux[0][3][0]$b$3653 [4] = $memory\IM_inst.Imen$rdmux[0][4][0]$a$3676 [13]
  Optimizing cells in module \top.
Performed a total of 3 changes.

46.13. Executing OPT_MERGE pass (detect identical cells).
Finding identical cells in module `\top'.
Removed a total of 0 cells.

46.14. Executing OPT_SHARE pass.

46.15. Executing OPT_DFF pass (perform DFF optimizations).

46.16. Executing OPT_CLEAN pass (remove unused cells and wires).
Finding unused cells or wires in module \top..
Removed 0 unused cells and 8 unused wires.
<suppressed ~1 debug messages>

46.17. Executing OPT_EXPR pass (perform const folding).
Optimizing module top.

46.18. Rerunning OPT passes. (Maybe there is more to do..)

46.19. Executing OPT_MUXTREE pass (detect dead branches in mux trees).
Running muxtree optimizer on module \top..
  Creating internal representation of mux trees.
  Evaluating internal representation of mux trees.
  Analyzing evaluation results.
Removed 0 multiplexer ports.
<suppressed ~12 debug messages>

46.20. Executing OPT_REDUCE pass (consolidate $*mux and $reduce_* inputs).
  Optimizing cells in module \top.
Performed a total of 0 changes.

46.21. Executing OPT_MERGE pass (detect identical cells).
Finding identical cells in module `\top'.
Removed a total of 0 cells.

46.22. Executing OPT_SHARE pass.

46.23. Executing OPT_DFF pass (perform DFF optimizations).

46.24. Executing OPT_CLEAN pass (remove unused cells and wires).
Finding unused cells or wires in module \top..

46.25. Executing OPT_EXPR pass (perform const folding).
Optimizing module top.

46.26. Finished OPT passes. (There is nothing left to do.)

47. Executing TECHMAP pass (map to technology primitives).

47.1. Executing Verilog-2005 frontend: /build/bin/../share/yosys/techmap.v
Parsing Verilog input from `/build/bin/../share/yosys/techmap.v' to AST representation.
Generating RTLIL representation for module `\_90_simplemap_bool_ops'.
Generating RTLIL representation for module `\_90_simplemap_reduce_ops'.
Generating RTLIL representation for module `\_90_simplemap_logic_ops'.
Generating RTLIL representation for module `\_90_simplemap_compare_ops'.
Generating RTLIL representation for module `\_90_simplemap_various'.
Generating RTLIL representation for module `\_90_simplemap_registers'.
Generating RTLIL representation for module `\_90_shift_ops_shr_shl_sshl_sshr'.
Generating RTLIL representation for module `\_90_shift_shiftx'.
Generating RTLIL representation for module `\_90_fa'.
Generating RTLIL representation for module `\_90_lcu'.
Generating RTLIL representation for module `\_90_alu'.
Generating RTLIL representation for module `\_90_macc'.
Generating RTLIL representation for module `\_90_alumacc'.
Generating RTLIL representation for module `\$__div_mod_u'.
Generating RTLIL representation for module `\$__div_mod_trunc'.
Generating RTLIL representation for module `\_90_div'.
Generating RTLIL representation for module `\_90_mod'.
Generating RTLIL representation for module `\$__div_mod_floor'.
Generating RTLIL representation for module `\_90_divfloor'.
Generating RTLIL representation for module `\_90_modfloor'.
Generating RTLIL representation for module `\_90_pow'.
Generating RTLIL representation for module `\_90_pmux'.
Generating RTLIL representation for module `\_90_demux'.
Generating RTLIL representation for module `\_90_lut'.
Successfully finished Verilog frontend.

47.2. Continuing TECHMAP pass.
Using extmapper simplemap for cells of type $reduce_and.
Using extmapper simplemap for cells of type $and.
Using extmapper simplemap for cells of type $mux.
Running "alumacc" on wrapper $extern:wrap:$neg:A_SIGNED=0:A_WIDTH=32:Y_WIDTH=32:394426c56d1a028ba8fdd5469b163e04011def47.
Using template $extern:wrap:$neg:A_SIGNED=0:A_WIDTH=32:Y_WIDTH=32:394426c56d1a028ba8fdd5469b163e04011def47 for cells of type $extern:wrap:$neg:A_SIGNED=0:A_WIDTH=32:Y_WIDTH=32:394426c56d1a028ba8fdd5469b163e04011def47.
Using extmapper simplemap for cells of type $adffe.
Using extmapper simplemap for cells of type $adff.
Using extmapper simplemap for cells of type $reduce_or.
Using extmapper simplemap for cells of type $eq.
Using template $paramod$8fabc56b80a569262acfc42757a02ca0b8e91278\_90_pmux for cells of type $pmux.
Using template $paramod$49f1dc3dcd6d2c748486fe94c6744a34a19bbafe\_90_pmux for cells of type $pmux.
Using extmapper simplemap for cells of type $logic_not.
Using extmapper simplemap for cells of type $logic_and.
Using extmapper simplemap for cells of type $reduce_bool.
Using template $paramod$c15e84c77f007506123baf6c4be45847f0e33a3b\_90_pmux for cells of type $pmux.
Using template $paramod$90ef9d3919151a0ff7c15c5c14550fb560f421a1\_90_pmux for cells of type $pmux.
Using template $paramod$85df5dc01c7df96a7d8e5f1fdf76ce9ac452af63\_90_pmux for cells of type $pmux.
Using template $paramod$32e7c4d6f92ff4337599ece53082d2e88a82a9f2\_90_pmux for cells of type $pmux.
Using template $paramod$fbc7873bff55778c0b3173955b7e4bce1d9d6834\_90_alu for cells of type $alu.
Using template $paramod$54d740639e1393b22262823179ff783ea9f17a35\_90_pmux for cells of type $pmux.
Using extmapper simplemap for cells of type $or.
Using template $paramod$44a13d10af618e7fbe7b9aad2f6151ffcee1e2fa\_90_alu for cells of type $alu.
Using template $paramod$dcd17738bbcecd83f7938b6b79f55a32aabd6959\_90_pmux for cells of type $pmux.
Using extmapper simplemap for cells of type $not.
Using extmapper simplemap for cells of type $pos.
Using template $paramod\_90_lcu\WIDTH=32'00000000000000000000000000011110 for cells of type $lcu.
Using extmapper simplemap for cells of type $xor.
Using template $paramod\_90_lcu\WIDTH=32'00000000000000000000000000100000 for cells of type $lcu.
Using template $paramod$c6baa65225090ac0a120feab1b920965244aa496\_90_alu for cells of type $alu.
No more expansions possible.
<suppressed ~1635 debug messages>

48. Executing OPT pass (performing simple optimizations).

48.1. Executing OPT_EXPR pass (perform const folding).
Optimizing module top.
<suppressed ~1302 debug messages>

48.2. Executing OPT_MERGE pass (detect identical cells).
Finding identical cells in module `\top'.
<suppressed ~1527 debug messages>
Removed a total of 509 cells.

48.3. Executing OPT_DFF pass (perform DFF optimizations).

48.4. Executing OPT_CLEAN pass (remove unused cells and wires).
Finding unused cells or wires in module \top..
Removed 61 unused cells and 1660 unused wires.
<suppressed ~62 debug messages>

48.5. Finished fast OPT passes.

49. Executing ABC pass (technology mapping using ABC).

49.1. Extracting gate netlist of module `\top' to `<abc-temp-dir>/input.blif'..
Extracted 6082 gates and 8389 wires to a netlist network with 2304 inputs and 213 outputs.

49.1.1. Executing ABC.
Running ABC command: "<yosys-exe-dir>/yosys-abc" -s -f <abc-temp-dir>/abc.script 2>&1
ABC: ABC command line: "source <abc-temp-dir>/abc.script".
ABC: 
ABC: + read_blif <abc-temp-dir>/input.blif 
ABC: + read_library <abc-temp-dir>/stdcells.genlib 
ABC: Entered genlib library with 13 gates from file "<abc-temp-dir>/stdcells.genlib".
ABC: + strash 
ABC: + dretime 
ABC: + map 
ABC: + write_blif <abc-temp-dir>/output.blif 

49.1.2. Re-integrating ABC results.
ABC RESULTS:               NOT cells:       86
ABC RESULTS:              XNOR cells:       30
ABC RESULTS:               NOR cells:       69
ABC RESULTS:               XOR cells:      129
ABC RESULTS:               AND cells:       81
ABC RESULTS:              NAND cells:       77
ABC RESULTS:             ORNOT cells:      130
ABC RESULTS:            ANDNOT cells:     2730
ABC RESULTS:                OR cells:     2411
ABC RESULTS:               MUX cells:      203
ABC RESULTS:        internal signals:     5872
ABC RESULTS:           input signals:     2304
ABC RESULTS:          output signals:      213
Removing temp directory.

50. Executing OPT pass (performing simple optimizations).

50.1. Executing OPT_EXPR pass (perform const folding).
Optimizing module top.
<suppressed ~2 debug messages>

50.2. Executing OPT_MERGE pass (detect identical cells).
Finding identical cells in module `\top'.
<suppressed ~9 debug messages>
Removed a total of 3 cells.

50.3. Executing OPT_DFF pass (perform DFF optimizations).

50.4. Executing OPT_CLEAN pass (remove unused cells and wires).
Finding unused cells or wires in module \top..
Removed 0 unused cells and 3226 unused wires.
<suppressed ~29 debug messages>

50.5. Finished fast OPT passes.

51. Executing HIERARCHY pass (managing design hierarchy).

51.1. Analyzing design hierarchy..
Top module:  \top

51.2. Analyzing design hierarchy..
Top module:  \top
Removed 0 unused modules.

52. Printing statistics.

=== top ===

   Number of wires:               5960
   Number of wire bits:          10211
   Number of public wires:         159
   Number of public wire bits:    4410
   Number of memories:               0
   Number of memory bits:            0
   Number of processes:              0
   Number of cells:               8247
     $_ANDNOT_                    2727
     $_AND_                         81
     $_DFFE_PP0P_                 2274
     $_DFF_PP0_                     30
     $_MUX_                        203
     $_NAND_                        77
     $_NOR_                         69
     $_NOT_                         86
     $_ORNOT_                      130
     $_OR_                        2411
     $_XNOR_                        30
     $_XOR_                        129

53. Executing CHECK pass (checking for obvious problems).
Checking module top...
Found and reported 0 problems.

54. Generating Graphviz representation of design.
Writing dot description to `/openlane/designs/Singgle_cycle/runs/RUN_2026.10.05_13.27.22/tmp/synthesis/post_techmap.dot'.
Dumping module top to page 1.

55. Executing SHARE pass (SAT-based resource sharing).

56. Executing OPT pass (performing simple optimizations).

56.1. Executing OPT_EXPR pass (perform const folding).
Optimizing module top.

56.2. Executing OPT_MERGE pass (detect identical cells).
Finding identical cells in module `\top'.
Removed a total of 0 cells.

56.3. Executing OPT_MUXTREE pass (detect dead branches in mux trees).
Running muxtree optimizer on module \top..
  Creating internal representation of mux trees.
  No muxes found in this module.
Removed 0 multiplexer ports.

56.4. Executing OPT_REDUCE pass (consolidate $*mux and $reduce_* inputs).
  Optimizing cells in module \top.
Performed a total of 0 changes.

56.5. Executing OPT_MERGE pass (detect identical cells).
Finding identical cells in module `\top'.
Removed a total of 0 cells.

56.6. Executing OPT_DFF pass (perform DFF optimizations).

56.7. Executing OPT_CLEAN pass (remove unused cells and wires).
Finding unused cells or wires in module \top..

56.8. Executing OPT_EXPR pass (perform const folding).
Optimizing module top.

56.9. Finished OPT passes. (There is nothing left to do.)

57. Executing OPT_CLEAN pass (remove unused cells and wires).
Finding unused cells or wires in module \top..
Removed 0 unused cells and 78 unused wires.
<suppressed ~78 debug messages>

58. Printing statistics.

=== top ===

   Number of wires:               5882
   Number of wire bits:           8269
   Number of public wires:          81
   Number of public wire bits:    2468
   Number of memories:               0
   Number of memory bits:            0
   Number of processes:              0
   Number of cells:               8247
     $_ANDNOT_                    2727
     $_AND_                         81
     $_DFFE_PP0P_                 2274
     $_DFF_PP0_                     30
     $_MUX_                        203
     $_NAND_                        77
     $_NOR_                         69
     $_NOT_                         86
     $_ORNOT_                      130
     $_OR_                        2411
     $_XNOR_                        30
     $_XOR_                        129

mapping tbuf

59. Executing TECHMAP pass (map to technology primitives).

59.1. Executing Verilog-2005 frontend: /home/thiennb/.ciel/sky130A/libs.tech/openlane/sky130_fd_sc_hd/tribuff_map.v
Parsing Verilog input from `/home/thiennb/.ciel/sky130A/libs.tech/openlane/sky130_fd_sc_hd/tribuff_map.v' to AST representation.
Generating RTLIL representation for module `\$_TBUF_'.
Successfully finished Verilog frontend.

59.2. Continuing TECHMAP pass.
No more expansions possible.
<suppressed ~3 debug messages>

60. Executing SIMPLEMAP pass (map simple cells to gate primitives).

61. Executing TECHMAP pass (map to technology primitives).

61.1. Executing Verilog-2005 frontend: /home/thiennb/.ciel/sky130A/libs.tech/openlane/sky130_fd_sc_hd/latch_map.v
Parsing Verilog input from `/home/thiennb/.ciel/sky130A/libs.tech/openlane/sky130_fd_sc_hd/latch_map.v' to AST representation.
Generating RTLIL representation for module `\$_DLATCH_P_'.
Generating RTLIL representation for module `\$_DLATCH_N_'.
Successfully finished Verilog frontend.

61.2. Continuing TECHMAP pass.
No more expansions possible.
<suppressed ~4 debug messages>

62. Executing SIMPLEMAP pass (map simple cells to gate primitives).

63. Executing DFFLIBMAP pass (mapping DFF cells to sequential cells from liberty file).
  cell sky130_fd_sc_hd__dfxtp_2 (noninv, pins=3, area=21.27) is a direct match for cell type $_DFF_P_.
  cell sky130_fd_sc_hd__dfrtp_2 (noninv, pins=4, area=26.28) is a direct match for cell type $_DFF_PN0_.
  cell sky130_fd_sc_hd__dfstp_2 (noninv, pins=4, area=26.28) is a direct match for cell type $_DFF_PN1_.
  cell sky130_fd_sc_hd__dfbbn_2 (noninv, pins=6, area=35.03) is a direct match for cell type $_DFFSR_NNN_.
  final dff cell mappings:
    unmapped dff cell: $_DFF_N_
    \sky130_fd_sc_hd__dfxtp_2 _DFF_P_ (.CLK( C), .D( D), .Q( Q));
    unmapped dff cell: $_DFF_NN0_
    unmapped dff cell: $_DFF_NN1_
    unmapped dff cell: $_DFF_NP0_
    unmapped dff cell: $_DFF_NP1_
    \sky130_fd_sc_hd__dfrtp_2 _DFF_PN0_ (.CLK( C), .D( D), .Q( Q), .RESET_B( R));
    \sky130_fd_sc_hd__dfstp_2 _DFF_PN1_ (.CLK( C), .D( D), .Q( Q), .SET_B( R));
    unmapped dff cell: $_DFF_PP0_
    unmapped dff cell: $_DFF_PP1_
    \sky130_fd_sc_hd__dfbbn_2 _DFFSR_NNN_ (.CLK_N( C), .D( D), .Q( Q), .Q_N(~Q), .RESET_B( R), .SET_B( S));
    unmapped dff cell: $_DFFSR_NNP_
    unmapped dff cell: $_DFFSR_NPN_
    unmapped dff cell: $_DFFSR_NPP_
    unmapped dff cell: $_DFFSR_PNN_
    unmapped dff cell: $_DFFSR_PNP_
    unmapped dff cell: $_DFFSR_PPN_
    unmapped dff cell: $_DFFSR_PPP_

63.1. Executing DFFLEGALIZE pass (convert FFs to types supported by the target).
Mapping DFF cells in module `\top':
  mapped 2304 $_DFF_PN0_ cells to \sky130_fd_sc_hd__dfrtp_2 cells.

64. Printing statistics.

=== top ===

   Number of wires:              10460
   Number of wire bits:          12847
   Number of public wires:          81
   Number of public wire bits:    2468
   Number of memories:               0
   Number of memory bits:            0
   Number of processes:              0
   Number of cells:              12825
     $_ANDNOT_                    2727
     $_AND_                         81
     $_MUX_                       2477
     $_NAND_                        77
     $_NOR_                         69
     $_NOT_                       2390
     $_ORNOT_                      130
     $_OR_                        2411
     $_XNOR_                        30
     $_XOR_                        129
     sky130_fd_sc_hd__dfrtp_2     2304

[INFO]: USING STRATEGY AREA 0

65. Executing ABC pass (technology mapping using ABC).

65.1. Extracting gate netlist of module `\top' to `/tmp/yosys-abc-uDzk0D/input.blif'..
Extracted 10521 gates and 12826 wires to a netlist network with 2305 inputs and 4685 outputs.

65.1.1. Executing ABC.
Running ABC command: "/build/bin/yosys-abc" -s -f /tmp/yosys-abc-uDzk0D/abc.script 2>&1
ABC: ABC command line: "source /tmp/yosys-abc-uDzk0D/abc.script".
ABC: 
ABC: + read_blif /tmp/yosys-abc-uDzk0D/input.blif 
ABC: + read_lib -w /openlane/designs/Singgle_cycle/runs/RUN_2026.10.05_13.27.22/tmp/synthesis/trimmed.lib 
ABC: Parsing finished successfully.  Parsing time =     0.05 sec
ABC: Scl_LibertyReadGenlib() skipped sequential cell "sky130_fd_sc_hd__dfbbn_2".
ABC: Scl_LibertyReadGenlib() skipped sequential cell "sky130_fd_sc_hd__dfrbp_2".
ABC: Scl_LibertyReadGenlib() skipped sequential cell "sky130_fd_sc_hd__dfrtp_2".
ABC: Scl_LibertyReadGenlib() skipped sequential cell "sky130_fd_sc_hd__dfrtp_4".
ABC: Scl_LibertyReadGenlib() skipped sequential cell "sky130_fd_sc_hd__dfsbp_2".
ABC: Scl_LibertyReadGenlib() skipped sequential cell "sky130_fd_sc_hd__dfstp_2".
ABC: Scl_LibertyReadGenlib() skipped sequential cell "sky130_fd_sc_hd__dfstp_4".
ABC: Scl_LibertyReadGenlib() skipped sequential cell "sky130_fd_sc_hd__dfxbp_2".
ABC: Scl_LibertyReadGenlib() skipped sequential cell "sky130_fd_sc_hd__dfxtp_2".
ABC: Scl_LibertyReadGenlib() skipped sequential cell "sky130_fd_sc_hd__dfxtp_4".
ABC: Scl_LibertyReadGenlib() skipped sequential cell "sky130_fd_sc_hd__dlxtn_1".
ABC: Scl_LibertyReadGenlib() skipped sequential cell "sky130_fd_sc_hd__dlxtn_2".
ABC: Scl_LibertyReadGenlib() skipped sequential cell "sky130_fd_sc_hd__dlxtn_4".
ABC: Scl_LibertyReadGenlib() skipped sequential cell "sky130_fd_sc_hd__dlxtp_1".
ABC: Scl_LibertyReadGenlib() skipped three-state cell "sky130_fd_sc_hd__ebufn_2".
ABC: Scl_LibertyReadGenlib() skipped three-state cell "sky130_fd_sc_hd__ebufn_4".
ABC: Scl_LibertyReadGenlib() skipped three-state cell "sky130_fd_sc_hd__ebufn_8".
ABC: Library "sky130A_merged" from "/openlane/designs/Singgle_cycle/runs/RUN_2026.10.05_13.27.22/tmp/synthesis/trimmed.lib" has 175 cells (17 skipped: 14 seq; 3 tri-state; 0 no func; 0 dont_use).  Time =     0.07 sec
ABC: Memory =    9.54 MB. Time =     0.07 sec
ABC: Warning: Detected 2 multi-output gates (for example, "sky130_fd_sc_hd__fa_1").
ABC: + read_constr -v /openlane/designs/Singgle_cycle/runs/RUN_2026.10.05_13.27.22/tmp/synthesis/synthesis.sdc 
ABC: Setting driving cell to be "sky130_fd_sc_hd__inv_2".
ABC: Setting output load to be 33.442001.
ABC: + read_constr /openlane/designs/Singgle_cycle/runs/RUN_2026.10.05_13.27.22/tmp/synthesis/synthesis.sdc 
ABC: + fx 
ABC: + mfs 
ABC: + strash 
ABC: + refactor 
ABC: + balance 
ABC: + rewrite 
ABC: + refactor 
ABC: + balance 
ABC: + rewrite 
ABC: + rewrite -z 
ABC: + balance 
ABC: + refactor -z 
ABC: + rewrite -z 
ABC: + balance 
ABC: + retime -D -D 20000.0 -M 5 
ABC: + scleanup 
ABC: Error: The network is combinational.
ABC: + fraig_store 
ABC: + balance 
ABC: + fraig_store 
ABC: + balance 
ABC: + rewrite 
ABC: + refactor 
ABC: + balance 
ABC: + rewrite 
ABC: + rewrite -z 
ABC: + balance 
ABC: + refactor -z 
ABC: + rewrite -z 
ABC: + balance 
ABC: + fraig_store 
ABC: + balance 
ABC: + rewrite 
ABC: + refactor 
ABC: + balance 
ABC: + rewrite 
ABC: + rewrite -z 
ABC: + balance 
ABC: + refactor -z 
ABC: + rewrite -z 
ABC: + balance 
ABC: + fraig_store 
ABC: + balance 
ABC: + rewrite 
ABC: + refactor 
ABC: + balance 
ABC: + rewrite 
ABC: + rewrite -z 
ABC: + balance 
ABC: + refactor -z 
ABC: + rewrite -z 
ABC: + balance 
ABC: + fraig_store 
ABC: + fraig_restore 
ABC: + amap -m -Q 0.1 -F 20 -A 20 -C 5000 
ABC: + retime -D -D 20000.0 
ABC: + &get -n 
ABC: + &st 
ABC: + &dch 
ABC: + &nf 
ABC: + &put 
ABC: + buffer -N 10 -S 750.0 
ABC: + upsize -D 20000.0 
ABC: Current delay (7842.79 ps) does not exceed the target delay (20000.00 ps). Upsizing is not performed.
ABC: + dnsize -D 20000.0 
ABC: + stime -p 
ABC: WireLoad = "none"  Gates =   7954 ( 87.1 %)   Cap = 18.0 ff ( 18.1 %)   Area =    35484.03 ( 12.9 %)   Delay =  8420.93 ps  (  1.0 %)               
ABC: Path  0 --    2275 : 0    9 pi                       A =   0.00  Df =  77.0  -42.3 ps  S = 114.1 ps  Cin =  0.0 ff  Cout =  23.7 ff  Cmax =   0.0 ff  G =    0  
ABC: Path  1 --   11124 : 4    3 sky130_fd_sc_hd__or4_2   A =   8.76  Df = 723.9 -495.8 ps  S = 122.1 ps  Cin =  1.5 ff  Cout =   8.3 ff  Cmax = 310.4 ff  G =  532  
ABC: Path  2 --   11125 : 1    6 sky130_fd_sc_hd__inv_2   A =   3.75  Df = 922.6 -599.5 ps  S = 195.4 ps  Cin =  4.5 ff  Cout =  42.1 ff  Cmax = 331.4 ff  G =  932  
ABC: Path  3 --   11128 : 3    4 sky130_fd_sc_hd__or3_2   A =   7.51  Df =1110.2 -124.2 ps  S = 106.9 ps  Cin =  1.5 ff  Cout =  12.3 ff  Cmax = 310.4 ff  G =  767  
ABC: Path  4 --   11168 : 1   10 sky130_fd_sc_hd__inv_2   A =   3.75  Df =1230.6  -14.5 ps  S = 250.8 ps  Cin =  4.5 ff  Cout =  54.5 ff  Cmax = 331.4 ff  G = 1198  
ABC: Path  5 --   11209 : 5    1 sky130_fd_sc_hd__a32o_2  A =  11.26  Df =1512.5  -92.6 ps  S =  49.0 ps  Cin =  2.3 ff  Cout =   2.6 ff  Cmax = 264.6 ff  G =  102  
ABC: Path  6 --   11210 : 3    5 sky130_fd_sc_hd__o21a_2  A =   8.76  Df =1734.8 -157.4 ps  S =  97.2 ps  Cin =  2.4 ff  Cout =  16.2 ff  Cmax = 294.8 ff  G =  653  
ABC: Path  7 --   11217 : 4    3 sky130_fd_sc_hd__or4_2   A =   8.76  Df =2405.1 -385.7 ps  S = 119.3 ps  Cin =  1.5 ff  Cout =   7.7 ff  Cmax = 310.4 ff  G =  491  
ABC: Path  8 --   11230 : 4    2 sky130_fd_sc_hd__or4bb_2 A =  12.51  Df =3041.6 -901.5 ps  S = 105.8 ps  Cin =  1.5 ff  Cout =   6.2 ff  Cmax = 312.2 ff  G =  385  
ABC: Path  9 --   11231 : 3    6 sky130_fd_sc_hd__nor3_2  A =  10.01  Df =3293.4-1100.2 ps  S = 300.9 ps  Cin =  4.4 ff  Cout =  15.1 ff  Cmax =  92.5 ff  G =  333  
ABC: Path 10 --   11443 : 4    3 sky130_fd_sc_hd__a31o_2  A =   8.76  Df =3551.8 -991.7 ps  S = 105.8 ps  Cin =  2.4 ff  Cout =  15.5 ff  Cmax = 271.9 ff  G =  640  
ABC: Path 11 --   11447 : 3    2 sky130_fd_sc_hd__nand3_2 A =  10.01  Df =3630.8 -995.2 ps  S =  75.6 ps  Cin =  4.4 ff  Cout =   4.0 ff  Cmax = 260.0 ff  G =   86  
ABC: Path 12 --   11448 : 3    3 sky130_fd_sc_hd__and3_2  A =   7.51  Df =3855.9   -0.4 ps  S =  57.2 ps  Cin =  1.5 ff  Cout =   5.7 ff  Cmax = 309.5 ff  G =  363  
ABC: Path 13 --   11454 : 3    2 sky130_fd_sc_hd__or3b_2  A =   8.76  Df =4316.0 -271.0 ps  S =  79.6 ps  Cin =  1.5 ff  Cout =   4.0 ff  Cmax = 269.2 ff  G =  249  
ABC: Path 14 --   11455 : 3    2 sky130_fd_sc_hd__or3_2   A =   7.51  Df =4740.2 -467.3 ps  S =  83.9 ps  Cin =  1.5 ff  Cout =   5.0 ff  Cmax = 310.4 ff  G =  309  
ABC: Path 15 --   11467 : 5    4 sky130_fd_sc_hd__o221a_2 A =  11.26  Df =5066.9 -445.9 ps  S =  88.9 ps  Cin =  2.3 ff  Cout =  11.9 ff  Cmax = 281.1 ff  G =  489  
ABC: Path 16 --   11649 : 3    3 sky130_fd_sc_hd__a21o_2  A =   8.76  Df =5307.9 -526.0 ps  S =  73.2 ps  Cin =  2.4 ff  Cout =  12.2 ff  Cmax = 309.5 ff  G =  495  
ABC: Path 17 --   11650 : 3    1 sky130_fd_sc_hd__a21oi_2 A =   8.76  Df =5447.4 -607.3 ps  S = 100.1 ps  Cin =  4.6 ff  Cout =   4.6 ff  Cmax = 128.2 ff  G =   96  
ABC: Path 18 --   11652 : 2    1 sky130_fd_sc_hd__nor2_2  A =   6.26  Df =5614.3 -124.0 ps  S =  50.5 ps  Cin =  4.4 ff  Cout =   1.6 ff  Cmax = 141.9 ff  G =   35  
ABC: Path 19 --   11655 : 3    1 sky130_fd_sc_hd__or3_2   A =   7.51  Df =5942.7 -228.4 ps  S =  72.4 ps  Cin =  1.5 ff  Cout =   2.2 ff  Cmax = 310.4 ff  G =  138  
ABC: Path 20 --   11656 : 1    3 sky130_fd_sc_hd__buf_1   A =   3.75  Df =6185.3 -130.3 ps  S = 431.4 ps  Cin =  2.1 ff  Cout =  36.6 ff  Cmax = 130.0 ff  G = 1732  
ABC: Path 21 --   12271 : 4    1 sky130_fd_sc_hd__or4b_2  A =  10.01  Df =6873.4 -381.6 ps  S = 106.3 ps  Cin =  1.5 ff  Cout =   4.6 ff  Cmax = 265.5 ff  G =  292  
ABC: Path 22 --   12281 : 4    2 sky130_fd_sc_hd__nor4b_2 A =  15.01  Df =7107.2 -573.3 ps  S = 203.0 ps  Cin =  3.7 ff  Cout =   3.7 ff  Cmax =  65.0 ff  G =   97  
ABC: Path 23 --   12289 : 1   10 sky130_fd_sc_hd__buf_1   A =   3.75  Df =7431.4 -701.2 ps  S = 349.2 ps  Cin =  2.1 ff  Cout =  29.3 ff  Cmax = 130.0 ff  G = 1330  
ABC: Path 24 --   12290 : 1   10 sky130_fd_sc_hd__buf_1   A =   3.75  Df =7937.5 -890.5 ps  S = 588.4 ps  Cin =  2.1 ff  Cout =  50.4 ff  Cmax = 130.0 ff  G = 2290  
ABC: Path 25 --   12301 : 3    2 sky130_fd_sc_hd__a21oi_2 A =   8.76  Df =8050.6 -788.6 ps  S = 103.7 ps  Cin =  4.6 ff  Cout =   4.0 ff  Cmax = 128.2 ff  G =   82  
ABC: Path 26 --   12302 : 3    1 sky130_fd_sc_hd__o21ba_2 A =  10.01  Df =8420.9 -106.8 ps  S = 202.1 ps  Cin =  2.1 ff  Cout =  33.4 ff  Cmax = 264.6 ff  G = 1630  
ABC: Start-point = pi2274 (\PC_out [4]).  End-point = po2355 (\PC_Mux.out [6]).
ABC: + print_stats -m 
ABC: netlist                       : i/o = 2305/ 4685  lat =    0  nd =  7954  edge =   9859  area =35460.81  delay =27.00  lev = 27
ABC: + write_blif /tmp/yosys-abc-uDzk0D/output.blif 

65.1.2. Re-integrating ABC results.
ABC RESULTS:   sky130_fd_sc_hd__and4bb_2 cells:        1
ABC RESULTS:   sky130_fd_sc_hd__nor2b_2 cells:        1
ABC RESULTS:   sky130_fd_sc_hd__nor3b_2 cells:        2
ABC RESULTS:   sky130_fd_sc_hd__o2111a_2 cells:        1
ABC RESULTS:   sky130_fd_sc_hd__a32o_2 cells:        7
ABC RESULTS:   sky130_fd_sc_hd__and4b_2 cells:        2
ABC RESULTS:   sky130_fd_sc_hd__or4bb_2 cells:        2
ABC RESULTS:   sky130_fd_sc_hd__a2bb2o_2 cells:        1
ABC RESULTS:   sky130_fd_sc_hd__a41o_2 cells:        3
ABC RESULTS:   sky130_fd_sc_hd__a2111o_2 cells:        2
ABC RESULTS:   sky130_fd_sc_hd__o32a_2 cells:        1
ABC RESULTS:   sky130_fd_sc_hd__o211a_2 cells:        9
ABC RESULTS:   sky130_fd_sc_hd__a221o_2 cells:        3
ABC RESULTS:   sky130_fd_sc_hd__o211ai_2 cells:        4
ABC RESULTS:   sky130_fd_sc_hd__o221ai_2 cells:        1
ABC RESULTS:   sky130_fd_sc_hd__o22a_2 cells:        5
ABC RESULTS:   sky130_fd_sc_hd__and3b_2 cells:        6
ABC RESULTS:   sky130_fd_sc_hd__o311a_2 cells:        6
ABC RESULTS:   sky130_fd_sc_hd__o31ai_2 cells:        1
ABC RESULTS:   sky130_fd_sc_hd__and2b_2 cells:        4
ABC RESULTS:   sky130_fd_sc_hd__o31a_2 cells:        7
ABC RESULTS:   sky130_fd_sc_hd__o221a_2 cells:        3
ABC RESULTS:   sky130_fd_sc_hd__a31o_2 cells:       14
ABC RESULTS:   sky130_fd_sc_hd__a31oi_2 cells:        2
ABC RESULTS:   sky130_fd_sc_hd__or2b_2 cells:        7
ABC RESULTS:   sky130_fd_sc_hd__a311o_2 cells:        5
ABC RESULTS:   sky130_fd_sc_hd__o21ai_2 cells:       35
ABC RESULTS:   sky130_fd_sc_hd__buf_2 cells:        1
ABC RESULTS:   sky130_fd_sc_hd__nand4b_2 cells:        2
ABC RESULTS:   sky130_fd_sc_hd__nor3_2 cells:        6
ABC RESULTS:   sky130_fd_sc_hd__a22o_2 cells:       50
ABC RESULTS:   sky130_fd_sc_hd__or3b_2 cells:        5
ABC RESULTS:   sky130_fd_sc_hd__or4_2 cells:        5
ABC RESULTS:   sky130_fd_sc_hd__or4b_2 cells:        6
ABC RESULTS:   sky130_fd_sc_hd__nor4_2 cells:        1
ABC RESULTS:   sky130_fd_sc_hd__nor4b_2 cells:        2
ABC RESULTS:   sky130_fd_sc_hd__xor2_2 cells:       16
ABC RESULTS:   sky130_fd_sc_hd__o21bai_2 cells:        2
ABC RESULTS:   sky130_fd_sc_hd__mux2_2 cells:      143
ABC RESULTS:   sky130_fd_sc_hd__and4_2 cells:        4
ABC RESULTS:   sky130_fd_sc_hd__a211oi_2 cells:        4
ABC RESULTS:   sky130_fd_sc_hd__a21o_2 cells:      101
ABC RESULTS:   sky130_fd_sc_hd__nor2_2 cells:       46
ABC RESULTS:   sky130_fd_sc_hd__and3_2 cells:       34
ABC RESULTS:   sky130_fd_sc_hd__a21boi_2 cells:        8
ABC RESULTS:   sky130_fd_sc_hd__and2_2 cells:       92
ABC RESULTS:   sky130_fd_sc_hd__a21bo_2 cells:       12
ABC RESULTS:   sky130_fd_sc_hd__o21a_2 cells:       65
ABC RESULTS:   sky130_fd_sc_hd__nand2_2 cells:       66
ABC RESULTS:   sky130_fd_sc_hd__nand3_2 cells:        7
ABC RESULTS:   sky130_fd_sc_hd__or3_2 cells:       18
ABC RESULTS:   sky130_fd_sc_hd__or2_2 cells:       80
ABC RESULTS:   sky130_fd_sc_hd__a21oi_2 cells:       51
ABC RESULTS:   sky130_fd_sc_hd__o21ba_2 cells:       13
ABC RESULTS:   sky130_fd_sc_hd__a211o_2 cells:       15
ABC RESULTS:   sky130_fd_sc_hd__xnor2_2 cells:       38
ABC RESULTS:   sky130_fd_sc_hd__buf_1 cells:     4579
ABC RESULTS:   sky130_fd_sc_hd__inv_2 cells:     2347
ABC RESULTS:        internal signals:     5836
ABC RESULTS:           input signals:     2305
ABC RESULTS:          output signals:     4685
Removing temp directory.

66. Executing SETUNDEF pass (replace undef values with defined constants).

67. Executing HILOMAP pass (mapping to constant drivers).

68. Executing SPLITNETS pass (splitting up multi-bit signals).

69. Executing OPT_CLEAN pass (remove unused cells and wires).
Finding unused cells or wires in module \top..
Removed 0 unused cells and 12843 unused wires.
<suppressed ~37 debug messages>

70. Executing INSBUF pass (insert buffer cells for connected wires).
Add top/$auto$insbuf.cc:97:execute$39288: \Instr_out [16] -> \Instr_out [6]
Add top/$auto$insbuf.cc:97:execute$39289: \Instr_out [14] -> \Instr_out [13]
Add top/$auto$insbuf.cc:97:execute$39290: \Instr_out [16] -> \PC_out [5]

71. Executing CHECK pass (checking for obvious problems).
Checking module top...
Warning: Wire top.\WriteBack_out [31] is used but has no driver.
Warning: Wire top.\WriteBack_out [30] is used but has no driver.
Warning: Wire top.\WriteBack_out [29] is used but has no driver.
Warning: Wire top.\WriteBack_out [28] is used but has no driver.
Warning: Wire top.\WriteBack_out [27] is used but has no driver.
Warning: Wire top.\WriteBack_out [26] is used but has no driver.
Warning: Wire top.\WriteBack_out [25] is used but has no driver.
Warning: Wire top.\WriteBack_out [24] is used but has no driver.
Warning: Wire top.\WriteBack_out [23] is used but has no driver.
Warning: Wire top.\WriteBack_out [22] is used but has no driver.
Warning: Wire top.\WriteBack_out [21] is used but has no driver.
Warning: Wire top.\WriteBack_out [20] is used but has no driver.
Warning: Wire top.\WriteBack_out [19] is used but has no driver.
Warning: Wire top.\WriteBack_out [18] is used but has no driver.
Warning: Wire top.\WriteBack_out [17] is used but has no driver.
Warning: Wire top.\WriteBack_out [16] is used but has no driver.
Warning: Wire top.\WriteBack_out [15] is used but has no driver.
Warning: Wire top.\WriteBack_out [14] is used but has no driver.
Warning: Wire top.\WriteBack_out [13] is used but has no driver.
Warning: Wire top.\WriteBack_out [12] is used but has no driver.
Warning: Wire top.\WriteBack_out [11] is used but has no driver.
Warning: Wire top.\WriteBack_out [10] is used but has no driver.
Warning: Wire top.\WriteBack_out [9] is used but has no driver.
Warning: Wire top.\WriteBack_out [8] is used but has no driver.
Warning: Wire top.\WriteBack_out [7] is used but has no driver.
Warning: Wire top.\WriteBack_out [6] is used but has no driver.
Warning: Wire top.\WriteBack_out [5] is used but has no driver.
Warning: Wire top.\WriteBack_out [4] is used but has no driver.
Warning: Wire top.\WriteBack_out [3] is used but has no driver.
Warning: Wire top.\WriteBack_out [2] is used but has no driver.
Warning: Wire top.\WriteBack_out [1] is used but has no driver.
Warning: Wire top.\WriteBack_out [0] is used but has no driver.
Warning: Wire top.\PC_out [31] is used but has no driver.
Warning: Wire top.\PC_out [30] is used but has no driver.
Warning: Wire top.\PC_out [29] is used but has no driver.
Warning: Wire top.\PC_out [28] is used but has no driver.
Warning: Wire top.\PC_out [27] is used but has no driver.
Warning: Wire top.\PC_out [26] is used but has no driver.
Warning: Wire top.\PC_out [25] is used but has no driver.
Warning: Wire top.\PC_out [24] is used but has no driver.
Warning: Wire top.\PC_out [23] is used but has no driver.
Warning: Wire top.\PC_out [22] is used but has no driver.
Warning: Wire top.\PC_out [21] is used but has no driver.
Warning: Wire top.\PC_out [20] is used but has no driver.
Warning: Wire top.\PC_out [19] is used but has no driver.
Warning: Wire top.\PC_out [18] is used but has no driver.
Warning: Wire top.\PC_out [17] is used but has no driver.
Warning: Wire top.\PC_out [16] is used but has no driver.
Warning: Wire top.\PC_out [15] is used but has no driver.
Warning: Wire top.\PC_out [14] is used but has no driver.
Warning: Wire top.\PC_out [13] is used but has no driver.
Warning: Wire top.\PC_out [12] is used but has no driver.
Warning: Wire top.\PC_out [11] is used but has no driver.
Warning: Wire top.\PC_out [10] is used but has no driver.
Warning: Wire top.\PC_out [9] is used but has no driver.
Warning: Wire top.\PC_out [8] is used but has no driver.
Warning: Wire top.\PC_out [7] is used but has no driver.
Warning: Wire top.\PC_out [6] is used but has no driver.
Warning: Wire top.\PC_out [5] is used but has no driver.
Warning: Wire top.\PC_out [4] is used but has no driver.
Warning: Wire top.\PC_out [3] is used but has no driver.
Warning: Wire top.\PC_out [2] is used but has no driver.
Warning: Wire top.\PC_out [1] is used but has no driver.
Warning: Wire top.\PC_out [0] is used but has no driver.
Warning: Wire top.\Instr_out [31] is used but has no driver.
Warning: Wire top.\Instr_out [30] is used but has no driver.
Warning: Wire top.\Instr_out [29] is used but has no driver.
Warning: Wire top.\Instr_out [28] is used but has no driver.
Warning: Wire top.\Instr_out [27] is used but has no driver.
Warning: Wire top.\Instr_out [26] is used but has no driver.
Warning: Wire top.\Instr_out [25] is used but has no driver.
Warning: Wire top.\Instr_out [24] is used but has no driver.
Warning: Wire top.\Instr_out [23] is used but has no driver.
Warning: Wire top.\Instr_out [22] is used but has no driver.
Warning: Wire top.\Instr_out [21] is used but has no driver.
Warning: Wire top.\Instr_out [20] is used but has no driver.
Warning: Wire top.\Instr_out [19] is used but has no driver.
Warning: Wire top.\Instr_out [18] is used but has no driver.
Warning: Wire top.\Instr_out [17] is used but has no driver.
Warning: Wire top.\Instr_out [16] is used but has no driver.
Warning: Wire top.\Instr_out [15] is used but has no driver.
Warning: Wire top.\Instr_out [14] is used but has no driver.
Warning: Wire top.\Instr_out [13] is used but has no driver.
Warning: Wire top.\Instr_out [12] is used but has no driver.
Warning: Wire top.\Instr_out [11] is used but has no driver.
Warning: Wire top.\Instr_out [10] is used but has no driver.
Warning: Wire top.\Instr_out [9] is used but has no driver.
Warning: Wire top.\Instr_out [8] is used but has no driver.
Warning: Wire top.\Instr_out [7] is used but has no driver.
Warning: Wire top.\Instr_out [6] is used but has no driver.
Warning: Wire top.\Instr_out [5] is used but has no driver.
Warning: Wire top.\Instr_out [4] is used but has no driver.
Warning: Wire top.\Instr_out [3] is used but has no driver.
Warning: Wire top.\Instr_out [2] is used but has no driver.
Warning: Wire top.\Instr_out [1] is used but has no driver.
Warning: Wire top.\Instr_out [0] is used but has no driver.
Warning: Wire top.\ALU_out [31] is used but has no driver.
Warning: Wire top.\ALU_out [30] is used but has no driver.
Warning: Wire top.\ALU_out [29] is used but has no driver.
Warning: Wire top.\ALU_out [28] is used but has no driver.
Warning: Wire top.\ALU_out [27] is used but has no driver.
Warning: Wire top.\ALU_out [26] is used but has no driver.
Warning: Wire top.\ALU_out [25] is used but has no driver.
Warning: Wire top.\ALU_out [24] is used but has no driver.
Warning: Wire top.\ALU_out [23] is used but has no driver.
Warning: Wire top.\ALU_out [22] is used but has no driver.
Warning: Wire top.\ALU_out [21] is used but has no driver.
Warning: Wire top.\ALU_out [20] is used but has no driver.
Warning: Wire top.\ALU_out [19] is used but has no driver.
Warning: Wire top.\ALU_out [18] is used but has no driver.
Warning: Wire top.\ALU_out [17] is used but has no driver.
Warning: Wire top.\ALU_out [16] is used but has no driver.
Warning: Wire top.\ALU_out [15] is used but has no driver.
Warning: Wire top.\ALU_out [14] is used but has no driver.
Warning: Wire top.\ALU_out [13] is used but has no driver.
Warning: Wire top.\ALU_out [12] is used but has no driver.
Warning: Wire top.\ALU_out [11] is used but has no driver.
Warning: Wire top.\ALU_out [10] is used but has no driver.
Warning: Wire top.\ALU_out [9] is used but has no driver.
Warning: Wire top.\ALU_out [8] is used but has no driver.
Warning: Wire top.\ALU_out [7] is used but has no driver.
Warning: Wire top.\ALU_out [6] is used but has no driver.
Warning: Wire top.\ALU_out [5] is used but has no driver.
Warning: Wire top.\ALU_out [4] is used but has no driver.
Warning: Wire top.\ALU_out [3] is used but has no driver.
Warning: Wire top.\ALU_out [2] is used but has no driver.
Warning: Wire top.\ALU_out [1] is used but has no driver.
Warning: Wire top.\ALU_out [0] is used but has no driver.
Found and reported 128 problems.

72. Printing statistics.

=== top ===

   Number of wires:              10155
   Number of wire bits:          10279
   Number of public wires:        2308
   Number of public wire bits:    2432
   Number of memories:               0
   Number of memory bits:            0
   Number of processes:              0
   Number of cells:              10277
     sky130_fd_sc_hd__a2111o_2       2
     sky130_fd_sc_hd__a211o_2       15
     sky130_fd_sc_hd__a211oi_2       4
     sky130_fd_sc_hd__a21bo_2       12
     sky130_fd_sc_hd__a21boi_2       8
     sky130_fd_sc_hd__a21o_2       101
     sky130_fd_sc_hd__a21oi_2       51
     sky130_fd_sc_hd__a221o_2        3
     sky130_fd_sc_hd__a22o_2        50
     sky130_fd_sc_hd__a2bb2o_2       1
     sky130_fd_sc_hd__a311o_2        5
     sky130_fd_sc_hd__a31o_2        14
     sky130_fd_sc_hd__a31oi_2        2
     sky130_fd_sc_hd__a32o_2         7
     sky130_fd_sc_hd__a41o_2         3
     sky130_fd_sc_hd__and2_2        92
     sky130_fd_sc_hd__and2b_2        4
     sky130_fd_sc_hd__and3_2        34
     sky130_fd_sc_hd__and3b_2        6
     sky130_fd_sc_hd__and4_2         4
     sky130_fd_sc_hd__and4b_2        2
     sky130_fd_sc_hd__and4bb_2       1
     sky130_fd_sc_hd__buf_1       4579
     sky130_fd_sc_hd__buf_2          4
     sky130_fd_sc_hd__conb_1        16
     sky130_fd_sc_hd__dfrtp_2     2304
     sky130_fd_sc_hd__inv_2       2347
     sky130_fd_sc_hd__mux2_2       143
     sky130_fd_sc_hd__nand2_2       66
     sky130_fd_sc_hd__nand3_2        7
     sky130_fd_sc_hd__nand4b_2       2
     sky130_fd_sc_hd__nor2_2        46
     sky130_fd_sc_hd__nor2b_2        1
     sky130_fd_sc_hd__nor3_2         6
     sky130_fd_sc_hd__nor3b_2        2
     sky130_fd_sc_hd__nor4_2         1
     sky130_fd_sc_hd__nor4b_2        2
     sky130_fd_sc_hd__o2111a_2       1
     sky130_fd_sc_hd__o211a_2        9
     sky130_fd_sc_hd__o211ai_2       4
     sky130_fd_sc_hd__o21a_2        65
     sky130_fd_sc_hd__o21ai_2       35
     sky130_fd_sc_hd__o21ba_2       13
     sky130_fd_sc_hd__o21bai_2       2
     sky130_fd_sc_hd__o221a_2        3
     sky130_fd_sc_hd__o221ai_2       1
     sky130_fd_sc_hd__o22a_2         5
     sky130_fd_sc_hd__o311a_2        6
     sky130_fd_sc_hd__o31a_2         7
     sky130_fd_sc_hd__o31ai_2        1
     sky130_fd_sc_hd__o32a_2         1
     sky130_fd_sc_hd__or2_2         80
     sky130_fd_sc_hd__or2b_2         7
     sky130_fd_sc_hd__or3_2         18
     sky130_fd_sc_hd__or3b_2         5
     sky130_fd_sc_hd__or4_2          5
     sky130_fd_sc_hd__or4b_2         6
     sky130_fd_sc_hd__or4bb_2        2
     sky130_fd_sc_hd__xnor2_2       38
     sky130_fd_sc_hd__xor2_2        16

   Chip area for module '\top': 96097.164800

73. Executing Verilog backend.
Dumping module `\top'.

Warnings: 130 unique messages, 130 total
End of script. Logfile hash: b46bbcc1e6, CPU: user 6.90s system 0.13s, MEM: 68.94 MB peak
Yosys 0.30+48 (git sha1 14d50a176d5, gcc 8.3.1 -fPIC -Os)
Time spent: 43% 2x abc (5 sec), 14% 2x write_verilog (1 sec), ...
