
===========================================================================
report_checks -unconstrained
===========================================================================
======================= Typical Corner ===================================

Startpoint: reset (input port clocked by clk)
Endpoint: _15867_ (recovery check against rising-edge clock clk)
Path Group: asynchronous
Path Type: max

Fanout     Cap    Slew   Delay    Time   Description
-----------------------------------------------------------------------------
                          0.00    0.00   clock clk (rise edge)
                          0.00    0.00   clock network delay (propagated)
                          4.00    4.00 v input external delay
                  0.01    0.00    4.00 v reset (in)
     1    0.00                           reset (net)
                  0.01    0.00    4.00 v input1/A (sky130_fd_sc_hd__clkbuf_1)
                  0.04    0.08    4.09 v input1/X (sky130_fd_sc_hd__clkbuf_1)
     1    0.00                           net1 (net)
                  0.04    0.00    4.09 v _13241_/A (sky130_fd_sc_hd__buf_6)
                  0.08    0.17    4.26 v _13241_/X (sky130_fd_sc_hd__buf_6)
     9    0.08                           _06082_ (net)
                  0.08    0.01    4.27 v _13242_/A (sky130_fd_sc_hd__buf_6)
                  0.07    0.19    4.46 v _13242_/X (sky130_fd_sc_hd__buf_6)
    10    0.08                           _06083_ (net)
                  0.07    0.01    4.47 v _13310_/A (sky130_fd_sc_hd__buf_4)
                  0.08    0.21    4.67 v _13310_/X (sky130_fd_sc_hd__buf_4)
    10    0.05                           _06091_ (net)
                  0.08    0.00    4.67 v _13311_/A (sky130_fd_sc_hd__buf_4)
                  0.08    0.22    4.89 v _13311_/X (sky130_fd_sc_hd__buf_4)
    10    0.06                           _06092_ (net)
                  0.08    0.00    4.89 v _13318_/A (sky130_fd_sc_hd__inv_2)
                  0.03    0.06    4.95 ^ _13318_/Y (sky130_fd_sc_hd__inv_2)
     1    0.00                           _00066_ (net)
                  0.03    0.00    4.95 ^ _15867_/RESET_B (sky130_fd_sc_hd__dfrtp_1)
                                  4.95   data arrival time

                         20.00   20.00   clock clk (rise edge)
                          0.00   20.00   clock source latency
                  0.24    0.16   20.16 ^ clk (in)
     1    0.05                           clk (net)
                  0.24    0.00   20.16 ^ clkbuf_0_clk/A (sky130_fd_sc_hd__clkbuf_16)
                  0.10    0.23   20.39 ^ clkbuf_0_clk/X (sky130_fd_sc_hd__clkbuf_16)
     4    0.08                           clknet_0_clk (net)
                  0.10    0.00   20.39 ^ clkbuf_2_2_0_clk/A (sky130_fd_sc_hd__clkbuf_8)
                  0.19    0.24   20.63 ^ clkbuf_2_2_0_clk/X (sky130_fd_sc_hd__clkbuf_8)
     8    0.10                           clknet_2_2_0_clk (net)
                  0.19    0.00   20.63 ^ clkbuf_5_18__f_clk/A (sky130_fd_sc_hd__clkbuf_16)
                  0.11    0.22   20.85 ^ clkbuf_5_18__f_clk/X (sky130_fd_sc_hd__clkbuf_16)
    10    0.10                           clknet_5_18__leaf_clk (net)
                  0.11    0.00   20.85 ^ _15867_/CLK (sky130_fd_sc_hd__dfrtp_1)
                         -0.25   20.60   clock uncertainty
                          0.00   20.60   clock reconvergence pessimism
                          0.25   20.85   library recovery time
                                 20.85   data required time
-----------------------------------------------------------------------------
                                 20.85   data required time
                                 -4.95   data arrival time
-----------------------------------------------------------------------------
                                 15.90   slack (MET)


Startpoint: _15804_ (rising edge-triggered flip-flop clocked by clk)
Endpoint: ALU_out[31] (output port clocked by clk)
Path Group: clk
Path Type: max

Fanout     Cap    Slew   Delay    Time   Description
-----------------------------------------------------------------------------
                          0.00    0.00   clock clk (rise edge)
                          0.00    0.00   clock source latency
                  0.24    0.18    0.18 ^ clk (in)
     1    0.05                           clk (net)
                  0.24    0.00    0.18 ^ clkbuf_0_clk/A (sky130_fd_sc_hd__clkbuf_16)
                  0.10    0.25    0.43 ^ clkbuf_0_clk/X (sky130_fd_sc_hd__clkbuf_16)
     4    0.08                           clknet_0_clk (net)
                  0.10    0.00    0.43 ^ clkbuf_2_2_0_clk/A (sky130_fd_sc_hd__clkbuf_8)
                  0.19    0.27    0.69 ^ clkbuf_2_2_0_clk/X (sky130_fd_sc_hd__clkbuf_8)
     8    0.10                           clknet_2_2_0_clk (net)
                  0.19    0.00    0.69 ^ clkbuf_5_18__f_clk/A (sky130_fd_sc_hd__clkbuf_16)
                  0.11    0.24    0.94 ^ clkbuf_5_18__f_clk/X (sky130_fd_sc_hd__clkbuf_16)
    10    0.10                           clknet_5_18__leaf_clk (net)
                  0.11    0.00    0.94 ^ clkbuf_leaf_230_clk/A (sky130_fd_sc_hd__clkbuf_16)
                  0.04    0.15    1.09 ^ clkbuf_leaf_230_clk/X (sky130_fd_sc_hd__clkbuf_16)
     6    0.02                           clknet_leaf_230_clk (net)
                  0.04    0.00    1.09 ^ _15804_/CLK (sky130_fd_sc_hd__dfrtp_4)
                  0.13    0.59    1.68 v _15804_/Q (sky130_fd_sc_hd__dfrtp_4)
    10    0.06                           net75 (net)
                  0.13    0.00    1.68 v _11980_/B (sky130_fd_sc_hd__or4_2)
                  0.15    0.78    2.46 v _11980_/X (sky130_fd_sc_hd__or4_2)
     3    0.02                           _05153_ (net)
                  0.15    0.00    2.46 v _11981_/A (sky130_fd_sc_hd__clkinv_4)
                  0.11    0.15    2.61 ^ _11981_/Y (sky130_fd_sc_hd__clkinv_4)
     6    0.05                           net42 (net)
                  0.11    0.00    2.61 ^ _11984_/A (sky130_fd_sc_hd__or3_2)
                  0.10    0.19    2.80 ^ _11984_/X (sky130_fd_sc_hd__or3_2)
     4    0.02                           _05156_ (net)
                  0.10    0.00    2.80 ^ _12024_/A (sky130_fd_sc_hd__inv_4)
                  0.08    0.10    2.90 v _12024_/Y (sky130_fd_sc_hd__inv_4)
    10    0.06                           net45 (net)
                  0.08    0.00    2.91 v _12065_/A3 (sky130_fd_sc_hd__a32o_1)
                  0.04    0.28    3.18 v _12065_/X (sky130_fd_sc_hd__a32o_1)
     1    0.00                           _05236_ (net)
                  0.04    0.00    3.18 v _12066_/A2 (sky130_fd_sc_hd__o21a_1)
                  0.09    0.22    3.41 v _12066_/X (sky130_fd_sc_hd__o21a_1)
     5    0.01                           _05237_ (net)
                  0.09    0.00    3.41 v _12073_/B (sky130_fd_sc_hd__or4_1)
                  0.13    0.60    4.01 v _12073_/X (sky130_fd_sc_hd__or4_1)
     3    0.01                           _05244_ (net)
                  0.13    0.00    4.01 v _12086_/B (sky130_fd_sc_hd__or4bb_1)
                  0.10    0.55    4.55 v _12086_/X (sky130_fd_sc_hd__or4bb_1)
     2    0.01                           _05257_ (net)
                  0.10    0.00    4.55 v _12087_/C (sky130_fd_sc_hd__nor3_2)
                  0.32    0.29    4.84 ^ _12087_/Y (sky130_fd_sc_hd__nor3_2)
     6    0.02                           _05258_ (net)
                  0.32    0.00    4.84 ^ _12299_/A1 (sky130_fd_sc_hd__a31o_1)
                  0.12    0.26    5.10 ^ _12299_/X (sky130_fd_sc_hd__a31o_1)
     3    0.01                           _05470_ (net)
                  0.12    0.00    5.10 ^ _12303_/B (sky130_fd_sc_hd__nand3_1)
                  0.09    0.11    5.20 v _12303_/Y (sky130_fd_sc_hd__nand3_1)
     2    0.00                           _05474_ (net)
                  0.09    0.00    5.20 v _12304_/C (sky130_fd_sc_hd__and3_1)
                  0.05    0.22    5.43 v _12304_/X (sky130_fd_sc_hd__and3_1)
     3    0.01                           _05475_ (net)
                  0.05    0.00    5.43 v _12310_/A (sky130_fd_sc_hd__or3b_1)
                  0.07    0.40    5.83 v _12310_/X (sky130_fd_sc_hd__or3b_1)
     2    0.00                           _05481_ (net)
                  0.07    0.00    5.83 v _12311_/C (sky130_fd_sc_hd__or3_1)
                  0.08    0.35    6.18 v _12311_/X (sky130_fd_sc_hd__or3_1)
     2    0.01                           _05482_ (net)
                  0.08    0.00    6.18 v _12323_/A1 (sky130_fd_sc_hd__o221a_1)
                  0.09    0.33    6.51 v _12323_/X (sky130_fd_sc_hd__o221a_1)
     4    0.01                           _05494_ (net)
                  0.09    0.00    6.51 v _12351_/A2 (sky130_fd_sc_hd__a2111o_1)
                  0.09    0.48    6.99 v _12351_/X (sky130_fd_sc_hd__a2111o_1)
     2    0.01                           _05522_ (net)
                  0.09    0.00    6.99 v _12358_/A1 (sky130_fd_sc_hd__a21oi_2)
                  0.17    0.21    7.20 ^ _12358_/Y (sky130_fd_sc_hd__a21oi_2)
     5    0.01                           _05529_ (net)
                  0.17    0.00    7.20 ^ _12364_/A2 (sky130_fd_sc_hd__o211a_1)
                  0.09    0.20    7.41 ^ _12364_/X (sky130_fd_sc_hd__o211a_1)
     3    0.01                           _05535_ (net)
                  0.09    0.00    7.41 ^ _12375_/A2 (sky130_fd_sc_hd__o21ai_1)
                  0.10    0.10    7.51 v _12375_/Y (sky130_fd_sc_hd__o21ai_1)
     1    0.01                           _05545_ (net)
                  0.10    0.00    7.51 v _12390_/A1 (sky130_fd_sc_hd__a211oi_4)
                  0.33    0.37    7.88 ^ _12390_/Y (sky130_fd_sc_hd__a211oi_4)
     4    0.02                           _05560_ (net)
                  0.33    0.00    7.88 ^ _13117_/A (sky130_fd_sc_hd__clkbuf_4)
                  0.11    0.29    8.17 ^ _13117_/X (sky130_fd_sc_hd__clkbuf_4)
    10    0.03                           _05989_ (net)
                  0.11    0.00    8.17 ^ _13118_/A (sky130_fd_sc_hd__clkbuf_4)
                  0.12    0.23    8.40 ^ _13118_/X (sky130_fd_sc_hd__clkbuf_4)
    10    0.04                           _05990_ (net)
                  0.12    0.00    8.40 ^ _13119_/A (sky130_fd_sc_hd__inv_2)
                  0.06    0.08    8.48 v _13119_/Y (sky130_fd_sc_hd__inv_2)
     1    0.02                           net26 (net)
                  0.06    0.00    8.48 v output26/A (sky130_fd_sc_hd__buf_2)
                  0.09    0.19    8.67 v output26/X (sky130_fd_sc_hd__buf_2)
     1    0.03                           ALU_out[31] (net)
                  0.09    0.00    8.67 v ALU_out[31] (out)
                                  8.67   data arrival time

                         20.00   20.00   clock clk (rise edge)
                          0.00   20.00   clock network delay (propagated)
                         -0.25   19.75   clock uncertainty
                          0.00   19.75   clock reconvergence pessimism
                         -4.00   15.75   output external delay
                                 15.75   data required time
-----------------------------------------------------------------------------
                                 15.75   data required time
                                 -8.67   data arrival time
-----------------------------------------------------------------------------
                                  7.08   slack (MET)




===========================================================================
report_checks --slack_max -0.01
============================================================================
======================= Typical Corner ===================================

No paths found.


===========================================================================
 report_check_types -max_slew -max_cap -max_fanout -violators
============================================================================
======================= Typical Corner ===================================

max fanout

Pin                                   Limit Fanout  Slack
---------------------------------------------------------
clkbuf_leaf_19_clk/X                     10     16     -6 (VIOLATED)
clkbuf_leaf_201_clk/X                    10     16     -6 (VIOLATED)
clkbuf_leaf_177_clk/X                    10     15     -5 (VIOLATED)
clkbuf_leaf_116_clk/X                    10     14     -4 (VIOLATED)
clkbuf_leaf_129_clk/X                    10     14     -4 (VIOLATED)
clkbuf_leaf_157_clk/X                    10     14     -4 (VIOLATED)
clkbuf_leaf_15_clk/X                     10     14     -4 (VIOLATED)
clkbuf_leaf_181_clk/X                    10     14     -4 (VIOLATED)
clkbuf_leaf_109_clk/X                    10     13     -3 (VIOLATED)
clkbuf_leaf_111_clk/X                    10     13     -3 (VIOLATED)
clkbuf_leaf_12_clk/X                     10     13     -3 (VIOLATED)
clkbuf_leaf_130_clk/X                    10     13     -3 (VIOLATED)
clkbuf_leaf_139_clk/X                    10     13     -3 (VIOLATED)
clkbuf_leaf_142_clk/X                    10     13     -3 (VIOLATED)
clkbuf_leaf_145_clk/X                    10     13     -3 (VIOLATED)
clkbuf_leaf_148_clk/X                    10     13     -3 (VIOLATED)
clkbuf_leaf_150_clk/X                    10     13     -3 (VIOLATED)
clkbuf_leaf_179_clk/X                    10     13     -3 (VIOLATED)
clkbuf_leaf_17_clk/X                     10     13     -3 (VIOLATED)
clkbuf_leaf_225_clk/X                    10     13     -3 (VIOLATED)
clkbuf_leaf_269_clk/X                    10     13     -3 (VIOLATED)
clkbuf_leaf_38_clk/X                     10     13     -3 (VIOLATED)
clkbuf_leaf_77_clk/X                     10     13     -3 (VIOLATED)
clkbuf_leaf_91_clk/X                     10     13     -3 (VIOLATED)
clkbuf_leaf_93_clk/X                     10     13     -3 (VIOLATED)
clkbuf_5_21__f_clk/X                     10     12     -2 (VIOLATED)
clkbuf_leaf_103_clk/X                    10     12     -2 (VIOLATED)
clkbuf_leaf_128_clk/X                    10     12     -2 (VIOLATED)
clkbuf_leaf_135_clk/X                    10     12     -2 (VIOLATED)
clkbuf_leaf_167_clk/X                    10     12     -2 (VIOLATED)
clkbuf_leaf_185_clk/X                    10     12     -2 (VIOLATED)
clkbuf_leaf_207_clk/X                    10     12     -2 (VIOLATED)
clkbuf_leaf_213_clk/X                    10     12     -2 (VIOLATED)
clkbuf_leaf_218_clk/X                    10     12     -2 (VIOLATED)
clkbuf_leaf_219_clk/X                    10     12     -2 (VIOLATED)
clkbuf_leaf_21_clk/X                     10     12     -2 (VIOLATED)
clkbuf_leaf_253_clk/X                    10     12     -2 (VIOLATED)
clkbuf_leaf_260_clk/X                    10     12     -2 (VIOLATED)
clkbuf_leaf_2_clk/X                      10     12     -2 (VIOLATED)
clkbuf_leaf_50_clk/X                     10     12     -2 (VIOLATED)
clkbuf_leaf_54_clk/X                     10     12     -2 (VIOLATED)
clkbuf_leaf_65_clk/X                     10     12     -2 (VIOLATED)
clkbuf_leaf_86_clk/X                     10     12     -2 (VIOLATED)
clkbuf_5_14__f_clk/X                     10     11        (VIOLATED)
clkbuf_5_9__f_clk/X                      10     11        (VIOLATED)
clkbuf_leaf_121_clk/X                    10     11        (VIOLATED)
clkbuf_leaf_127_clk/X                    10     11        (VIOLATED)
clkbuf_leaf_132_clk/X                    10     11        (VIOLATED)
clkbuf_leaf_134_clk/X                    10     11        (VIOLATED)
clkbuf_leaf_137_clk/X                    10     11        (VIOLATED)
clkbuf_leaf_13_clk/X                     10     11        (VIOLATED)
clkbuf_leaf_152_clk/X                    10     11        (VIOLATED)
clkbuf_leaf_156_clk/X                    10     11        (VIOLATED)
clkbuf_leaf_159_clk/X                    10     11        (VIOLATED)
clkbuf_leaf_182_clk/X                    10     11        (VIOLATED)
clkbuf_leaf_188_clk/X                    10     11        (VIOLATED)
clkbuf_leaf_190_clk/X                    10     11        (VIOLATED)
clkbuf_leaf_1_clk/X                      10     11        (VIOLATED)
clkbuf_leaf_206_clk/X                    10     11        (VIOLATED)
clkbuf_leaf_223_clk/X                    10     11        (VIOLATED)
clkbuf_leaf_238_clk/X                    10     11        (VIOLATED)
clkbuf_leaf_240_clk/X                    10     11        (VIOLATED)
clkbuf_leaf_25_clk/X                     10     11        (VIOLATED)
clkbuf_leaf_264_clk/X                    10     11        (VIOLATED)
clkbuf_leaf_31_clk/X                     10     11        (VIOLATED)
clkbuf_leaf_35_clk/X                     10     11        (VIOLATED)
clkbuf_leaf_4_clk/X                      10     11        (VIOLATED)
clkbuf_leaf_61_clk/X                     10     11        (VIOLATED)
clkbuf_leaf_63_clk/X                     10     11        (VIOLATED)
clkbuf_leaf_67_clk/X                     10     11        (VIOLATED)
clkbuf_leaf_6_clk/X                      10     11        (VIOLATED)
clkbuf_leaf_7_clk/X                      10     11        (VIOLATED)
clkbuf_leaf_89_clk/X                     10     11        (VIOLATED)
clkbuf_leaf_8_clk/X                      10     11        (VIOLATED)
clkbuf_leaf_95_clk/X                     10     11        (VIOLATED)
clkbuf_leaf_97_clk/X                     10     11        (VIOLATED)



===========================================================================
report_parasitic_annotation -report_unannotated
============================================================================
Found 10724 unannotated drivers.
 clk
 reset
 _07847_/X
 _07848_/X
 _07849_/X
 _07850_/X
 _07851_/X
 _07852_/X
 _07853_/X
 _07854_/X
 _07855_/X
 _07856_/X
 _07857_/X
 _07858_/X
 _07859_/X
 _07860_/X
 _07861_/X
 _07862_/X
 _07863_/X
 _07864_/X
 _07865_/X
 _07866_/X
 _07867_/X
 _07868_/X
 _07869_/X
 _07870_/X
 _07871_/X
 _07872_/X
 _07873_/X
 _07874_/X
 _07875_/X
 _07876_/X
 _07877_/X
 _07878_/X
 _07879_/X
 _07880_/X
 _07881_/X
 _07882_/X
 _07883_/X
 _07884_/X
 _07885_/X
 _07886_/X
 _07887_/X
 _07888_/X
 _07889_/X
 _07890_/X
 _07891_/X
 _07892_/X
 _07893_/X
 _07894_/X
 _07895_/X
 _07896_/X
 _07897_/X
 _07898_/X
 _07899_/X
 _07900_/X
 _07901_/X
 _07902_/X
 _07903_/X
 _07904_/X
 _07905_/X
 _07906_/X
 _07907_/X
 _07908_/X
 _07909_/X
 _07910_/X
 _07911_/X
 _07912_/X
 _07913_/X
 _07914_/X
 _07915_/X
 _07916_/X
 _07917_/X
 _07918_/X
 _07919_/X
 _07920_/X
 _07921_/X
 _07922_/X
 _07923_/X
 _07924_/X
 _07925_/X
 _07926_/X
 _07927_/X
 _07928_/X
 _07929_/X
 _07930_/X
 _07931_/X
 _07932_/X
 _07933_/X
 _07934_/X
 _07935_/X
 _07936_/X
 _07937_/X
 _07938_/X
 _07939_/X
 _07940_/X
 _07941_/X
 _07942_/X
 _07943_/X
 _07944_/X
 _07945_/X
 _07946_/X
 _07947_/X
 _07948_/X
 _07949_/X
 _07950_/X
 _07951_/X
 _07952_/X
 _07953_/X
 _07954_/X
 _07955_/X
 _07956_/X
 _07957_/X
 _07958_/X
 _07959_/X
 _07960_/X
 _07961_/X
 _07962_/X
 _07963_/X
 _07964_/X
 _07965_/X
 _07966_/X
 _07967_/X
 _07968_/X
 _07969_/X
 _07970_/X
 _07971_/X
 _07972_/X
 _07973_/X
 _07974_/X
 _07975_/X
 _07976_/X
 _07977_/X
 _07978_/X
 _07979_/X
 _07980_/X
 _07981_/X
 _07982_/X
 _07983_/X
 _07984_/X
 _07985_/X
 _07986_/X
 _07987_/X
 _07988_/X
 _07989_/X
 _07990_/X
 _07991_/X
 _07992_/X
 _07993_/X
 _07994_/X
 _07995_/X
 _07996_/X
 _07997_/X
 _07998_/X
 _07999_/X
 _08000_/X
 _08001_/X
 _08002_/X
 _08003_/X
 _08004_/X
 _08005_/X
 _08006_/X
 _08007_/X
 _08008_/X
 _08009_/X
 _08010_/X
 _08011_/X
 _08012_/X
 _08013_/X
 _08014_/X
 _08015_/X
 _08016_/X
 _08017_/X
 _08018_/X
 _08019_/X
 _08020_/X
 _08021_/X
 _08022_/X
 _08023_/X
 _08024_/X
 _08025_/X
 _08026_/X
 _08027_/X
 _08028_/X
 _08029_/X
 _08030_/X
 _08031_/X
 _08032_/X
 _08033_/X
 _08034_/X
 _08035_/X
 _08036_/X
 _08037_/X
 _08038_/X
 _08039_/X
 _08040_/X
 _08041_/X
 _08042_/X
 _08043_/X
 _08044_/X
 _08045_/X
 _08046_/X
 _08047_/X
 _08048_/X
 _08049_/X
 _08050_/X
 _08051_/X
 _08052_/X
 _08053_/X
 _08054_/X
 _08055_/X
 _08056_/X
 _08057_/X
 _08058_/X
 _08059_/X
 _08060_/X
 _08061_/X
 _08062_/X
 _08063_/X
 _08064_/X
 _08065_/X
 _08066_/X
 _08067_/X
 _08068_/X
 _08069_/X
 _08070_/X
 _08071_/X
 _08072_/X
 _08073_/X
 _08074_/X
 _08075_/X
 _08076_/X
 _08077_/X
 _08078_/X
 _08079_/X
 _08080_/X
 _08081_/X
 _08082_/X
 _08083_/X
 _08084_/X
 _08085_/X
 _08086_/X
 _08087_/X
 _08088_/X
 _08089_/X
 _08090_/X
 _08091_/X
 _08092_/X
 _08093_/X
 _08094_/X
 _08095_/X
 _08096_/X
 _08097_/X
 _08098_/X
 _08099_/X
 _08100_/X
 _08101_/X
 _08102_/X
 _08103_/X
 _08104_/X
 _08105_/X
 _08106_/X
 _08107_/X
 _08108_/X
 _08109_/X
 _08110_/X
 _08111_/X
 _08112_/X
 _08113_/X
 _08114_/X
 _08115_/X
 _08116_/X
 _08117_/X
 _08118_/X
 _08119_/X
 _08120_/X
 _08121_/X
 _08122_/X
 _08123_/X
 _08124_/X
 _08125_/X
 _08126_/X
 _08127_/X
 _08128_/X
 _08129_/X
 _08130_/X
 _08131_/X
 _08132_/X
 _08133_/X
 _08134_/X
 _08135_/X
 _08136_/X
 _08137_/X
 _08138_/X
 _08139_/X
 _08140_/X
 _08141_/X
 _08142_/X
 _08143_/X
 _08144_/X
 _08145_/X
 _08146_/X
 _08147_/X
 _08148_/X
 _08149_/X
 _08150_/X
 _08151_/X
 _08152_/X
 _08153_/X
 _08154_/X
 _08155_/X
 _08156_/X
 _08157_/X
 _08158_/X
 _08159_/X
 _08160_/X
 _08161_/X
 _08162_/X
 _08163_/X
 _08164_/X
 _08165_/X
 _08166_/X
 _08167_/X
 _08168_/X
 _08169_/X
 _08170_/X
 _08171_/X
 _08172_/X
 _08173_/X
 _08174_/X
 _08175_/X
 _08176_/X
 _08177_/X
 _08178_/X
 _08179_/X
 _08180_/X
 _08181_/X
 _08182_/X
 _08183_/X
 _08184_/X
 _08185_/X
 _08186_/X
 _08187_/X
 _08188_/X
 _08189_/X
 _08190_/X
 _08191_/X
 _08192_/X
 _08193_/X
 _08194_/X
 _08195_/X
 _08196_/X
 _08197_/X
 _08198_/X
 _08199_/X
 _08200_/X
 _08201_/X
 _08202_/X
 _08203_/X
 _08204_/X
 _08205_/X
 _08206_/X
 _08207_/X
 _08208_/X
 _08209_/X
 _08210_/X
 _08211_/X
 _08212_/X
 _08213_/X
 _08214_/X
 _08215_/X
 _08216_/X
 _08217_/X
 _08218_/X
 _08219_/X
 _08220_/X
 _08221_/X
 _08222_/X
 _08223_/X
 _08224_/X
 _08225_/X
 _08226_/X
 _08227_/X
 _08228_/X
 _08229_/X
 _08230_/X
 _08231_/X
 _08232_/X
 _08233_/X
 _08234_/X
 _08235_/X
 _08236_/X
 _08237_/X
 _08238_/X
 _08239_/X
 _08240_/X
 _08241_/X
 _08242_/X
 _08243_/X
 _08244_/X
 _08245_/X
 _08246_/X
 _08247_/X
 _08248_/X
 _08249_/X
 _08250_/X
 _08251_/X
 _08252_/X
 _08253_/X
 _08254_/X
 _08255_/X
 _08256_/X
 _08257_/X
 _08258_/X
 _08259_/X
 _08260_/X
 _08261_/X
 _08262_/X
 _08263_/X
 _08264_/X
 _08265_/X
 _08266_/X
 _08267_/X
 _08268_/X
 _08269_/X
 _08270_/X
 _08271_/X
 _08272_/X
 _08273_/X
 _08274_/X
 _08275_/X
 _08276_/X
 _08277_/X
 _08278_/X
 _08279_/X
 _08280_/X
 _08281_/X
 _08282_/X
 _08283_/X
 _08284_/X
 _08285_/X
 _08286_/X
 _08287_/X
 _08288_/X
 _08289_/X
 _08290_/X
 _08291_/X
 _08292_/X
 _08293_/X
 _08294_/X
 _08295_/X
 _08296_/X
 _08297_/X
 _08298_/X
 _08299_/X
 _08300_/X
 _08301_/X
 _08302_/X
 _08303_/X
 _08304_/X
 _08305_/X
 _08306_/X
 _08307_/X
 _08308_/X
 _08309_/X
 _08310_/X
 _08311_/X
 _08312_/X
 _08313_/X
 _08314_/X
 _08315_/X
 _08316_/X
 _08317_/X
 _08318_/X
 _08319_/X
 _08320_/X
 _08321_/X
 _08322_/X
 _08323_/X
 _08324_/X
 _08325_/X
 _08326_/X
 _08327_/X
 _08328_/X
 _08329_/X
 _08330_/X
 _08331_/X
 _08332_/X
 _08333_/X
 _08334_/X
 _08335_/X
 _08336_/X
 _08337_/X
 _08338_/X
 _08339_/X
 _08340_/X
 _08341_/X
 _08342_/X
 _08343_/X
 _08344_/X
 _08345_/X
 _08346_/X
 _08347_/X
 _08348_/X
 _08349_/X
 _08350_/X
 _08351_/X
 _08352_/X
 _08353_/X
 _08354_/X
 _08355_/X
 _08356_/X
 _08357_/X
 _08358_/X
 _08359_/X
 _08360_/X
 _08361_/X
 _08362_/X
 _08363_/X
 _08364_/X
 _08365_/X
 _08366_/X
 _08367_/X
 _08368_/X
 _08369_/X
 _08370_/X
 _08371_/X
 _08372_/X
 _08373_/X
 _08374_/X
 _08375_/X
 _08376_/X
 _08377_/X
 _08378_/X
 _08379_/X
 _08380_/X
 _08381_/X
 _08382_/X
 _08383_/X
 _08384_/X
 _08385_/X
 _08386_/X
 _08387_/X
 _08388_/X
 _08389_/X
 _08390_/X
 _08391_/X
 _08392_/X
 _08393_/X
 _08394_/X
 _08395_/X
 _08396_/X
 _08397_/X
 _08398_/X
 _08399_/X
 _08400_/X
 _08401_/X
 _08402_/X
 _08403_/X
 _08404_/X
 _08405_/X
 _08406_/X
 _08407_/X
 _08408_/X
 _08409_/X
 _08410_/X
 _08411_/X
 _08412_/X
 _08413_/X
 _08414_/X
 _08415_/X
 _08416_/X
 _08417_/X
 _08418_/X
 _08419_/X
 _08420_/X
 _08421_/X
 _08422_/X
 _08423_/X
 _08424_/X
 _08425_/X
 _08426_/X
 _08427_/X
 _08428_/X
 _08429_/X
 _08430_/X
 _08431_/X
 _08432_/X
 _08433_/X
 _08434_/X
 _08435_/X
 _08436_/X
 _08437_/X
 _08438_/X
 _08439_/X
 _08440_/X
 _08441_/X
 _08442_/X
 _08443_/X
 _08444_/X
 _08445_/X
 _08446_/X
 _08447_/X
 _08448_/X
 _08449_/X
 _08450_/X
 _08451_/X
 _08452_/X
 _08453_/X
 _08454_/X
 _08455_/X
 _08456_/X
 _08457_/X
 _08458_/X
 _08459_/X
 _08460_/X
 _08461_/X
 _08462_/X
 _08463_/X
 _08464_/X
 _08465_/X
 _08466_/X
 _08467_/X
 _08468_/X
 _08469_/X
 _08470_/X
 _08471_/X
 _08472_/X
 _08473_/X
 _08474_/X
 _08475_/X
 _08476_/X
 _08477_/X
 _08478_/X
 _08479_/X
 _08480_/X
 _08481_/X
 _08482_/X
 _08483_/X
 _08484_/X
 _08485_/X
 _08486_/X
 _08487_/X
 _08488_/X
 _08489_/X
 _08490_/X
 _08491_/X
 _08492_/X
 _08493_/X
 _08494_/X
 _08495_/X
 _08496_/X
 _08497_/X
 _08498_/X
 _08499_/X
 _08500_/X
 _08501_/X
 _08502_/X
 _08503_/X
 _08504_/X
 _08505_/X
 _08506_/X
 _08507_/X
 _08508_/X
 _08509_/X
 _08510_/X
 _08511_/X
 _08512_/X
 _08513_/X
 _08514_/X
 _08515_/X
 _08516_/X
 _08517_/X
 _08518_/X
 _08519_/X
 _08520_/X
 _08521_/X
 _08522_/X
 _08523_/X
 _08524_/X
 _08525_/X
 _08526_/X
 _08527_/X
 _08528_/X
 _08529_/X
 _08530_/X
 _08531_/X
 _08532_/X
 _08533_/X
 _08534_/X
 _08535_/X
 _08536_/X
 _08537_/X
 _08538_/X
 _08539_/X
 _08540_/X
 _08541_/X
 _08542_/X
 _08543_/X
 _08544_/X
 _08545_/X
 _08546_/X
 _08547_/X
 _08548_/X
 _08549_/X
 _08550_/X
 _08551_/X
 _08552_/X
 _08553_/X
 _08554_/X
 _08555_/X
 _08556_/X
 _08557_/X
 _08558_/X
 _08559_/X
 _08560_/X
 _08561_/X
 _08562_/X
 _08563_/X
 _08564_/X
 _08565_/X
 _08566_/X
 _08567_/X
 _08568_/X
 _08569_/X
 _08570_/X
 _08571_/X
 _08572_/X
 _08573_/X
 _08574_/X
 _08575_/X
 _08576_/X
 _08577_/X
 _08578_/X
 _08579_/X
 _08580_/X
 _08581_/X
 _08582_/X
 _08583_/X
 _08584_/X
 _08585_/X
 _08586_/X
 _08587_/X
 _08588_/X
 _08589_/X
 _08590_/X
 _08591_/X
 _08592_/X
 _08593_/X
 _08594_/X
 _08595_/X
 _08596_/X
 _08597_/X
 _08598_/X
 _08599_/X
 _08600_/X
 _08601_/X
 _08602_/X
 _08603_/X
 _08604_/X
 _08605_/X
 _08606_/X
 _08607_/X
 _08608_/X
 _08609_/X
 _08610_/X
 _08611_/X
 _08612_/X
 _08613_/X
 _08614_/X
 _08615_/X
 _08616_/X
 _08617_/X
 _08618_/X
 _08619_/X
 _08620_/X
 _08621_/X
 _08622_/X
 _08623_/X
 _08624_/X
 _08625_/X
 _08626_/X
 _08627_/X
 _08628_/X
 _08629_/X
 _08630_/X
 _08631_/X
 _08632_/X
 _08633_/X
 _08634_/X
 _08635_/X
 _08636_/X
 _08637_/X
 _08638_/X
 _08639_/X
 _08640_/X
 _08641_/X
 _08642_/X
 _08643_/X
 _08644_/X
 _08645_/X
 _08646_/X
 _08647_/X
 _08648_/X
 _08649_/X
 _08650_/X
 _08651_/X
 _08652_/X
 _08653_/X
 _08654_/X
 _08655_/X
 _08656_/X
 _08657_/X
 _08658_/X
 _08659_/X
 _08660_/X
 _08661_/X
 _08662_/X
 _08663_/X
 _08664_/X
 _08665_/X
 _08666_/X
 _08667_/X
 _08668_/X
 _08669_/X
 _08670_/X
 _08671_/X
 _08672_/X
 _08673_/X
 _08674_/X
 _08675_/X
 _08676_/X
 _08677_/X
 _08678_/X
 _08679_/X
 _08680_/X
 _08681_/X
 _08682_/X
 _08683_/X
 _08684_/X
 _08685_/X
 _08686_/X
 _08687_/X
 _08688_/X
 _08689_/X
 _08690_/X
 _08691_/X
 _08692_/X
 _08693_/X
 _08694_/X
 _08695_/X
 _08696_/X
 _08697_/X
 _08698_/X
 _08699_/X
 _08700_/X
 _08701_/X
 _08702_/X
 _08703_/X
 _08704_/X
 _08705_/X
 _08706_/X
 _08707_/X
 _08708_/X
 _08709_/X
 _08710_/X
 _08711_/X
 _08712_/X
 _08713_/X
 _08714_/X
 _08715_/X
 _08716_/X
 _08717_/X
 _08718_/X
 _08719_/X
 _08720_/X
 _08721_/X
 _08722_/X
 _08723_/X
 _08724_/X
 _08725_/X
 _08726_/X
 _08727_/X
 _08728_/X
 _08729_/X
 _08730_/X
 _08731_/X
 _08732_/X
 _08733_/X
 _08734_/X
 _08735_/X
 _08736_/X
 _08737_/X
 _08738_/X
 _08739_/X
 _08740_/X
 _08741_/X
 _08742_/X
 _08743_/X
 _08744_/X
 _08745_/X
 _08746_/X
 _08747_/X
 _08748_/X
 _08749_/X
 _08750_/X
 _08751_/X
 _08752_/X
 _08753_/X
 _08754_/X
 _08755_/X
 _08756_/X
 _08757_/X
 _08758_/X
 _08759_/X
 _08760_/X
 _08761_/X
 _08762_/X
 _08763_/X
 _08764_/X
 _08765_/X
 _08766_/X
 _08767_/X
 _08768_/X
 _08769_/X
 _08770_/X
 _08771_/X
 _08772_/X
 _08773_/X
 _08774_/X
 _08775_/X
 _08776_/X
 _08777_/X
 _08778_/X
 _08779_/X
 _08780_/X
 _08781_/X
 _08782_/X
 _08783_/X
 _08784_/X
 _08785_/X
 _08786_/X
 _08787_/X
 _08788_/X
 _08789_/X
 _08790_/X
 _08791_/X
 _08792_/X
 _08793_/X
 _08794_/X
 _08795_/X
 _08796_/X
 _08797_/X
 _08798_/X
 _08799_/X
 _08800_/X
 _08801_/X
 _08802_/X
 _08803_/X
 _08804_/X
 _08805_/X
 _08806_/X
 _08807_/X
 _08808_/X
 _08809_/X
 _08810_/X
 _08811_/X
 _08812_/X
 _08813_/X
 _08814_/X
 _08815_/X
 _08816_/X
 _08817_/X
 _08818_/X
 _08819_/X
 _08820_/X
 _08821_/X
 _08822_/X
 _08823_/X
 _08824_/X
 _08825_/X
 _08826_/X
 _08827_/X
 _08828_/X
 _08829_/X
 _08830_/X
 _08831_/X
 _08832_/X
 _08833_/X
 _08834_/X
 _08835_/X
 _08836_/X
 _08837_/X
 _08838_/X
 _08839_/X
 _08840_/X
 _08841_/X
 _08842_/X
 _08843_/X
 _08844_/X
 _08845_/X
 _08846_/X
 _08847_/X
 _08848_/X
 _08849_/X
 _08850_/X
 _08851_/X
 _08852_/X
 _08853_/X
 _08854_/X
 _08855_/X
 _08856_/X
 _08857_/X
 _08858_/X
 _08859_/X
 _08860_/X
 _08861_/X
 _08862_/X
 _08863_/X
 _08864_/X
 _08865_/X
 _08866_/X
 _08867_/X
 _08868_/X
 _08869_/X
 _08870_/X
 _08871_/X
 _08872_/X
 _08873_/X
 _08874_/X
 _08875_/X
 _08876_/X
 _08877_/X
 _08878_/X
 _08879_/X
 _08880_/X
 _08881_/X
 _08882_/X
 _08883_/X
 _08884_/X
 _08885_/X
 _08886_/X
 _08887_/X
 _08888_/X
 _08889_/X
 _08890_/X
 _08891_/X
 _08892_/X
 _08893_/X
 _08894_/X
 _08895_/X
 _08896_/X
 _08897_/X
 _08898_/X
 _08899_/X
 _08900_/X
 _08901_/X
 _08902_/X
 _08903_/X
 _08904_/X
 _08905_/X
 _08906_/X
 _08907_/X
 _08908_/X
 _08909_/X
 _08910_/X
 _08911_/X
 _08912_/X
 _08913_/X
 _08914_/X
 _08915_/X
 _08916_/X
 _08917_/X
 _08918_/X
 _08919_/X
 _08920_/X
 _08921_/X
 _08922_/X
 _08923_/X
 _08924_/X
 _08925_/X
 _08926_/X
 _08927_/X
 _08928_/X
 _08929_/X
 _08930_/X
 _08931_/X
 _08932_/X
 _08933_/X
 _08934_/X
 _08935_/X
 _08936_/X
 _08937_/X
 _08938_/X
 _08939_/X
 _08940_/X
 _08941_/X
 _08942_/X
 _08943_/X
 _08944_/X
 _08945_/X
 _08946_/X
 _08947_/X
 _08948_/X
 _08949_/X
 _08950_/X
 _08951_/X
 _08952_/X
 _08953_/X
 _08954_/X
 _08955_/X
 _08956_/X
 _08957_/X
 _08958_/X
 _08959_/X
 _08960_/X
 _08961_/X
 _08962_/X
 _08963_/X
 _08964_/X
 _08965_/X
 _08966_/X
 _08967_/X
 _08968_/X
 _08969_/X
 _08970_/X
 _08971_/X
 _08972_/X
 _08973_/X
 _08974_/X
 _08975_/X
 _08976_/X
 _08977_/X
 _08978_/X
 _08979_/X
 _08980_/X
 _08981_/X
 _08982_/X
 _08983_/X
 _08984_/X
 _08985_/X
 _08986_/X
 _08987_/X
 _08988_/X
 _08989_/X
 _08990_/X
 _08991_/X
 _08992_/X
 _08993_/X
 _08994_/X
 _08995_/X
 _08996_/X
 _08997_/X
 _08998_/X
 _08999_/X
 _09000_/X
 _09001_/X
 _09002_/X
 _09003_/X
 _09004_/X
 _09005_/X
 _09006_/X
 _09007_/X
 _09008_/X
 _09009_/X
 _09010_/X
 _09011_/X
 _09012_/X
 _09013_/X
 _09014_/X
 _09015_/X
 _09016_/X
 _09017_/X
 _09018_/X
 _09019_/X
 _09020_/X
 _09021_/X
 _09022_/X
 _09023_/X
 _09024_/X
 _09025_/X
 _09026_/X
 _09027_/X
 _09028_/X
 _09029_/X
 _09030_/X
 _09031_/X
 _09032_/X
 _09033_/X
 _09034_/X
 _09035_/X
 _09036_/X
 _09037_/X
 _09038_/X
 _09039_/X
 _09040_/X
 _09041_/X
 _09042_/X
 _09043_/X
 _09044_/X
 _09045_/X
 _09046_/X
 _09047_/X
 _09048_/X
 _09049_/X
 _09050_/X
 _09051_/X
 _09052_/X
 _09053_/X
 _09054_/X
 _09055_/X
 _09056_/X
 _09057_/X
 _09058_/X
 _09059_/X
 _09060_/X
 _09061_/X
 _09062_/X
 _09063_/X
 _09064_/X
 _09065_/X
 _09066_/X
 _09067_/X
 _09068_/X
 _09069_/X
 _09070_/X
 _09071_/X
 _09072_/X
 _09073_/X
 _09074_/X
 _09075_/X
 _09076_/X
 _09077_/X
 _09078_/X
 _09079_/X
 _09080_/X
 _09081_/X
 _09082_/X
 _09083_/X
 _09084_/X
 _09085_/X
 _09086_/X
 _09087_/X
 _09088_/X
 _09089_/X
 _09090_/X
 _09091_/X
 _09092_/X
 _09093_/X
 _09094_/X
 _09095_/X
 _09096_/X
 _09097_/X
 _09098_/X
 _09099_/X
 _09100_/X
 _09101_/X
 _09102_/X
 _09103_/X
 _09104_/X
 _09105_/X
 _09106_/X
 _09107_/X
 _09108_/X
 _09109_/X
 _09110_/X
 _09111_/X
 _09112_/X
 _09113_/X
 _09114_/X
 _09115_/X
 _09116_/X
 _09117_/X
 _09118_/X
 _09119_/X
 _09120_/X
 _09121_/X
 _09122_/X
 _09123_/X
 _09124_/X
 _09125_/X
 _09126_/X
 _09127_/X
 _09128_/X
 _09129_/X
 _09130_/X
 _09131_/X
 _09132_/X
 _09133_/X
 _09134_/X
 _09135_/X
 _09136_/X
 _09137_/X
 _09138_/X
 _09139_/X
 _09140_/X
 _09141_/X
 _09142_/X
 _09143_/X
 _09144_/X
 _09145_/X
 _09146_/X
 _09147_/X
 _09148_/X
 _09149_/X
 _09150_/X
 _09151_/X
 _09152_/X
 _09153_/X
 _09154_/X
 _09155_/X
 _09156_/X
 _09157_/X
 _09158_/X
 _09159_/X
 _09160_/X
 _09161_/X
 _09162_/X
 _09163_/X
 _09164_/X
 _09165_/X
 _09166_/X
 _09167_/X
 _09168_/X
 _09169_/X
 _09170_/X
 _09171_/X
 _09172_/X
 _09173_/X
 _09174_/X
 _09175_/X
 _09176_/X
 _09177_/X
 _09178_/X
 _09179_/X
 _09180_/X
 _09181_/X
 _09182_/X
 _09183_/X
 _09184_/X
 _09185_/X
 _09186_/X
 _09187_/X
 _09188_/X
 _09189_/X
 _09190_/X
 _09191_/X
 _09192_/X
 _09193_/X
 _09194_/X
 _09195_/X
 _09196_/X
 _09197_/X
 _09198_/X
 _09199_/X
 _09200_/X
 _09201_/X
 _09202_/X
 _09203_/X
 _09204_/X
 _09205_/X
 _09206_/X
 _09207_/X
 _09208_/X
 _09209_/X
 _09210_/X
 _09211_/X
 _09212_/X
 _09213_/X
 _09214_/X
 _09215_/X
 _09216_/X
 _09217_/X
 _09218_/X
 _09219_/X
 _09220_/X
 _09221_/X
 _09222_/X
 _09223_/X
 _09224_/X
 _09225_/X
 _09226_/X
 _09227_/X
 _09228_/X
 _09229_/X
 _09230_/X
 _09231_/X
 _09232_/X
 _09233_/X
 _09234_/X
 _09235_/X
 _09236_/X
 _09237_/X
 _09238_/X
 _09239_/X
 _09240_/X
 _09241_/X
 _09242_/X
 _09243_/X
 _09244_/X
 _09245_/X
 _09246_/X
 _09247_/X
 _09248_/X
 _09249_/X
 _09250_/X
 _09251_/X
 _09252_/X
 _09253_/X
 _09254_/X
 _09255_/X
 _09256_/X
 _09257_/X
 _09258_/X
 _09259_/X
 _09260_/X
 _09261_/X
 _09262_/X
 _09263_/X
 _09264_/X
 _09265_/X
 _09266_/X
 _09267_/X
 _09268_/X
 _09269_/X
 _09270_/X
 _09271_/X
 _09272_/X
 _09273_/X
 _09274_/X
 _09275_/X
 _09276_/X
 _09277_/X
 _09278_/X
 _09279_/X
 _09280_/X
 _09281_/X
 _09282_/X
 _09283_/X
 _09284_/X
 _09285_/X
 _09286_/X
 _09287_/X
 _09288_/X
 _09289_/X
 _09290_/X
 _09291_/X
 _09292_/X
 _09293_/X
 _09294_/X
 _09295_/X
 _09296_/X
 _09297_/X
 _09298_/X
 _09299_/X
 _09300_/X
 _09301_/X
 _09302_/X
 _09303_/X
 _09304_/X
 _09305_/X
 _09306_/X
 _09307_/X
 _09308_/X
 _09309_/X
 _09310_/X
 _09311_/X
 _09312_/X
 _09313_/X
 _09314_/X
 _09315_/X
 _09316_/X
 _09317_/X
 _09318_/X
 _09319_/X
 _09320_/X
 _09321_/X
 _09322_/X
 _09323_/X
 _09324_/X
 _09325_/X
 _09326_/X
 _09327_/X
 _09328_/X
 _09329_/X
 _09330_/X
 _09331_/X
 _09332_/X
 _09333_/X
 _09334_/X
 _09335_/X
 _09336_/X
 _09337_/X
 _09338_/X
 _09339_/X
 _09340_/X
 _09341_/X
 _09342_/X
 _09343_/X
 _09344_/X
 _09345_/X
 _09346_/X
 _09347_/X
 _09348_/X
 _09349_/X
 _09350_/X
 _09351_/X
 _09352_/X
 _09353_/X
 _09354_/X
 _09355_/X
 _09356_/X
 _09357_/X
 _09358_/X
 _09359_/X
 _09360_/X
 _09361_/X
 _09362_/X
 _09363_/X
 _09364_/X
 _09365_/X
 _09366_/X
 _09367_/X
 _09368_/X
 _09369_/X
 _09370_/X
 _09371_/X
 _09372_/X
 _09373_/X
 _09374_/X
 _09375_/X
 _09376_/X
 _09377_/X
 _09378_/X
 _09379_/X
 _09380_/X
 _09381_/X
 _09382_/X
 _09383_/X
 _09384_/X
 _09385_/X
 _09386_/X
 _09387_/X
 _09388_/X
 _09389_/X
 _09390_/X
 _09391_/X
 _09392_/X
 _09393_/X
 _09394_/X
 _09395_/X
 _09396_/X
 _09397_/X
 _09398_/X
 _09399_/X
 _09400_/X
 _09401_/X
 _09402_/X
 _09403_/X
 _09404_/X
 _09405_/X
 _09406_/X
 _09407_/X
 _09408_/X
 _09409_/X
 _09410_/X
 _09411_/X
 _09412_/X
 _09413_/X
 _09414_/X
 _09415_/X
 _09416_/X
 _09417_/X
 _09418_/X
 _09419_/X
 _09420_/X
 _09421_/X
 _09422_/X
 _09423_/X
 _09424_/X
 _09425_/X
 _09426_/X
 _09427_/X
 _09428_/X
 _09429_/X
 _09430_/X
 _09431_/X
 _09432_/X
 _09433_/X
 _09434_/X
 _09435_/X
 _09436_/X
 _09437_/X
 _09438_/X
 _09439_/X
 _09440_/X
 _09441_/X
 _09442_/X
 _09443_/X
 _09444_/X
 _09445_/X
 _09446_/X
 _09447_/X
 _09448_/X
 _09449_/X
 _09450_/X
 _09451_/X
 _09452_/X
 _09453_/X
 _09454_/X
 _09455_/X
 _09456_/X
 _09457_/X
 _09458_/X
 _09459_/X
 _09460_/X
 _09461_/X
 _09462_/X
 _09463_/X
 _09464_/X
 _09465_/X
 _09466_/X
 _09467_/X
 _09468_/X
 _09469_/X
 _09470_/X
 _09471_/X
 _09472_/X
 _09473_/X
 _09474_/X
 _09475_/X
 _09476_/X
 _09477_/X
 _09478_/X
 _09479_/X
 _09480_/X
 _09481_/X
 _09482_/X
 _09483_/X
 _09484_/X
 _09485_/X
 _09486_/X
 _09487_/X
 _09488_/X
 _09489_/X
 _09490_/X
 _09491_/X
 _09492_/X
 _09493_/X
 _09494_/X
 _09495_/X
 _09496_/X
 _09497_/X
 _09498_/X
 _09499_/X
 _09500_/X
 _09501_/X
 _09502_/X
 _09503_/X
 _09504_/X
 _09505_/X
 _09506_/X
 _09507_/X
 _09508_/X
 _09509_/X
 _09510_/X
 _09511_/X
 _09512_/X
 _09513_/X
 _09514_/X
 _09515_/X
 _09516_/X
 _09517_/X
 _09518_/X
 _09519_/X
 _09520_/X
 _09521_/X
 _09522_/X
 _09523_/X
 _09524_/X
 _09525_/X
 _09526_/X
 _09527_/X
 _09528_/X
 _09529_/X
 _09530_/X
 _09531_/X
 _09532_/X
 _09533_/X
 _09534_/X
 _09535_/X
 _09536_/X
 _09537_/X
 _09538_/X
 _09539_/X
 _09540_/X
 _09541_/X
 _09542_/X
 _09543_/X
 _09544_/X
 _09545_/X
 _09546_/X
 _09547_/X
 _09548_/X
 _09549_/X
 _09550_/X
 _09551_/X
 _09552_/X
 _09553_/X
 _09554_/X
 _09555_/X
 _09556_/X
 _09557_/X
 _09558_/X
 _09559_/X
 _09560_/X
 _09561_/X
 _09562_/X
 _09563_/X
 _09564_/X
 _09565_/X
 _09566_/X
 _09567_/X
 _09568_/X
 _09569_/X
 _09570_/X
 _09571_/X
 _09572_/X
 _09573_/X
 _09574_/X
 _09575_/X
 _09576_/X
 _09577_/X
 _09578_/X
 _09579_/X
 _09580_/X
 _09581_/X
 _09582_/X
 _09583_/X
 _09584_/X
 _09585_/X
 _09586_/X
 _09587_/X
 _09588_/X
 _09589_/X
 _09590_/X
 _09591_/X
 _09592_/X
 _09593_/X
 _09594_/X
 _09595_/X
 _09596_/X
 _09597_/X
 _09598_/X
 _09599_/X
 _09600_/X
 _09601_/X
 _09602_/X
 _09603_/X
 _09604_/X
 _09605_/X
 _09606_/X
 _09607_/X
 _09608_/X
 _09609_/X
 _09610_/X
 _09611_/X
 _09612_/X
 _09613_/X
 _09614_/X
 _09615_/X
 _09616_/X
 _09617_/X
 _09618_/X
 _09619_/X
 _09620_/X
 _09621_/X
 _09622_/X
 _09623_/X
 _09624_/X
 _09625_/X
 _09626_/X
 _09627_/X
 _09628_/X
 _09629_/X
 _09630_/X
 _09631_/X
 _09632_/X
 _09633_/X
 _09634_/X
 _09635_/X
 _09636_/X
 _09637_/X
 _09638_/X
 _09639_/X
 _09640_/X
 _09641_/X
 _09642_/X
 _09643_/X
 _09644_/X
 _09645_/X
 _09646_/X
 _09647_/X
 _09648_/X
 _09649_/X
 _09650_/X
 _09651_/X
 _09652_/X
 _09653_/X
 _09654_/X
 _09655_/X
 _09656_/X
 _09657_/X
 _09658_/X
 _09659_/X
 _09660_/X
 _09661_/X
 _09662_/X
 _09663_/X
 _09664_/X
 _09665_/X
 _09666_/X
 _09667_/X
 _09668_/X
 _09669_/X
 _09670_/X
 _09671_/X
 _09672_/X
 _09673_/X
 _09674_/X
 _09675_/X
 _09676_/X
 _09677_/X
 _09678_/X
 _09679_/X
 _09680_/X
 _09681_/X
 _09682_/X
 _09683_/X
 _09684_/X
 _09685_/X
 _09686_/X
 _09687_/X
 _09688_/X
 _09689_/X
 _09690_/X
 _09691_/X
 _09692_/X
 _09693_/X
 _09694_/X
 _09695_/X
 _09696_/X
 _09697_/X
 _09698_/X
 _09699_/X
 _09700_/X
 _09701_/X
 _09702_/X
 _09703_/X
 _09704_/X
 _09705_/X
 _09706_/X
 _09707_/X
 _09708_/X
 _09709_/X
 _09710_/X
 _09711_/X
 _09712_/X
 _09713_/X
 _09714_/X
 _09715_/X
 _09716_/X
 _09717_/X
 _09718_/X
 _09719_/X
 _09720_/X
 _09721_/X
 _09722_/X
 _09723_/X
 _09724_/X
 _09725_/X
 _09726_/X
 _09727_/X
 _09728_/X
 _09729_/X
 _09730_/X
 _09731_/X
 _09732_/X
 _09733_/X
 _09734_/X
 _09735_/X
 _09736_/X
 _09737_/X
 _09738_/X
 _09739_/X
 _09740_/X
 _09741_/X
 _09742_/X
 _09743_/X
 _09744_/X
 _09745_/X
 _09746_/X
 _09747_/X
 _09748_/X
 _09749_/X
 _09750_/X
 _09751_/X
 _09752_/X
 _09753_/X
 _09754_/X
 _09755_/X
 _09756_/X
 _09757_/X
 _09758_/X
 _09759_/X
 _09760_/X
 _09761_/X
 _09762_/X
 _09763_/X
 _09764_/X
 _09765_/X
 _09766_/X
 _09767_/X
 _09768_/X
 _09769_/X
 _09770_/X
 _09771_/X
 _09772_/X
 _09773_/X
 _09774_/X
 _09775_/X
 _09776_/X
 _09777_/X
 _09778_/X
 _09779_/X
 _09780_/X
 _09781_/X
 _09782_/X
 _09783_/X
 _09784_/X
 _09785_/X
 _09786_/X
 _09787_/X
 _09788_/X
 _09789_/X
 _09790_/X
 _09791_/X
 _09792_/X
 _09793_/X
 _09794_/X
 _09795_/X
 _09796_/X
 _09797_/X
 _09798_/X
 _09799_/X
 _09800_/X
 _09801_/X
 _09802_/X
 _09803_/X
 _09804_/X
 _09805_/X
 _09806_/X
 _09807_/X
 _09808_/X
 _09809_/X
 _09810_/X
 _09811_/X
 _09812_/X
 _09813_/X
 _09814_/X
 _09815_/X
 _09816_/X
 _09817_/X
 _09818_/X
 _09819_/X
 _09820_/X
 _09821_/X
 _09822_/X
 _09823_/X
 _09824_/X
 _09825_/X
 _09826_/X
 _09827_/X
 _09828_/X
 _09829_/X
 _09830_/X
 _09831_/X
 _09832_/X
 _09833_/X
 _09834_/X
 _09835_/X
 _09836_/X
 _09837_/X
 _09838_/X
 _09839_/X
 _09840_/X
 _09841_/X
 _09842_/X
 _09843_/X
 _09844_/X
 _09845_/X
 _09846_/X
 _09847_/X
 _09848_/X
 _09849_/X
 _09850_/X
 _09851_/X
 _09852_/X
 _09853_/X
 _09854_/X
 _09855_/X
 _09856_/X
 _09857_/X
 _09858_/X
 _09859_/X
 _09860_/X
 _09861_/X
 _09862_/X
 _09863_/X
 _09864_/X
 _09865_/X
 _09866_/X
 _09867_/X
 _09868_/X
 _09869_/X
 _09870_/X
 _09871_/X
 _09872_/X
 _09873_/X
 _09874_/X
 _09875_/X
 _09876_/X
 _09877_/X
 _09878_/X
 _09879_/X
 _09880_/X
 _09881_/X
 _09882_/X
 _09883_/X
 _09884_/X
 _09885_/X
 _09886_/X
 _09887_/X
 _09888_/X
 _09889_/X
 _09890_/X
 _09891_/X
 _09892_/X
 _09893_/X
 _09894_/X
 _09895_/X
 _09896_/X
 _09897_/X
 _09898_/X
 _09899_/X
 _09900_/X
 _09901_/X
 _09902_/X
 _09903_/X
 _09904_/X
 _09905_/X
 _09906_/X
 _09907_/X
 _09908_/X
 _09909_/X
 _09910_/X
 _09911_/X
 _09912_/X
 _09913_/X
 _09914_/X
 _09915_/X
 _09916_/X
 _09917_/X
 _09918_/X
 _09919_/X
 _09920_/X
 _09921_/X
 _09922_/X
 _09923_/X
 _09924_/X
 _09925_/X
 _09926_/X
 _09927_/X
 _09928_/X
 _09929_/X
 _09930_/X
 _09931_/X
 _09932_/X
 _09933_/X
 _09934_/X
 _09935_/X
 _09936_/X
 _09937_/X
 _09938_/X
 _09939_/X
 _09940_/X
 _09941_/X
 _09942_/X
 _09943_/X
 _09944_/X
 _09945_/X
 _09946_/X
 _09947_/X
 _09948_/X
 _09949_/X
 _09950_/X
 _09951_/X
 _09952_/X
 _09953_/X
 _09954_/X
 _09955_/X
 _09956_/X
 _09957_/X
 _09958_/X
 _09959_/X
 _09960_/X
 _09961_/X
 _09962_/X
 _09963_/X
 _09964_/X
 _09965_/X
 _09966_/X
 _09967_/X
 _09968_/X
 _09969_/X
 _09970_/X
 _09971_/X
 _09972_/X
 _09973_/X
 _09974_/X
 _09975_/X
 _09976_/X
 _09977_/X
 _09978_/X
 _09979_/X
 _09980_/X
 _09981_/X
 _09982_/X
 _09983_/X
 _09984_/X
 _09985_/X
 _09986_/X
 _09987_/X
 _09988_/X
 _09989_/X
 _09990_/X
 _09991_/X
 _09992_/X
 _09993_/X
 _09994_/X
 _09995_/X
 _09996_/X
 _09997_/X
 _09998_/X
 _09999_/X
 _10000_/X
 _10001_/X
 _10002_/X
 _10003_/X
 _10004_/X
 _10005_/X
 _10006_/X
 _10007_/X
 _10008_/X
 _10009_/X
 _10010_/X
 _10011_/X
 _10012_/X
 _10013_/X
 _10014_/X
 _10015_/X
 _10016_/X
 _10017_/X
 _10018_/X
 _10019_/X
 _10020_/X
 _10021_/X
 _10022_/X
 _10023_/X
 _10024_/X
 _10025_/X
 _10026_/X
 _10027_/X
 _10028_/X
 _10029_/X
 _10030_/X
 _10031_/X
 _10032_/X
 _10033_/X
 _10034_/X
 _10035_/X
 _10036_/X
 _10037_/X
 _10038_/X
 _10039_/X
 _10040_/X
 _10041_/X
 _10042_/X
 _10043_/X
 _10044_/X
 _10045_/X
 _10046_/X
 _10047_/X
 _10048_/X
 _10049_/X
 _10050_/X
 _10051_/X
 _10052_/X
 _10053_/X
 _10054_/X
 _10055_/X
 _10056_/X
 _10057_/X
 _10058_/X
 _10059_/X
 _10060_/X
 _10061_/X
 _10062_/X
 _10063_/X
 _10064_/X
 _10065_/X
 _10066_/X
 _10067_/X
 _10068_/X
 _10069_/X
 _10070_/X
 _10071_/X
 _10072_/X
 _10073_/X
 _10074_/X
 _10075_/X
 _10076_/X
 _10077_/X
 _10078_/X
 _10079_/X
 _10080_/X
 _10081_/X
 _10082_/X
 _10083_/X
 _10084_/X
 _10085_/X
 _10086_/X
 _10087_/X
 _10088_/X
 _10089_/X
 _10090_/X
 _10091_/X
 _10092_/X
 _10093_/X
 _10094_/X
 _10095_/X
 _10096_/X
 _10097_/X
 _10098_/X
 _10099_/X
 _10100_/X
 _10101_/X
 _10102_/X
 _10103_/X
 _10104_/X
 _10105_/X
 _10106_/X
 _10107_/X
 _10108_/X
 _10109_/X
 _10110_/X
 _10111_/X
 _10112_/X
 _10113_/X
 _10114_/X
 _10115_/X
 _10116_/X
 _10117_/X
 _10118_/X
 _10119_/X
 _10120_/X
 _10121_/X
 _10122_/X
 _10123_/X
 _10124_/X
 _10125_/X
 _10126_/X
 _10127_/X
 _10128_/X
 _10129_/X
 _10130_/X
 _10131_/X
 _10132_/X
 _10133_/X
 _10134_/X
 _10135_/X
 _10136_/X
 _10137_/X
 _10138_/X
 _10139_/X
 _10140_/X
 _10141_/X
 _10142_/X
 _10143_/X
 _10144_/X
 _10145_/X
 _10146_/X
 _10147_/X
 _10148_/X
 _10149_/X
 _10150_/X
 _10151_/X
 _10152_/X
 _10153_/X
 _10154_/X
 _10155_/X
 _10156_/X
 _10157_/X
 _10158_/X
 _10159_/X
 _10160_/X
 _10161_/X
 _10162_/X
 _10163_/X
 _10164_/X
 _10165_/X
 _10166_/X
 _10167_/X
 _10168_/X
 _10169_/X
 _10170_/X
 _10171_/X
 _10172_/X
 _10173_/X
 _10174_/X
 _10175_/X
 _10176_/X
 _10177_/X
 _10178_/X
 _10179_/X
 _10180_/X
 _10181_/X
 _10182_/X
 _10183_/X
 _10184_/X
 _10185_/X
 _10186_/X
 _10187_/X
 _10188_/X
 _10189_/X
 _10190_/X
 _10191_/X
 _10192_/X
 _10193_/X
 _10194_/X
 _10195_/X
 _10196_/X
 _10197_/X
 _10198_/X
 _10199_/X
 _10200_/X
 _10201_/X
 _10202_/X
 _10203_/X
 _10204_/X
 _10205_/X
 _10206_/X
 _10207_/X
 _10208_/X
 _10209_/X
 _10210_/X
 _10211_/X
 _10212_/X
 _10213_/X
 _10214_/X
 _10215_/X
 _10216_/X
 _10217_/X
 _10218_/X
 _10219_/X
 _10220_/X
 _10221_/X
 _10222_/X
 _10223_/X
 _10224_/X
 _10225_/X
 _10226_/X
 _10227_/X
 _10228_/X
 _10229_/X
 _10230_/X
 _10231_/X
 _10232_/X
 _10233_/X
 _10234_/X
 _10235_/X
 _10236_/X
 _10237_/X
 _10238_/X
 _10239_/X
 _10240_/X
 _10241_/X
 _10242_/X
 _10243_/X
 _10244_/X
 _10245_/X
 _10246_/X
 _10247_/X
 _10248_/X
 _10249_/X
 _10250_/X
 _10251_/X
 _10252_/X
 _10253_/X
 _10254_/X
 _10255_/X
 _10256_/X
 _10257_/X
 _10258_/X
 _10259_/X
 _10260_/X
 _10261_/X
 _10262_/X
 _10263_/X
 _10264_/X
 _10265_/X
 _10266_/X
 _10267_/X
 _10268_/X
 _10269_/X
 _10270_/X
 _10271_/X
 _10272_/X
 _10273_/X
 _10274_/X
 _10275_/X
 _10276_/X
 _10277_/X
 _10278_/X
 _10279_/X
 _10280_/X
 _10281_/X
 _10282_/X
 _10283_/X
 _10284_/X
 _10285_/X
 _10286_/X
 _10287_/X
 _10288_/X
 _10289_/X
 _10290_/X
 _10291_/X
 _10292_/X
 _10293_/X
 _10294_/X
 _10295_/X
 _10296_/X
 _10297_/X
 _10298_/X
 _10299_/X
 _10300_/X
 _10301_/X
 _10302_/X
 _10303_/X
 _10304_/X
 _10305_/X
 _10306_/X
 _10307_/X
 _10308_/X
 _10309_/X
 _10310_/X
 _10311_/X
 _10312_/X
 _10313_/X
 _10314_/X
 _10315_/X
 _10316_/X
 _10317_/X
 _10318_/X
 _10319_/X
 _10320_/X
 _10321_/X
 _10322_/X
 _10323_/X
 _10324_/X
 _10325_/X
 _10326_/X
 _10327_/X
 _10328_/X
 _10329_/X
 _10330_/X
 _10331_/X
 _10332_/X
 _10333_/X
 _10334_/X
 _10335_/X
 _10336_/X
 _10337_/X
 _10338_/X
 _10339_/X
 _10340_/X
 _10341_/X
 _10342_/X
 _10343_/X
 _10344_/X
 _10345_/X
 _10346_/X
 _10347_/X
 _10348_/X
 _10349_/X
 _10350_/X
 _10351_/X
 _10352_/X
 _10353_/X
 _10354_/X
 _10355_/X
 _10356_/X
 _10357_/X
 _10358_/X
 _10359_/X
 _10360_/X
 _10361_/X
 _10362_/X
 _10363_/X
 _10364_/X
 _10365_/X
 _10366_/X
 _10367_/X
 _10368_/X
 _10369_/X
 _10370_/X
 _10371_/X
 _10372_/X
 _10373_/X
 _10374_/X
 _10375_/X
 _10376_/X
 _10377_/X
 _10378_/X
 _10379_/X
 _10380_/X
 _10381_/X
 _10382_/X
 _10383_/X
 _10384_/X
 _10385_/X
 _10386_/X
 _10387_/X
 _10388_/X
 _10389_/X
 _10390_/X
 _10391_/X
 _10392_/X
 _10393_/X
 _10394_/X
 _10395_/X
 _10396_/X
 _10397_/X
 _10398_/X
 _10399_/X
 _10400_/X
 _10401_/X
 _10402_/X
 _10403_/X
 _10404_/X
 _10405_/X
 _10406_/X
 _10407_/X
 _10408_/X
 _10409_/X
 _10410_/X
 _10411_/X
 _10412_/X
 _10413_/X
 _10414_/X
 _10415_/X
 _10416_/X
 _10417_/X
 _10418_/X
 _10419_/X
 _10420_/X
 _10421_/X
 _10422_/X
 _10423_/X
 _10424_/X
 _10425_/X
 _10426_/X
 _10427_/X
 _10428_/X
 _10429_/X
 _10430_/X
 _10431_/X
 _10432_/X
 _10433_/X
 _10434_/X
 _10435_/X
 _10436_/X
 _10437_/X
 _10438_/X
 _10439_/X
 _10440_/X
 _10441_/X
 _10442_/X
 _10443_/X
 _10444_/X
 _10445_/X
 _10446_/X
 _10447_/X
 _10448_/X
 _10449_/X
 _10450_/X
 _10451_/X
 _10452_/X
 _10453_/X
 _10454_/X
 _10455_/X
 _10456_/X
 _10457_/X
 _10458_/X
 _10459_/X
 _10460_/X
 _10461_/X
 _10462_/X
 _10463_/X
 _10464_/X
 _10465_/X
 _10466_/X
 _10467_/X
 _10468_/X
 _10469_/X
 _10470_/X
 _10471_/X
 _10472_/X
 _10473_/X
 _10474_/X
 _10475_/X
 _10476_/X
 _10477_/X
 _10478_/X
 _10479_/X
 _10480_/X
 _10481_/X
 _10482_/X
 _10483_/X
 _10484_/X
 _10485_/X
 _10486_/X
 _10487_/X
 _10488_/X
 _10489_/X
 _10490_/X
 _10491_/X
 _10492_/X
 _10493_/X
 _10494_/X
 _10495_/X
 _10496_/X
 _10497_/X
 _10498_/X
 _10499_/X
 _10500_/X
 _10501_/X
 _10502_/X
 _10503_/X
 _10504_/X
 _10505_/X
 _10506_/X
 _10507_/X
 _10508_/X
 _10509_/X
 _10510_/X
 _10511_/X
 _10512_/X
 _10513_/X
 _10514_/X
 _10515_/X
 _10516_/X
 _10517_/X
 _10518_/X
 _10519_/X
 _10520_/X
 _10521_/X
 _10522_/X
 _10523_/X
 _10524_/X
 _10525_/X
 _10526_/X
 _10527_/X
 _10528_/X
 _10529_/X
 _10530_/X
 _10531_/X
 _10532_/X
 _10533_/X
 _10534_/X
 _10535_/X
 _10536_/X
 _10537_/X
 _10538_/X
 _10539_/X
 _10540_/X
 _10541_/X
 _10542_/X
 _10543_/X
 _10544_/X
 _10545_/X
 _10546_/X
 _10547_/X
 _10548_/X
 _10549_/X
 _10550_/X
 _10551_/X
 _10552_/X
 _10553_/X
 _10554_/X
 _10555_/X
 _10556_/X
 _10557_/X
 _10558_/X
 _10559_/X
 _10560_/X
 _10561_/X
 _10562_/X
 _10563_/X
 _10564_/X
 _10565_/X
 _10566_/X
 _10567_/X
 _10568_/X
 _10569_/X
 _10570_/X
 _10571_/X
 _10572_/X
 _10573_/X
 _10574_/X
 _10575_/X
 _10576_/X
 _10577_/X
 _10578_/X
 _10579_/X
 _10580_/X
 _10581_/X
 _10582_/X
 _10583_/X
 _10584_/X
 _10585_/X
 _10586_/X
 _10587_/X
 _10588_/X
 _10589_/X
 _10590_/X
 _10591_/X
 _10592_/X
 _10593_/X
 _10594_/X
 _10595_/X
 _10596_/X
 _10597_/X
 _10598_/X
 _10599_/X
 _10600_/X
 _10601_/X
 _10602_/X
 _10603_/X
 _10604_/X
 _10605_/X
 _10606_/X
 _10607_/X
 _10608_/X
 _10609_/X
 _10610_/X
 _10611_/X
 _10612_/X
 _10613_/X
 _10614_/X
 _10615_/X
 _10616_/X
 _10617_/X
 _10618_/X
 _10619_/X
 _10620_/X
 _10621_/X
 _10622_/X
 _10623_/X
 _10624_/X
 _10625_/X
 _10626_/X
 _10627_/X
 _10628_/X
 _10629_/X
 _10630_/X
 _10631_/X
 _10632_/X
 _10633_/X
 _10634_/X
 _10635_/X
 _10636_/X
 _10637_/X
 _10638_/X
 _10639_/X
 _10640_/X
 _10641_/X
 _10642_/X
 _10643_/X
 _10644_/X
 _10645_/X
 _10646_/X
 _10647_/X
 _10648_/X
 _10649_/X
 _10650_/X
 _10651_/X
 _10652_/X
 _10653_/X
 _10654_/X
 _10655_/X
 _10656_/X
 _10657_/X
 _10658_/X
 _10659_/X
 _10660_/X
 _10661_/X
 _10662_/X
 _10663_/X
 _10664_/X
 _10665_/X
 _10666_/X
 _10667_/X
 _10668_/X
 _10669_/X
 _10670_/X
 _10671_/X
 _10672_/X
 _10673_/X
 _10674_/X
 _10675_/X
 _10676_/X
 _10677_/X
 _10678_/X
 _10679_/X
 _10680_/X
 _10681_/X
 _10682_/X
 _10683_/X
 _10684_/X
 _10685_/X
 _10686_/X
 _10687_/X
 _10688_/X
 _10689_/X
 _10690_/X
 _10691_/X
 _10692_/X
 _10693_/X
 _10694_/X
 _10695_/X
 _10696_/X
 _10697_/X
 _10698_/X
 _10699_/X
 _10700_/X
 _10701_/X
 _10702_/X
 _10703_/X
 _10704_/X
 _10705_/X
 _10706_/X
 _10707_/X
 _10708_/X
 _10709_/X
 _10710_/X
 _10711_/X
 _10712_/X
 _10713_/X
 _10714_/X
 _10715_/X
 _10716_/X
 _10717_/X
 _10718_/X
 _10719_/X
 _10720_/X
 _10721_/X
 _10722_/X
 _10723_/X
 _10724_/X
 _10725_/X
 _10726_/X
 _10727_/X
 _10728_/X
 _10729_/X
 _10730_/X
 _10731_/X
 _10732_/X
 _10733_/X
 _10734_/X
 _10735_/X
 _10736_/X
 _10737_/X
 _10738_/X
 _10739_/X
 _10740_/X
 _10741_/X
 _10742_/X
 _10743_/X
 _10744_/X
 _10745_/X
 _10746_/X
 _10747_/X
 _10748_/X
 _10749_/X
 _10750_/X
 _10751_/X
 _10752_/X
 _10753_/X
 _10754_/X
 _10755_/X
 _10756_/X
 _10757_/X
 _10758_/X
 _10759_/X
 _10760_/X
 _10761_/X
 _10762_/X
 _10763_/X
 _10764_/X
 _10765_/X
 _10766_/X
 _10767_/X
 _10768_/X
 _10769_/X
 _10770_/X
 _10771_/X
 _10772_/X
 _10773_/X
 _10774_/X
 _10775_/X
 _10776_/X
 _10777_/X
 _10778_/X
 _10779_/X
 _10780_/X
 _10781_/X
 _10782_/X
 _10783_/X
 _10784_/X
 _10785_/X
 _10786_/X
 _10787_/X
 _10788_/X
 _10789_/X
 _10790_/X
 _10791_/X
 _10792_/X
 _10793_/X
 _10794_/X
 _10795_/X
 _10796_/X
 _10797_/X
 _10798_/X
 _10799_/X
 _10800_/X
 _10801_/X
 _10802_/X
 _10803_/X
 _10804_/X
 _10805_/X
 _10806_/X
 _10807_/X
 _10808_/X
 _10809_/X
 _10810_/X
 _10811_/X
 _10812_/X
 _10813_/X
 _10814_/X
 _10815_/X
 _10816_/X
 _10817_/X
 _10818_/X
 _10819_/X
 _10820_/X
 _10821_/X
 _10822_/X
 _10823_/X
 _10824_/X
 _10825_/X
 _10826_/X
 _10827_/X
 _10828_/X
 _10829_/X
 _10830_/X
 _10831_/X
 _10832_/X
 _10833_/X
 _10834_/X
 _10835_/X
 _10836_/X
 _10837_/X
 _10838_/X
 _10839_/X
 _10840_/X
 _10841_/X
 _10842_/X
 _10843_/X
 _10844_/X
 _10845_/X
 _10846_/X
 _10847_/X
 _10848_/X
 _10849_/X
 _10850_/X
 _10851_/X
 _10852_/X
 _10853_/X
 _10854_/X
 _10855_/X
 _10856_/X
 _10857_/X
 _10858_/X
 _10859_/X
 _10860_/X
 _10861_/X
 _10862_/X
 _10863_/X
 _10864_/X
 _10865_/X
 _10866_/X
 _10867_/X
 _10868_/X
 _10869_/X
 _10870_/X
 _10871_/X
 _10872_/X
 _10873_/X
 _10874_/X
 _10875_/X
 _10876_/X
 _10877_/X
 _10878_/X
 _10879_/X
 _10880_/X
 _10881_/X
 _10882_/X
 _10883_/X
 _10884_/X
 _10885_/X
 _10886_/X
 _10887_/X
 _10888_/X
 _10889_/X
 _10890_/X
 _10891_/X
 _10892_/X
 _10893_/X
 _10894_/X
 _10895_/X
 _10896_/X
 _10897_/X
 _10898_/X
 _10899_/X
 _10900_/X
 _10901_/X
 _10902_/X
 _10903_/X
 _10904_/X
 _10905_/X
 _10906_/X
 _10907_/X
 _10908_/X
 _10909_/X
 _10910_/X
 _10911_/X
 _10912_/X
 _10913_/X
 _10914_/X
 _10915_/X
 _10916_/X
 _10917_/X
 _10918_/X
 _10919_/X
 _10920_/X
 _10921_/X
 _10922_/X
 _10923_/X
 _10924_/X
 _10925_/X
 _10926_/X
 _10927_/X
 _10928_/X
 _10929_/X
 _10930_/X
 _10931_/X
 _10932_/X
 _10933_/X
 _10934_/X
 _10935_/X
 _10936_/X
 _10937_/X
 _10938_/X
 _10939_/X
 _10940_/X
 _10941_/X
 _10942_/X
 _10943_/X
 _10944_/X
 _10945_/X
 _10946_/X
 _10947_/X
 _10948_/X
 _10949_/X
 _10950_/X
 _10951_/X
 _10952_/X
 _10953_/X
 _10954_/X
 _10955_/X
 _10956_/X
 _10957_/X
 _10958_/X
 _10959_/X
 _10960_/X
 _10961_/X
 _10962_/X
 _10963_/X
 _10964_/X
 _10965_/X
 _10966_/X
 _10967_/X
 _10968_/X
 _10969_/X
 _10970_/X
 _10971_/X
 _10972_/X
 _10973_/X
 _10974_/X
 _10975_/X
 _10976_/X
 _10977_/X
 _10978_/X
 _10979_/X
 _10980_/X
 _10981_/X
 _10982_/X
 _10983_/X
 _10984_/X
 _10985_/X
 _10986_/X
 _10987_/X
 _10988_/X
 _10989_/X
 _10990_/X
 _10991_/X
 _10992_/X
 _10993_/X
 _10994_/X
 _10995_/X
 _10996_/X
 _10997_/X
 _10998_/X
 _10999_/X
 _11000_/X
 _11001_/X
 _11002_/X
 _11003_/X
 _11004_/X
 _11005_/X
 _11006_/X
 _11007_/X
 _11008_/X
 _11009_/X
 _11010_/X
 _11011_/X
 _11012_/X
 _11013_/X
 _11014_/X
 _11015_/X
 _11016_/X
 _11017_/X
 _11018_/X
 _11019_/X
 _11020_/X
 _11021_/X
 _11022_/X
 _11023_/X
 _11024_/X
 _11025_/X
 _11026_/X
 _11027_/X
 _11028_/X
 _11029_/X
 _11030_/X
 _11031_/X
 _11032_/X
 _11033_/X
 _11034_/X
 _11035_/X
 _11036_/X
 _11037_/X
 _11038_/X
 _11039_/X
 _11040_/X
 _11041_/X
 _11042_/X
 _11043_/X
 _11044_/X
 _11045_/X
 _11046_/X
 _11047_/X
 _11048_/X
 _11049_/X
 _11050_/X
 _11051_/X
 _11052_/X
 _11053_/X
 _11054_/X
 _11055_/X
 _11056_/X
 _11057_/X
 _11058_/X
 _11059_/X
 _11060_/X
 _11061_/X
 _11062_/X
 _11063_/X
 _11064_/X
 _11065_/X
 _11066_/X
 _11067_/X
 _11068_/X
 _11069_/X
 _11070_/X
 _11071_/X
 _11072_/X
 _11073_/X
 _11074_/X
 _11075_/X
 _11076_/X
 _11077_/X
 _11078_/X
 _11079_/X
 _11080_/X
 _11081_/X
 _11082_/X
 _11083_/X
 _11084_/X
 _11085_/X
 _11086_/X
 _11087_/X
 _11088_/X
 _11089_/X
 _11090_/X
 _11091_/X
 _11092_/X
 _11093_/X
 _11094_/X
 _11095_/X
 _11096_/X
 _11097_/X
 _11098_/X
 _11099_/X
 _11100_/X
 _11101_/X
 _11102_/X
 _11103_/X
 _11104_/X
 _11105_/X
 _11106_/X
 _11107_/X
 _11108_/X
 _11109_/X
 _11110_/X
 _11111_/X
 _11112_/X
 _11113_/X
 _11114_/X
 _11115_/X
 _11116_/X
 _11117_/X
 _11118_/X
 _11119_/X
 _11120_/X
 _11121_/X
 _11122_/X
 _11123_/X
 _11124_/X
 _11125_/X
 _11126_/X
 _11127_/X
 _11128_/X
 _11129_/X
 _11130_/X
 _11131_/X
 _11132_/X
 _11133_/X
 _11134_/X
 _11135_/X
 _11136_/X
 _11137_/X
 _11138_/X
 _11139_/X
 _11140_/X
 _11141_/X
 _11142_/X
 _11143_/X
 _11144_/X
 _11145_/X
 _11146_/X
 _11147_/X
 _11148_/X
 _11149_/X
 _11150_/X
 _11151_/X
 _11152_/X
 _11153_/X
 _11154_/X
 _11155_/X
 _11156_/X
 _11157_/X
 _11158_/X
 _11159_/X
 _11160_/X
 _11161_/X
 _11162_/X
 _11163_/X
 _11164_/X
 _11165_/X
 _11166_/X
 _11167_/X
 _11168_/X
 _11169_/X
 _11170_/X
 _11171_/X
 _11172_/X
 _11173_/X
 _11174_/X
 _11175_/X
 _11176_/X
 _11177_/X
 _11178_/X
 _11179_/X
 _11180_/X
 _11181_/X
 _11182_/X
 _11183_/X
 _11184_/X
 _11185_/X
 _11186_/X
 _11187_/X
 _11188_/X
 _11189_/X
 _11190_/X
 _11191_/X
 _11192_/X
 _11193_/X
 _11194_/X
 _11195_/X
 _11196_/X
 _11197_/X
 _11198_/X
 _11199_/X
 _11200_/X
 _11201_/X
 _11202_/X
 _11203_/X
 _11204_/X
 _11205_/X
 _11206_/X
 _11207_/X
 _11208_/X
 _11209_/X
 _11210_/X
 _11211_/X
 _11212_/X
 _11213_/X
 _11214_/X
 _11215_/X
 _11216_/X
 _11217_/X
 _11218_/X
 _11219_/X
 _11220_/X
 _11221_/X
 _11222_/X
 _11223_/X
 _11224_/X
 _11225_/X
 _11226_/X
 _11227_/X
 _11228_/X
 _11229_/X
 _11230_/X
 _11231_/X
 _11232_/X
 _11233_/X
 _11234_/X
 _11235_/X
 _11236_/X
 _11237_/X
 _11238_/X
 _11239_/X
 _11240_/X
 _11241_/X
 _11242_/X
 _11243_/X
 _11244_/X
 _11245_/X
 _11246_/X
 _11247_/X
 _11248_/X
 _11249_/X
 _11250_/X
 _11251_/X
 _11252_/X
 _11253_/X
 _11254_/X
 _11255_/X
 _11256_/X
 _11257_/X
 _11258_/X
 _11259_/X
 _11260_/X
 _11261_/X
 _11262_/X
 _11263_/X
 _11264_/X
 _11265_/X
 _11266_/X
 _11267_/X
 _11268_/X
 _11269_/X
 _11270_/X
 _11271_/X
 _11272_/X
 _11273_/X
 _11274_/X
 _11275_/X
 _11276_/X
 _11277_/X
 _11278_/X
 _11279_/X
 _11280_/X
 _11281_/X
 _11282_/X
 _11283_/X
 _11284_/X
 _11285_/X
 _11286_/X
 _11287_/X
 _11288_/X
 _11289_/X
 _11290_/X
 _11291_/X
 _11292_/X
 _11293_/X
 _11294_/X
 _11295_/X
 _11296_/X
 _11297_/X
 _11298_/X
 _11299_/X
 _11300_/X
 _11301_/X
 _11302_/X
 _11303_/X
 _11304_/X
 _11305_/X
 _11306_/X
 _11307_/X
 _11308_/X
 _11309_/X
 _11310_/X
 _11311_/X
 _11312_/X
 _11313_/X
 _11314_/X
 _11315_/X
 _11316_/X
 _11317_/X
 _11318_/X
 _11319_/X
 _11320_/X
 _11321_/X
 _11322_/X
 _11323_/X
 _11324_/X
 _11325_/X
 _11326_/X
 _11327_/X
 _11328_/X
 _11329_/X
 _11330_/X
 _11331_/X
 _11332_/X
 _11333_/X
 _11334_/X
 _11335_/X
 _11336_/X
 _11337_/X
 _11338_/X
 _11339_/X
 _11340_/X
 _11341_/X
 _11342_/X
 _11343_/X
 _11344_/X
 _11345_/X
 _11346_/X
 _11347_/X
 _11348_/X
 _11349_/X
 _11350_/X
 _11351_/X
 _11352_/X
 _11353_/X
 _11354_/X
 _11355_/X
 _11356_/X
 _11357_/X
 _11358_/X
 _11359_/X
 _11360_/X
 _11361_/X
 _11362_/X
 _11363_/X
 _11364_/X
 _11365_/X
 _11366_/X
 _11367_/X
 _11368_/X
 _11369_/X
 _11370_/X
 _11371_/X
 _11372_/X
 _11373_/X
 _11374_/X
 _11375_/X
 _11376_/X
 _11377_/X
 _11378_/X
 _11379_/X
 _11380_/X
 _11381_/X
 _11382_/X
 _11383_/X
 _11384_/X
 _11385_/X
 _11386_/X
 _11387_/X
 _11388_/X
 _11389_/X
 _11390_/X
 _11391_/X
 _11392_/X
 _11393_/X
 _11394_/X
 _11395_/X
 _11396_/X
 _11397_/X
 _11398_/X
 _11399_/X
 _11400_/X
 _11401_/X
 _11402_/X
 _11403_/X
 _11404_/X
 _11405_/X
 _11406_/X
 _11407_/X
 _11408_/X
 _11409_/X
 _11410_/X
 _11411_/X
 _11412_/X
 _11413_/X
 _11414_/X
 _11415_/X
 _11416_/X
 _11417_/X
 _11418_/X
 _11419_/X
 _11420_/X
 _11421_/X
 _11422_/X
 _11423_/X
 _11424_/X
 _11425_/X
 _11426_/X
 _11427_/X
 _11428_/X
 _11429_/X
 _11430_/X
 _11431_/X
 _11432_/X
 _11433_/X
 _11434_/X
 _11435_/X
 _11436_/X
 _11437_/X
 _11438_/X
 _11439_/X
 _11440_/X
 _11441_/X
 _11442_/X
 _11443_/X
 _11444_/X
 _11445_/X
 _11446_/X
 _11447_/X
 _11448_/X
 _11449_/X
 _11450_/X
 _11451_/X
 _11452_/X
 _11453_/X
 _11454_/X
 _11455_/X
 _11456_/X
 _11457_/X
 _11458_/X
 _11459_/X
 _11460_/X
 _11461_/X
 _11462_/X
 _11463_/X
 _11464_/X
 _11465_/X
 _11466_/X
 _11467_/X
 _11468_/X
 _11469_/X
 _11470_/X
 _11471_/X
 _11472_/X
 _11473_/X
 _11474_/X
 _11475_/X
 _11476_/X
 _11477_/X
 _11478_/X
 _11479_/X
 _11480_/X
 _11481_/X
 _11482_/X
 _11483_/X
 _11484_/X
 _11485_/X
 _11486_/X
 _11487_/X
 _11488_/X
 _11489_/X
 _11490_/X
 _11491_/X
 _11492_/X
 _11493_/X
 _11494_/X
 _11495_/X
 _11496_/X
 _11497_/X
 _11498_/X
 _11499_/X
 _11500_/X
 _11501_/X
 _11502_/X
 _11503_/X
 _11504_/X
 _11505_/X
 _11506_/X
 _11507_/X
 _11508_/X
 _11509_/X
 _11510_/X
 _11511_/X
 _11512_/X
 _11513_/X
 _11514_/X
 _11515_/X
 _11516_/X
 _11517_/X
 _11518_/X
 _11519_/X
 _11520_/X
 _11521_/X
 _11522_/X
 _11523_/X
 _11524_/X
 _11525_/X
 _11526_/X
 _11527_/X
 _11528_/X
 _11529_/X
 _11530_/X
 _11531_/X
 _11532_/X
 _11533_/X
 _11534_/X
 _11535_/X
 _11536_/X
 _11537_/X
 _11538_/X
 _11539_/X
 _11540_/X
 _11541_/X
 _11542_/X
 _11543_/X
 _11544_/X
 _11545_/X
 _11546_/X
 _11547_/X
 _11548_/X
 _11549_/X
 _11550_/X
 _11551_/X
 _11552_/X
 _11553_/X
 _11554_/X
 _11555_/X
 _11556_/X
 _11557_/X
 _11558_/X
 _11559_/X
 _11560_/X
 _11561_/X
 _11562_/X
 _11563_/X
 _11564_/X
 _11565_/X
 _11566_/X
 _11567_/X
 _11568_/X
 _11569_/X
 _11570_/X
 _11571_/X
 _11572_/X
 _11573_/X
 _11574_/X
 _11575_/X
 _11576_/X
 _11577_/X
 _11578_/X
 _11579_/X
 _11580_/X
 _11581_/X
 _11582_/X
 _11583_/X
 _11584_/X
 _11585_/X
 _11586_/X
 _11587_/X
 _11588_/X
 _11589_/X
 _11590_/X
 _11591_/X
 _11592_/X
 _11593_/X
 _11594_/X
 _11595_/X
 _11596_/X
 _11597_/X
 _11598_/X
 _11599_/X
 _11600_/X
 _11601_/X
 _11602_/X
 _11603_/X
 _11604_/X
 _11605_/X
 _11606_/X
 _11607_/X
 _11608_/X
 _11609_/X
 _11610_/X
 _11611_/X
 _11612_/X
 _11613_/X
 _11614_/X
 _11615_/X
 _11616_/X
 _11617_/X
 _11618_/X
 _11619_/X
 _11620_/X
 _11621_/X
 _11622_/X
 _11623_/X
 _11624_/X
 _11625_/X
 _11626_/X
 _11627_/X
 _11628_/X
 _11629_/X
 _11630_/X
 _11631_/X
 _11632_/X
 _11633_/X
 _11634_/X
 _11635_/X
 _11636_/X
 _11637_/X
 _11638_/X
 _11639_/X
 _11640_/X
 _11641_/X
 _11642_/X
 _11643_/X
 _11644_/X
 _11645_/X
 _11646_/X
 _11647_/X
 _11648_/X
 _11649_/X
 _11650_/X
 _11651_/X
 _11652_/X
 _11653_/X
 _11654_/X
 _11655_/X
 _11656_/X
 _11657_/X
 _11658_/X
 _11659_/X
 _11660_/X
 _11661_/X
 _11662_/X
 _11663_/X
 _11664_/X
 _11665_/X
 _11666_/X
 _11667_/X
 _11668_/X
 _11669_/X
 _11670_/X
 _11671_/X
 _11672_/X
 _11673_/X
 _11674_/X
 _11675_/X
 _11676_/X
 _11677_/X
 _11678_/X
 _11679_/X
 _11680_/X
 _11681_/X
 _11682_/X
 _11683_/X
 _11684_/X
 _11685_/X
 _11686_/X
 _11687_/X
 _11688_/X
 _11689_/X
 _11690_/X
 _11691_/X
 _11692_/X
 _11693_/X
 _11694_/X
 _11695_/X
 _11696_/X
 _11697_/X
 _11698_/X
 _11699_/X
 _11700_/X
 _11701_/X
 _11702_/X
 _11703_/X
 _11704_/X
 _11705_/X
 _11706_/X
 _11707_/X
 _11708_/X
 _11709_/X
 _11710_/X
 _11711_/X
 _11712_/X
 _11713_/X
 _11714_/X
 _11715_/X
 _11716_/X
 _11717_/X
 _11718_/X
 _11719_/X
 _11720_/X
 _11721_/X
 _11722_/X
 _11723_/X
 _11724_/X
 _11725_/X
 _11726_/X
 _11727_/X
 _11728_/X
 _11729_/X
 _11730_/X
 _11731_/X
 _11732_/X
 _11733_/X
 _11734_/X
 _11735_/X
 _11736_/X
 _11737_/X
 _11738_/X
 _11739_/X
 _11740_/X
 _11741_/X
 _11742_/X
 _11743_/X
 _11744_/X
 _11745_/X
 _11746_/X
 _11747_/X
 _11748_/X
 _11749_/X
 _11750_/X
 _11751_/X
 _11752_/X
 _11753_/X
 _11754_/X
 _11755_/X
 _11756_/X
 _11757_/X
 _11758_/X
 _11759_/X
 _11760_/X
 _11761_/X
 _11762_/X
 _11763_/X
 _11764_/X
 _11765_/X
 _11766_/X
 _11767_/X
 _11768_/X
 _11769_/X
 _11770_/X
 _11771_/X
 _11772_/X
 _11773_/X
 _11774_/X
 _11775_/X
 _11776_/X
 _11777_/X
 _11778_/X
 _11779_/X
 _11780_/X
 _11781_/X
 _11782_/X
 _11783_/X
 _11784_/X
 _11785_/X
 _11786_/X
 _11787_/X
 _11788_/X
 _11789_/X
 _11790_/X
 _11791_/X
 _11792_/X
 _11793_/X
 _11794_/X
 _11795_/X
 _11796_/X
 _11797_/X
 _11798_/X
 _11799_/X
 _11800_/X
 _11801_/X
 _11802_/X
 _11803_/X
 _11804_/X
 _11805_/X
 _11806_/X
 _11807_/X
 _11808_/X
 _11809_/X
 _11810_/X
 _11811_/X
 _11812_/X
 _11813_/X
 _11814_/X
 _11815_/X
 _11816_/X
 _11817_/X
 _11818_/X
 _11819_/X
 _11820_/X
 _11821_/X
 _11822_/X
 _11823_/X
 _11824_/X
 _11825_/X
 _11826_/X
 _11827_/X
 _11828_/X
 _11829_/X
 _11830_/X
 _11831_/X
 _11832_/X
 _11833_/X
 _11834_/X
 _11835_/X
 _11836_/X
 _11837_/X
 _11838_/X
 _11839_/X
 _11840_/X
 _11841_/X
 _11842_/X
 _11843_/X
 _11844_/X
 _11845_/X
 _11846_/X
 _11847_/X
 _11848_/X
 _11849_/X
 _11850_/X
 _11851_/X
 _11852_/X
 _11853_/X
 _11854_/X
 _11855_/X
 _11856_/X
 _11857_/X
 _11858_/X
 _11859_/X
 _11860_/X
 _11861_/X
 _11862_/X
 _11863_/X
 _11864_/X
 _11865_/X
 _11866_/X
 _11867_/X
 _11868_/X
 _11869_/X
 _11870_/X
 _11871_/X
 _11872_/X
 _11873_/X
 _11874_/X
 _11875_/X
 _11876_/X
 _11877_/X
 _11878_/X
 _11879_/X
 _11880_/X
 _11881_/X
 _11882_/X
 _11883_/X
 _11884_/X
 _11885_/X
 _11886_/X
 _11887_/X
 _11888_/X
 _11889_/X
 _11890_/X
 _11891_/X
 _11892_/X
 _11893_/X
 _11894_/X
 _11895_/X
 _11896_/X
 _11897_/X
 _11898_/X
 _11899_/X
 _11900_/X
 _11901_/X
 _11902_/X
 _11903_/X
 _11904_/X
 _11905_/X
 _11906_/X
 _11907_/X
 _11908_/X
 _11909_/X
 _11910_/X
 _11911_/X
 _11912_/X
 _11913_/X
 _11914_/X
 _11915_/X
 _11916_/X
 _11917_/X
 _11918_/X
 _11919_/X
 _11920_/X
 _11921_/X
 _11922_/X
 _11923_/X
 _11924_/X
 _11925_/X
 _11926_/X
 _11927_/X
 _11928_/X
 _11929_/X
 _11930_/X
 _11931_/X
 _11932_/X
 _11933_/X
 _11934_/X
 _11935_/X
 _11936_/X
 _11937_/X
 _11938_/X
 _11939_/X
 _11940_/X
 _11941_/X
 _11942_/X
 _11943_/X
 _11944_/X
 _11945_/X
 _11946_/X
 _11947_/X
 _11948_/X
 _11949_/X
 _11950_/X
 _11951_/X
 _11952_/X
 _11953_/Y
 _11954_/X
 _11955_/Y
 _11956_/Y
 _11957_/X
 _11958_/X
 _11959_/X
 _11960_/X
 _11961_/X
 _11962_/X
 _11963_/X
 _11964_/X
 _11965_/X
 _11966_/X
 _11967_/X
 _11968_/X
 _11969_/Y
 _11970_/Y
 _11971_/X
 _11972_/X
 _11973_/X
 _11974_/X
 _11975_/X
 _11976_/X
 _11977_/Y
 _11978_/Y
 _11979_/Y
 _11980_/X
 _11981_/Y
 _11982_/X
 _11983_/X
 _11984_/X
 _11985_/Y
 _11986_/X
 _11987_/X
 _11988_/X
 _11989_/X
 _11990_/X
 _11991_/X
 _11992_/X
 _11993_/X
 _11994_/X
 _11995_/X
 _11996_/Y
 _11997_/Y
 _11998_/X
 _11999_/X
 _12000_/Y
 _12001_/X
 _12002_/X
 _12003_/Y
 _12004_/Y
 _12005_/X
 _12006_/X
 _12007_/X
 _12008_/X
 _12009_/X
 _12010_/X
 _12011_/Y
 _12012_/X
 _12013_/X
 _12014_/X
 _12015_/X
 _12016_/Y
 _12017_/X
 _12018_/X
 _12019_/Y
 _12020_/X
 _12021_/X
 _12022_/X
 _12023_/X
 _12024_/Y
 _12025_/X
 _12026_/Y
 _12027_/X
 _12028_/X
 _12029_/Y
 _12030_/X
 _12031_/X
 _12032_/X
 _12033_/X
 _12034_/X
 _12035_/X
 _12036_/X
 _12037_/Y
 _12038_/X
 _12039_/X
 _12040_/Y
 _12041_/X
 _12042_/X
 _12043_/X
 _12044_/Y
 _12045_/X
 _12046_/X
 _12047_/Y
 _12048_/X
 _12049_/X
 _12050_/X
 _12051_/X
 _12052_/X
 _12053_/Y
 _12054_/Y
 _12055_/X
 _12056_/X
 _12057_/X
 _12058_/X
 _12059_/Y
 _12060_/X
 _12061_/X
 _12062_/Y
 _12063_/Y
 _12064_/X
 _12065_/X
 _12066_/X
 _12067_/X
 _12068_/X
 _12069_/X
 _12070_/X
 _12071_/X
 _12072_/X
 _12073_/X
 _12074_/Y
 _12075_/X
 _12076_/X
 _12077_/Y
 _12078_/Y
 _12079_/X
 _12080_/X
 _12081_/X
 _12082_/Y
 _12083_/X
 _12084_/X
 _12085_/Y
 _12086_/X
 _12087_/Y
 _12088_/X
 _12089_/X
 _12090_/Y
 _12091_/X
 _12092_/X
 _12093_/X
 _12094_/X
 _12095_/Y
 _12096_/X
 _12097_/X
 _12098_/X
 _12099_/X
 _12100_/X
 _12101_/X
 _12102_/X
 _12103_/Y
 _12104_/X
 _12105_/X
 _12106_/Y
 _12107_/X
 _12108_/X
 _12109_/X
 _12110_/Y
 _12111_/X
 _12112_/X
 _12113_/X
 _12114_/X
 _12115_/Y
 _12116_/X
 _12117_/X
 _12118_/X
 _12119_/Y
 _12120_/Y
 _12121_/X
 _12122_/X
 _12123_/X
 _12124_/X
 _12125_/Y
 _12126_/X
 _12127_/Y
 _12128_/X
 _12129_/Y
 _12130_/Y
 _12131_/X
 _12132_/Y
 _12133_/X
 _12134_/Y
 _12135_/Y
 _12136_/X
 _12137_/X
 _12138_/X
 _12139_/Y
 _12140_/Y
 _12141_/X
 _12142_/X
 _12143_/Y
 _12144_/X
 _12145_/X
 _12146_/Y
 _12147_/Y
 _12148_/Y
 _12149_/Y
 _12150_/X
 _12151_/X
 _12152_/X
 _12153_/Y
 _12154_/Y
 _12155_/Y
 _12156_/X
 _12157_/Y
 _12158_/Y
 _12159_/Y
 _12160_/X
 _12161_/X
 _12162_/X
 _12163_/Y
 _12164_/Y
 _12165_/Y
 _12166_/Y
 _12167_/X
 _12168_/Y
 _12169_/Y
 _12170_/Y
 _12171_/Y
 _12172_/Y
 _12173_/X
 _12174_/Y
 _12175_/X
 _12176_/Y
 _12177_/Y
 _12178_/X
 _12179_/Y
 _12180_/Y
 _12181_/X
 _12182_/Y
 _12183_/Y
 _12184_/X
 _12185_/X
 _12186_/Y
 _12187_/Y
 _12188_/X
 _12189_/X
 _12190_/X
 _12191_/Y
 _12192_/X
 _12193_/Y
 _12194_/X
 _12195_/X
 _12196_/X
 _12197_/Y
 _12198_/X
 _12199_/X
 _12200_/Y
 _12201_/X
 _12202_/Y
 _12203_/Y
 _12204_/Y
 _12205_/Y
 _12206_/X
 _12207_/Y
 _12208_/X
 _12209_/Y
 _12210_/X
 _12211_/X
 _12212_/Y
 _12213_/Y
 _12214_/X
 _12215_/X
 _12216_/X
 _12217_/Y
 _12218_/X
 _12219_/X
 _12220_/Y
 _12221_/Y
 _12222_/X
 _12223_/X
 _12224_/X
 _12225_/X
 _12226_/X
 _12227_/X
 _12228_/X
 _12229_/X
 _12230_/X
 _12231_/Y
 _12232_/X
 _12233_/X
 _12234_/Y
 _12235_/X
 _12236_/Y
 _12237_/X
 _12238_/Y
 _12239_/X
 _12240_/X
 _12241_/X
 _12242_/X
 _12243_/Y
 _12244_/X
 _12245_/X
 _12246_/X
 _12247_/Y
 _12248_/X
 _12249_/X
 _12250_/X
 _12251_/X
 _12252_/X
 _12253_/X
 _12254_/X
 _12255_/X
 _12256_/X
 _12257_/Y
 _12258_/Y
 _12259_/X
 _12260_/Y
 _12261_/X
 _12262_/Y
 _12263_/Y
 _12264_/X
 _12265_/Y
 _12266_/Y
 _12267_/Y
 _12268_/Y
 _12269_/X
 _12270_/X
 _12271_/X
 _12272_/Y
 _12273_/X
 _12274_/X
 _12275_/X
 _12276_/X
 _12277_/Y
 _12278_/Y
 _12279_/X
 _12280_/X
 _12281_/X
 _12282_/X
 _12283_/Y
 _12284_/Y
 _12285_/Y
 _12286_/X
 _12287_/X
 _12288_/Y
 _12289_/X
 _12290_/X
 _12291_/Y
 _12292_/X
 _12293_/Y
 _12294_/X
 _12295_/X
 _12296_/Y
 _12297_/X
 _12298_/Y
 _12299_/X
 _12300_/Y
 _12301_/Y
 _12302_/X
 _12303_/Y
 _12304_/X
 _12305_/X
 _12306_/Y
 _12307_/Y
 _12308_/Y
 _12309_/X
 _12310_/X
 _12311_/X
 _12312_/X
 _12313_/X
 _12314_/Y
 _12315_/Y
 _12316_/X
 _12317_/X
 _12318_/Y
 _12319_/Y
 _12320_/X
 _12321_/X
 _12322_/X
 _12323_/X
 _12324_/X
 _12325_/Y
 _12326_/X
 _12327_/X
 _12328_/Y
 _12329_/Y
 _12330_/X
 _12331_/X
 _12332_/X
 _12333_/Y
 _12334_/X
 _12335_/X
 _12336_/X
 _12337_/Y
 _12338_/X
 _12339_/X
 _12340_/X
 _12341_/Y
 _12342_/Y
 _12343_/X
 _12344_/X
 _12345_/X
 _12346_/Y
 _12347_/X
 _12348_/Y
 _12349_/Y
 _12350_/X
 _12351_/X
 _12352_/X
 _12353_/Y
 _12354_/Y
 _12355_/X
 _12356_/Y
 _12357_/Y
 _12358_/Y
 _12359_/X
 _12360_/X
 _12361_/Y
 _12362_/X
 _12363_/Y
 _12364_/X
 _12365_/X
 _12366_/X
 _12367_/X
 _12368_/X
 _12369_/X
 _12370_/Y
 _12371_/X
 _12372_/Y
 _12373_/Y
 _12374_/Y
 _12375_/Y
 _12376_/X
 _12377_/X
 _12378_/X
 _12379_/X
 _12380_/X
 _12381_/Y
 _12382_/Y
 _12383_/Y
 _12384_/Y
 _12385_/Y
 _12386_/X
 _12387_/X
 _12388_/X
 _12389_/X
 _12390_/Y
 _12391_/X
 _12392_/X
 _12393_/Y
 _12394_/X
 _12395_/X
 _12396_/Y
 _12397_/X
 _12398_/X
 _12399_/X
 _12400_/Y
 _12401_/X
 _12402_/X
 _12403_/X
 _12404_/X
 _12405_/Y
 _12406_/Y
 _12407_/Y
 _12408_/Y
 _12409_/X
 _12410_/X
 _12411_/Y
 _12412_/Y
 _12413_/X
 _12414_/Y
 _12415_/X
 _12416_/X
 _12417_/Y
 _12418_/Y
 _12419_/X
 _12420_/X
 _12421_/X
 _12422_/X
 _12423_/X
 _12424_/X
 _12425_/X
 _12426_/X
 _12427_/Y
 _12428_/Y
 _12429_/Y
 _12430_/Y
 _12431_/X
 _12432_/X
 _12433_/X
 _12434_/X
 _12435_/X
 _12436_/Y
 _12437_/X
 _12438_/X
 _12439_/X
 _12440_/X
 _12441_/Y
 _12442_/Y
 _12443_/X
 _12444_/X
 _12445_/X
 _12446_/X
 _12447_/X
 _12448_/X
 _12449_/Y
 _12450_/X
 _12451_/X
 _12452_/X
 _12453_/X
 _12454_/X
 _12455_/X
 _12456_/X
 _12457_/X
 _12458_/X
 _12459_/Y
 _12460_/Y
 _12461_/X
 _12462_/Y
 _12463_/X
 _12464_/X
 _12465_/X
 _12466_/X
 _12467_/X
 _12468_/X
 _12469_/X
 _12470_/X
 _12471_/X
 _12472_/X
 _12473_/X
 _12474_/X
 _12475_/X
 _12476_/X
 _12477_/Y
 _12478_/Y
 _12479_/X
 _12480_/X
 _12481_/X
 _12482_/Y
 _12483_/X
 _12484_/Y
 _12485_/X
 _12486_/X
 _12487_/X
 _12488_/X
 _12489_/X
 _12490_/X
 _12491_/X
 _12492_/X
 _12493_/X
 _12494_/X
 _12495_/X
 _12496_/Y
 _12497_/X
 _12498_/X
 _12499_/X
 _12500_/X
 _12501_/X
 _12502_/X
 _12503_/X
 _12504_/X
 _12505_/X
 _12506_/Y
 _12507_/X
 _12508_/Y
 _12509_/X
 _12510_/X
 _12511_/X
 _12512_/X
 _12513_/X
 _12514_/X
 _12515_/X
 _12516_/X
 _12517_/X
 _12518_/X
 _12519_/X
 _12520_/Y
 _12521_/Y
 _12522_/X
 _12523_/Y
 _12524_/Y
 _12525_/X
 _12526_/X
 _12527_/X
 _12528_/X
 _12529_/Y
 _12530_/Y
 _12531_/Y
 _12532_/X
 _12533_/X
 _12534_/X
 _12535_/X
 _12536_/X
 _12537_/X
 _12538_/X
 _12539_/X
 _12540_/X
 _12541_/X
 _12542_/X
 _12543_/X
 _12544_/Y
 _12545_/Y
 _12546_/X
 _12547_/X
 _12548_/X
 _12549_/X
 _12550_/X
 _12551_/Y
 _12552_/Y
 _12553_/X
 _12554_/Y
 _12555_/X
 _12556_/Y
 _12557_/Y
 _12558_/Y
 _12559_/X
 _12560_/X
 _12561_/X
 _12562_/X
 _12563_/X
 _12564_/X
 _12565_/X
 _12566_/X
 _12567_/X
 _12568_/X
 _12569_/X
 _12570_/X
 _12571_/Y
 _12572_/Y
 _12573_/X
 _12574_/X
 _12575_/Y
 _12576_/X
 _12577_/X
 _12578_/Y
 _12579_/X
 _12580_/Y
 _12581_/X
 _12582_/X
 _12583_/X
 _12584_/X
 _12585_/X
 _12586_/X
 _12587_/X
 _12588_/X
 _12589_/X
 _12590_/X
 _12591_/Y
 _12592_/Y
 _12593_/X
 _12594_/X
 _12595_/X
 _12596_/X
 _12597_/X
 _12598_/X
 _12599_/X
 _12600_/X
 _12601_/X
 _12602_/X
 _12603_/Y
 _12604_/Y
 _12605_/X
 _12606_/X
 _12607_/X
 _12608_/X
 _12609_/X
 _12610_/X
 _12611_/X
 _12612_/X
 _12613_/X
 _12614_/Y
 _12615_/Y
 _12616_/X
 _12617_/X
 _12618_/Y
 _12619_/X
 _12620_/X
 _12621_/X
 _12622_/X
 _12623_/X
 _12624_/X
 _12625_/Y
 _12626_/X
 _12627_/X
 _12628_/X
 _12629_/Y
 _12630_/X
 _12631_/X
 _12632_/X
 _12633_/X
 _12634_/X
 _12635_/X
 _12636_/X
 _12637_/X
 _12638_/Y
 _12639_/Y
 _12640_/Y
 _12641_/X
 _12642_/X
 _12643_/X
 _12644_/X
 _12645_/X
 _12646_/X
 _12647_/X
 _12648_/Y
 _12649_/X
 _12650_/X
 _12651_/Y
 _12652_/X
 _12653_/Y
 _12654_/X
 _12655_/X
 _12656_/X
 _12657_/X
 _12658_/X
 _12659_/X
 _12660_/X
 _12661_/X
 _12662_/X
 _12663_/X
 _12664_/Y
 _12665_/X
 _12666_/Y
 _12667_/X
 _12668_/Y
 _12669_/Y
 _12670_/Y
 _12671_/X
 _12672_/X
 _12673_/X
 _12674_/X
 _12675_/X
 _12676_/X
 _12677_/Y
 _12678_/X
 _12679_/X
 _12680_/X
 _12681_/X
 _12682_/X
 _12683_/X
 _12684_/X
 _12685_/X
 _12686_/X
 _12687_/X
 _12688_/Y
 _12689_/X
 _12690_/X
 _12691_/X
 _12692_/Y
 _12693_/Y
 _12694_/Y
 _12695_/X
 _12696_/X
 _12697_/Y
 _12698_/X
 _12699_/X
 _12700_/X
 _12701_/X
 _12702_/X
 _12703_/Y
 _12704_/Y
 _12705_/Y
 _12706_/X
 _12707_/X
 _12708_/X
 _12709_/X
 _12710_/Y
 _12711_/X
 _12712_/Y
 _12713_/Y
 _12714_/Y
 _12715_/X
 _12716_/X
 _12717_/Y
 _12718_/X
 _12719_/X
 _12720_/X
 _12721_/X
 _12722_/X
 _12723_/X
 _12724_/X
 _12725_/X
 _12726_/X
 _12727_/X
 _12728_/X
 _12729_/X
 _12730_/X
 _12731_/X
 _12732_/X
 _12733_/X
 _12734_/X
 _12735_/X
 _12736_/X
 _12737_/X
 _12738_/X
 _12739_/X
 _12740_/X
 _12741_/X
 _12742_/X
 _12743_/X
 _12744_/X
 _12745_/X
 _12746_/X
 _12747_/X
 _12748_/X
 _12749_/X
 _12750_/X
 _12751_/Y
 _12752_/Y
 _12753_/X
 _12754_/X
 _12755_/X
 _12756_/X
 _12757_/X
 _12758_/X
 _12759_/X
 _12760_/X
 _12761_/X
 _12762_/X
 _12763_/Y
 _12764_/X
 _12765_/Y
 _12766_/X
 _12767_/X
 _12768_/X
 _12769_/X
 _12770_/X
 _12771_/X
 _12772_/X
 _12773_/X
 _12774_/X
 _12775_/X
 _12776_/X
 _12777_/X
 _12778_/X
 _12779_/X
 _12780_/X
 _12781_/X
 _12782_/X
 _12783_/X
 _12784_/X
 _12785_/X
 _12786_/X
 _12787_/X
 _12788_/X
 _12789_/X
 _12790_/X
 _12791_/X
 _12792_/X
 _12793_/X
 _12794_/X
 _12795_/X
 _12796_/X
 _12797_/X
 _12798_/X
 _12799_/X
 _12800_/X
 _12801_/X
 _12802_/X
 _12803_/X
 _12804_/X
 _12805_/X
 _12806_/X
 _12807_/X
 _12808_/X
 _12809_/X
 _12810_/X
 _12811_/Y
 _12812_/X
 _12813_/X
 _12814_/X
 _12815_/X
 _12816_/X
 _12817_/X
 _12818_/Y
 _12819_/X
 _12820_/X
 _12821_/X
 _12822_/X
 _12823_/X
 _12824_/X
 _12825_/X
 _12826_/X
 _12827_/X
 _12828_/X
 _12829_/X
 _12830_/X
 _12831_/X
 _12832_/X
 _12833_/X
 _12834_/X
 _12835_/X
 _12836_/X
 _12837_/X
 _12838_/X
 _12839_/X
 _12840_/X
 _12841_/X
 _12842_/X
 _12843_/X
 _12844_/X
 _12845_/X
 _12846_/X
 _12847_/X
 _12848_/X
 _12849_/X
 _12850_/X
 _12851_/X
 _12852_/X
 _12853_/X
 _12854_/X
 _12855_/X
 _12856_/X
 _12857_/X
 _12858_/X
 _12859_/X
 _12860_/X
 _12861_/X
 _12862_/X
 _12863_/X
 _12864_/X
 _12865_/X
 _12866_/X
 _12867_/X
 _12868_/X
 _12869_/X
 _12870_/X
 _12871_/X
 _12872_/X
 _12873_/X
 _12874_/X
 _12875_/X
 _12876_/X
 _12877_/X
 _12878_/X
 _12879_/X
 _12880_/X
 _12881_/X
 _12882_/X
 _12883_/X
 _12884_/X
 _12885_/X
 _12886_/X
 _12887_/X
 _12888_/X
 _12889_/X
 _12890_/X
 _12891_/X
 _12892_/X
 _12893_/X
 _12894_/X
 _12895_/X
 _12896_/X
 _12897_/X
 _12898_/X
 _12899_/X
 _12900_/X
 _12901_/X
 _12902_/X
 _12903_/X
 _12904_/X
 _12905_/Y
 _12906_/X
 _12907_/Y
 _12908_/X
 _12909_/X
 _12910_/X
 _12911_/X
 _12912_/X
 _12913_/X
 _12914_/X
 _12915_/X
 _12916_/X
 _12917_/X
 _12918_/X
 _12919_/X
 _12920_/X
 _12921_/X
 _12922_/X
 _12923_/X
 _12924_/X
 _12925_/X
 _12926_/X
 _12927_/X
 _12928_/X
 _12929_/X
 _12930_/X
 _12931_/X
 _12932_/X
 _12933_/X
 _12934_/X
 _12935_/X
 _12936_/X
 _12937_/X
 _12938_/X
 _12939_/X
 _12940_/X
 _12941_/X
 _12942_/X
 _12943_/X
 _12944_/X
 _12945_/X
 _12946_/X
 _12947_/X
 _12948_/X
 _12949_/X
 _12950_/X
 _12951_/X
 _12952_/X
 _12953_/X
 _12954_/X
 _12955_/X
 _12956_/X
 _12957_/X
 _12958_/X
 _12959_/X
 _12960_/X
 _12961_/X
 _12962_/X
 _12963_/X
 _12964_/X
 _12965_/X
 _12966_/X
 _12967_/X
 _12968_/X
 _12969_/X
 _12970_/X
 _12971_/X
 _12972_/X
 _12973_/X
 _12974_/X
 _12975_/X
 _12976_/X
 _12977_/X
 _12978_/X
 _12979_/X
 _12980_/X
 _12981_/X
 _12982_/X
 _12983_/X
 _12984_/X
 _12985_/X
 _12986_/X
 _12987_/X
 _12988_/X
 _12989_/X
 _12990_/X
 _12991_/X
 _12992_/X
 _12993_/X
 _12994_/X
 _12995_/X
 _12996_/X
 _12997_/X
 _12998_/X
 _12999_/X
 _13000_/X
 _13001_/X
 _13002_/X
 _13003_/X
 _13004_/X
 _13005_/X
 _13006_/X
 _13007_/X
 _13008_/X
 _13009_/X
 _13010_/X
 _13011_/X
 _13012_/X
 _13013_/X
 _13014_/X
 _13015_/X
 _13016_/X
 _13017_/X
 _13018_/X
 _13019_/X
 _13020_/X
 _13021_/X
 _13022_/X
 _13023_/X
 _13024_/X
 _13025_/X
 _13026_/X
 _13027_/X
 _13028_/X
 _13029_/X
 _13030_/X
 _13031_/X
 _13032_/X
 _13033_/X
 _13034_/X
 _13035_/X
 _13036_/X
 _13037_/X
 _13038_/X
 _13039_/X
 _13040_/X
 _13041_/X
 _13042_/X
 _13043_/X
 _13044_/X
 _13045_/X
 _13046_/X
 _13047_/X
 _13048_/X
 _13049_/X
 _13050_/X
 _13051_/X
 _13052_/X
 _13053_/X
 _13054_/X
 _13055_/X
 _13056_/X
 _13057_/X
 _13058_/X
 _13059_/X
 _13060_/X
 _13061_/X
 _13062_/Y
 _13063_/X
 _13064_/X
 _13065_/X
 _13066_/X
 _13067_/X
 _13068_/X
 _13069_/X
 _13070_/X
 _13071_/X
 _13072_/X
 _13073_/X
 _13074_/X
 _13075_/X
 _13076_/X
 _13077_/X
 _13078_/X
 _13079_/X
 _13080_/X
 _13081_/X
 _13082_/X
 _13083_/X
 _13084_/X
 _13085_/X
 _13086_/X
 _13087_/X
 _13088_/X
 _13089_/X
 _13090_/X
 _13091_/X
 _13092_/X
 _13093_/X
 _13094_/X
 _13095_/X
 _13096_/X
 _13097_/X
 _13098_/X
 _13099_/X
 _13100_/X
 _13101_/X
 _13102_/Y
 _13103_/X
 _13104_/X
 _13105_/Y
 _13106_/X
 _13107_/Y
 _13108_/Y
 _13109_/Y
 _13110_/Y
 _13111_/Y
 _13112_/Y
 _13113_/Y
 _13114_/Y
 _13115_/Y
 _13116_/Y
 _13117_/X
 _13118_/X
 _13119_/Y
 _13120_/X
 _13121_/X
 _13122_/X
 _13123_/X
 _13124_/X
 _13125_/X
 _13126_/X
 _13127_/X
 _13128_/X
 _13129_/Y
 _13130_/X
 _13131_/X
 _13132_/X
 _13133_/X
 _13134_/X
 _13135_/X
 _13136_/Y
 _13137_/Y
 _13138_/X
 _13139_/X
 _13140_/X
 _13141_/X
 _13142_/Y
 _13143_/X
 _13144_/X
 _13145_/X
 _13146_/X
 _13147_/Y
 _13148_/X
 _13149_/X
 _13150_/X
 _13151_/Y
 _13152_/X
 _13153_/X
 _13154_/X
 _13155_/Y
 _13156_/Y
 _13157_/Y
 _13158_/X
 _13159_/X
 _13160_/Y
 _13161_/X
 _13162_/X
 _13163_/Y
 _13164_/X
 _13165_/Y
 _13166_/Y
 _13167_/X
 _13168_/X
 _13169_/X
 _13170_/X
 _13171_/Y
 _13172_/X
 _13173_/Y
 _13174_/Y
 _13175_/Y
 _13176_/Y
 _13177_/X
 _13178_/X
 _13179_/Y
 _13180_/X
 _13181_/X
 _13182_/Y
 _13183_/X
 _13184_/X
 _13185_/Y
 _13186_/Y
 _13187_/Y
 _13188_/X
 _13189_/Y
 _13190_/X
 _13191_/X
 _13192_/Y
 _13193_/Y
 _13194_/Y
 _13195_/Y
 _13196_/Y
 _13197_/Y
 _13198_/X
 _13199_/X
 _13200_/Y
 _13201_/X
 _13202_/X
 _13203_/Y
 _13204_/Y
 _13205_/Y
 _13206_/Y
 _13207_/Y
 _13208_/Y
 _13209_/X
 _13210_/X
 _13211_/Y
 _13212_/X
 _13213_/X
 _13214_/X
 _13215_/X
 _13216_/Y
 _13217_/Y
 _13218_/Y
 _13219_/Y
 _13220_/Y
 _13221_/X
 _13222_/Y
 _13223_/Y
 _13224_/Y
 _13225_/X
 _13226_/X
 _13227_/Y
 _13228_/Y
 _13229_/Y
 _13230_/X
 _13231_/Y
 _13232_/X
 _13233_/Y
 _13234_/X
 _13235_/Y
 _13236_/X
 _13237_/Y
 _13238_/Y
 _13239_/X
 _13240_/Y
 _13241_/X
 _13242_/X
 _13243_/X
 _13244_/X
 _13245_/Y
 _13246_/Y
 _13247_/Y
 _13248_/Y
 _13249_/Y
 _13250_/Y
 _13251_/Y
 _13252_/Y
 _13253_/Y
 _13254_/Y
 _13255_/X
 _13256_/Y
 _13257_/Y
 _13258_/Y
 _13259_/Y
 _13260_/Y
 _13261_/Y
 _13262_/Y
 _13263_/Y
 _13264_/Y
 _13265_/Y
 _13266_/X
 _13267_/Y
 _13268_/Y
 _13269_/Y
 _13270_/Y
 _13271_/Y
 _13272_/Y
 _13273_/Y
 _13274_/Y
 _13275_/Y
 _13276_/Y
 _13277_/X
 _13278_/Y
 _13279_/Y
 _13280_/Y
 _13281_/Y
 _13282_/Y
 _13283_/Y
 _13284_/Y
 _13285_/Y
 _13286_/Y
 _13287_/Y
 _13288_/X
 _13289_/Y
 _13290_/Y
 _13291_/Y
 _13292_/Y
 _13293_/Y
 _13294_/Y
 _13295_/Y
 _13296_/Y
 _13297_/Y
 _13298_/Y
 _13299_/X
 _13300_/Y
 _13301_/Y
 _13302_/Y
 _13303_/Y
 _13304_/Y
 _13305_/Y
 _13306_/Y
 _13307_/Y
 _13308_/Y
 _13309_/Y
 _13310_/X
 _13311_/X
 _13312_/Y
 _13313_/Y
 _13314_/Y
 _13315_/Y
 _13316_/Y
 _13317_/Y
 _13318_/Y
 _13319_/Y
 _13320_/Y
 _13321_/Y
 _13322_/X
 _13323_/Y
 _13324_/Y
 _13325_/Y
 _13326_/Y
 _13327_/Y
 _13328_/Y
 _13329_/Y
 _13330_/Y
 _13331_/Y
 _13332_/Y
 _13333_/X
 _13334_/Y
 _13335_/Y
 _13336_/Y
 _13337_/Y
 _13338_/Y
 _13339_/Y
 _13340_/Y
 _13341_/Y
 _13342_/Y
 _13343_/Y
 _13344_/X
 _13345_/Y
 _13346_/Y
 _13347_/Y
 _13348_/Y
 _13349_/Y
 _13350_/Y
 _13351_/Y
 _13352_/Y
 _13353_/Y
 _13354_/Y
 _13355_/X
 _13356_/Y
 _13357_/Y
 _13358_/Y
 _13359_/Y
 _13360_/Y
 _13361_/Y
 _13362_/Y
 _13363_/Y
 _13364_/Y
 _13365_/Y
 _13366_/X
 _13367_/Y
 _13368_/Y
 _13369_/Y
 _13370_/Y
 _13371_/Y
 _13372_/Y
 _13373_/Y
 _13374_/Y
 _13375_/Y
 _13376_/Y
 _13377_/X
 _13378_/Y
 _13379_/Y
 _13380_/Y
 _13381_/Y
 _13382_/Y
 _13383_/Y
 _13384_/Y
 _13385_/Y
 _13386_/Y
 _13387_/Y
 _13388_/X
 _13389_/Y
 _13390_/Y
 _13391_/Y
 _13392_/Y
 _13393_/Y
 _13394_/Y
 _13395_/Y
 _13396_/Y
 _13397_/Y
 _13398_/Y
 _13399_/X
 _13400_/Y
 _13401_/Y
 _13402_/Y
 _13403_/Y
 _13404_/Y
 _13405_/Y
 _13406_/Y
 _13407_/Y
 _13408_/Y
 _13409_/Y
 _13410_/X
 _13411_/Y
 _13412_/Y
 _13413_/Y
 _13414_/Y
 _13415_/Y
 _13416_/Y
 _13417_/Y
 _13418_/Y
 _13419_/Y
 _13420_/Y
 _13421_/X
 _13422_/X
 _13423_/Y
 _13424_/Y
 _13425_/Y
 _13426_/Y
 _13427_/Y
 _13428_/Y
 _13429_/Y
 _13430_/Y
 _13431_/Y
 _13432_/Y
 _13433_/X
 _13434_/Y
 _13435_/Y
 _13436_/Y
 _13437_/Y
 _13438_/Y
 _13439_/Y
 _13440_/Y
 _13441_/Y
 _13442_/Y
 _13443_/Y
 _13444_/X
 _13445_/Y
 _13446_/Y
 _13447_/Y
 _13448_/Y
 _13449_/Y
 _13450_/Y
 _13451_/Y
 _13452_/Y
 _13453_/Y
 _13454_/Y
 _13455_/X
 _13456_/Y
 _13457_/Y
 _13458_/Y
 _13459_/Y
 _13460_/Y
 _13461_/Y
 _13462_/Y
 _13463_/Y
 _13464_/Y
 _13465_/Y
 _13466_/X
 _13467_/Y
 _13468_/Y
 _13469_/Y
 _13470_/Y
 _13471_/Y
 _13472_/Y
 _13473_/Y
 _13474_/Y
 _13475_/Y
 _13476_/Y
 _13477_/X
 _13478_/Y
 _13479_/Y
 _13480_/Y
 _13481_/Y
 _13482_/Y
 _13483_/Y
 _13484_/Y
 _13485_/Y
 _13486_/Y
 _13487_/Y
 _13488_/X
 _13489_/Y
 _13490_/Y
 _13491_/Y
 _13492_/Y
 _13493_/Y
 _13494_/Y
 _13495_/Y
 _13496_/Y
 _13497_/Y
 _13498_/Y
 _13499_/X
 _13500_/Y
 _13501_/Y
 _13502_/Y
 _13503_/Y
 _13504_/Y
 _13505_/Y
 _13506_/Y
 _13507_/Y
 _13508_/Y
 _13509_/Y
 _13510_/X
 _13511_/Y
 _13512_/Y
 _13513_/Y
 _13514_/Y
 _13515_/Y
 _13516_/Y
 _13517_/Y
 _13518_/Y
 _13519_/Y
 _13520_/Y
 _13521_/X
 _13522_/Y
 _13523_/Y
 _13524_/Y
 _13525_/Y
 _13526_/Y
 _13527_/Y
 _13528_/Y
 _13529_/Y
 _13530_/Y
 _13531_/Y
 _13532_/X
 _13533_/X
 _13534_/Y
 _13535_/Y
 _13536_/Y
 _13537_/Y
 _13538_/Y
 _13539_/Y
 _13540_/Y
 _13541_/Y
 _13542_/Y
 _13543_/Y
 _13544_/X
 _13545_/Y
 _13546_/Y
 _13547_/Y
 _13548_/Y
 _13549_/Y
 _13550_/Y
 _13551_/Y
 _13552_/Y
 _13553_/Y
 _13554_/Y
 _13555_/X
 _13556_/Y
 _13557_/Y
 _13558_/Y
 _13559_/Y
 _13560_/Y
 _13561_/Y
 _13562_/Y
 _13563_/Y
 _13564_/Y
 _13565_/Y
 _13566_/X
 _13567_/Y
 _13568_/Y
 _13569_/Y
 _13570_/Y
 _13571_/Y
 _13572_/Y
 _13573_/Y
 _13574_/Y
 _13575_/Y
 _13576_/Y
 _13577_/X
 _13578_/Y
 _13579_/Y
 _13580_/Y
 _13581_/Y
 _13582_/Y
 _13583_/Y
 _13584_/Y
 _13585_/Y
 _13586_/Y
 _13587_/Y
 _13588_/X
 _13589_/Y
 _13590_/Y
 _13591_/Y
 _13592_/Y
 _13593_/Y
 _13594_/Y
 _13595_/Y
 _13596_/Y
 _13597_/Y
 _13598_/Y
 _13599_/X
 _13600_/Y
 _13601_/Y
 _13602_/Y
 _13603_/Y
 _13604_/Y
 _13605_/Y
 _13606_/Y
 _13607_/Y
 _13608_/Y
 _13609_/Y
 _13610_/X
 _13611_/Y
 _13612_/Y
 _13613_/Y
 _13614_/Y
 _13615_/Y
 _13616_/Y
 _13617_/Y
 _13618_/Y
 _13619_/Y
 _13620_/Y
 _13621_/X
 _13622_/Y
 _13623_/Y
 _13624_/Y
 _13625_/Y
 _13626_/Y
 _13627_/Y
 _13628_/Y
 _13629_/Y
 _13630_/Y
 _13631_/Y
 _13632_/X
 _13633_/Y
 _13634_/Y
 _13635_/Y
 _13636_/Y
 _13637_/Y
 _13638_/Y
 _13639_/Y
 _13640_/Y
 _13641_/Y
 _13642_/Y
 _13643_/X
 _13644_/X
 _13645_/Y
 _13646_/Y
 _13647_/Y
 _13648_/Y
 _13649_/Y
 _13650_/Y
 _13651_/Y
 _13652_/Y
 _13653_/Y
 _13654_/Y
 _13655_/X
 _13656_/Y
 _13657_/Y
 _13658_/Y
 _13659_/Y
 _13660_/Y
 _13661_/Y
 _13662_/Y
 _13663_/Y
 _13664_/Y
 _13665_/Y
 _13666_/X
 _13667_/Y
 _13668_/Y
 _13669_/Y
 _13670_/Y
 _13671_/Y
 _13672_/Y
 _13673_/Y
 _13674_/Y
 _13675_/Y
 _13676_/Y
 _13677_/X
 _13678_/Y
 _13679_/Y
 _13680_/Y
 _13681_/Y
 _13682_/Y
 _13683_/Y
 _13684_/Y
 _13685_/Y
 _13686_/Y
 _13687_/Y
 _13688_/X
 _13689_/Y
 _13690_/Y
 _13691_/Y
 _13692_/Y
 _13693_/Y
 _13694_/Y
 _13695_/Y
 _13696_/Y
 _13697_/Y
 _13698_/Y
 _13699_/X
 _13700_/Y
 _13701_/Y
 _13702_/Y
 _13703_/Y
 _13704_/Y
 _13705_/Y
 _13706_/Y
 _13707_/Y
 _13708_/Y
 _13709_/Y
 _13710_/X
 _13711_/Y
 _13712_/Y
 _13713_/Y
 _13714_/Y
 _13715_/Y
 _13716_/Y
 _13717_/Y
 _13718_/Y
 _13719_/Y
 _13720_/Y
 _13721_/X
 _13722_/Y
 _13723_/Y
 _13724_/Y
 _13725_/Y
 _13726_/Y
 _13727_/Y
 _13728_/Y
 _13729_/Y
 _13730_/Y
 _13731_/Y
 _13732_/X
 _13733_/Y
 _13734_/Y
 _13735_/Y
 _13736_/Y
 _13737_/Y
 _13738_/Y
 _13739_/Y
 _13740_/Y
 _13741_/Y
 _13742_/Y
 _13743_/X
 _13744_/Y
 _13745_/Y
 _13746_/Y
 _13747_/Y
 _13748_/Y
 _13749_/Y
 _13750_/Y
 _13751_/Y
 _13752_/Y
 _13753_/Y
 _13754_/X
 _13755_/X
 _13756_/Y
 _13757_/Y
 _13758_/Y
 _13759_/Y
 _13760_/Y
 _13761_/Y
 _13762_/Y
 _13763_/Y
 _13764_/Y
 _13765_/Y
 _13766_/X
 _13767_/Y
 _13768_/Y
 _13769_/Y
 _13770_/Y
 _13771_/Y
 _13772_/Y
 _13773_/Y
 _13774_/Y
 _13775_/Y
 _13776_/Y
 _13777_/X
 _13778_/Y
 _13779_/Y
 _13780_/Y
 _13781_/Y
 _13782_/Y
 _13783_/Y
 _13784_/Y
 _13785_/Y
 _13786_/Y
 _13787_/Y
 _13788_/X
 _13789_/Y
 _13790_/Y
 _13791_/Y
 _13792_/Y
 _13793_/Y
 _13794_/Y
 _13795_/Y
 _13796_/Y
 _13797_/Y
 _13798_/Y
 _13799_/X
 _13800_/Y
 _13801_/Y
 _13802_/Y
 _13803_/Y
 _13804_/Y
 _13805_/Y
 _13806_/Y
 _13807_/Y
 _13808_/Y
 _13809_/Y
 _13810_/X
 _13811_/Y
 _13812_/Y
 _13813_/Y
 _13814_/Y
 _13815_/Y
 _13816_/Y
 _13817_/Y
 _13818_/Y
 _13819_/Y
 _13820_/Y
 _13821_/X
 _13822_/Y
 _13823_/Y
 _13824_/Y
 _13825_/Y
 _13826_/Y
 _13827_/Y
 _13828_/Y
 _13829_/Y
 _13830_/Y
 _13831_/Y
 _13832_/X
 _13833_/Y
 _13834_/Y
 _13835_/Y
 _13836_/Y
 _13837_/Y
 _13838_/Y
 _13839_/Y
 _13840_/Y
 _13841_/Y
 _13842_/Y
 _13843_/X
 _13844_/Y
 _13845_/Y
 _13846_/Y
 _13847_/Y
 _13848_/Y
 _13849_/Y
 _13850_/Y
 _13851_/Y
 _13852_/Y
 _13853_/Y
 _13854_/X
 _13855_/Y
 _13856_/Y
 _13857_/Y
 _13858_/Y
 _13859_/Y
 _13860_/Y
 _13861_/Y
 _13862_/Y
 _13863_/Y
 _13864_/Y
 _13865_/X
 _13866_/X
 _13867_/X
 _13868_/Y
 _13869_/Y
 _13870_/Y
 _13871_/Y
 _13872_/Y
 _13873_/Y
 _13874_/Y
 _13875_/Y
 _13876_/Y
 _13877_/Y
 _13878_/X
 _13879_/Y
 _13880_/Y
 _13881_/Y
 _13882_/Y
 _13883_/Y
 _13884_/Y
 _13885_/Y
 _13886_/Y
 _13887_/Y
 _13888_/Y
 _13889_/X
 _13890_/Y
 _13891_/Y
 _13892_/Y
 _13893_/Y
 _13894_/Y
 _13895_/Y
 _13896_/Y
 _13897_/Y
 _13898_/Y
 _13899_/Y
 _13900_/X
 _13901_/Y
 _13902_/Y
 _13903_/Y
 _13904_/Y
 _13905_/Y
 _13906_/Y
 _13907_/Y
 _13908_/Y
 _13909_/Y
 _13910_/Y
 _13911_/X
 _13912_/Y
 _13913_/Y
 _13914_/Y
 _13915_/Y
 _13916_/Y
 _13917_/Y
 _13918_/Y
 _13919_/Y
 _13920_/Y
 _13921_/Y
 _13922_/X
 _13923_/Y
 _13924_/Y
 _13925_/Y
 _13926_/Y
 _13927_/Y
 _13928_/Y
 _13929_/Y
 _13930_/Y
 _13931_/Y
 _13932_/Y
 _13933_/X
 _13934_/Y
 _13935_/Y
 _13936_/Y
 _13937_/Y
 _13938_/Y
 _13939_/Y
 _13940_/Y
 _13941_/Y
 _13942_/Y
 _13943_/Y
 _13944_/X
 _13945_/Y
 _13946_/Y
 _13947_/Y
 _13948_/Y
 _13949_/Y
 _13950_/Y
 _13951_/Y
 _13952_/Y
 _13953_/Y
 _13954_/Y
 _13955_/X
 _13956_/Y
 _13957_/Y
 _13958_/Y
 _13959_/Y
 _13960_/Y
 _13961_/Y
 _13962_/Y
 _13963_/Y
 _13964_/Y
 _13965_/Y
 _13966_/X
 _13967_/Y
 _13968_/Y
 _13969_/Y
 _13970_/Y
 _13971_/Y
 _13972_/Y
 _13973_/Y
 _13974_/Y
 _13975_/Y
 _13976_/Y
 _13977_/X
 _13978_/X
 _13979_/Y
 _13980_/Y
 _13981_/Y
 _13982_/Y
 _13983_/Y
 _13984_/Y
 _13985_/Y
 _13986_/Y
 _13987_/Y
 _13988_/Y
 _13989_/X
 _13990_/Y
 _13991_/Y
 _13992_/Y
 _13993_/Y
 _13994_/Y
 _13995_/Y
 _13996_/Y
 _13997_/Y
 _13998_/Y
 _13999_/Y
 _14000_/X
 _14001_/Y
 _14002_/Y
 _14003_/Y
 _14004_/Y
 _14005_/Y
 _14006_/Y
 _14007_/Y
 _14008_/Y
 _14009_/Y
 _14010_/Y
 _14011_/X
 _14012_/Y
 _14013_/Y
 _14014_/Y
 _14015_/Y
 _14016_/Y
 _14017_/Y
 _14018_/Y
 _14019_/Y
 _14020_/Y
 _14021_/Y
 _14022_/X
 _14023_/Y
 _14024_/Y
 _14025_/Y
 _14026_/Y
 _14027_/Y
 _14028_/Y
 _14029_/Y
 _14030_/Y
 _14031_/Y
 _14032_/Y
 _14033_/X
 _14034_/Y
 _14035_/Y
 _14036_/Y
 _14037_/Y
 _14038_/Y
 _14039_/Y
 _14040_/Y
 _14041_/Y
 _14042_/Y
 _14043_/Y
 _14044_/X
 _14045_/Y
 _14046_/Y
 _14047_/Y
 _14048_/Y
 _14049_/Y
 _14050_/Y
 _14051_/Y
 _14052_/Y
 _14053_/Y
 _14054_/Y
 _14055_/X
 _14056_/Y
 _14057_/Y
 _14058_/Y
 _14059_/Y
 _14060_/Y
 _14061_/Y
 _14062_/Y
 _14063_/Y
 _14064_/Y
 _14065_/Y
 _14066_/X
 _14067_/Y
 _14068_/Y
 _14069_/Y
 _14070_/Y
 _14071_/Y
 _14072_/Y
 _14073_/Y
 _14074_/Y
 _14075_/Y
 _14076_/Y
 _14077_/X
 _14078_/Y
 _14079_/Y
 _14080_/Y
 _14081_/Y
 _14082_/Y
 _14083_/Y
 _14084_/Y
 _14085_/Y
 _14086_/Y
 _14087_/Y
 _14088_/X
 _14089_/X
 _14090_/Y
 _14091_/Y
 _14092_/Y
 _14093_/Y
 _14094_/Y
 _14095_/Y
 _14096_/Y
 _14097_/Y
 _14098_/Y
 _14099_/Y
 _14100_/X
 _14101_/Y
 _14102_/Y
 _14103_/Y
 _14104_/Y
 _14105_/Y
 _14106_/Y
 _14107_/Y
 _14108_/Y
 _14109_/Y
 _14110_/Y
 _14111_/X
 _14112_/Y
 _14113_/Y
 _14114_/Y
 _14115_/Y
 _14116_/Y
 _14117_/Y
 _14118_/Y
 _14119_/Y
 _14120_/Y
 _14121_/Y
 _14122_/X
 _14123_/Y
 _14124_/Y
 _14125_/Y
 _14126_/Y
 _14127_/Y
 _14128_/Y
 _14129_/Y
 _14130_/Y
 _14131_/Y
 _14132_/Y
 _14133_/X
 _14134_/Y
 _14135_/Y
 _14136_/Y
 _14137_/Y
 _14138_/Y
 _14139_/Y
 _14140_/Y
 _14141_/Y
 _14142_/Y
 _14143_/Y
 _14144_/X
 _14145_/Y
 _14146_/Y
 _14147_/Y
 _14148_/Y
 _14149_/Y
 _14150_/Y
 _14151_/Y
 _14152_/Y
 _14153_/Y
 _14154_/Y
 _14155_/X
 _14156_/Y
 _14157_/Y
 _14158_/Y
 _14159_/Y
 _14160_/Y
 _14161_/Y
 _14162_/Y
 _14163_/Y
 _14164_/Y
 _14165_/Y
 _14166_/X
 _14167_/Y
 _14168_/Y
 _14169_/Y
 _14170_/Y
 _14171_/Y
 _14172_/Y
 _14173_/Y
 _14174_/Y
 _14175_/Y
 _14176_/Y
 _14177_/X
 _14178_/Y
 _14179_/Y
 _14180_/Y
 _14181_/Y
 _14182_/Y
 _14183_/Y
 _14184_/Y
 _14185_/Y
 _14186_/Y
 _14187_/Y
 _14188_/X
 _14189_/Y
 _14190_/Y
 _14191_/Y
 _14192_/Y
 _14193_/Y
 _14194_/Y
 _14195_/Y
 _14196_/Y
 _14197_/Y
 _14198_/Y
 _14199_/X
 _14200_/X
 _14201_/Y
 _14202_/Y
 _14203_/Y
 _14204_/Y
 _14205_/Y
 _14206_/Y
 _14207_/Y
 _14208_/Y
 _14209_/Y
 _14210_/Y
 _14211_/X
 _14212_/Y
 _14213_/Y
 _14214_/Y
 _14215_/Y
 _14216_/Y
 _14217_/Y
 _14218_/Y
 _14219_/Y
 _14220_/Y
 _14221_/Y
 _14222_/X
 _14223_/Y
 _14224_/Y
 _14225_/Y
 _14226_/Y
 _14227_/Y
 _14228_/Y
 _14229_/Y
 _14230_/Y
 _14231_/Y
 _14232_/Y
 _14233_/X
 _14234_/Y
 _14235_/Y
 _14236_/Y
 _14237_/Y
 _14238_/Y
 _14239_/Y
 _14240_/Y
 _14241_/Y
 _14242_/Y
 _14243_/Y
 _14244_/X
 _14245_/Y
 _14246_/Y
 _14247_/Y
 _14248_/Y
 _14249_/Y
 _14250_/Y
 _14251_/Y
 _14252_/Y
 _14253_/Y
 _14254_/Y
 _14255_/X
 _14256_/Y
 _14257_/Y
 _14258_/Y
 _14259_/Y
 _14260_/Y
 _14261_/Y
 _14262_/Y
 _14263_/Y
 _14264_/Y
 _14265_/Y
 _14266_/X
 _14267_/Y
 _14268_/Y
 _14269_/Y
 _14270_/Y
 _14271_/Y
 _14272_/Y
 _14273_/Y
 _14274_/Y
 _14275_/Y
 _14276_/Y
 _14277_/X
 _14278_/Y
 _14279_/Y
 _14280_/Y
 _14281_/Y
 _14282_/Y
 _14283_/Y
 _14284_/Y
 _14285_/Y
 _14286_/Y
 _14287_/Y
 _14288_/X
 _14289_/Y
 _14290_/Y
 _14291_/Y
 _14292_/Y
 _14293_/Y
 _14294_/Y
 _14295_/Y
 _14296_/Y
 _14297_/Y
 _14298_/Y
 _14299_/X
 _14300_/Y
 _14301_/Y
 _14302_/Y
 _14303_/Y
 _14304_/Y
 _14305_/Y
 _14306_/Y
 _14307_/Y
 _14308_/Y
 _14309_/Y
 _14310_/X
 _14311_/X
 _14312_/Y
 _14313_/Y
 _14314_/Y
 _14315_/Y
 _14316_/Y
 _14317_/Y
 _14318_/Y
 _14319_/Y
 _14320_/Y
 _14321_/Y
 _14322_/X
 _14323_/Y
 _14324_/Y
 _14325_/Y
 _14326_/Y
 _14327_/Y
 _14328_/Y
 _14329_/Y
 _14330_/Y
 _14331_/Y
 _14332_/Y
 _14333_/X
 _14334_/Y
 _14335_/Y
 _14336_/Y
 _14337_/Y
 _14338_/Y
 _14339_/Y
 _14340_/Y
 _14341_/Y
 _14342_/Y
 _14343_/Y
 _14344_/X
 _14345_/Y
 _14346_/Y
 _14347_/Y
 _14348_/Y
 _14349_/Y
 _14350_/Y
 _14351_/Y
 _14352_/Y
 _14353_/Y
 _14354_/Y
 _14355_/X
 _14356_/Y
 _14357_/Y
 _14358_/Y
 _14359_/Y
 _14360_/Y
 _14361_/Y
 _14362_/Y
 _14363_/Y
 _14364_/Y
 _14365_/Y
 _14366_/X
 _14367_/Y
 _14368_/Y
 _14369_/Y
 _14370_/Y
 _14371_/Y
 _14372_/Y
 _14373_/Y
 _14374_/Y
 _14375_/Y
 _14376_/Y
 _14377_/X
 _14378_/Y
 _14379_/Y
 _14380_/Y
 _14381_/Y
 _14382_/Y
 _14383_/Y
 _14384_/Y
 _14385_/Y
 _14386_/Y
 _14387_/Y
 _14388_/X
 _14389_/Y
 _14390_/Y
 _14391_/Y
 _14392_/Y
 _14393_/Y
 _14394_/Y
 _14395_/Y
 _14396_/Y
 _14397_/Y
 _14398_/Y
 _14399_/X
 _14400_/Y
 _14401_/Y
 _14402_/Y
 _14403_/Y
 _14404_/Y
 _14405_/Y
 _14406_/Y
 _14407_/Y
 _14408_/Y
 _14409_/Y
 _14410_/X
 _14411_/Y
 _14412_/Y
 _14413_/Y
 _14414_/Y
 _14415_/Y
 _14416_/Y
 _14417_/Y
 _14418_/Y
 _14419_/Y
 _14420_/Y
 _14421_/X
 _14422_/X
 _14423_/Y
 _14424_/Y
 _14425_/Y
 _14426_/Y
 _14427_/Y
 _14428_/Y
 _14429_/Y
 _14430_/Y
 _14431_/Y
 _14432_/Y
 _14433_/X
 _14434_/Y
 _14435_/Y
 _14436_/Y
 _14437_/Y
 _14438_/Y
 _14439_/Y
 _14440_/Y
 _14441_/Y
 _14442_/Y
 _14443_/Y
 _14444_/X
 _14445_/Y
 _14446_/Y
 _14447_/Y
 _14448_/Y
 _14449_/Y
 _14450_/Y
 _14451_/Y
 _14452_/Y
 _14453_/Y
 _14454_/Y
 _14455_/X
 _14456_/Y
 _14457_/Y
 _14458_/Y
 _14459_/Y
 _14460_/Y
 _14461_/Y
 _14462_/Y
 _14463_/Y
 _14464_/Y
 _14465_/Y
 _14466_/X
 _14467_/Y
 _14468_/Y
 _14469_/Y
 _14470_/Y
 _14471_/Y
 _14472_/Y
 _14473_/Y
 _14474_/Y
 _14475_/Y
 _14476_/Y
 _14477_/X
 _14478_/Y
 _14479_/Y
 _14480_/Y
 _14481_/Y
 _14482_/Y
 _14483_/Y
 _14484_/Y
 _14485_/Y
 _14486_/Y
 _14487_/Y
 _14488_/X
 _14489_/Y
 _14490_/Y
 _14491_/Y
 _14492_/Y
 _14493_/Y
 _14494_/Y
 _14495_/Y
 _14496_/Y
 _14497_/Y
 _14498_/Y
 _14499_/X
 _14500_/Y
 _14501_/Y
 _14502_/Y
 _14503_/Y
 _14504_/Y
 _14505_/Y
 _14506_/Y
 _14507_/Y
 _14508_/Y
 _14509_/Y
 _14510_/X
 _14511_/Y
 _14512_/Y
 _14513_/Y
 _14514_/Y
 _14515_/Y
 _14516_/Y
 _14517_/Y
 _14518_/Y
 _14519_/Y
 _14520_/Y
 _14521_/X
 _14522_/Y
 _14523_/Y
 _14524_/Y
 _14525_/Y
 _14526_/Y
 _14527_/Y
 _14528_/Y
 _14529_/Y
 _14530_/Y
 _14531_/Y
 _14532_/X
 _14533_/X
 _14534_/Y
 _14535_/Y
 _14536_/Y
 _14537_/Y
 _14538_/Y
 _14539_/Y
 _14540_/Y
 _14541_/Y
 _14542_/Y
 _14543_/Y
 _14544_/X
 _14545_/Y
 _14546_/Y
 _14547_/Y
 _14548_/Y
 _14549_/Y
 _14550_/Y
 _14551_/Y
 _14552_/Y
 _14553_/Y
 _14554_/Y
 _14555_/X
 _14556_/Y
 _14557_/Y
 _14558_/Y
 _14559_/Y
 _14560_/Y
 _14561_/Y
 _14562_/Y
 _14563_/Y
 _14564_/Y
 _14565_/Y
 _14566_/X
 _14567_/Y
 _14568_/Y
 _14569_/Y
 _14570_/Y
 _14571_/Y
 _14572_/Y
 _14573_/Y
 _14574_/Y
 _14575_/Y
 _14576_/Y
 _14577_/X
 _14578_/Y
 _14579_/Y
 _14580_/Y
 _14581_/Y
 _14582_/Y
 _14583_/Y
 _14584_/Y
 _14585_/Y
 _14586_/Y
 _14587_/Y
 _14588_/X
 _14589_/Y
 _14590_/Y
 _14591_/Y
 _14592_/Y
 _14593_/Y
 _14594_/Y
 _14595_/Y
 _14596_/Y
 _14597_/Y
 _14598_/Y
 _14599_/X
 _14600_/Y
 _14601_/Y
 _14602_/Y
 _14603_/Y
 _14604_/Y
 _14605_/Y
 _14606_/Y
 _14607_/Y
 _14608_/Y
 _14609_/Y
 _14610_/X
 _14611_/Y
 _14612_/Y
 _14613_/Y
 _14614_/Y
 _14615_/Y
 _14616_/Y
 _14617_/Y
 _14618_/Y
 _14619_/Y
 _14620_/Y
 _14621_/X
 _14622_/Y
 _14623_/Y
 _14624_/Y
 _14625_/Y
 _14626_/Y
 _14627_/Y
 _14628_/Y
 _14629_/Y
 _14630_/Y
 _14631_/Y
 _14632_/X
 _14633_/Y
 _14634_/Y
 _14635_/Y
 _14636_/Y
 _14637_/Y
 _14638_/Y
 _14639_/Y
 _14640_/Y
 _14641_/Y
 _14642_/Y
 _14643_/X
 _14644_/X
 _14645_/Y
 _14646_/Y
 _14647_/Y
 _14648_/Y
 _14649_/Y
 _14650_/Y
 _14651_/Y
 _14652_/Y
 _14653_/Y
 _14654_/Y
 _14655_/X
 _14656_/Y
 _14657_/Y
 _14658_/Y
 _14659_/Y
 _14660_/Y
 _14661_/Y
 _14662_/Y
 _14663_/Y
 _14664_/Y
 _14665_/Y
 _14666_/X
 _14667_/Y
 _14668_/Y
 _14669_/Y
 _14670_/Y
 _14671_/Y
 _14672_/Y
 _14673_/Y
 _14674_/Y
 _14675_/Y
 _14676_/Y
 _14677_/X
 _14678_/Y
 _14679_/Y
 _14680_/Y
 _14681_/Y
 _14682_/Y
 _14683_/Y
 _14684_/Y
 _14685_/Y
 _14686_/Y
 _14687_/Y
 _14688_/X
 _14689_/Y
 _14690_/Y
 _14691_/Y
 _14692_/Y
 _14693_/Y
 _14694_/Y
 _14695_/Y
 _14696_/Y
 _14697_/Y
 _14698_/Y
 _14699_/X
 _14700_/Y
 _14701_/Y
 _14702_/Y
 _14703_/Y
 _14704_/Y
 _14705_/Y
 _14706_/Y
 _14707_/Y
 _14708_/Y
 _14709_/Y
 _14710_/X
 _14711_/Y
 _14712_/Y
 _14713_/Y
 _14714_/Y
 _14715_/Y
 _14716_/Y
 _14717_/Y
 _14718_/Y
 _14719_/Y
 _14720_/Y
 _14721_/X
 _14722_/Y
 _14723_/Y
 _14724_/Y
 _14725_/Y
 _14726_/Y
 _14727_/Y
 _14728_/Y
 _14729_/Y
 _14730_/Y
 _14731_/Y
 _14732_/X
 _14733_/Y
 _14734_/Y
 _14735_/Y
 _14736_/Y
 _14737_/Y
 _14738_/Y
 _14739_/Y
 _14740_/Y
 _14741_/Y
 _14742_/Y
 _14743_/X
 _14744_/Y
 _14745_/Y
 _14746_/Y
 _14747_/Y
 _14748_/Y
 _14749_/Y
 _14750_/Y
 _14751_/Y
 _14752_/Y
 _14753_/Y
 _14754_/X
 _14755_/X
 _14756_/Y
 _14757_/Y
 _14758_/Y
 _14759_/Y
 _14760_/Y
 _14761_/Y
 _14762_/Y
 _14763_/Y
 _14764_/Y
 _14765_/Y
 _14766_/X
 _14767_/Y
 _14768_/Y
 _14769_/Y
 _14770_/Y
 _14771_/Y
 _14772_/Y
 _14773_/Y
 _14774_/Y
 _14775_/Y
 _14776_/Y
 _14777_/X
 _14778_/Y
 _14779_/Y
 _14780_/Y
 _14781_/Y
 _14782_/Y
 _14783_/Y
 _14784_/Y
 _14785_/Y
 _14786_/Y
 _14787_/Y
 _14788_/X
 _14789_/Y
 _14790_/Y
 _14791_/Y
 _14792_/Y
 _14793_/Y
 _14794_/Y
 _14795_/Y
 _14796_/Y
 _14797_/Y
 _14798_/Y
 _14799_/X
 _14800_/Y
 _14801_/Y
 _14802_/Y
 _14803_/Y
 _14804_/Y
 _14805_/Y
 _14806_/Y
 _14807_/Y
 _14808_/Y
 _14809_/Y
 _14810_/X
 _14811_/Y
 _14812_/Y
 _14813_/Y
 _14814_/Y
 _14815_/Y
 _14816_/Y
 _14817_/Y
 _14818_/Y
 _14819_/Y
 _14820_/Y
 _14821_/X
 _14822_/Y
 _14823_/Y
 _14824_/Y
 _14825_/Y
 _14826_/Y
 _14827_/Y
 _14828_/Y
 _14829_/Y
 _14830_/Y
 _14831_/Y
 _14832_/X
 _14833_/Y
 _14834_/Y
 _14835_/Y
 _14836_/Y
 _14837_/Y
 _14838_/Y
 _14839_/Y
 _14840_/Y
 _14841_/Y
 _14842_/Y
 _14843_/X
 _14844_/Y
 _14845_/Y
 _14846_/Y
 _14847_/Y
 _14848_/Y
 _14849_/Y
 _14850_/Y
 _14851_/Y
 _14852_/Y
 _14853_/Y
 _14854_/X
 _14855_/Y
 _14856_/Y
 _14857_/Y
 _14858_/Y
 _14859_/Y
 _14860_/Y
 _14861_/Y
 _14862_/Y
 _14863_/Y
 _14864_/Y
 _14865_/X
 _14866_/X
 _14867_/Y
 _14868_/Y
 _14869_/Y
 _14870_/Y
 _14871_/Y
 _14872_/Y
 _14873_/Y
 _14874_/Y
 _14875_/Y
 _14876_/Y
 _14877_/X
 _14878_/Y
 _14879_/Y
 _14880_/Y
 _14881_/Y
 _14882_/Y
 _14883_/Y
 _14884_/Y
 _14885_/Y
 _14886_/Y
 _14887_/Y
 _14888_/X
 _14889_/Y
 _14890_/Y
 _14891_/Y
 _14892_/Y
 _14893_/Y
 _14894_/Y
 _14895_/Y
 _14896_/Y
 _14897_/Y
 _14898_/Y
 _14899_/X
 _14900_/Y
 _14901_/Y
 _14902_/Y
 _14903_/Y
 _14904_/Y
 _14905_/Y
 _14906_/Y
 _14907_/Y
 _14908_/Y
 _14909_/Y
 _14910_/X
 _14911_/Y
 _14912_/Y
 _14913_/Y
 _14914_/Y
 _14915_/Y
 _14916_/Y
 _14917_/Y
 _14918_/Y
 _14919_/Y
 _14920_/Y
 _14921_/X
 _14922_/Y
 _14923_/Y
 _14924_/Y
 _14925_/Y
 _14926_/Y
 _14927_/Y
 _14928_/Y
 _14929_/Y
 _14930_/Y
 _14931_/Y
 _14932_/X
 _14933_/Y
 _14934_/Y
 _14935_/Y
 _14936_/Y
 _14937_/Y
 _14938_/Y
 _14939_/Y
 _14940_/Y
 _14941_/Y
 _14942_/Y
 _14943_/X
 _14944_/Y
 _14945_/Y
 _14946_/Y
 _14947_/Y
 _14948_/Y
 _14949_/Y
 _14950_/Y
 _14951_/Y
 _14952_/Y
 _14953_/Y
 _14954_/X
 _14955_/Y
 _14956_/Y
 _14957_/Y
 _14958_/Y
 _14959_/Y
 _14960_/Y
 _14961_/Y
 _14962_/Y
 _14963_/Y
 _14964_/Y
 _14965_/X
 _14966_/Y
 _14967_/Y
 _14968_/Y
 _14969_/Y
 _14970_/Y
 _14971_/Y
 _14972_/Y
 _14973_/Y
 _14974_/Y
 _14975_/Y
 _14976_/X
 _14977_/X
 _14978_/Y
 _14979_/Y
 _14980_/Y
 _14981_/Y
 _14982_/Y
 _14983_/Y
 _14984_/Y
 _14985_/Y
 _14986_/Y
 _14987_/Y
 _14988_/X
 _14989_/Y
 _14990_/Y
 _14991_/Y
 _14992_/Y
 _14993_/Y
 _14994_/Y
 _14995_/Y
 _14996_/Y
 _14997_/Y
 _14998_/Y
 _14999_/X
 _15000_/Y
 _15001_/Y
 _15002_/Y
 _15003_/Y
 _15004_/Y
 _15005_/Y
 _15006_/Y
 _15007_/Y
 _15008_/Y
 _15009_/Y
 _15010_/X
 _15011_/Y
 _15012_/Y
 _15013_/Y
 _15014_/Y
 _15015_/Y
 _15016_/Y
 _15017_/Y
 _15018_/Y
 _15019_/Y
 _15020_/Y
 _15021_/X
 _15022_/Y
 _15023_/Y
 _15024_/Y
 _15025_/Y
 _15026_/Y
 _15027_/Y
 _15028_/Y
 _15029_/Y
 _15030_/Y
 _15031_/Y
 _15032_/X
 _15033_/Y
 _15034_/Y
 _15035_/Y
 _15036_/Y
 _15037_/Y
 _15038_/Y
 _15039_/Y
 _15040_/Y
 _15041_/Y
 _15042_/Y
 _15043_/X
 _15044_/Y
 _15045_/Y
 _15046_/Y
 _15047_/Y
 _15048_/Y
 _15049_/Y
 _15050_/Y
 _15051_/Y
 _15052_/Y
 _15053_/Y
 _15054_/X
 _15055_/Y
 _15056_/Y
 _15057_/Y
 _15058_/Y
 _15059_/Y
 _15060_/Y
 _15061_/Y
 _15062_/Y
 _15063_/Y
 _15064_/Y
 _15065_/X
 _15066_/Y
 _15067_/Y
 _15068_/Y
 _15069_/Y
 _15070_/Y
 _15071_/Y
 _15072_/Y
 _15073_/Y
 _15074_/Y
 _15075_/Y
 _15076_/X
 _15077_/Y
 _15078_/Y
 _15079_/Y
 _15080_/Y
 _15081_/Y
 _15082_/Y
 _15083_/Y
 _15084_/Y
 _15085_/Y
 _15086_/Y
 _15087_/X
 _15088_/X
 _15089_/Y
 _15090_/Y
 _15091_/Y
 _15092_/Y
 _15093_/Y
 _15094_/Y
 _15095_/Y
 _15096_/Y
 _15097_/Y
 _15098_/Y
 _15099_/X
 _15100_/Y
 _15101_/Y
 _15102_/Y
 _15103_/Y
 _15104_/Y
 _15105_/Y
 _15106_/Y
 _15107_/Y
 _15108_/Y
 _15109_/Y
 _15110_/X
 _15111_/Y
 _15112_/Y
 _15113_/Y
 _15114_/Y
 _15115_/Y
 _15116_/Y
 _15117_/Y
 _15118_/Y
 _15119_/Y
 _15120_/Y
 _15121_/X
 _15122_/Y
 _15123_/Y
 _15124_/Y
 _15125_/Y
 _15126_/Y
 _15127_/Y
 _15128_/Y
 _15129_/Y
 _15130_/Y
 _15131_/Y
 _15132_/X
 _15133_/Y
 _15134_/Y
 _15135_/Y
 _15136_/Y
 _15137_/Y
 _15138_/Y
 _15139_/Y
 _15140_/Y
 _15141_/Y
 _15142_/Y
 _15143_/X
 _15144_/Y
 _15145_/Y
 _15146_/Y
 _15147_/Y
 _15148_/Y
 _15149_/Y
 _15150_/Y
 _15151_/Y
 _15152_/Y
 _15153_/Y
 _15154_/X
 _15155_/Y
 _15156_/Y
 _15157_/Y
 _15158_/Y
 _15159_/Y
 _15160_/Y
 _15161_/Y
 _15162_/Y
 _15163_/Y
 _15164_/Y
 _15165_/X
 _15166_/Y
 _15167_/Y
 _15168_/Y
 _15169_/Y
 _15170_/Y
 _15171_/Y
 _15172_/Y
 _15173_/Y
 _15174_/Y
 _15175_/Y
 _15176_/X
 _15177_/Y
 _15178_/Y
 _15179_/Y
 _15180_/Y
 _15181_/Y
 _15182_/Y
 _15183_/Y
 _15184_/Y
 _15185_/Y
 _15186_/Y
 _15187_/X
 _15188_/Y
 _15189_/Y
 _15190_/Y
 _15191_/Y
 _15192_/Y
 _15193_/Y
 _15194_/Y
 _15195_/Y
 _15196_/Y
 _15197_/Y
 _15198_/X
 _15199_/X
 _15200_/Y
 _15201_/Y
 _15202_/Y
 _15203_/Y
 _15204_/Y
 _15205_/Y
 _15206_/Y
 _15207_/Y
 _15208_/Y
 _15209_/Y
 _15210_/X
 _15211_/Y
 _15212_/Y
 _15213_/Y
 _15214_/Y
 _15215_/Y
 _15216_/Y
 _15217_/Y
 _15218_/Y
 _15219_/Y
 _15220_/Y
 _15221_/X
 _15222_/Y
 _15223_/Y
 _15224_/Y
 _15225_/Y
 _15226_/Y
 _15227_/Y
 _15228_/Y
 _15229_/Y
 _15230_/Y
 _15231_/Y
 _15232_/X
 _15233_/Y
 _15234_/Y
 _15235_/Y
 _15236_/Y
 _15237_/Y
 _15238_/Y
 _15239_/Y
 _15240_/Y
 _15241_/Y
 _15242_/Y
 _15243_/X
 _15244_/Y
 _15245_/Y
 _15246_/Y
 _15247_/Y
 _15248_/Y
 _15249_/Y
 _15250_/Y
 _15251_/Y
 _15252_/Y
 _15253_/Y
 _15254_/X
 _15255_/Y
 _15256_/Y
 _15257_/Y
 _15258_/Y
 _15259_/Y
 _15260_/Y
 _15261_/Y
 _15262_/Y
 _15263_/Y
 _15264_/Y
 _15265_/X
 _15266_/Y
 _15267_/Y
 _15268_/Y
 _15269_/Y
 _15270_/Y
 _15271_/Y
 _15272_/Y
 _15273_/Y
 _15274_/Y
 _15275_/Y
 _15276_/X
 _15277_/Y
 _15278_/Y
 _15279_/Y
 _15280_/Y
 _15281_/Y
 _15282_/Y
 _15283_/Y
 _15284_/Y
 _15285_/Y
 _15286_/Y
 _15287_/X
 _15288_/Y
 _15289_/Y
 _15290_/Y
 _15291_/Y
 _15292_/Y
 _15293_/Y
 _15294_/Y
 _15295_/Y
 _15296_/Y
 _15297_/Y
 _15298_/X
 _15299_/Y
 _15300_/Y
 _15301_/Y
 _15302_/Y
 _15303_/Y
 _15304_/Y
 _15305_/Y
 _15306_/Y
 _15307_/Y
 _15308_/Y
 _15309_/X
 _15310_/X
 _15311_/Y
 _15312_/Y
 _15313_/Y
 _15314_/Y
 _15315_/Y
 _15316_/Y
 _15317_/Y
 _15318_/Y
 _15319_/Y
 _15320_/Y
 _15321_/X
 _15322_/Y
 _15323_/Y
 _15324_/Y
 _15325_/Y
 _15326_/Y
 _15327_/Y
 _15328_/Y
 _15329_/Y
 _15330_/Y
 _15331_/Y
 _15332_/X
 _15333_/Y
 _15334_/Y
 _15335_/Y
 _15336_/Y
 _15337_/Y
 _15338_/Y
 _15339_/Y
 _15340_/Y
 _15341_/Y
 _15342_/Y
 _15343_/X
 _15344_/Y
 _15345_/Y
 _15346_/Y
 _15347_/Y
 _15348_/Y
 _15349_/Y
 _15350_/Y
 _15351_/Y
 _15352_/Y
 _15353_/Y
 _15354_/X
 _15355_/Y
 _15356_/Y
 _15357_/Y
 _15358_/Y
 _15359_/Y
 _15360_/Y
 _15361_/Y
 _15362_/Y
 _15363_/Y
 _15364_/Y
 _15365_/X
 _15366_/Y
 _15367_/Y
 _15368_/Y
 _15369_/Y
 _15370_/Y
 _15371_/Y
 _15372_/Y
 _15373_/Y
 _15374_/Y
 _15375_/Y
 _15376_/X
 _15377_/Y
 _15378_/Y
 _15379_/Y
 _15380_/Y
 _15381_/Y
 _15382_/Y
 _15383_/Y
 _15384_/Y
 _15385_/Y
 _15386_/Y
 _15387_/X
 _15388_/Y
 _15389_/Y
 _15390_/Y
 _15391_/Y
 _15392_/Y
 _15393_/Y
 _15394_/Y
 _15395_/Y
 _15396_/Y
 _15397_/Y
 _15398_/X
 _15399_/Y
 _15400_/Y
 _15401_/Y
 _15402_/Y
 _15403_/Y
 _15404_/Y
 _15405_/Y
 _15406_/Y
 _15407_/Y
 _15408_/Y
 _15409_/X
 _15410_/Y
 _15411_/Y
 _15412_/Y
 _15413_/Y
 _15414_/Y
 _15415_/Y
 _15416_/Y
 _15417_/Y
 _15418_/Y
 _15419_/Y
 _15420_/X
 _15421_/X
 _15422_/Y
 _15423_/Y
 _15424_/Y
 _15425_/Y
 _15426_/Y
 _15427_/Y
 _15428_/Y
 _15429_/Y
 _15430_/Y
 _15431_/Y
 _15432_/X
 _15433_/Y
 _15434_/Y
 _15435_/Y
 _15436_/Y
 _15437_/Y
 _15438_/Y
 _15439_/Y
 _15440_/Y
 _15441_/Y
 _15442_/Y
 _15443_/X
 _15444_/Y
 _15445_/Y
 _15446_/Y
 _15447_/Y
 _15448_/Y
 _15449_/Y
 _15450_/Y
 _15451_/Y
 _15452_/Y
 _15453_/Y
 _15454_/X
 _15455_/Y
 _15456_/Y
 _15457_/Y
 _15458_/Y
 _15459_/Y
 _15460_/Y
 _15461_/Y
 _15462_/Y
 _15463_/Y
 _15464_/Y
 _15465_/X
 _15466_/Y
 _15467_/Y
 _15468_/Y
 _15469_/Y
 _15470_/Y
 _15471_/Y
 _15472_/Y
 _15473_/Y
 _15474_/Y
 _15475_/Y
 _15476_/X
 _15477_/Y
 _15478_/Y
 _15479_/Y
 _15480_/Y
 _15481_/Y
 _15482_/Y
 _15483_/Y
 _15484_/Y
 _15485_/Y
 _15486_/Y
 _15487_/X
 _15488_/Y
 _15489_/Y
 _15490_/Y
 _15491_/Y
 _15492_/Y
 _15493_/Y
 _15494_/Y
 _15495_/Y
 _15496_/Y
 _15497_/Y
 _15498_/X
 _15499_/Y
 _15500_/Y
 _15501_/Y
 _15502_/Y
 _15503_/Y
 _15504_/Y
 _15505_/Y
 _15506_/Y
 _15507_/Y
 _15508_/Y
 _15509_/X
 _15510_/Y
 _15511_/Y
 _15512_/Y
 _15513_/Y
 _15514_/Y
 _15515_/Y
 _15516_/Y
 _15517_/Y
 _15518_/Y
 _15519_/Y
 _15520_/X
 _15521_/Y
 _15522_/Y
 _15523_/Y
 _15524_/Y
 _15525_/Y
 _15526_/Y
 _15527_/Y
 _15528_/Y
 _15529_/Y
 _15530_/Y
 _15531_/X
 _15532_/X
 _15533_/Y
 _15534_/Y
 _15535_/Y
 _15536_/Y
 _15537_/Y
 _15538_/Y
 _15539_/Y
 _15540_/Y
 _15541_/Y
 _15542_/Y
 _15543_/X
 _15544_/Y
 _15545_/Y
 _15546_/Y
 _15547_/Y
 _15548_/Y
 _15549_/Y
 _15550_/Y
 _15551_/Y
 _15552_/Y
 _15553_/Y
 _15554_/X
 _15555_/Y
 _15556_/Y
 _15557_/Y
 _15558_/Y
 _15559_/Y
 _15560_/Y
 _15561_/Y
 _15562_/Y
 _15563_/Y
 _15564_/Y
 _15565_/X
 _15566_/Y
 _15567_/Y
 _15568_/Y
 _15569_/Y
 _15570_/Y
 _15571_/Y
 _15572_/Y
 _15573_/Y
 _15574_/Y
 _15575_/Y
 _15576_/X
 _15577_/Y
 _15578_/Y
 _15579_/Y
 _15580_/Y
 _15581_/Y
 _15582_/Y
 _15583_/Y
 _15584_/Y
 _15585_/Y
 _15586_/Y
 _15587_/X
 _15588_/Y
 _15589_/Y
 _15590_/Y
 _15591_/Y
 _15592_/Y
 _15593_/Y
 _15594_/Y
 _15595_/Y
 _15596_/Y
 _15597_/Y
 _15598_/X
 _15599_/Y
 _15600_/Y
 _15601_/Y
 _15602_/Y
 _15603_/Y
 _15604_/Y
 _15605_/Y
 _15606_/Y
 _15607_/Y
 _15608_/Y
 _15609_/X
 _15610_/Y
 _15611_/Y
 _15612_/Y
 _15613_/Y
 _15614_/Y
 _15615_/Y
 _15616_/Y
 _15617_/Y
 _15618_/Y
 _15619_/Y
 _15620_/X
 _15621_/Y
 _15622_/Y
 _15623_/Y
 _15624_/Y
 _15625_/Y
 _15626_/Y
 _15627_/Y
 _15628_/Y
 _15629_/Y
 _15630_/Y
 _15631_/X
 _15632_/Y
 _15633_/Y
 _15634_/Y
 _15635_/Y
 _15636_/Y
 _15637_/Y
 _15638_/Y
 _15639_/Y
 _15640_/Y
 _15641_/Y
 _15642_/X
 _15643_/X
 _15644_/Y
 _15645_/Y
 _15646_/Y
 _15647_/Y
 _15648_/Y
 _15649_/Y
 _15650_/Y
 _15651_/Y
 _15652_/Y
 _15653_/Y
 _15654_/X
 _15655_/Y
 _15656_/Y
 _15657_/Y
 _15658_/Y
 _15659_/Y
 _15660_/Y
 _15661_/Y
 _15662_/Y
 _15663_/Y
 _15664_/Y
 _15665_/X
 _15666_/Y
 _15667_/Y
 _15668_/Y
 _15669_/Y
 _15670_/Y
 _15671_/Y
 _15672_/Y
 _15673_/Y
 _15674_/Y
 _15675_/Y
 _15676_/X
 _15677_/Y
 _15678_/Y
 _15679_/Y
 _15680_/Y
 _15681_/Y
 _15682_/Y
 _15683_/Y
 _15684_/Y
 _15685_/Y
 _15686_/Y
 _15687_/X
 _15688_/Y
 _15689_/Y
 _15690_/Y
 _15691_/Y
 _15692_/Y
 _15693_/Y
 _15694_/Y
 _15695_/Y
 _15696_/Y
 _15697_/Y
 _15698_/X
 _15699_/Y
 _15700_/Y
 _15701_/Y
 _15702_/Y
 _15703_/Y
 _15704_/Y
 _15705_/Y
 _15706_/Y
 _15707_/Y
 _15708_/Y
 _15709_/X
 _15710_/Y
 _15711_/Y
 _15712_/Y
 _15713_/Y
 _15714_/Y
 _15715_/Y
 _15716_/Y
 _15717_/Y
 _15718_/Y
 _15719_/Y
 _15720_/X
 _15721_/Y
 _15722_/Y
 _15723_/Y
 _15724_/Y
 _15725_/Y
 _15726_/Y
 _15727_/Y
 _15728_/Y
 _15729_/Y
 _15730_/Y
 _15731_/X
 _15732_/Y
 _15733_/Y
 _15734_/Y
 _15735_/Y
 _15736_/Y
 _15737_/Y
 _15738_/Y
 _15739_/Y
 _15740_/Y
 _15741_/Y
 _15742_/X
 _15743_/Y
 _15744_/Y
 _15745_/Y
 _15746_/Y
 _15747_/Y
 _15748_/Y
 _15749_/Y
 _15750_/Y
 _15751_/Y
 _15752_/Y
 _15753_/X
 _15754_/Y
 _15755_/Y
 _15756_/Y
 _15757_/Y
 _15758_/Y
 _15759_/Y
 _15760_/Y
 _15761_/Y
 _15762_/Y
 _15763_/Y
 _15764_/X
 _15765_/Y
 _15766_/Y
 _15767_/Y
 _15768_/Y
 _15769_/Y
 _15770_/Y
 _15771_/Y
 _15772_/Y
 _15773_/Y
 _15774_/Y
 _15775_/X
 _15776_/Y
 _15777_/Y
 _15778_/Y
 _15779_/Y
 _15780_/Y
 _15781_/Y
 _15782_/Y
 _15783_/Y
 _15784_/Y
 _15785_/Y
 _15786_/X
 _15787_/Y
 _15788_/Y
 _15789_/Y
 _15790_/Y
 _15791_/Y
 _15792_/Y
 _15793_/Y
 _15794_/Y
 _15795_/Y
 _15796_/Y
 _15797_/Y
 _15798_/Y
 _15799_/Y
 _15800_/Y
 _15801_/Q
 _15802_/Q
 _15803_/Q
 _15804_/Q
 _15805_/Q
 _15806_/Q
 _15807_/Q
 _15808_/Q
 _15809_/Q
 _15810_/Q
 _15811_/Q
 _15812_/Q
 _15813_/Q
 _15814_/Q
 _15815_/Q
 _15816_/Q
 _15817_/Q
 _15818_/Q
 _15819_/Q
 _15820_/Q
 _15821_/Q
 _15822_/Q
 _15823_/Q
 _15824_/Q
 _15825_/Q
 _15826_/Q
 _15827_/Q
 _15828_/Q
 _15829_/Q
 _15830_/Q
 _15831_/Q
 _15832_/Q
 _15833_/Q
 _15834_/Q
 _15835_/Q
 _15836_/Q
 _15837_/Q
 _15838_/Q
 _15839_/Q
 _15840_/Q
 _15841_/Q
 _15842_/Q
 _15843_/Q
 _15844_/Q
 _15845_/Q
 _15846_/Q
 _15847_/Q
 _15848_/Q
 _15849_/Q
 _15850_/Q
 _15851_/Q
 _15852_/Q
 _15853_/Q
 _15854_/Q
 _15855_/Q
 _15856_/Q
 _15857_/Q
 _15858_/Q
 _15859_/Q
 _15860_/Q
 _15861_/Q
 _15862_/Q
 _15863_/Q
 _15864_/Q
 _15865_/Q
 _15866_/Q
 _15867_/Q
 _15868_/Q
 _15869_/Q
 _15870_/Q
 _15871_/Q
 _15872_/Q
 _15873_/Q
 _15874_/Q
 _15875_/Q
 _15876_/Q
 _15877_/Q
 _15878_/Q
 _15879_/Q
 _15880_/Q
 _15881_/Q
 _15882_/Q
 _15883_/Q
 _15884_/Q
 _15885_/Q
 _15886_/Q
 _15887_/Q
 _15888_/Q
 _15889_/Q
 _15890_/Q
 _15891_/Q
 _15892_/Q
 _15893_/Q
 _15894_/Q
 _15895_/Q
 _15896_/Q
 _15897_/Q
 _15898_/Q
 _15899_/Q
 _15900_/Q
 _15901_/Q
 _15902_/Q
 _15903_/Q
 _15904_/Q
 _15905_/Q
 _15906_/Q
 _15907_/Q
 _15908_/Q
 _15909_/Q
 _15910_/Q
 _15911_/Q
 _15912_/Q
 _15913_/Q
 _15914_/Q
 _15915_/Q
 _15916_/Q
 _15917_/Q
 _15918_/Q
 _15919_/Q
 _15920_/Q
 _15921_/Q
 _15922_/Q
 _15923_/Q
 _15924_/Q
 _15925_/Q
 _15926_/Q
 _15927_/Q
 _15928_/Q
 _15929_/Q
 _15930_/Q
 _15931_/Q
 _15932_/Q
 _15933_/Q
 _15934_/Q
 _15935_/Q
 _15936_/Q
 _15937_/Q
 _15938_/Q
 _15939_/Q
 _15940_/Q
 _15941_/Q
 _15942_/Q
 _15943_/Q
 _15944_/Q
 _15945_/Q
 _15946_/Q
 _15947_/Q
 _15948_/Q
 _15949_/Q
 _15950_/Q
 _15951_/Q
 _15952_/Q
 _15953_/Q
 _15954_/Q
 _15955_/Q
 _15956_/Q
 _15957_/Q
 _15958_/Q
 _15959_/Q
 _15960_/Q
 _15961_/Q
 _15962_/Q
 _15963_/Q
 _15964_/Q
 _15965_/Q
 _15966_/Q
 _15967_/Q
 _15968_/Q
 _15969_/Q
 _15970_/Q
 _15971_/Q
 _15972_/Q
 _15973_/Q
 _15974_/Q
 _15975_/Q
 _15976_/Q
 _15977_/Q
 _15978_/Q
 _15979_/Q
 _15980_/Q
 _15981_/Q
 _15982_/Q
 _15983_/Q
 _15984_/Q
 _15985_/Q
 _15986_/Q
 _15987_/Q
 _15988_/Q
 _15989_/Q
 _15990_/Q
 _15991_/Q
 _15992_/Q
 _15993_/Q
 _15994_/Q
 _15995_/Q
 _15996_/Q
 _15997_/Q
 _15998_/Q
 _15999_/Q
 _16000_/Q
 _16001_/Q
 _16002_/Q
 _16003_/Q
 _16004_/Q
 _16005_/Q
 _16006_/Q
 _16007_/Q
 _16008_/Q
 _16009_/Q
 _16010_/Q
 _16011_/Q
 _16012_/Q
 _16013_/Q
 _16014_/Q
 _16015_/Q
 _16016_/Q
 _16017_/Q
 _16018_/Q
 _16019_/Q
 _16020_/Q
 _16021_/Q
 _16022_/Q
 _16023_/Q
 _16024_/Q
 _16025_/Q
 _16026_/Q
 _16027_/Q
 _16028_/Q
 _16029_/Q
 _16030_/Q
 _16031_/Q
 _16032_/Q
 _16033_/Q
 _16034_/Q
 _16035_/Q
 _16036_/Q
 _16037_/Q
 _16038_/Q
 _16039_/Q
 _16040_/Q
 _16041_/Q
 _16042_/Q
 _16043_/Q
 _16044_/Q
 _16045_/Q
 _16046_/Q
 _16047_/Q
 _16048_/Q
 _16049_/Q
 _16050_/Q
 _16051_/Q
 _16052_/Q
 _16053_/Q
 _16054_/Q
 _16055_/Q
 _16056_/Q
 _16057_/Q
 _16058_/Q
 _16059_/Q
 _16060_/Q
 _16061_/Q
 _16062_/Q
 _16063_/Q
 _16064_/Q
 _16065_/Q
 _16066_/Q
 _16067_/Q
 _16068_/Q
 _16069_/Q
 _16070_/Q
 _16071_/Q
 _16072_/Q
 _16073_/Q
 _16074_/Q
 _16075_/Q
 _16076_/Q
 _16077_/Q
 _16078_/Q
 _16079_/Q
 _16080_/Q
 _16081_/Q
 _16082_/Q
 _16083_/Q
 _16084_/Q
 _16085_/Q
 _16086_/Q
 _16087_/Q
 _16088_/Q
 _16089_/Q
 _16090_/Q
 _16091_/Q
 _16092_/Q
 _16093_/Q
 _16094_/Q
 _16095_/Q
 _16096_/Q
 _16097_/Q
 _16098_/Q
 _16099_/Q
 _16100_/Q
 _16101_/Q
 _16102_/Q
 _16103_/Q
 _16104_/Q
 _16105_/Q
 _16106_/Q
 _16107_/Q
 _16108_/Q
 _16109_/Q
 _16110_/Q
 _16111_/Q
 _16112_/Q
 _16113_/Q
 _16114_/Q
 _16115_/Q
 _16116_/Q
 _16117_/Q
 _16118_/Q
 _16119_/Q
 _16120_/Q
 _16121_/Q
 _16122_/Q
 _16123_/Q
 _16124_/Q
 _16125_/Q
 _16126_/Q
 _16127_/Q
 _16128_/Q
 _16129_/Q
 _16130_/Q
 _16131_/Q
 _16132_/Q
 _16133_/Q
 _16134_/Q
 _16135_/Q
 _16136_/Q
 _16137_/Q
 _16138_/Q
 _16139_/Q
 _16140_/Q
 _16141_/Q
 _16142_/Q
 _16143_/Q
 _16144_/Q
 _16145_/Q
 _16146_/Q
 _16147_/Q
 _16148_/Q
 _16149_/Q
 _16150_/Q
 _16151_/Q
 _16152_/Q
 _16153_/Q
 _16154_/Q
 _16155_/Q
 _16156_/Q
 _16157_/Q
 _16158_/Q
 _16159_/Q
 _16160_/Q
 _16161_/Q
 _16162_/Q
 _16163_/Q
 _16164_/Q
 _16165_/Q
 _16166_/Q
 _16167_/Q
 _16168_/Q
 _16169_/Q
 _16170_/Q
 _16171_/Q
 _16172_/Q
 _16173_/Q
 _16174_/Q
 _16175_/Q
 _16176_/Q
 _16177_/Q
 _16178_/Q
 _16179_/Q
 _16180_/Q
 _16181_/Q
 _16182_/Q
 _16183_/Q
 _16184_/Q
 _16185_/Q
 _16186_/Q
 _16187_/Q
 _16188_/Q
 _16189_/Q
 _16190_/Q
 _16191_/Q
 _16192_/Q
 _16193_/Q
 _16194_/Q
 _16195_/Q
 _16196_/Q
 _16197_/Q
 _16198_/Q
 _16199_/Q
 _16200_/Q
 _16201_/Q
 _16202_/Q
 _16203_/Q
 _16204_/Q
 _16205_/Q
 _16206_/Q
 _16207_/Q
 _16208_/Q
 _16209_/Q
 _16210_/Q
 _16211_/Q
 _16212_/Q
 _16213_/Q
 _16214_/Q
 _16215_/Q
 _16216_/Q
 _16217_/Q
 _16218_/Q
 _16219_/Q
 _16220_/Q
 _16221_/Q
 _16222_/Q
 _16223_/Q
 _16224_/Q
 _16225_/Q
 _16226_/Q
 _16227_/Q
 _16228_/Q
 _16229_/Q
 _16230_/Q
 _16231_/Q
 _16232_/Q
 _16233_/Q
 _16234_/Q
 _16235_/Q
 _16236_/Q
 _16237_/Q
 _16238_/Q
 _16239_/Q
 _16240_/Q
 _16241_/Q
 _16242_/Q
 _16243_/Q
 _16244_/Q
 _16245_/Q
 _16246_/Q
 _16247_/Q
 _16248_/Q
 _16249_/Q
 _16250_/Q
 _16251_/Q
 _16252_/Q
 _16253_/Q
 _16254_/Q
 _16255_/Q
 _16256_/Q
 _16257_/Q
 _16258_/Q
 _16259_/Q
 _16260_/Q
 _16261_/Q
 _16262_/Q
 _16263_/Q
 _16264_/Q
 _16265_/Q
 _16266_/Q
 _16267_/Q
 _16268_/Q
 _16269_/Q
 _16270_/Q
 _16271_/Q
 _16272_/Q
 _16273_/Q
 _16274_/Q
 _16275_/Q
 _16276_/Q
 _16277_/Q
 _16278_/Q
 _16279_/Q
 _16280_/Q
 _16281_/Q
 _16282_/Q
 _16283_/Q
 _16284_/Q
 _16285_/Q
 _16286_/Q
 _16287_/Q
 _16288_/Q
 _16289_/Q
 _16290_/Q
 _16291_/Q
 _16292_/Q
 _16293_/Q
 _16294_/Q
 _16295_/Q
 _16296_/Q
 _16297_/Q
 _16298_/Q
 _16299_/Q
 _16300_/Q
 _16301_/Q
 _16302_/Q
 _16303_/Q
 _16304_/Q
 _16305_/Q
 _16306_/Q
 _16307_/Q
 _16308_/Q
 _16309_/Q
 _16310_/Q
 _16311_/Q
 _16312_/Q
 _16313_/Q
 _16314_/Q
 _16315_/Q
 _16316_/Q
 _16317_/Q
 _16318_/Q
 _16319_/Q
 _16320_/Q
 _16321_/Q
 _16322_/Q
 _16323_/Q
 _16324_/Q
 _16325_/Q
 _16326_/Q
 _16327_/Q
 _16328_/Q
 _16329_/Q
 _16330_/Q
 _16331_/Q
 _16332_/Q
 _16333_/Q
 _16334_/Q
 _16335_/Q
 _16336_/Q
 _16337_/Q
 _16338_/Q
 _16339_/Q
 _16340_/Q
 _16341_/Q
 _16342_/Q
 _16343_/Q
 _16344_/Q
 _16345_/Q
 _16346_/Q
 _16347_/Q
 _16348_/Q
 _16349_/Q
 _16350_/Q
 _16351_/Q
 _16352_/Q
 _16353_/Q
 _16354_/Q
 _16355_/Q
 _16356_/Q
 _16357_/Q
 _16358_/Q
 _16359_/Q
 _16360_/Q
 _16361_/Q
 _16362_/Q
 _16363_/Q
 _16364_/Q
 _16365_/Q
 _16366_/Q
 _16367_/Q
 _16368_/Q
 _16369_/Q
 _16370_/Q
 _16371_/Q
 _16372_/Q
 _16373_/Q
 _16374_/Q
 _16375_/Q
 _16376_/Q
 _16377_/Q
 _16378_/Q
 _16379_/Q
 _16380_/Q
 _16381_/Q
 _16382_/Q
 _16383_/Q
 _16384_/Q
 _16385_/Q
 _16386_/Q
 _16387_/Q
 _16388_/Q
 _16389_/Q
 _16390_/Q
 _16391_/Q
 _16392_/Q
 _16393_/Q
 _16394_/Q
 _16395_/Q
 _16396_/Q
 _16397_/Q
 _16398_/Q
 _16399_/Q
 _16400_/Q
 _16401_/Q
 _16402_/Q
 _16403_/Q
 _16404_/Q
 _16405_/Q
 _16406_/Q
 _16407_/Q
 _16408_/Q
 _16409_/Q
 _16410_/Q
 _16411_/Q
 _16412_/Q
 _16413_/Q
 _16414_/Q
 _16415_/Q
 _16416_/Q
 _16417_/Q
 _16418_/Q
 _16419_/Q
 _16420_/Q
 _16421_/Q
 _16422_/Q
 _16423_/Q
 _16424_/Q
 _16425_/Q
 _16426_/Q
 _16427_/Q
 _16428_/Q
 _16429_/Q
 _16430_/Q
 _16431_/Q
 _16432_/Q
 _16433_/Q
 _16434_/Q
 _16435_/Q
 _16436_/Q
 _16437_/Q
 _16438_/Q
 _16439_/Q
 _16440_/Q
 _16441_/Q
 _16442_/Q
 _16443_/Q
 _16444_/Q
 _16445_/Q
 _16446_/Q
 _16447_/Q
 _16448_/Q
 _16449_/Q
 _16450_/Q
 _16451_/Q
 _16452_/Q
 _16453_/Q
 _16454_/Q
 _16455_/Q
 _16456_/Q
 _16457_/Q
 _16458_/Q
 _16459_/Q
 _16460_/Q
 _16461_/Q
 _16462_/Q
 _16463_/Q
 _16464_/Q
 _16465_/Q
 _16466_/Q
 _16467_/Q
 _16468_/Q
 _16469_/Q
 _16470_/Q
 _16471_/Q
 _16472_/Q
 _16473_/Q
 _16474_/Q
 _16475_/Q
 _16476_/Q
 _16477_/Q
 _16478_/Q
 _16479_/Q
 _16480_/Q
 _16481_/Q
 _16482_/Q
 _16483_/Q
 _16484_/Q
 _16485_/Q
 _16486_/Q
 _16487_/Q
 _16488_/Q
 _16489_/Q
 _16490_/Q
 _16491_/Q
 _16492_/Q
 _16493_/Q
 _16494_/Q
 _16495_/Q
 _16496_/Q
 _16497_/Q
 _16498_/Q
 _16499_/Q
 _16500_/Q
 _16501_/Q
 _16502_/Q
 _16503_/Q
 _16504_/Q
 _16505_/Q
 _16506_/Q
 _16507_/Q
 _16508_/Q
 _16509_/Q
 _16510_/Q
 _16511_/Q
 _16512_/Q
 _16513_/Q
 _16514_/Q
 _16515_/Q
 _16516_/Q
 _16517_/Q
 _16518_/Q
 _16519_/Q
 _16520_/Q
 _16521_/Q
 _16522_/Q
 _16523_/Q
 _16524_/Q
 _16525_/Q
 _16526_/Q
 _16527_/Q
 _16528_/Q
 _16529_/Q
 _16530_/Q
 _16531_/Q
 _16532_/Q
 _16533_/Q
 _16534_/Q
 _16535_/Q
 _16536_/Q
 _16537_/Q
 _16538_/Q
 _16539_/Q
 _16540_/Q
 _16541_/Q
 _16542_/Q
 _16543_/Q
 _16544_/Q
 _16545_/Q
 _16546_/Q
 _16547_/Q
 _16548_/Q
 _16549_/Q
 _16550_/Q
 _16551_/Q
 _16552_/Q
 _16553_/Q
 _16554_/Q
 _16555_/Q
 _16556_/Q
 _16557_/Q
 _16558_/Q
 _16559_/Q
 _16560_/Q
 _16561_/Q
 _16562_/Q
 _16563_/Q
 _16564_/Q
 _16565_/Q
 _16566_/Q
 _16567_/Q
 _16568_/Q
 _16569_/Q
 _16570_/Q
 _16571_/Q
 _16572_/Q
 _16573_/Q
 _16574_/Q
 _16575_/Q
 _16576_/Q
 _16577_/Q
 _16578_/Q
 _16579_/Q
 _16580_/Q
 _16581_/Q
 _16582_/Q
 _16583_/Q
 _16584_/Q
 _16585_/Q
 _16586_/Q
 _16587_/Q
 _16588_/Q
 _16589_/Q
 _16590_/Q
 _16591_/Q
 _16592_/Q
 _16593_/Q
 _16594_/Q
 _16595_/Q
 _16596_/Q
 _16597_/Q
 _16598_/Q
 _16599_/Q
 _16600_/Q
 _16601_/Q
 _16602_/Q
 _16603_/Q
 _16604_/Q
 _16605_/Q
 _16606_/Q
 _16607_/Q
 _16608_/Q
 _16609_/Q
 _16610_/Q
 _16611_/Q
 _16612_/Q
 _16613_/Q
 _16614_/Q
 _16615_/Q
 _16616_/Q
 _16617_/Q
 _16618_/Q
 _16619_/Q
 _16620_/Q
 _16621_/Q
 _16622_/Q
 _16623_/Q
 _16624_/Q
 _16625_/Q
 _16626_/Q
 _16627_/Q
 _16628_/Q
 _16629_/Q
 _16630_/Q
 _16631_/Q
 _16632_/Q
 _16633_/Q
 _16634_/Q
 _16635_/Q
 _16636_/Q
 _16637_/Q
 _16638_/Q
 _16639_/Q
 _16640_/Q
 _16641_/Q
 _16642_/Q
 _16643_/Q
 _16644_/Q
 _16645_/Q
 _16646_/Q
 _16647_/Q
 _16648_/Q
 _16649_/Q
 _16650_/Q
 _16651_/Q
 _16652_/Q
 _16653_/Q
 _16654_/Q
 _16655_/Q
 _16656_/Q
 _16657_/Q
 _16658_/Q
 _16659_/Q
 _16660_/Q
 _16661_/Q
 _16662_/Q
 _16663_/Q
 _16664_/Q
 _16665_/Q
 _16666_/Q
 _16667_/Q
 _16668_/Q
 _16669_/Q
 _16670_/Q
 _16671_/Q
 _16672_/Q
 _16673_/Q
 _16674_/Q
 _16675_/Q
 _16676_/Q
 _16677_/Q
 _16678_/Q
 _16679_/Q
 _16680_/Q
 _16681_/Q
 _16682_/Q
 _16683_/Q
 _16684_/Q
 _16685_/Q
 _16686_/Q
 _16687_/Q
 _16688_/Q
 _16689_/Q
 _16690_/Q
 _16691_/Q
 _16692_/Q
 _16693_/Q
 _16694_/Q
 _16695_/Q
 _16696_/Q
 _16697_/Q
 _16698_/Q
 _16699_/Q
 _16700_/Q
 _16701_/Q
 _16702_/Q
 _16703_/Q
 _16704_/Q
 _16705_/Q
 _16706_/Q
 _16707_/Q
 _16708_/Q
 _16709_/Q
 _16710_/Q
 _16711_/Q
 _16712_/Q
 _16713_/Q
 _16714_/Q
 _16715_/Q
 _16716_/Q
 _16717_/Q
 _16718_/Q
 _16719_/Q
 _16720_/Q
 _16721_/Q
 _16722_/Q
 _16723_/Q
 _16724_/Q
 _16725_/Q
 _16726_/Q
 _16727_/Q
 _16728_/Q
 _16729_/Q
 _16730_/Q
 _16731_/Q
 _16732_/Q
 _16733_/Q
 _16734_/Q
 _16735_/Q
 _16736_/Q
 _16737_/Q
 _16738_/Q
 _16739_/Q
 _16740_/Q
 _16741_/Q
 _16742_/Q
 _16743_/Q
 _16744_/Q
 _16745_/Q
 _16746_/Q
 _16747_/Q
 _16748_/Q
 _16749_/Q
 _16750_/Q
 _16751_/Q
 _16752_/Q
 _16753_/Q
 _16754_/Q
 _16755_/Q
 _16756_/Q
 _16757_/Q
 _16758_/Q
 _16759_/Q
 _16760_/Q
 _16761_/Q
 _16762_/Q
 _16763_/Q
 _16764_/Q
 _16765_/Q
 _16766_/Q
 _16767_/Q
 _16768_/Q
 _16769_/Q
 _16770_/Q
 _16771_/Q
 _16772_/Q
 _16773_/Q
 _16774_/Q
 _16775_/Q
 _16776_/Q
 _16777_/Q
 _16778_/Q
 _16779_/Q
 _16780_/Q
 _16781_/Q
 _16782_/Q
 _16783_/Q
 _16784_/Q
 _16785_/Q
 _16786_/Q
 _16787_/Q
 _16788_/Q
 _16789_/Q
 _16790_/Q
 _16791_/Q
 _16792_/Q
 _16793_/Q
 _16794_/Q
 _16795_/Q
 _16796_/Q
 _16797_/Q
 _16798_/Q
 _16799_/Q
 _16800_/Q
 _16801_/Q
 _16802_/Q
 _16803_/Q
 _16804_/Q
 _16805_/Q
 _16806_/Q
 _16807_/Q
 _16808_/Q
 _16809_/Q
 _16810_/Q
 _16811_/Q
 _16812_/Q
 _16813_/Q
 _16814_/Q
 _16815_/Q
 _16816_/Q
 _16817_/Q
 _16818_/Q
 _16819_/Q
 _16820_/Q
 _16821_/Q
 _16822_/Q
 _16823_/Q
 _16824_/Q
 _16825_/Q
 _16826_/Q
 _16827_/Q
 _16828_/Q
 _16829_/Q
 _16830_/Q
 _16831_/Q
 _16832_/Q
 _16833_/Q
 _16834_/Q
 _16835_/Q
 _16836_/Q
 _16837_/Q
 _16838_/Q
 _16839_/Q
 _16840_/Q
 _16841_/Q
 _16842_/Q
 _16843_/Q
 _16844_/Q
 _16845_/Q
 _16846_/Q
 _16847_/Q
 _16848_/Q
 _16849_/Q
 _16850_/Q
 _16851_/Q
 _16852_/Q
 _16853_/Q
 _16854_/Q
 _16855_/Q
 _16856_/Q
 _16857_/Q
 _16858_/Q
 _16859_/Q
 _16860_/Q
 _16861_/Q
 _16862_/Q
 _16863_/Q
 _16864_/Q
 _16865_/Q
 _16866_/Q
 _16867_/Q
 _16868_/Q
 _16869_/Q
 _16870_/Q
 _16871_/Q
 _16872_/Q
 _16873_/Q
 _16874_/Q
 _16875_/Q
 _16876_/Q
 _16877_/Q
 _16878_/Q
 _16879_/Q
 _16880_/Q
 _16881_/Q
 _16882_/Q
 _16883_/Q
 _16884_/Q
 _16885_/Q
 _16886_/Q
 _16887_/Q
 _16888_/Q
 _16889_/Q
 _16890_/Q
 _16891_/Q
 _16892_/Q
 _16893_/Q
 _16894_/Q
 _16895_/Q
 _16896_/Q
 _16897_/Q
 _16898_/Q
 _16899_/Q
 _16900_/Q
 _16901_/Q
 _16902_/Q
 _16903_/Q
 _16904_/Q
 _16905_/Q
 _16906_/Q
 _16907_/Q
 _16908_/Q
 _16909_/Q
 _16910_/Q
 _16911_/Q
 _16912_/Q
 _16913_/Q
 _16914_/Q
 _16915_/Q
 _16916_/Q
 _16917_/Q
 _16918_/Q
 _16919_/Q
 _16920_/Q
 _16921_/Q
 _16922_/Q
 _16923_/Q
 _16924_/Q
 _16925_/Q
 _16926_/Q
 _16927_/Q
 _16928_/Q
 _16929_/Q
 _16930_/Q
 _16931_/Q
 _16932_/Q
 _16933_/Q
 _16934_/Q
 _16935_/Q
 _16936_/Q
 _16937_/Q
 _16938_/Q
 _16939_/Q
 _16940_/Q
 _16941_/Q
 _16942_/Q
 _16943_/Q
 _16944_/Q
 _16945_/Q
 _16946_/Q
 _16947_/Q
 _16948_/Q
 _16949_/Q
 _16950_/Q
 _16951_/Q
 _16952_/Q
 _16953_/Q
 _16954_/Q
 _16955_/Q
 _16956_/Q
 _16957_/Q
 _16958_/Q
 _16959_/Q
 _16960_/Q
 _16961_/Q
 _16962_/Q
 _16963_/Q
 _16964_/Q
 _16965_/Q
 _16966_/Q
 _16967_/Q
 _16968_/Q
 _16969_/Q
 _16970_/Q
 _16971_/Q
 _16972_/Q
 _16973_/Q
 _16974_/Q
 _16975_/Q
 _16976_/Q
 _16977_/Q
 _16978_/Q
 _16979_/Q
 _16980_/Q
 _16981_/Q
 _16982_/Q
 _16983_/Q
 _16984_/Q
 _16985_/Q
 _16986_/Q
 _16987_/Q
 _16988_/Q
 _16989_/Q
 _16990_/Q
 _16991_/Q
 _16992_/Q
 _16993_/Q
 _16994_/Q
 _16995_/Q
 _16996_/Q
 _16997_/Q
 _16998_/Q
 _16999_/Q
 _17000_/Q
 _17001_/Q
 _17002_/Q
 _17003_/Q
 _17004_/Q
 _17005_/Q
 _17006_/Q
 _17007_/Q
 _17008_/Q
 _17009_/Q
 _17010_/Q
 _17011_/Q
 _17012_/Q
 _17013_/Q
 _17014_/Q
 _17015_/Q
 _17016_/Q
 _17017_/Q
 _17018_/Q
 _17019_/Q
 _17020_/Q
 _17021_/Q
 _17022_/Q
 _17023_/Q
 _17024_/Q
 _17025_/Q
 _17026_/Q
 _17027_/Q
 _17028_/Q
 _17029_/Q
 _17030_/Q
 _17031_/Q
 _17032_/Q
 _17033_/Q
 _17034_/Q
 _17035_/Q
 _17036_/Q
 _17037_/Q
 _17038_/Q
 _17039_/Q
 _17040_/Q
 _17041_/Q
 _17042_/Q
 _17043_/Q
 _17044_/Q
 _17045_/Q
 _17046_/Q
 _17047_/Q
 _17048_/Q
 _17049_/Q
 _17050_/Q
 _17051_/Q
 _17052_/Q
 _17053_/Q
 _17054_/Q
 _17055_/Q
 _17056_/Q
 _17057_/Q
 _17058_/Q
 _17059_/Q
 _17060_/Q
 _17061_/Q
 _17062_/Q
 _17063_/Q
 _17064_/Q
 _17065_/Q
 _17066_/Q
 _17067_/Q
 _17068_/Q
 _17069_/Q
 _17070_/Q
 _17071_/Q
 _17072_/Q
 _17073_/Q
 _17074_/Q
 _17075_/Q
 _17076_/Q
 _17077_/Q
 _17078_/Q
 _17079_/Q
 _17080_/Q
 _17081_/Q
 _17082_/Q
 _17083_/Q
 _17084_/Q
 _17085_/Q
 _17086_/Q
 _17087_/Q
 _17088_/Q
 _17089_/Q
 _17090_/Q
 _17091_/Q
 _17092_/Q
 _17093_/Q
 _17094_/Q
 _17095_/Q
 _17096_/Q
 _17097_/Q
 _17098_/Q
 _17099_/Q
 _17100_/Q
 _17101_/Q
 _17102_/Q
 _17103_/Q
 _17104_/Q
 _17105_/Q
 _17106_/Q
 _17107_/Q
 _17108_/Q
 _17109_/Q
 _17110_/Q
 _17111_/Q
 _17112_/Q
 _17113_/Q
 _17114_/Q
 _17115_/Q
 _17116_/Q
 _17117_/Q
 _17118_/Q
 _17119_/Q
 _17120_/Q
 _17121_/Q
 _17122_/Q
 _17123_/Q
 _17124_/Q
 _17125_/Q
 _17126_/Q
 _17127_/Q
 _17128_/Q
 _17129_/Q
 _17130_/Q
 _17131_/Q
 _17132_/Q
 _17133_/Q
 _17134_/Q
 _17135_/Q
 _17136_/Q
 _17137_/Q
 _17138_/Q
 _17139_/Q
 _17140_/Q
 _17141_/Q
 _17142_/Q
 _17143_/Q
 _17144_/Q
 _17145_/Q
 _17146_/Q
 _17147_/Q
 _17148_/Q
 _17149_/Q
 _17150_/Q
 _17151_/Q
 _17152_/Q
 _17153_/Q
 _17154_/Q
 _17155_/Q
 _17156_/Q
 _17157_/Q
 _17158_/Q
 _17159_/Q
 _17160_/Q
 _17161_/Q
 _17162_/Q
 _17163_/Q
 _17164_/Q
 _17165_/Q
 _17166_/Q
 _17167_/Q
 _17168_/Q
 _17169_/Q
 _17170_/Q
 _17171_/Q
 _17172_/Q
 _17173_/Q
 _17174_/Q
 _17175_/Q
 _17176_/Q
 _17177_/Q
 _17178_/Q
 _17179_/Q
 _17180_/Q
 _17181_/Q
 _17182_/Q
 _17183_/Q
 _17184_/Q
 _17185_/Q
 _17186_/Q
 _17187_/Q
 _17188_/Q
 _17189_/Q
 _17190_/Q
 _17191_/Q
 _17192_/Q
 _17193_/Q
 _17194_/Q
 _17195_/Q
 _17196_/Q
 _17197_/Q
 _17198_/Q
 _17199_/Q
 _17200_/Q
 _17201_/Q
 _17202_/Q
 _17203_/Q
 _17204_/Q
 _17205_/Q
 _17206_/Q
 _17207_/Q
 _17208_/Q
 _17209_/Q
 _17210_/Q
 _17211_/Q
 _17212_/Q
 _17213_/Q
 _17214_/Q
 _17215_/Q
 _17216_/Q
 _17217_/Q
 _17218_/Q
 _17219_/Q
 _17220_/Q
 _17221_/Q
 _17222_/Q
 _17223_/Q
 _17224_/Q
 _17225_/Q
 _17226_/Q
 _17227_/Q
 _17228_/Q
 _17229_/Q
 _17230_/Q
 _17231_/Q
 _17232_/Q
 _17233_/Q
 _17234_/Q
 _17235_/Q
 _17236_/Q
 _17237_/Q
 _17238_/Q
 _17239_/Q
 _17240_/Q
 _17241_/Q
 _17242_/Q
 _17243_/Q
 _17244_/Q
 _17245_/Q
 _17246_/Q
 _17247_/Q
 _17248_/Q
 _17249_/Q
 _17250_/Q
 _17251_/Q
 _17252_/Q
 _17253_/Q
 _17254_/Q
 _17255_/Q
 _17256_/Q
 _17257_/Q
 _17258_/Q
 _17259_/Q
 _17260_/Q
 _17261_/Q
 _17262_/Q
 _17263_/Q
 _17264_/Q
 _17265_/Q
 _17266_/Q
 _17267_/Q
 _17268_/Q
 _17269_/Q
 _17270_/Q
 _17271_/Q
 _17272_/Q
 _17273_/Q
 _17274_/Q
 _17275_/Q
 _17276_/Q
 _17277_/Q
 _17278_/Q
 _17279_/Q
 _17280_/Q
 _17281_/Q
 _17282_/Q
 _17283_/Q
 _17284_/Q
 _17285_/Q
 _17286_/Q
 _17287_/Q
 _17288_/Q
 _17289_/Q
 _17290_/Q
 _17291_/Q
 _17292_/Q
 _17293_/Q
 _17294_/Q
 _17295_/Q
 _17296_/Q
 _17297_/Q
 _17298_/Q
 _17299_/Q
 _17300_/Q
 _17301_/Q
 _17302_/Q
 _17303_/Q
 _17304_/Q
 _17305_/Q
 _17306_/Q
 _17307_/Q
 _17308_/Q
 _17309_/Q
 _17310_/Q
 _17311_/Q
 _17312_/Q
 _17313_/Q
 _17314_/Q
 _17315_/Q
 _17316_/Q
 _17317_/Q
 _17318_/Q
 _17319_/Q
 _17320_/Q
 _17321_/Q
 _17322_/Q
 _17323_/Q
 _17324_/Q
 _17325_/Q
 _17326_/Q
 _17327_/Q
 _17328_/Q
 _17329_/Q
 _17330_/Q
 _17331_/Q
 _17332_/Q
 _17333_/Q
 _17334_/Q
 _17335_/Q
 _17336_/Q
 _17337_/Q
 _17338_/Q
 _17339_/Q
 _17340_/Q
 _17341_/Q
 _17342_/Q
 _17343_/Q
 _17344_/Q
 _17345_/Q
 _17346_/Q
 _17347_/Q
 _17348_/Q
 _17349_/Q
 _17350_/Q
 _17351_/Q
 _17352_/Q
 _17353_/Q
 _17354_/Q
 _17355_/Q
 _17356_/Q
 _17357_/Q
 _17358_/Q
 _17359_/Q
 _17360_/Q
 _17361_/Q
 _17362_/Q
 _17363_/Q
 _17364_/Q
 _17365_/Q
 _17366_/Q
 _17367_/Q
 _17368_/Q
 _17369_/Q
 _17370_/Q
 _17371_/Q
 _17372_/Q
 _17373_/Q
 _17374_/Q
 _17375_/Q
 _17376_/Q
 _17377_/Q
 _17378_/Q
 _17379_/Q
 _17380_/Q
 _17381_/Q
 _17382_/Q
 _17383_/Q
 _17384_/Q
 _17385_/Q
 _17386_/Q
 _17387_/Q
 _17388_/Q
 _17389_/Q
 _17390_/Q
 _17391_/Q
 _17392_/Q
 _17393_/Q
 _17394_/Q
 _17395_/Q
 _17396_/Q
 _17397_/Q
 _17398_/Q
 _17399_/Q
 _17400_/Q
 _17401_/Q
 _17402_/Q
 _17403_/Q
 _17404_/Q
 _17405_/Q
 _17406_/Q
 _17407_/Q
 _17408_/Q
 _17409_/Q
 _17410_/Q
 _17411_/Q
 _17412_/Q
 _17413_/Q
 _17414_/Q
 _17415_/Q
 _17416_/Q
 _17417_/Q
 _17418_/Q
 _17419_/Q
 _17420_/Q
 _17421_/Q
 _17422_/Q
 _17423_/Q
 _17424_/Q
 _17425_/Q
 _17426_/Q
 _17427_/Q
 _17428_/Q
 _17429_/Q
 _17430_/Q
 _17431_/Q
 _17432_/Q
 _17433_/Q
 _17434_/Q
 _17435_/Q
 _17436_/Q
 _17437_/Q
 _17438_/Q
 _17439_/Q
 _17440_/Q
 _17441_/Q
 _17442_/Q
 _17443_/Q
 _17444_/Q
 _17445_/Q
 _17446_/Q
 _17447_/Q
 _17448_/Q
 _17449_/Q
 _17450_/Q
 _17451_/Q
 _17452_/Q
 _17453_/Q
 _17454_/Q
 _17455_/Q
 _17456_/Q
 _17457_/Q
 _17458_/Q
 _17459_/Q
 _17460_/Q
 _17461_/Q
 _17462_/Q
 _17463_/Q
 _17464_/Q
 _17465_/Q
 _17466_/Q
 _17467_/Q
 _17468_/Q
 _17469_/Q
 _17470_/Q
 _17471_/Q
 _17472_/Q
 _17473_/Q
 _17474_/Q
 _17475_/Q
 _17476_/Q
 _17477_/Q
 _17478_/Q
 _17479_/Q
 _17480_/Q
 _17481_/Q
 _17482_/Q
 _17483_/Q
 _17484_/Q
 _17485_/Q
 _17486_/Q
 _17487_/Q
 _17488_/Q
 _17489_/Q
 _17490_/Q
 _17491_/Q
 _17492_/Q
 _17493_/Q
 _17494_/Q
 _17495_/Q
 _17496_/Q
 _17497_/Q
 _17498_/Q
 _17499_/Q
 _17500_/Q
 _17501_/Q
 _17502_/Q
 _17503_/Q
 _17504_/Q
 _17505_/Q
 _17506_/Q
 _17507_/Q
 _17508_/Q
 _17509_/Q
 _17510_/Q
 _17511_/Q
 _17512_/Q
 _17513_/Q
 _17514_/Q
 _17515_/Q
 _17516_/Q
 _17517_/Q
 _17518_/Q
 _17519_/Q
 _17520_/Q
 _17521_/Q
 _17522_/Q
 _17523_/Q
 _17524_/Q
 _17525_/Q
 _17526_/Q
 _17527_/Q
 _17528_/Q
 _17529_/Q
 _17530_/Q
 _17531_/Q
 _17532_/Q
 _17533_/Q
 _17534_/Q
 _17535_/Q
 _17536_/Q
 _17537_/Q
 _17538_/Q
 _17539_/Q
 _17540_/Q
 _17541_/Q
 _17542_/Q
 _17543_/Q
 _17544_/Q
 _17545_/Q
 _17546_/Q
 _17547_/Q
 _17548_/Q
 _17549_/Q
 _17550_/Q
 _17551_/Q
 _17552_/Q
 _17553_/Q
 _17554_/Q
 _17555_/Q
 _17556_/Q
 _17557_/Q
 _17558_/Q
 _17559_/Q
 _17560_/Q
 _17561_/Q
 _17562_/Q
 _17563_/Q
 _17564_/Q
 _17565_/Q
 _17566_/Q
 _17567_/Q
 _17568_/Q
 _17569_/Q
 _17570_/Q
 _17571_/Q
 _17572_/Q
 _17573_/Q
 _17574_/Q
 _17575_/Q
 _17576_/Q
 _17577_/Q
 _17578_/Q
 _17579_/Q
 _17580_/Q
 _17581_/Q
 _17582_/Q
 _17583_/Q
 _17584_/Q
 _17585_/Q
 _17586_/Q
 _17587_/Q
 _17588_/Q
 _17589_/Q
 _17590_/Q
 _17591_/Q
 _17592_/Q
 _17593_/Q
 _17594_/Q
 _17595_/Q
 _17596_/Q
 _17597_/Q
 _17598_/Q
 _17599_/Q
 _17600_/Q
 _17601_/Q
 _17602_/Q
 _17603_/Q
 _17604_/Q
 _17605_/Q
 _17606_/Q
 _17607_/Q
 _17608_/Q
 _17609_/Q
 _17610_/Q
 _17611_/Q
 _17612_/Q
 _17613_/Q
 _17614_/Q
 _17615_/Q
 _17616_/Q
 _17617_/Q
 _17618_/Q
 _17619_/Q
 _17620_/Q
 _17621_/Q
 _17622_/Q
 _17623_/Q
 _17624_/Q
 _17625_/Q
 _17626_/Q
 _17627_/Q
 _17628_/Q
 _17629_/Q
 _17630_/Q
 _17631_/Q
 _17632_/Q
 _17633_/Q
 _17634_/Q
 _17635_/Q
 _17636_/Q
 _17637_/Q
 _17638_/Q
 _17639_/Q
 _17640_/Q
 _17641_/Q
 _17642_/Q
 _17643_/Q
 _17644_/Q
 _17645_/Q
 _17646_/Q
 _17647_/Q
 _17648_/Q
 _17649_/Q
 _17650_/Q
 _17651_/Q
 _17652_/Q
 _17653_/Q
 _17654_/Q
 _17655_/Q
 _17656_/Q
 _17657_/Q
 _17658_/Q
 _17659_/Q
 _17660_/Q
 _17661_/Q
 _17662_/Q
 _17663_/Q
 _17664_/Q
 _17665_/Q
 _17666_/Q
 _17667_/Q
 _17668_/Q
 _17669_/Q
 _17670_/Q
 _17671_/Q
 _17672_/Q
 _17673_/Q
 _17674_/Q
 _17675_/Q
 _17676_/Q
 _17677_/Q
 _17678_/Q
 _17679_/Q
 _17680_/Q
 _17681_/Q
 _17682_/Q
 _17683_/Q
 _17684_/Q
 _17685_/Q
 _17686_/Q
 _17687_/Q
 _17688_/Q
 _17689_/Q
 _17690_/Q
 _17691_/Q
 _17692_/Q
 _17693_/Q
 _17694_/Q
 _17695_/Q
 _17696_/Q
 _17697_/Q
 _17698_/Q
 _17699_/Q
 _17700_/Q
 _17701_/Q
 _17702_/Q
 _17703_/Q
 _17704_/Q
 _17705_/Q
 _17706_/Q
 _17707_/Q
 _17708_/Q
 _17709_/Q
 _17710_/Q
 _17711_/Q
 _17712_/Q
 _17713_/Q
 _17714_/Q
 _17715_/Q
 _17716_/Q
 _17717_/Q
 _17718_/Q
 _17719_/Q
 _17720_/Q
 _17721_/Q
 _17722_/Q
 _17723_/Q
 _17724_/Q
 _17725_/Q
 _17726_/Q
 _17727_/Q
 _17728_/Q
 _17729_/Q
 _17730_/Q
 _17731_/Q
 _17732_/Q
 _17733_/Q
 _17734_/Q
 _17735_/Q
 _17736_/Q
 _17737_/Q
 _17738_/Q
 _17739_/Q
 _17740_/Q
 _17741_/Q
 _17742_/Q
 _17743_/Q
 _17744_/Q
 _17745_/Q
 _17746_/Q
 _17747_/Q
 _17748_/Q
 _17749_/Q
 _17750_/Q
 _17751_/Q
 _17752_/Q
 _17753_/Q
 _17754_/Q
 _17755_/Q
 _17756_/Q
 _17757_/Q
 _17758_/Q
 _17759_/Q
 _17760_/Q
 _17761_/Q
 _17762_/Q
 _17763_/Q
 _17764_/Q
 _17765_/Q
 _17766_/Q
 _17767_/Q
 _17768_/Q
 _17769_/Q
 _17770_/Q
 _17771_/Q
 _17772_/Q
 _17773_/Q
 _17774_/Q
 _17775_/Q
 _17776_/Q
 _17777_/Q
 _17778_/Q
 _17779_/Q
 _17780_/Q
 _17781_/Q
 _17782_/Q
 _17783_/Q
 _17784_/Q
 _17785_/Q
 _17786_/Q
 _17787_/Q
 _17788_/Q
 _17789_/Q
 _17790_/Q
 _17791_/Q
 _17792_/Q
 _17793_/Q
 _17794_/Q
 _17795_/Q
 _17796_/Q
 _17797_/Q
 _17798_/Q
 _17799_/Q
 _17800_/Q
 _17801_/Q
 _17802_/Q
 _17803_/Q
 _17804_/Q
 _17805_/Q
 _17806_/Q
 _17807_/Q
 _17808_/Q
 _17809_/Q
 _17810_/Q
 _17811_/Q
 _17812_/Q
 _17813_/Q
 _17814_/Q
 _17815_/Q
 _17816_/Q
 _17817_/Q
 _17818_/Q
 _17819_/Q
 _17820_/Q
 _17821_/Q
 _17822_/Q
 _17823_/Q
 _17824_/Q
 _17825_/Q
 _17826_/Q
 _17827_/Q
 _17828_/Q
 _17829_/Q
 _17830_/Q
 _17831_/Q
 _17832_/Q
 _17833_/Q
 _17834_/Q
 _17835_/Q
 _17836_/Q
 _17837_/Q
 _17838_/Q
 _17839_/Q
 _17840_/Q
 _17841_/Q
 _17842_/Q
 _17843_/Q
 _17844_/Q
 _17845_/Q
 _17846_/Q
 _17847_/Q
 _17848_/Q
 _17849_/Q
 _17850_/Q
 _17851_/Q
 _17852_/Q
 _17853_/Q
 _17854_/Q
 _17855_/Q
 _17856_/Q
 _17857_/Q
 _17858_/Q
 _17859_/Q
 _17860_/Q
 _17861_/Q
 _17862_/Q
 _17863_/Q
 _17864_/Q
 _17865_/Q
 _17866_/Q
 _17867_/Q
 _17868_/Q
 _17869_/Q
 _17870_/Q
 _17871_/Q
 _17872_/Q
 _17873_/Q
 _17874_/Q
 _17875_/Q
 _17876_/Q
 _17877_/Q
 _17878_/Q
 _17879_/Q
 _17880_/Q
 _17881_/Q
 _17882_/Q
 _17883_/Q
 _17884_/Q
 _17885_/Q
 _17886_/Q
 _17887_/Q
 _17888_/Q
 _17889_/Q
 _17890_/Q
 _17891_/Q
 _17892_/Q
 _17893_/Q
 _17894_/Q
 _17895_/Q
 _17896_/Q
 _17897_/Q
 _17898_/Q
 _17899_/Q
 _17900_/Q
 _17901_/Q
 _17902_/Q
 _17903_/Q
 _17904_/Q
 _17905_/Q
 _17906_/Q
 _17907_/Q
 _17908_/Q
 _17909_/Q
 _17910_/Q
 _17911_/Q
 _17912_/Q
 _17913_/Q
 _17914_/Q
 _17915_/Q
 _17916_/Q
 _17917_/Q
 _17918_/Q
 _17919_/Q
 _17920_/Q
 _17921_/Q
 _17922_/Q
 _17923_/Q
 _17924_/Q
 _17925_/Q
 _17926_/Q
 _17927_/Q
 _17928_/Q
 _17929_/Q
 _17930_/Q
 _17931_/Q
 _17932_/Q
 _17933_/Q
 _17934_/Q
 _17935_/Q
 _17936_/Q
 _17937_/Q
 _17938_/Q
 _17939_/Q
 _17940_/Q
 _17941_/Q
 _17942_/Q
 _17943_/Q
 _17944_/Q
 _17945_/Q
 _17946_/Q
 _17947_/Q
 _17948_/Q
 _17949_/Q
 _17950_/Q
 _17951_/Q
 _17952_/Q
 _17953_/Q
 _17954_/Q
 _17955_/Q
 _17956_/Q
 _17957_/Q
 _17958_/Q
 _17959_/Q
 _17960_/Q
 _17961_/Q
 _17962_/Q
 _17963_/Q
 _17964_/Q
 _17965_/Q
 _17966_/Q
 _17967_/Q
 _17968_/Q
 _17969_/Q
 _17970_/Q
 _17971_/Q
 _17972_/Q
 _17973_/Q
 _17974_/Q
 _17975_/Q
 _17976_/Q
 _17977_/Q
 _17978_/Q
 _17979_/Q
 _17980_/Q
 _17981_/Q
 _17982_/Q
 _17983_/Q
 _17984_/Q
 _17985_/Q
 _17986_/Q
 _17987_/Q
 _17988_/Q
 _17989_/Q
 _17990_/Q
 _17991_/Q
 _17992_/Q
 _17993_/Q
 _17994_/Q
 _17995_/Q
 _17996_/Q
 _17997_/Q
 _17998_/Q
 _17999_/Q
 _18000_/Q
 _18001_/Q
 _18002_/Q
 _18003_/Q
 _18004_/Q
 _18005_/Q
 _18006_/Q
 _18007_/Q
 _18008_/Q
 _18009_/Q
 _18010_/Q
 _18011_/Q
 _18012_/Q
 _18013_/Q
 _18014_/Q
 _18015_/Q
 _18016_/Q
 _18017_/Q
 _18018_/Q
 _18019_/Q
 _18020_/Q
 _18021_/Q
 _18022_/Q
 _18023_/Q
 _18024_/Q
 _18025_/Q
 _18026_/Q
 _18027_/Q
 _18028_/Q
 _18029_/Q
 _18030_/Q
 _18031_/Q
 _18032_/Q
 _18033_/Q
 _18034_/Q
 _18035_/Q
 _18036_/Q
 _18037_/Q
 _18038_/Q
 _18039_/Q
 _18040_/Q
 _18041_/Q
 _18042_/Q
 _18043_/Q
 _18044_/Q
 _18045_/Q
 _18046_/Q
 _18047_/Q
 _18048_/Q
 _18049_/Q
 _18050_/Q
 _18051_/Q
 _18052_/Q
 _18053_/Q
 _18054_/Q
 _18055_/Q
 _18056_/Q
 _18057_/Q
 _18058_/Q
 _18059_/Q
 _18060_/Q
 _18061_/Q
 _18062_/Q
 _18063_/Q
 _18064_/Q
 _18065_/Q
 _18066_/Q
 _18067_/Q
 _18068_/Q
 _18069_/Q
 _18070_/Q
 _18071_/Q
 _18072_/Q
 _18073_/Q
 _18074_/Q
 _18075_/Q
 _18076_/Q
 _18077_/Q
 _18078_/Q
 _18079_/Q
 _18080_/Q
 _18081_/Q
 _18082_/Q
 _18083_/Q
 _18084_/Q
 _18085_/Q
 _18086_/Q
 _18087_/Q
 _18088_/Q
 _18089_/Q
 _18090_/Q
 _18091_/Q
 _18092_/Q
 _18093_/Q
 _18094_/Q
 _18095_/Q
 _18096_/Q
 _18097_/Q
 _18098_/Q
 _18099_/Q
 _18100_/Q
 _18101_/Q
 _18102_/Q
 _18103_/Q
 _18104_/Q
 _18121_/X
 _18122_/X
 _18123_/X
 clkbuf_0_clk/X
 clkbuf_2_0_0_clk/X
 clkbuf_2_1_0_clk/X
 clkbuf_2_2_0_clk/X
 clkbuf_2_3_0_clk/X
 clkbuf_5_0__f_clk/X
 clkbuf_5_10__f_clk/X
 clkbuf_5_11__f_clk/X
 clkbuf_5_12__f_clk/X
 clkbuf_5_13__f_clk/X
 clkbuf_5_14__f_clk/X
 clkbuf_5_15__f_clk/X
 clkbuf_5_16__f_clk/X
 clkbuf_5_17__f_clk/X
 clkbuf_5_18__f_clk/X
 clkbuf_5_19__f_clk/X
 clkbuf_5_1__f_clk/X
 clkbuf_5_20__f_clk/X
 clkbuf_5_21__f_clk/X
 clkbuf_5_22__f_clk/X
 clkbuf_5_23__f_clk/X
 clkbuf_5_24__f_clk/X
 clkbuf_5_25__f_clk/X
 clkbuf_5_26__f_clk/X
 clkbuf_5_27__f_clk/X
 clkbuf_5_28__f_clk/X
 clkbuf_5_29__f_clk/X
 clkbuf_5_2__f_clk/X
 clkbuf_5_30__f_clk/X
 clkbuf_5_31__f_clk/X
 clkbuf_5_3__f_clk/X
 clkbuf_5_4__f_clk/X
 clkbuf_5_5__f_clk/X
 clkbuf_5_6__f_clk/X
 clkbuf_5_7__f_clk/X
 clkbuf_5_8__f_clk/X
 clkbuf_5_9__f_clk/X
 clkbuf_leaf_0_clk/X
 clkbuf_leaf_100_clk/X
 clkbuf_leaf_101_clk/X
 clkbuf_leaf_102_clk/X
 clkbuf_leaf_103_clk/X
 clkbuf_leaf_104_clk/X
 clkbuf_leaf_105_clk/X
 clkbuf_leaf_106_clk/X
 clkbuf_leaf_107_clk/X
 clkbuf_leaf_108_clk/X
 clkbuf_leaf_109_clk/X
 clkbuf_leaf_10_clk/X
 clkbuf_leaf_110_clk/X
 clkbuf_leaf_111_clk/X
 clkbuf_leaf_112_clk/X
 clkbuf_leaf_113_clk/X
 clkbuf_leaf_114_clk/X
 clkbuf_leaf_115_clk/X
 clkbuf_leaf_116_clk/X
 clkbuf_leaf_117_clk/X
 clkbuf_leaf_118_clk/X
 clkbuf_leaf_119_clk/X
 clkbuf_leaf_11_clk/X
 clkbuf_leaf_120_clk/X
 clkbuf_leaf_121_clk/X
 clkbuf_leaf_122_clk/X
 clkbuf_leaf_123_clk/X
 clkbuf_leaf_124_clk/X
 clkbuf_leaf_125_clk/X
 clkbuf_leaf_126_clk/X
 clkbuf_leaf_127_clk/X
 clkbuf_leaf_128_clk/X
 clkbuf_leaf_129_clk/X
 clkbuf_leaf_12_clk/X
 clkbuf_leaf_130_clk/X
 clkbuf_leaf_131_clk/X
 clkbuf_leaf_132_clk/X
 clkbuf_leaf_133_clk/X
 clkbuf_leaf_134_clk/X
 clkbuf_leaf_135_clk/X
 clkbuf_leaf_136_clk/X
 clkbuf_leaf_137_clk/X
 clkbuf_leaf_138_clk/X
 clkbuf_leaf_139_clk/X
 clkbuf_leaf_13_clk/X
 clkbuf_leaf_140_clk/X
 clkbuf_leaf_141_clk/X
 clkbuf_leaf_142_clk/X
 clkbuf_leaf_143_clk/X
 clkbuf_leaf_144_clk/X
 clkbuf_leaf_145_clk/X
 clkbuf_leaf_146_clk/X
 clkbuf_leaf_147_clk/X
 clkbuf_leaf_148_clk/X
 clkbuf_leaf_149_clk/X
 clkbuf_leaf_14_clk/X
 clkbuf_leaf_150_clk/X
 clkbuf_leaf_151_clk/X
 clkbuf_leaf_152_clk/X
 clkbuf_leaf_153_clk/X
 clkbuf_leaf_154_clk/X
 clkbuf_leaf_155_clk/X
 clkbuf_leaf_156_clk/X
 clkbuf_leaf_157_clk/X
 clkbuf_leaf_158_clk/X
 clkbuf_leaf_159_clk/X
 clkbuf_leaf_15_clk/X
 clkbuf_leaf_160_clk/X
 clkbuf_leaf_161_clk/X
 clkbuf_leaf_162_clk/X
 clkbuf_leaf_163_clk/X
 clkbuf_leaf_164_clk/X
 clkbuf_leaf_165_clk/X
 clkbuf_leaf_166_clk/X
 clkbuf_leaf_167_clk/X
 clkbuf_leaf_168_clk/X
 clkbuf_leaf_169_clk/X
 clkbuf_leaf_16_clk/X
 clkbuf_leaf_170_clk/X
 clkbuf_leaf_171_clk/X
 clkbuf_leaf_172_clk/X
 clkbuf_leaf_173_clk/X
 clkbuf_leaf_174_clk/X
 clkbuf_leaf_175_clk/X
 clkbuf_leaf_176_clk/X
 clkbuf_leaf_177_clk/X
 clkbuf_leaf_178_clk/X
 clkbuf_leaf_179_clk/X
 clkbuf_leaf_17_clk/X
 clkbuf_leaf_180_clk/X
 clkbuf_leaf_181_clk/X
 clkbuf_leaf_182_clk/X
 clkbuf_leaf_183_clk/X
 clkbuf_leaf_184_clk/X
 clkbuf_leaf_185_clk/X
 clkbuf_leaf_186_clk/X
 clkbuf_leaf_187_clk/X
 clkbuf_leaf_188_clk/X
 clkbuf_leaf_189_clk/X
 clkbuf_leaf_18_clk/X
 clkbuf_leaf_190_clk/X
 clkbuf_leaf_191_clk/X
 clkbuf_leaf_192_clk/X
 clkbuf_leaf_193_clk/X
 clkbuf_leaf_194_clk/X
 clkbuf_leaf_195_clk/X
 clkbuf_leaf_196_clk/X
 clkbuf_leaf_197_clk/X
 clkbuf_leaf_198_clk/X
 clkbuf_leaf_199_clk/X
 clkbuf_leaf_19_clk/X
 clkbuf_leaf_1_clk/X
 clkbuf_leaf_200_clk/X
 clkbuf_leaf_201_clk/X
 clkbuf_leaf_202_clk/X
 clkbuf_leaf_203_clk/X
 clkbuf_leaf_204_clk/X
 clkbuf_leaf_205_clk/X
 clkbuf_leaf_206_clk/X
 clkbuf_leaf_207_clk/X
 clkbuf_leaf_208_clk/X
 clkbuf_leaf_209_clk/X
 clkbuf_leaf_20_clk/X
 clkbuf_leaf_210_clk/X
 clkbuf_leaf_211_clk/X
 clkbuf_leaf_212_clk/X
 clkbuf_leaf_213_clk/X
 clkbuf_leaf_214_clk/X
 clkbuf_leaf_215_clk/X
 clkbuf_leaf_216_clk/X
 clkbuf_leaf_217_clk/X
 clkbuf_leaf_218_clk/X
 clkbuf_leaf_219_clk/X
 clkbuf_leaf_21_clk/X
 clkbuf_leaf_220_clk/X
 clkbuf_leaf_221_clk/X
 clkbuf_leaf_222_clk/X
 clkbuf_leaf_223_clk/X
 clkbuf_leaf_224_clk/X
 clkbuf_leaf_225_clk/X
 clkbuf_leaf_226_clk/X
 clkbuf_leaf_227_clk/X
 clkbuf_leaf_228_clk/X
 clkbuf_leaf_229_clk/X
 clkbuf_leaf_22_clk/X
 clkbuf_leaf_230_clk/X
 clkbuf_leaf_231_clk/X
 clkbuf_leaf_232_clk/X
 clkbuf_leaf_233_clk/X
 clkbuf_leaf_235_clk/X
 clkbuf_leaf_236_clk/X
 clkbuf_leaf_237_clk/X
 clkbuf_leaf_238_clk/X
 clkbuf_leaf_239_clk/X
 clkbuf_leaf_23_clk/X
 clkbuf_leaf_240_clk/X
 clkbuf_leaf_241_clk/X
 clkbuf_leaf_242_clk/X
 clkbuf_leaf_243_clk/X
 clkbuf_leaf_244_clk/X
 clkbuf_leaf_245_clk/X
 clkbuf_leaf_246_clk/X
 clkbuf_leaf_247_clk/X
 clkbuf_leaf_248_clk/X
 clkbuf_leaf_249_clk/X
 clkbuf_leaf_24_clk/X
 clkbuf_leaf_250_clk/X
 clkbuf_leaf_251_clk/X
 clkbuf_leaf_252_clk/X
 clkbuf_leaf_253_clk/X
 clkbuf_leaf_254_clk/X
 clkbuf_leaf_255_clk/X
 clkbuf_leaf_256_clk/X
 clkbuf_leaf_257_clk/X
 clkbuf_leaf_258_clk/X
 clkbuf_leaf_259_clk/X
 clkbuf_leaf_25_clk/X
 clkbuf_leaf_260_clk/X
 clkbuf_leaf_261_clk/X
 clkbuf_leaf_262_clk/X
 clkbuf_leaf_263_clk/X
 clkbuf_leaf_264_clk/X
 clkbuf_leaf_265_clk/X
 clkbuf_leaf_266_clk/X
 clkbuf_leaf_267_clk/X
 clkbuf_leaf_268_clk/X
 clkbuf_leaf_269_clk/X
 clkbuf_leaf_26_clk/X
 clkbuf_leaf_27_clk/X
 clkbuf_leaf_28_clk/X
 clkbuf_leaf_29_clk/X
 clkbuf_leaf_2_clk/X
 clkbuf_leaf_30_clk/X
 clkbuf_leaf_31_clk/X
 clkbuf_leaf_32_clk/X
 clkbuf_leaf_33_clk/X
 clkbuf_leaf_34_clk/X
 clkbuf_leaf_35_clk/X
 clkbuf_leaf_36_clk/X
 clkbuf_leaf_37_clk/X
 clkbuf_leaf_38_clk/X
 clkbuf_leaf_39_clk/X
 clkbuf_leaf_3_clk/X
 clkbuf_leaf_40_clk/X
 clkbuf_leaf_41_clk/X
 clkbuf_leaf_42_clk/X
 clkbuf_leaf_43_clk/X
 clkbuf_leaf_44_clk/X
 clkbuf_leaf_45_clk/X
 clkbuf_leaf_46_clk/X
 clkbuf_leaf_47_clk/X
 clkbuf_leaf_48_clk/X
 clkbuf_leaf_49_clk/X
 clkbuf_leaf_4_clk/X
 clkbuf_leaf_50_clk/X
 clkbuf_leaf_51_clk/X
 clkbuf_leaf_52_clk/X
 clkbuf_leaf_53_clk/X
 clkbuf_leaf_54_clk/X
 clkbuf_leaf_55_clk/X
 clkbuf_leaf_56_clk/X
 clkbuf_leaf_57_clk/X
 clkbuf_leaf_58_clk/X
 clkbuf_leaf_59_clk/X
 clkbuf_leaf_5_clk/X
 clkbuf_leaf_60_clk/X
 clkbuf_leaf_61_clk/X
 clkbuf_leaf_62_clk/X
 clkbuf_leaf_63_clk/X
 clkbuf_leaf_64_clk/X
 clkbuf_leaf_65_clk/X
 clkbuf_leaf_66_clk/X
 clkbuf_leaf_67_clk/X
 clkbuf_leaf_68_clk/X
 clkbuf_leaf_69_clk/X
 clkbuf_leaf_6_clk/X
 clkbuf_leaf_70_clk/X
 clkbuf_leaf_71_clk/X
 clkbuf_leaf_72_clk/X
 clkbuf_leaf_73_clk/X
 clkbuf_leaf_74_clk/X
 clkbuf_leaf_75_clk/X
 clkbuf_leaf_76_clk/X
 clkbuf_leaf_77_clk/X
 clkbuf_leaf_78_clk/X
 clkbuf_leaf_79_clk/X
 clkbuf_leaf_7_clk/X
 clkbuf_leaf_80_clk/X
 clkbuf_leaf_81_clk/X
 clkbuf_leaf_82_clk/X
 clkbuf_leaf_83_clk/X
 clkbuf_leaf_84_clk/X
 clkbuf_leaf_85_clk/X
 clkbuf_leaf_86_clk/X
 clkbuf_leaf_87_clk/X
 clkbuf_leaf_88_clk/X
 clkbuf_leaf_89_clk/X
 clkbuf_leaf_8_clk/X
 clkbuf_leaf_90_clk/X
 clkbuf_leaf_91_clk/X
 clkbuf_leaf_92_clk/X
 clkbuf_leaf_93_clk/X
 clkbuf_leaf_94_clk/X
 clkbuf_leaf_95_clk/X
 clkbuf_leaf_96_clk/X
 clkbuf_leaf_97_clk/X
 clkbuf_leaf_98_clk/X
 clkbuf_leaf_99_clk/X
 clkbuf_leaf_9_clk/X
 fanout119/X
 input1/X
 max_cap118/X
 max_cap120/X
 max_cap121/X
 max_cap122/X
 max_cap123/X
 output10/X
 output100/X
 output101/X
 output102/X
 output103/X
 output104/X
 output105/X
 output106/X
 output107/X
 output108/X
 output109/X
 output11/X
 output110/X
 output111/X
 output112/X
 output113/X
 output12/X
 output13/X
 output14/X
 output15/X
 output16/X
 output17/X
 output18/X
 output19/X
 output2/X
 output20/X
 output21/X
 output22/X
 output23/X
 output24/X
 output25/X
 output26/X
 output27/X
 output28/X
 output29/X
 output3/X
 output30/X
 output31/X
 output32/X
 output33/X
 output34/X
 output35/X
 output36/X
 output37/X
 output38/X
 output39/X
 output4/X
 output40/X
 output41/X
 output42/X
 output43/X
 output44/X
 output45/X
 output46/X
 output47/X
 output48/X
 output49/X
 output5/X
 output50/X
 output51/X
 output52/X
 output53/X
 output54/X
 output55/X
 output56/X
 output57/X
 output58/X
 output59/X
 output6/X
 output60/X
 output61/X
 output62/X
 output63/X
 output64/X
 output65/X
 output66/X
 output67/X
 output68/X
 output69/X
 output7/X
 output70/X
 output71/X
 output72/X
 output73/X
 output74/X
 output75/X
 output76/X
 output77/X
 output78/X
 output79/X
 output8/X
 output80/X
 output81/X
 output82/X
 output83/X
 output84/X
 output85/X
 output86/X
 output87/X
 output88/X
 output89/X
 output9/X
 output90/X
 output91/X
 output92/X
 output93/X
 output94/X
 output95/X
 output96/X
 output97/X
 output98/X
 output99/X
 top_124/HI
 top_124/LO
 top_125/HI
 top_125/LO
 top_126/HI
 top_126/LO
 top_127/HI
 top_127/LO
 top_128/HI
 top_128/LO
 top_129/HI
 top_129/LO
 top_130/HI
 top_130/LO
 top_131/HI
 top_131/LO
 top_132/HI
 top_132/LO
 top_133/HI
 top_133/LO
 top_134/HI
 top_134/LO
 top_135/HI
 top_135/LO
 top_136/HI
 top_136/LO
 top_137/HI
 top_137/LO
 top_138/HI
 top_138/LO
 top_139/HI
 top_139/LO
 wire114/X
 wire115/X
 wire116/X
 wire117/X
Found 0 partially unannotated drivers.

===========================================================================
max slew violation count 0
max fanout violation count 76
max cap violation count 0
============================================================================

===========================================================================
check_setup -verbose -unconstrained_endpoints -multiple_clock -no_clock -no_input_delay -loops -generated_clocks
===========================================================================
Warning: There are 16 unconstrained endpoints.
  Instr_out[0]
  Instr_out[10]
  Instr_out[11]
  Instr_out[17]
  Instr_out[18]
  Instr_out[19]
  Instr_out[1]
  Instr_out[24]
  Instr_out[25]
  Instr_out[26]
  Instr_out[27]
  Instr_out[28]
  Instr_out[29]
  Instr_out[2]
  Instr_out[31]
  Instr_out[3]
