Instance name,  X location,  Y location,  Voltage 
output37, 485.94, 571.2, 0.00954913
FILLER_0_207_1049, 485.94, 571.2, 0.00954913
FILLER_0_205_1057, 485.94, 565.76, 0.00932041
FILLER_0_203_1057, 485.94, 560.32, 0.00931047
FILLER_0_201_1057, 485.94, 554.88, 0.00930582
FILLER_0_199_1057, 485.94, 549.44, 0.00931863
_08640_, 485.94, 544, 0.00933351
_08641_, 485.94, 544, 0.00933351
hold1811, 485.94, 544, 0.00933351
FILLER_0_196_1031, 485.94, 544, 0.00933351
FILLER_0_197_1057, 485.94, 544, 0.00933351
_08627_, 485.94, 538.56, 0.00938024
_08635_, 485.94, 538.56, 0.00938024
_15367_, 485.94, 538.56, 0.00938024
_15374_, 485.94, 538.56, 0.00938024
_17715_, 485.94, 538.56, 0.00938024
_17719_, 485.94, 538.56, 0.00938024
hold1831, 485.94, 533.12, 0.00937686
_08642_, 485.94, 527.68, 0.00936178
hold2065, 485.94, 527.68, 0.00936178
_08636_, 485.94, 522.24, 0.00941504
_08637_, 485.94, 522.24, 0.00941504
_15369_, 485.94, 522.24, 0.00941504
_17714_, 485.94, 522.24, 0.00941504
_17720_, 485.94, 522.24, 0.00941504
FILLER_0_189_1046, 485.94, 522.24, 0.00941504
FILLER_0_189_1053, 485.94, 522.24, 0.00941504
_17718_, 485.94, 516.8, 0.00942474
hold1323, 485.94, 516.8, 0.00942474
FILLER_0_186_1033, 485.94, 516.8, 0.00942474
FILLER_0_186_1037, 485.94, 516.8, 0.00942474
FILLER_0_187_1045, 485.94, 516.8, 0.00942474
_08629_, 485.94, 511.36, 0.00936723
_08718_, 485.94, 511.36, 0.00936723
hold1291, 485.94, 511.36, 0.00936723
FILLER_0_184_1033, 485.94, 511.36, 0.00936723
FILLER_0_184_1037, 485.94, 511.36, 0.00936723
FILLER_0_184_1045, 485.94, 511.36, 0.00936723
FILLER_0_185_1054, 485.94, 511.36, 0.00936723
_08719_, 485.94, 505.92, 0.0094141
_08721_, 485.94, 505.92, 0.0094141
_17672_, 485.94, 505.92, 0.0094141
_17673_, 485.94, 505.92, 0.0094141
hold1070, 485.94, 505.92, 0.0094141
FILLER_0_181_1032, 485.94, 505.92, 0.0094141
FILLER_0_182_1032, 485.94, 505.92, 0.0094141
_15323_, 485.94, 500.48, 0.00941212
_15324_, 485.94, 500.48, 0.00941212
FILLER_0_180_1033, 485.94, 500.48, 0.00941212
FILLER_0_180_1037, 485.94, 500.48, 0.00941212
FILLER_0_181_1057, 485.94, 500.48, 0.00941212
_08711_, 485.94, 495.04, 0.00948465
_15328_, 485.94, 495.04, 0.00948465
_15331_, 485.94, 495.04, 0.00948465
_17677_, 485.94, 495.04, 0.00948465
FILLER_0_177_1031, 485.94, 495.04, 0.00948465
FILLER_0_178_1037, 485.94, 495.04, 0.00948465
FILLER_0_178_1052, 485.94, 495.04, 0.00948465
FILLER_0_179_1057, 485.94, 495.04, 0.00948465
_17678_, 485.94, 489.6, 0.00951503
hold642, 485.94, 489.6, 0.00951503
hold1293, 485.94, 489.6, 0.00951503
_08709_, 485.94, 484.16, 0.00951507
_08716_, 485.94, 484.16, 0.00951507
_15325_, 485.94, 484.16, 0.00951507
_15329_, 485.94, 484.16, 0.00951507
_08390_, 485.94, 478.72, 0.00962656
_08391_, 485.94, 478.72, 0.00962656
_08398_, 485.94, 478.72, 0.00962656
_08399_, 485.94, 478.72, 0.00962656
_17837_, 485.94, 478.72, 0.00962656
hold602, 485.94, 478.72, 0.00962656
hold640, 485.94, 478.72, 0.00962656
FILLER_0_173_1057, 485.94, 478.72, 0.00962656
_08394_, 485.94, 473.28, 0.00976229
_15501_, 485.94, 473.28, 0.00976229
_15503_, 485.94, 473.28, 0.00976229
_15505_, 485.94, 473.28, 0.00976229
clkbuf_leaf_136_clk, 485.94, 473.28, 0.00976229
hold1292, 485.94, 473.28, 0.00976229
FILLER_0_170_1047, 485.94, 473.28, 0.00976229
_15508_, 485.94, 467.84, 0.00973212
FILLER_0_167_1037, 485.94, 467.84, 0.00973212
_08384_, 485.94, 462.4, 0.0098193
_08400_, 485.94, 462.4, 0.0098193
_08401_, 485.94, 462.4, 0.0098193
_17831_, 485.94, 462.4, 0.0098193
_17832_, 485.94, 462.4, 0.0098193
hold119, 485.94, 462.4, 0.0098193
hold699, 485.94, 462.4, 0.0098193
FILLER_0_167_1049, 485.94, 462.4, 0.0098193
_15500_, 485.94, 456.96, 0.00990355
FILLER_0_165_1049, 485.94, 456.96, 0.00990355
_08411_, 485.94, 451.52, 0.00994823
hold1144, 485.94, 451.52, 0.00994823
FILLER_0_162_1040, 485.94, 451.52, 0.00994823
FILLER_0_162_1056, 485.94, 451.52, 0.00994823
FILLER_0_163_1053, 485.94, 451.52, 0.00994823
_08408_, 485.94, 446.08, 0.0100244
_08410_, 485.94, 446.08, 0.0100244
_15493_, 485.94, 446.08, 0.0100244
_15494_, 485.94, 446.08, 0.0100244
_17828_, 485.94, 446.08, 0.0100244
hold1651, 485.94, 446.08, 0.0100244
FILLER_0_159_1043, 485.94, 446.08, 0.0100244
FILLER_0_160_1041, 485.94, 446.08, 0.0100244
FILLER_0_161_1050, 485.94, 446.08, 0.0100244
_08406_, 485.94, 440.64, 0.0100935
_08409_, 485.94, 440.64, 0.0100935
_15495_, 485.94, 440.64, 0.0100935
_15496_, 485.94, 440.64, 0.0100935
hold1229, 485.94, 440.64, 0.0100935
_08415_, 485.94, 435.2, 0.010042
_08422_, 485.94, 435.2, 0.010042
_15492_, 485.94, 435.2, 0.010042
_17825_, 485.94, 435.2, 0.010042
hold1228, 485.94, 435.2, 0.010042
FILLER_0_156_1045, 485.94, 435.2, 0.010042
_08417_, 485.94, 429.76, 0.010159
_15491_, 485.94, 429.76, 0.010159
_17824_, 485.94, 429.76, 0.010159
hold620, 485.94, 429.76, 0.010159
FILLER_0_153_1036, 485.94, 429.76, 0.010159
_08416_, 485.94, 424.32, 0.0101935
_17830_, 485.94, 424.32, 0.0101935
FILLER_0_153_1048, 485.94, 424.32, 0.0101935
FILLER_0_151_1054, 485.94, 418.88, 0.0101746
FILLER_0_148_1031, 485.94, 413.44, 0.0102761
FILLER_0_149_1057, 485.94, 413.44, 0.0102761
_08371_, 485.94, 402.56, 0.010302
_17847_, 485.94, 402.56, 0.010302
_08368_, 485.94, 397.12, 0.0103967
_08369_, 485.94, 397.12, 0.0103967
_08382_, 485.94, 397.12, 0.0103967
_15517_, 485.94, 397.12, 0.0103967
_17848_, 485.94, 397.12, 0.0103967
hold1881, 485.94, 397.12, 0.0103967
hold1924, 485.94, 397.12, 0.0103967
FILLER_0_142_1046, 485.94, 397.12, 0.0103967
FILLER_0_142_1057, 485.94, 397.12, 0.0103967
_15511_, 485.94, 391.68, 0.0103893
_08365_, 485.94, 386.24, 0.0103829
_08380_, 485.94, 386.24, 0.0103829
_08381_, 485.94, 386.24, 0.0103829
_15513_, 485.94, 386.24, 0.0103829
_17842_, 485.94, 386.24, 0.0103829
hold1931, 485.94, 386.24, 0.0103829
FILLER_0_139_1049, 485.94, 386.24, 0.0103829
_08364_, 485.94, 380.8, 0.0103401
_08377_, 485.94, 380.8, 0.0103401
_17844_, 485.94, 380.8, 0.0103401
_17850_, 485.94, 380.8, 0.0103401
hold970, 485.94, 380.8, 0.0103401
hold1979, 485.94, 380.8, 0.0103401
FILLER_0_135_1033, 485.94, 380.8, 0.0103401
_08376_, 485.94, 375.36, 0.0103349
_09266_, 485.94, 369.92, 0.0104092
_09267_, 485.94, 369.92, 0.0104092
hold214, 485.94, 369.92, 0.0104092
FILLER_0_132_1053, 485.94, 369.92, 0.0104092
FILLER_0_133_1054, 485.94, 369.92, 0.0104092
_15019_, 485.94, 364.48, 0.010393
_17394_, 485.94, 364.48, 0.010393
hold917, 485.94, 364.48, 0.010393
hold1747, 485.94, 364.48, 0.010393
FILLER_0_130_1033, 485.94, 364.48, 0.010393
FILLER_0_130_1057, 485.94, 364.48, 0.010393
_09274_, 485.94, 359.04, 0.010308
_09276_, 485.94, 359.04, 0.010308
_09277_, 485.94, 359.04, 0.010308
_15014_, 485.94, 359.04, 0.010308
_15015_, 485.94, 359.04, 0.010308
_15018_, 485.94, 359.04, 0.010308
hold1861, 485.94, 359.04, 0.010308
FILLER_0_127_1040, 485.94, 359.04, 0.010308
_15016_, 485.94, 353.6, 0.0102093
_17396_, 485.94, 353.6, 0.0102093
FILLER_0_127_1053, 485.94, 353.6, 0.0102093
_09272_, 485.94, 348.16, 0.0102682
_09273_, 485.94, 348.16, 0.0102682
hold199, 485.94, 348.16, 0.0102682
FILLER_0_122_1032, 485.94, 342.72, 0.0102345
_08849_, 485.94, 337.28, 0.0102454
_17605_, 485.94, 337.28, 0.0102454
_17608_, 485.94, 337.28, 0.0102454
FILLER_0_120_1033, 485.94, 337.28, 0.0102454
FILLER_0_121_1049, 485.94, 337.28, 0.0102454
_08854_, 485.94, 331.84, 0.0100466
_08855_, 485.94, 331.84, 0.0100466
_17609_, 485.94, 331.84, 0.0100466
hold382, 485.94, 331.84, 0.0100466
FILLER_0_117_1044, 485.94, 331.84, 0.0100466
FILLER_0_118_1033, 485.94, 331.84, 0.0100466
_08847_, 485.94, 326.4, 0.009949
_15247_, 485.94, 326.4, 0.009949
hold378, 485.94, 326.4, 0.009949
FILLER_0_117_1057, 485.94, 326.4, 0.009949
_17602_, 485.94, 320.96, 0.00980677
_17603_, 485.94, 320.96, 0.00980677
hold1956, 485.94, 320.96, 0.00980677
FILLER_0_113_1032, 485.94, 320.96, 0.00980677
FILLER_0_114_1033, 485.94, 320.96, 0.00980677
FILLER_0_114_1045, 485.94, 320.96, 0.00980677
FILLER_0_115_1056, 485.94, 320.96, 0.00980677
_08852_, 485.94, 315.52, 0.00968518
_08860_, 485.94, 315.52, 0.00968518
_08861_, 485.94, 315.52, 0.00968518
_08862_, 485.94, 315.52, 0.00968518
_15244_, 485.94, 315.52, 0.00968518
_15245_, 485.94, 315.52, 0.00968518
_15249_, 485.94, 315.52, 0.00968518
hold1928, 485.94, 315.52, 0.00968518
FILLER_0_112_1054, 485.94, 315.52, 0.00968518
_15283_, 485.94, 310.08, 0.00959055
FILLER_0_110_1032, 485.94, 310.08, 0.00959055
FILLER_0_111_1055, 485.94, 310.08, 0.00959055
_08785_, 485.94, 304.64, 0.00959363
_17638_, 485.94, 304.64, 0.00959363
_17640_, 485.94, 304.64, 0.00959363
FILLER_0_108_1040, 485.94, 304.64, 0.00959363
FILLER_0_109_1050, 485.94, 304.64, 0.00959363
_08784_, 485.94, 299.2, 0.00933319
_15286_, 485.94, 299.2, 0.00933319
_17635_, 485.94, 299.2, 0.00933319
hold993, 485.94, 299.2, 0.00933319
hold1911, 485.94, 299.2, 0.00933319
_08789_, 485.94, 293.76, 0.00918229
hold1056, 485.94, 293.76, 0.00918229
FILLER_0_105_1045, 485.94, 293.76, 0.00918229
FILLER_0_105_1053, 485.94, 293.76, 0.00918229
_15282_, 485.94, 288.32, 0.00907661
_17631_, 485.94, 288.32, 0.00907661
FILLER_0_103_1053, 485.94, 288.32, 0.00907661
_08786_, 485.94, 282.88, 0.00886106
_08787_, 485.94, 282.88, 0.00886106
_08799_, 485.94, 282.88, 0.00886106
_15285_, 485.94, 282.88, 0.00886106
_17633_, 485.94, 282.88, 0.00886106
hold1050, 485.94, 282.88, 0.00886106
_08288_, 485.94, 277.44, 0.00866839
_17884_, 485.94, 277.44, 0.00866839
FILLER_0_98_1049, 485.94, 277.44, 0.00866839
FILLER_0_99_1057, 485.94, 277.44, 0.00866839
_08296_, 485.94, 272, 0.00849654
_08297_, 485.94, 272, 0.00849654
_15558_, 485.94, 272, 0.00849654
_15562_, 485.94, 272, 0.00849654
_15564_, 485.94, 272, 0.00849654
hold1825, 485.94, 272, 0.00849654
FILLER_0_96_1056, 485.94, 272, 0.00849654
hold1787, 485.94, 266.56, 0.00834359
FILLER_0_94_1057, 485.94, 266.56, 0.00834359
FILLER_0_95_1055, 485.94, 266.56, 0.00834359
_08287_, 485.94, 261.12, 0.00816894
_08300_, 485.94, 261.12, 0.00816894
_15563_, 485.94, 261.12, 0.00816894
_17885_, 485.94, 261.12, 0.00816894
_17889_, 485.94, 261.12, 0.00816894
hold1647, 485.94, 261.12, 0.00816894
FILLER_0_92_1033, 485.94, 261.12, 0.00816894
_08294_, 485.94, 255.68, 0.00788078
_08295_, 485.94, 255.68, 0.00788078
_15554_, 485.94, 255.68, 0.00788078
_15556_, 485.94, 255.68, 0.00788078
_15559_, 485.94, 255.68, 0.00788078
FILLER_0_90_1045, 485.94, 255.68, 0.00788078
_08194_, 485.94, 250.24, 0.00769147
hold1604, 485.94, 250.24, 0.00769147
_08264_, 485.94, 244.8, 0.00745792
_08265_, 485.94, 244.8, 0.00745792
_15572_, 485.94, 244.8, 0.00745792
_15575_, 485.94, 244.8, 0.00745792
FILLER_0_85_1033, 485.94, 244.8, 0.00745792
FILLER_0_86_1057, 485.94, 244.8, 0.00745792
_08270_, 485.94, 239.36, 0.0072072
_08271_, 485.94, 239.36, 0.0072072
_15565_, 485.94, 239.36, 0.0072072
hold332, 485.94, 239.36, 0.0072072
FILLER_0_85_1055, 485.94, 239.36, 0.0072072
_08268_, 485.94, 233.92, 0.00695449
_08269_, 485.94, 233.92, 0.00695449
_15573_, 485.94, 233.92, 0.00695449
_17894_, 485.94, 233.92, 0.00695449
_17898_, 485.94, 233.92, 0.00695449
hold316, 485.94, 233.92, 0.00695449
FILLER_0_82_1033, 485.94, 233.92, 0.00695449
_08276_, 485.94, 228.48, 0.00670417
_08277_, 485.94, 228.48, 0.00670417
_15569_, 485.94, 228.48, 0.00670417
hold374, 485.94, 228.48, 0.00670417
FILLER_0_80_1031, 485.94, 228.48, 0.00670417
FILLER_0_80_1037, 485.94, 228.48, 0.00670417
FILLER_0_80_1051, 485.94, 228.48, 0.00670417
_08322_, 485.94, 223.04, 0.00647678
_17871_, 485.94, 223.04, 0.00647678
hold315, 485.94, 223.04, 0.00647678
hold1934, 485.94, 223.04, 0.00647678
FILLER_0_79_1054, 485.94, 223.04, 0.00647678
_08231_, 485.94, 217.6, 0.00626081
_08323_, 485.94, 217.6, 0.00626081
_15544_, 485.94, 217.6, 0.00626081
_17916_, 485.94, 217.6, 0.00626081
FILLER_0_76_1040, 485.94, 217.6, 0.00626081
FILLER_0_77_1054, 485.94, 217.6, 0.00626081
_15531_, 485.94, 212.16, 0.00598234
_15547_, 485.94, 212.16, 0.00598234
_17917_, 485.94, 212.16, 0.00598234
hold944, 485.94, 212.16, 0.00598234
FILLER_0_74_1037, 485.94, 212.16, 0.00598234
FILLER_0_74_1048, 485.94, 212.16, 0.00598234
_08245_, 485.94, 206.72, 0.00572241
_08316_, 485.94, 206.72, 0.00572241
_15576_, 485.94, 206.72, 0.00572241
_17910_, 485.94, 206.72, 0.00572241
FILLER_0_71_1033, 485.94, 206.72, 0.00572241
FILLER_0_71_1041, 485.94, 206.72, 0.00572241
FILLER_0_72_1049, 485.94, 206.72, 0.00572241
_17873_, 485.94, 201.28, 0.0054856
_17907_, 485.94, 201.28, 0.0054856
hold1169, 485.94, 201.28, 0.0054856
FILLER_0_70_1032, 485.94, 201.28, 0.0054856
FILLER_0_70_1045, 485.94, 201.28, 0.0054856
_08318_, 485.94, 195.84, 0.0052955
hold2064, 485.94, 195.84, 0.0052955
FILLER_0_68_1057, 485.94, 195.84, 0.0052955
FILLER_0_69_1053, 485.94, 195.84, 0.0052955
_17906_, 485.94, 190.4, 0.0049117
FILLER_0_65_1041, 485.94, 190.4, 0.0049117
FILLER_0_66_1031, 485.94, 190.4, 0.0049117
FILLER_0_66_1049, 485.94, 190.4, 0.0049117
FILLER_0_66_1057, 485.94, 190.4, 0.0049117
FILLER_0_67_1057, 485.94, 190.4, 0.0049117
_08253_, 485.94, 184.96, 0.00465431
hold1703, 485.94, 184.96, 0.00465431
FILLER_0_63_1033, 485.94, 184.96, 0.00465431
FILLER_0_64_1049, 485.94, 184.96, 0.00465431
_09090_, 485.94, 179.52, 0.00466897
_09091_, 485.94, 179.52, 0.00466897
_17487_, 485.94, 179.52, 0.00466897
clkbuf_leaf_186_clk, 485.94, 179.52, 0.00466897
_09086_, 485.94, 174.08, 0.00469664
_09098_, 485.94, 174.08, 0.00469664
_15119_, 485.94, 174.08, 0.00469664
_17489_, 485.94, 174.08, 0.00469664
hold308, 485.94, 174.08, 0.00469664
_15113_, 485.94, 168.64, 0.00470133
_15117_, 485.94, 168.64, 0.00470133
_17481_, 485.94, 168.64, 0.00470133
hold2055, 485.94, 168.64, 0.00470133
FILLER_0_58_1032, 485.94, 168.64, 0.00470133
FILLER_0_58_1037, 485.94, 168.64, 0.00470133
FILLER_0_58_1046, 485.94, 168.64, 0.00470133
FILLER_0_59_1053, 485.94, 168.64, 0.00470133
_09088_, 485.94, 163.2, 0.0047104
_09092_, 485.94, 163.2, 0.0047104
_17482_, 485.94, 163.2, 0.0047104
hold945, 485.94, 163.2, 0.0047104
hold1196, 485.94, 163.2, 0.0047104
FILLER_0_55_1042, 485.94, 163.2, 0.0047104
FILLER_0_57_1056, 485.94, 163.2, 0.0047104
_09094_, 485.94, 157.76, 0.00480369
_09095_, 485.94, 157.76, 0.00480369
_15116_, 485.94, 157.76, 0.00480369
_17485_, 485.94, 157.76, 0.00480369
hold1170, 485.94, 157.76, 0.00480369
FILLER_0_53_1034, 485.94, 157.76, 0.00480369
FILLER_0_54_1057, 485.94, 157.76, 0.00480369
FILLER_0_55_1049, 485.94, 157.76, 0.00480369
_15115_, 485.94, 152.32, 0.00479992
_17484_, 485.94, 152.32, 0.00479992
FILLER_0_52_1033, 485.94, 152.32, 0.00479992
_15171_, 485.94, 146.88, 0.00488026
_17533_, 485.94, 146.88, 0.00488026
FILLER_0_50_1032, 485.94, 146.88, 0.00488026
FILLER_0_50_1037, 485.94, 146.88, 0.00488026
FILLER_0_51_1057, 485.94, 146.88, 0.00488026
_08992_, 485.94, 141.44, 0.00487484
_08999_, 485.94, 141.44, 0.00487484
_15168_, 485.94, 141.44, 0.00487484
_17534_, 485.94, 141.44, 0.00487484
_17540_, 485.94, 141.44, 0.00487484
hold1469, 485.94, 141.44, 0.00487484
FILLER_0_48_1048, 485.94, 141.44, 0.00487484
FILLER_0_49_1053, 485.94, 141.44, 0.00487484
_08996_, 485.94, 136, 0.00484264
_17538_, 485.94, 136, 0.00484264
hold1644, 485.94, 136, 0.00484264
FILLER_0_46_1033, 485.94, 136, 0.00484264
FILLER_0_46_1041, 485.94, 136, 0.00484264
_15173_, 485.94, 130.56, 0.00491381
_17539_, 485.94, 130.56, 0.00491381
clkbuf_leaf_190_clk, 485.94, 130.56, 0.00491381
FILLER_0_43_1036, 485.94, 130.56, 0.00491381
FILLER_0_44_1037, 485.94, 130.56, 0.00491381
FILLER_0_45_1049, 485.94, 130.56, 0.00491381
_15172_, 485.94, 125.12, 0.00498425
_17532_, 485.94, 125.12, 0.00498425
_17537_, 485.94, 125.12, 0.00498425
hold1136, 485.94, 125.12, 0.00498425
_08990_, 485.94, 119.68, 0.0049113
_09000_, 485.94, 119.68, 0.0049113
hold732, 485.94, 119.68, 0.0049113
hold2114, 485.94, 119.68, 0.0049113
_08131_, 485.94, 114.24, 0.00496239
_15650_, 485.94, 114.24, 0.00496239
_17967_, 485.94, 114.24, 0.00496239
FILLER_0_37_1033, 485.94, 114.24, 0.00496239
FILLER_0_38_1037, 485.94, 114.24, 0.00496239
FILLER_0_38_1050, 485.94, 114.24, 0.00496239
FILLER_0_39_1055, 485.94, 114.24, 0.00496239
_17965_, 485.94, 108.8, 0.00502611
hold150, 485.94, 108.8, 0.00502611
hold352, 485.94, 108.8, 0.00502611
FILLER_0_36_1033, 485.94, 108.8, 0.00502611
FILLER_0_36_1037, 485.94, 108.8, 0.00502611
_08135_, 485.94, 103.36, 0.00497996
_15135_, 485.94, 103.36, 0.00497996
_15648_, 485.94, 103.36, 0.00497996
_17964_, 485.94, 103.36, 0.00497996
hold721, 485.94, 103.36, 0.00497996
FILLER_0_33_1040, 485.94, 103.36, 0.00497996
FILLER_0_34_1049, 485.94, 103.36, 0.00497996
FILLER_0_35_1047, 485.94, 103.36, 0.00497996
FILLER_0_35_1053, 485.94, 103.36, 0.00497996
_09044_, 485.94, 97.92, 0.00504592
hold319, 485.94, 97.92, 0.00504592
FILLER_0_32_1057, 485.94, 97.92, 0.00504592
_08143_, 485.94, 92.48, 0.00503945
_09052_, 485.94, 92.48, 0.00503945
_17970_, 485.94, 92.48, 0.00503945
hold373, 485.94, 92.48, 0.00503945
FILLER_0_31_1048, 485.94, 92.48, 0.00503945
_08125_, 485.94, 87.04, 0.00498663
_08007_, 485.94, 81.6, 0.00506743
_08021_, 485.94, 81.6, 0.00506743
hold685, 485.94, 81.6, 0.00506743
FILLER_0_26_1044, 485.94, 81.6, 0.00506743
FILLER_0_27_1057, 485.94, 81.6, 0.00506743
_08006_, 485.94, 76.16, 0.00517405
_08020_, 485.94, 76.16, 0.00517405
_15718_, 485.94, 76.16, 0.00517405
_18022_, 485.94, 76.16, 0.00517405
clkbuf_5_21__f_clk, 485.94, 76.16, 0.00517405
hold1730, 485.94, 76.16, 0.00517405
_08011_, 485.94, 70.72, 0.00500165
_15711_, 485.94, 70.72, 0.00500165
_18027_, 485.94, 70.72, 0.00500165
FILLER_0_21_1038, 485.94, 70.72, 0.00500165
_08014_, 485.94, 65.28, 0.00497475
_08015_, 485.94, 65.28, 0.00497475
_15710_, 485.94, 65.28, 0.00497475
_15714_, 485.94, 65.28, 0.00497475
_15716_, 485.94, 65.28, 0.00497475
_18025_, 485.94, 65.28, 0.00497475
hold202, 485.94, 65.28, 0.00497475
FILLER_0_19_1031, 485.94, 65.28, 0.00497475
FILLER_0_20_1037, 485.94, 65.28, 0.00497475
FILLER_0_21_1049, 485.94, 65.28, 0.00497475
FILLER_0_21_1055, 485.94, 65.28, 0.00497475
_08023_, 485.94, 59.84, 0.00499872
_18021_, 485.94, 59.84, 0.00499872
hold543, 485.94, 59.84, 0.00499872
FILLER_0_17_1056, 485.94, 54.4, 0.00492562
_07990_, 485.94, 48.96, 0.00499297
_07991_, 485.94, 48.96, 0.00499297
_07992_, 485.94, 48.96, 0.00499297
_15727_, 485.94, 48.96, 0.00499297
_18037_, 485.94, 48.96, 0.00499297
hold170, 485.94, 48.96, 0.00499297
hold412, 485.94, 48.96, 0.00499297
_07998_, 485.94, 43.52, 0.00494221
_08002_, 485.94, 43.52, 0.00494221
_18031_, 485.94, 43.52, 0.00494221
hold375, 485.94, 43.52, 0.00494221
FILLER_0_11_1033, 485.94, 43.52, 0.00494221
FILLER_0_12_1048, 485.94, 43.52, 0.00494221
FILLER_0_13_1056, 485.94, 43.52, 0.00494221
_07986_, 485.94, 38.08, 0.00496115
_08003_, 485.94, 38.08, 0.00496115
_15721_, 485.94, 38.08, 0.00496115
clkbuf_leaf_200_clk, 485.94, 38.08, 0.00496115
_07994_, 485.94, 32.64, 0.00488321
_07995_, 485.94, 32.64, 0.00488321
_18032_, 485.94, 32.64, 0.00488321
hold429, 485.94, 32.64, 0.00488321
hold509, 485.94, 32.64, 0.00488321
FILLER_0_9_1052, 485.94, 32.64, 0.00488321
_15725_, 485.94, 27.2, 0.00487378
_18034_, 485.94, 27.2, 0.00487378
FILLER_0_6_1049, 485.94, 27.2, 0.00487378
FILLER_0_5_1057, 485.94, 21.76, 0.00485927
FILLER_0_3_1057, 485.94, 16.32, 0.00488667
output27, 485.94, 10.88, 0.00529201
ANTENNA_14, 485.94, 10.88, 0.00529201
FILLER_0_1_1057, 485.94, 10.88, 0.00529201
output97, 332.34, 576.64, 0.00838444
FILLER_0_207_701, 332.34, 576.64, 0.00838444
FILLER_0_205_721, 332.34, 565.76, 0.00823979
FILLER_0_203_721, 332.34, 560.32, 0.00823533
FILLER_0_201_721, 332.34, 554.88, 0.00823617
FILLER_0_199_721, 332.34, 549.44, 0.00824949
FILLER_0_197_721, 332.34, 544, 0.0082693
FILLER_0_195_721, 332.34, 538.56, 0.00832108
FILLER_0_193_721, 332.34, 533.12, 0.00835103
_09638_, 332.34, 527.68, 0.00837005
hold417, 332.34, 527.68, 0.00837005
FILLER_0_190_697, 332.34, 527.68, 0.00837005
FILLER_0_190_701, 332.34, 527.68, 0.00837005
FILLER_0_191_721, 332.34, 527.68, 0.00837005
_09626_, 332.34, 522.24, 0.00841383
_09627_, 332.34, 522.24, 0.00841383
_09641_, 332.34, 522.24, 0.00841383
_09643_, 332.34, 522.24, 0.00841383
_14813_, 332.34, 522.24, 0.00841383
hold1189, 332.34, 522.24, 0.00841383
FILLER_0_189_711, 332.34, 522.24, 0.00841383
FILLER_0_189_719, 332.34, 522.24, 0.00841383
_09640_, 332.34, 516.8, 0.00836066
_14812_, 332.34, 516.8, 0.00836066
_14819_, 332.34, 516.8, 0.00836066
_17212_, 332.34, 516.8, 0.00836066
hold1965, 332.34, 516.8, 0.00836066
FILLER_0_186_724, 332.34, 516.8, 0.00836066
_09624_, 332.34, 511.36, 0.00835768
_09632_, 332.34, 511.36, 0.00835768
_14820_, 332.34, 511.36, 0.00835768
hold398, 332.34, 511.36, 0.00835768
FILLER_0_184_705, 332.34, 511.36, 0.00835768
FILLER_0_185_721, 332.34, 511.36, 0.00835768
_09633_, 332.34, 505.92, 0.00843278
_14816_, 332.34, 505.92, 0.00843278
_17216_, 332.34, 505.92, 0.00843278
hold635, 332.34, 505.92, 0.00843278
FILLER_0_182_721, 332.34, 505.92, 0.00843278
hold592, 332.34, 500.48, 0.0084273
_09694_, 332.34, 495.04, 0.00845418
_09695_, 332.34, 495.04, 0.00845418
hold575, 332.34, 495.04, 0.00845418
FILLER_0_179_718, 332.34, 495.04, 0.00845418
_09698_, 332.34, 489.6, 0.00852413
_14780_, 332.34, 489.6, 0.00852413
_14782_, 332.34, 489.6, 0.00852413
clkbuf_leaf_112_clk, 332.34, 489.6, 0.00852413
FILLER_0_176_704, 332.34, 489.6, 0.00852413
FILLER_0_176_712, 332.34, 489.6, 0.00852413
FILLER_0_177_721, 332.34, 489.6, 0.00852413
_14777_, 332.34, 484.16, 0.00854441
_14786_, 332.34, 484.16, 0.00854441
_17182_, 332.34, 484.16, 0.00854441
hold2027, 332.34, 484.16, 0.00854441
FILLER_0_174_701, 332.34, 484.16, 0.00854441
FILLER_0_175_712, 332.34, 484.16, 0.00854441
_09685_, 332.34, 478.72, 0.0086768
_09686_, 332.34, 478.72, 0.0086768
_09687_, 332.34, 478.72, 0.0086768
_09690_, 332.34, 478.72, 0.0086768
_14787_, 332.34, 478.72, 0.0086768
hold1197, 332.34, 478.72, 0.0086768
hold1625, 332.34, 478.72, 0.0086768
FILLER_0_172_723, 332.34, 478.72, 0.0086768
FILLER_0_173_723, 332.34, 478.72, 0.0086768
_09684_, 332.34, 473.28, 0.00880766
_14784_, 332.34, 473.28, 0.00880766
_17181_, 332.34, 473.28, 0.00880766
FILLER_0_170_716, 332.34, 473.28, 0.00880766
FILLER_0_171_714, 332.34, 473.28, 0.00880766
FILLER_0_171_722, 332.34, 473.28, 0.00880766
clkbuf_5_26__f_clk, 332.34, 467.84, 0.00899146
FILLER_0_167_709, 332.34, 467.84, 0.00899146
FILLER_0_168_713, 332.34, 467.84, 0.00899146
_09558_, 332.34, 462.4, 0.00904184
_14854_, 332.34, 462.4, 0.00904184
_14859_, 332.34, 462.4, 0.00904184
_17253_, 332.34, 462.4, 0.00904184
_17256_, 332.34, 462.4, 0.00904184
hold1854, 332.34, 462.4, 0.00904184
FILLER_0_165_704, 332.34, 462.4, 0.00904184
_09554_, 332.34, 456.96, 0.00908047
_09555_, 332.34, 456.96, 0.00908047
_09559_, 332.34, 456.96, 0.00908047
_14857_, 332.34, 456.96, 0.00908047
_17252_, 332.34, 456.96, 0.00908047
hold1020, 332.34, 456.96, 0.00908047
FILLER_0_165_722, 332.34, 456.96, 0.00908047
_09561_, 332.34, 451.52, 0.00918373
FILLER_0_162_697, 332.34, 451.52, 0.00918373
_09556_, 332.34, 446.08, 0.00928211
_09557_, 332.34, 446.08, 0.00928211
_14858_, 332.34, 446.08, 0.00928211
_17254_, 332.34, 446.08, 0.00928211
hold962, 332.34, 446.08, 0.00928211
FILLER_0_160_701, 332.34, 446.08, 0.00928211
FILLER_0_161_721, 332.34, 446.08, 0.00928211
_09544_, 332.34, 440.64, 0.00944563
_14863_, 332.34, 440.64, 0.00944563
_17260_, 332.34, 440.64, 0.00944563
hold1565, 332.34, 440.64, 0.00944563
_09546_, 332.34, 435.2, 0.00951797
_09547_, 332.34, 435.2, 0.00951797
clkbuf_leaf_109_clk, 332.34, 435.2, 0.00951797
hold1541, 332.34, 435.2, 0.00951797
FILLER_0_155_721, 332.34, 429.76, 0.00955334
_15980_, 332.34, 424.32, 0.00972431
hold2208, 332.34, 424.32, 0.00972431
FILLER_0_151_707, 332.34, 424.32, 0.00972431
FILLER_0_152_701, 332.34, 424.32, 0.00972431
FILLER_0_153_720, 332.34, 424.32, 0.00972431
_07876_, 332.34, 418.88, 0.00984904
_12864_, 332.34, 418.88, 0.00984904
_13443_, 332.34, 418.88, 0.00984904
_15790_, 332.34, 418.88, 0.00984904
_18094_, 332.34, 418.88, 0.00984904
FILLER_0_149_699, 332.34, 418.88, 0.00984904
FILLER_0_150_721, 332.34, 418.88, 0.00984904
_07875_, 332.34, 413.44, 0.0100057
_12560_, 332.34, 413.44, 0.0100057
_13075_, 332.34, 413.44, 0.0100057
_13303_, 332.34, 413.44, 0.0100057
_15854_, 332.34, 413.44, 0.0100057
hold99, 332.34, 413.44, 0.0100057
FILLER_0_148_701, 332.34, 413.44, 0.0100057
FILLER_0_149_720, 332.34, 413.44, 0.0100057
_12562_, 332.34, 408, 0.0102256
_12859_, 332.34, 408, 0.0102256
_15982_, 332.34, 408, 0.0102256
hold100, 332.34, 408, 0.0102256
FILLER_0_145_701, 332.34, 408, 0.0102256
FILLER_0_146_701, 332.34, 408, 0.0102256
_12860_, 332.34, 402.56, 0.0101057
FILLER_0_145_721, 332.34, 402.56, 0.0101057
_12794_, 332.34, 397.12, 0.0102026
_12798_, 332.34, 397.12, 0.0102026
_13479_, 332.34, 397.12, 0.0102026
_13481_, 332.34, 397.12, 0.0102026
hold2218, 332.34, 397.12, 0.0102026
FILLER_0_142_697, 332.34, 397.12, 0.0102026
FILLER_0_143_724, 332.34, 397.12, 0.0102026
_12109_, 332.34, 391.68, 0.0102694
_12793_, 332.34, 391.68, 0.0102694
_12797_, 332.34, 391.68, 0.0102694
_16012_, 332.34, 391.68, 0.0102694
hold2228, 332.34, 391.68, 0.0102694
FILLER_0_139_702, 332.34, 391.68, 0.0102694
FILLER_0_141_716, 332.34, 391.68, 0.0102694
_12108_, 332.34, 386.24, 0.0104149
_12110_, 332.34, 386.24, 0.0104149
FILLER_0_138_701, 332.34, 386.24, 0.0104149
FILLER_0_138_724, 332.34, 386.24, 0.0104149
_11987_, 332.34, 380.8, 0.0105954
_12101_, 332.34, 380.8, 0.0105954
_12102_, 332.34, 380.8, 0.0105954
_12135_, 332.34, 380.8, 0.0105954
_12580_, 332.34, 380.8, 0.0105954
_12583_, 332.34, 380.8, 0.0105954
FILLER_0_135_697, 332.34, 380.8, 0.0105954
FILLER_0_136_707, 332.34, 380.8, 0.0105954
FILLER_0_137_712, 332.34, 380.8, 0.0105954
_12257_, 332.34, 375.36, 0.0104983
_12316_, 332.34, 375.36, 0.0104983
_12575_, 332.34, 375.36, 0.0104983
FILLER_0_134_705, 332.34, 375.36, 0.0104983
FILLER_0_134_713, 332.34, 375.36, 0.0104983
FILLER_0_134_719, 332.34, 375.36, 0.0104983
FILLER_0_135_718, 332.34, 375.36, 0.0104983
_12261_, 332.34, 369.92, 0.0106897
_12262_, 332.34, 369.92, 0.0106897
_12263_, 332.34, 369.92, 0.0106897
FILLER_0_132_723, 332.34, 369.92, 0.0106897
FILLER_0_133_718, 332.34, 369.92, 0.0106897
_12315_, 332.34, 364.48, 0.0107009
clkbuf_5_24__f_clk, 332.34, 364.48, 0.0107009
FILLER_0_130_713, 332.34, 364.48, 0.0107009
FILLER_0_131_718, 332.34, 364.48, 0.0107009
_12304_, 332.34, 359.04, 0.0106556
_12552_, 332.34, 359.04, 0.0106556
_12570_, 332.34, 359.04, 0.0106556
FILLER_0_128_701, 332.34, 359.04, 0.0106556
FILLER_0_128_719, 332.34, 359.04, 0.0106556
_12111_, 332.34, 353.6, 0.0104821
_12307_, 332.34, 353.6, 0.0104821
_12569_, 332.34, 353.6, 0.0104821
FILLER_0_125_709, 332.34, 353.6, 0.0104821
FILLER_0_126_701, 332.34, 353.6, 0.0104821
FILLER_0_126_709, 332.34, 353.6, 0.0104821
FILLER_0_127_716, 332.34, 353.6, 0.0104821
_12107_, 332.34, 348.16, 0.0104023
_12300_, 332.34, 348.16, 0.0104023
_12568_, 332.34, 348.16, 0.0104023
_12104_, 332.34, 342.72, 0.0103212
_12105_, 332.34, 342.72, 0.0103212
_12106_, 332.34, 342.72, 0.0103212
_12306_, 332.34, 342.72, 0.0103212
_12574_, 332.34, 342.72, 0.0103212
_16045_, 332.34, 342.72, 0.0103212
hold2188, 332.34, 342.72, 0.0103212
FILLER_0_122_723, 332.34, 342.72, 0.0103212
_12305_, 332.34, 337.28, 0.0106051
_12861_, 332.34, 337.28, 0.0106051
_13115_, 332.34, 337.28, 0.0106051
FILLER_0_120_713, 332.34, 337.28, 0.0106051
_07877_, 332.34, 331.84, 0.0102494
_12862_, 332.34, 331.84, 0.0102494
_15981_, 332.34, 331.84, 0.0102494
FILLER_0_119_724, 332.34, 331.84, 0.0102494
_13126_, 332.34, 326.4, 0.0103854
_15789_, 332.34, 326.4, 0.0103854
ANTENNA_27, 332.34, 326.4, 0.0103854
FILLER_0_116_716, 332.34, 326.4, 0.0103854
_16017_, 332.34, 320.96, 0.0101367
FILLER_0_113_709, 332.34, 320.96, 0.0101367
FILLER_0_114_701, 332.34, 320.96, 0.0101367
_12009_, 332.34, 315.52, 0.0101429
_12786_, 332.34, 315.52, 0.0101429
_12787_, 332.34, 315.52, 0.0101429
_12985_, 332.34, 315.52, 0.0101429
hold2222, 332.34, 315.52, 0.0101429
FILLER_0_112_701, 332.34, 315.52, 0.0101429
_12015_, 332.34, 310.08, 0.0100083
_12523_, 332.34, 310.08, 0.0100083
_13072_, 332.34, 310.08, 0.0100083
_15857_, 332.34, 310.08, 0.0100083
FILLER_0_111_723, 332.34, 310.08, 0.0100083
_07868_, 332.34, 304.64, 0.0100834
_12524_, 332.34, 304.64, 0.0100834
_12852_, 332.34, 304.64, 0.0100834
_13299_, 332.34, 304.64, 0.0100834
_13306_, 332.34, 304.64, 0.0100834
FILLER_0_109_723, 332.34, 304.64, 0.0100834
_12853_, 332.34, 299.2, 0.00992885
_18097_, 332.34, 299.2, 0.00992885
FILLER_0_106_701, 332.34, 299.2, 0.00992885
FILLER_0_107_723, 332.34, 299.2, 0.00992885
_07869_, 332.34, 293.76, 0.00970193
_11959_, 332.34, 293.76, 0.00970193
_15793_, 332.34, 293.76, 0.00970193
FILLER_0_105_724, 332.34, 293.76, 0.00970193
_11974_, 332.34, 288.32, 0.00971436
_13382_, 332.34, 288.32, 0.00971436
hold50, 332.34, 288.32, 0.00971436
hold2236, 332.34, 288.32, 0.00971436
FILLER_0_102_710, 332.34, 288.32, 0.00971436
FILLER_0_103_724, 332.34, 288.32, 0.00971436
_11994_, 332.34, 282.88, 0.00947284
_12478_, 332.34, 282.88, 0.00947284
_13068_, 332.34, 282.88, 0.00947284
_15861_, 332.34, 282.88, 0.00947284
FILLER_0_99_697, 332.34, 282.88, 0.00947284
_07860_, 332.34, 277.44, 0.00899047
_07861_, 332.34, 277.44, 0.00899047
_12477_, 332.34, 277.44, 0.00899047
hold2268, 332.34, 277.44, 0.00899047
FILLER_0_98_722, 332.34, 277.44, 0.00899047
FILLER_0_99_719, 332.34, 277.44, 0.00899047
_12844_, 332.34, 272, 0.00883546
_12845_, 332.34, 272, 0.00883546
_15797_, 332.34, 272, 0.00883546
_15989_, 332.34, 272, 0.00883546
clkbuf_leaf_165_clk, 332.34, 272, 0.00883546
FILLER_0_97_724, 332.34, 272, 0.00883546
_11964_, 332.34, 266.56, 0.00872527
FILLER_0_94_701, 332.34, 266.56, 0.00872527
_12369_, 332.34, 261.12, 0.00877397
_13317_, 332.34, 261.12, 0.00877397
hold25, 332.34, 261.12, 0.00877397
FILLER_0_92_709, 332.34, 261.12, 0.00877397
FILLER_0_93_720, 332.34, 261.12, 0.00877397
FILLER_0_89_709, 332.34, 255.68, 0.00803141
_12371_, 332.34, 250.24, 0.00764166
_12976_, 332.34, 250.24, 0.00764166
_15928_, 332.34, 250.24, 0.00764166
hold61, 332.34, 250.24, 0.00764166
FILLER_0_87_708, 332.34, 250.24, 0.00764166
_12366_, 332.34, 244.8, 0.00731954
_12367_, 332.34, 244.8, 0.00731954
_13064_, 332.34, 244.8, 0.00731954
_13385_, 332.34, 244.8, 0.00731954
hold41, 332.34, 244.8, 0.00731954
FILLER_0_86_701, 332.34, 244.8, 0.00731954
_12442_, 332.34, 239.36, 0.00711659
_12838_, 332.34, 239.36, 0.00711659
_12839_, 332.34, 239.36, 0.00711659
_13315_, 332.34, 239.36, 0.00711659
_15864_, 332.34, 239.36, 0.00711659
FILLER_0_83_703, 332.34, 239.36, 0.00711659
FILLER_0_84_721, 332.34, 239.36, 0.00711659
FILLER_0_85_722, 332.34, 239.36, 0.00711659
_12441_, 332.34, 233.92, 0.00652966
FILLER_0_82_701, 332.34, 233.92, 0.00652966
FILLER_0_83_718, 332.34, 233.92, 0.00652966
_07854_, 332.34, 228.48, 0.00620906
_15800_, 332.34, 228.48, 0.00620906
FILLER_0_81_720, 332.34, 228.48, 0.00620906
_07856_, 332.34, 223.04, 0.00581462
_18103_, 332.34, 223.04, 0.00581462
hold2226, 332.34, 223.04, 0.00581462
FILLER_0_79_723, 332.34, 223.04, 0.00581462
_07857_, 332.34, 217.6, 0.00545005
_15799_, 332.34, 217.6, 0.00545005
_18102_, 332.34, 217.6, 0.00545005
clkbuf_leaf_231_clk, 332.34, 217.6, 0.00545005
FILLER_0_75_698, 332.34, 217.6, 0.00545005
FILLER_0_76_701, 332.34, 217.6, 0.00545005
_12469_, 332.34, 212.16, 0.00498989
_15798_, 332.34, 212.16, 0.00498989
FILLER_0_74_718, 332.34, 212.16, 0.00498989
_13413_, 332.34, 206.72, 0.00458333
_13417_, 332.34, 206.72, 0.00458333
clkbuf_5_18__f_clk, 332.34, 206.72, 0.00458333
hold2133, 332.34, 206.72, 0.00458333
FILLER_0_73_717, 332.34, 206.72, 0.00458333
_12914_, 332.34, 201.28, 0.00408786
_12915_, 332.34, 201.28, 0.00408786
_12916_, 332.34, 201.28, 0.00408786
_15958_, 332.34, 201.28, 0.00408786
hold2130, 332.34, 201.28, 0.00408786
_11328_, 332.34, 195.84, 0.00361564
_11339_, 332.34, 195.84, 0.00361564
_13875_, 332.34, 195.84, 0.00361564
_16363_, 332.34, 195.84, 0.00361564
FILLER_0_67_698, 332.34, 195.84, 0.00361564
FILLER_0_69_718, 332.34, 195.84, 0.00361564
_16370_, 332.34, 190.4, 0.00299762
hold286, 332.34, 190.4, 0.00299762
hold1092, 332.34, 190.4, 0.00299762
FILLER_0_67_719, 332.34, 190.4, 0.00299762
_13867_, 332.34, 184.96, 0.00252165
_16364_, 332.34, 184.96, 0.00252165
_16367_, 332.34, 184.96, 0.00252165
hold171, 332.34, 184.96, 0.00252165
FILLER_0_63_697, 332.34, 184.96, 0.00252165
FILLER_0_63_705, 332.34, 184.96, 0.00252165
FILLER_0_64_709, 332.34, 184.96, 0.00252165
FILLER_0_65_717, 332.34, 184.96, 0.00252165
_11331_, 332.34, 179.52, 0.00259412
_13874_, 332.34, 179.52, 0.00259412
FILLER_0_62_697, 332.34, 179.52, 0.00259412
FILLER_0_62_713, 332.34, 179.52, 0.00259412
_16444_, 332.34, 174.08, 0.00291637
_16448_, 332.34, 174.08, 0.00291637
hold1778, 332.34, 174.08, 0.00291637
FILLER_0_61_721, 332.34, 174.08, 0.00291637
_11170_, 332.34, 168.64, 0.0030031
_13963_, 332.34, 168.64, 0.0030031
hold175, 332.34, 168.64, 0.0030031
hold445, 332.34, 168.64, 0.0030031
FILLER_0_59_721, 332.34, 168.64, 0.0030031
_13962_, 332.34, 163.2, 0.00315696
_16445_, 332.34, 163.2, 0.00315696
FILLER_0_57_723, 332.34, 163.2, 0.00315696
_11175_, 332.34, 157.76, 0.00339378
_11256_, 332.34, 157.76, 0.00339378
_11262_, 332.34, 157.76, 0.00339378
_16443_, 332.34, 157.76, 0.00339378
hold1338, 332.34, 157.76, 0.00339378
hold1939, 332.34, 157.76, 0.00339378
FILLER_0_54_709, 332.34, 157.76, 0.00339378
FILLER_0_55_721, 332.34, 157.76, 0.00339378
_11253_, 332.34, 152.32, 0.00346867
_13917_, 332.34, 152.32, 0.00346867
_16406_, 332.34, 152.32, 0.00346867
hold1310, 332.34, 152.32, 0.00346867
FILLER_0_51_706, 332.34, 152.32, 0.00346867
hold789, 332.34, 146.88, 0.00364956
FILLER_0_51_724, 332.34, 146.88, 0.00364956
_13911_, 332.34, 141.44, 0.00378908
_13918_, 332.34, 141.44, 0.00378908
_13921_, 332.34, 141.44, 0.00378908
_16407_, 332.34, 141.44, 0.00378908
hold1378, 332.34, 141.44, 0.00378908
FILLER_0_48_701, 332.34, 141.44, 0.00378908
_11248_, 332.34, 136, 0.00381864
_11250_, 332.34, 136, 0.00381864
_11251_, 332.34, 136, 0.00381864
hold1430, 332.34, 136, 0.00381864
FILLER_0_47_722, 332.34, 136, 0.00381864
FILLER_0_43_709, 332.34, 130.56, 0.00394075
FILLER_0_45_717, 332.34, 130.56, 0.00394075
_10219_, 332.34, 125.12, 0.00408747
_16926_, 332.34, 125.12, 0.00408747
hold729, 332.34, 125.12, 0.00408747
FILLER_0_42_697, 332.34, 125.12, 0.00408747
FILLER_0_43_724, 332.34, 125.12, 0.00408747
_10214_, 332.34, 119.68, 0.00406683
_10215_, 332.34, 119.68, 0.00406683
_10218_, 332.34, 119.68, 0.00406683
_14493_, 332.34, 119.68, 0.00406683
_16925_, 332.34, 119.68, 0.00406683
hold1280, 332.34, 119.68, 0.00406683
hold1472, 332.34, 119.68, 0.00406683
FILLER_0_39_700, 332.34, 119.68, 0.00406683
FILLER_0_39_721, 332.34, 114.24, 0.00417314
_14489_, 332.34, 108.8, 0.00429927
_16895_, 332.34, 108.8, 0.00429927
_16921_, 332.34, 108.8, 0.00429927
FILLER_0_36_701, 332.34, 108.8, 0.00429927
FILLER_0_36_710, 332.34, 108.8, 0.00429927
FILLER_0_37_721, 332.34, 108.8, 0.00429927
_10222_, 332.34, 103.36, 0.00427247
_10223_, 332.34, 103.36, 0.00427247
hold126, 332.34, 103.36, 0.00427247
hold830, 332.34, 103.36, 0.00427247
FILLER_0_34_715, 332.34, 103.36, 0.00427247
_10155_, 332.34, 97.92, 0.0043389
_16955_, 332.34, 97.92, 0.0043389
clkbuf_leaf_217_clk, 332.34, 97.92, 0.0043389
FILLER_0_31_697, 332.34, 97.92, 0.0043389
FILLER_0_32_701, 332.34, 97.92, 0.0043389
FILLER_0_32_711, 332.34, 97.92, 0.0043389
FILLER_0_33_721, 332.34, 97.92, 0.0043389
_10154_, 332.34, 92.48, 0.00432057
_16953_, 332.34, 92.48, 0.00432057
hold253, 332.34, 92.48, 0.00432057
FILLER_0_31_723, 332.34, 92.48, 0.00432057
_10146_, 332.34, 87.04, 0.00439533
_10149_, 332.34, 87.04, 0.00439533
_10158_, 332.34, 87.04, 0.00439533
_10159_, 332.34, 87.04, 0.00439533
_10162_, 332.34, 87.04, 0.00439533
_14522_, 332.34, 87.04, 0.00439533
_14524_, 332.34, 87.04, 0.00439533
_14526_, 332.34, 87.04, 0.00439533
_14529_, 332.34, 87.04, 0.00439533
hold584, 332.34, 87.04, 0.00439533
_10148_, 332.34, 81.6, 0.00436101
_16957_, 332.34, 81.6, 0.00436101
hold526, 332.34, 81.6, 0.00436101
FILLER_0_25_706, 332.34, 81.6, 0.00436101
FILLER_0_27_718, 332.34, 81.6, 0.00436101
_10145_, 332.34, 76.16, 0.00445871
_10151_, 332.34, 76.16, 0.00445871
_14528_, 332.34, 76.16, 0.00445871
_14531_, 332.34, 76.16, 0.00445871
_16954_, 332.34, 76.16, 0.00445871
_16960_, 332.34, 76.16, 0.00445871
FILLER_0_25_720, 332.34, 76.16, 0.00445871
_10156_, 332.34, 70.72, 0.00439298
_10157_, 332.34, 70.72, 0.00439298
_14525_, 332.34, 70.72, 0.00439298
FILLER_0_22_701, 332.34, 70.72, 0.00439298
FILLER_0_23_722, 332.34, 70.72, 0.00439298
_10310_, 332.34, 65.28, 0.00437389
_10311_, 332.34, 65.28, 0.00437389
_10317_, 332.34, 65.28, 0.00437389
_14433_, 332.34, 65.28, 0.00437389
_16874_, 332.34, 65.28, 0.00437389
hold1694, 332.34, 65.28, 0.00437389
FILLER_0_20_701, 332.34, 65.28, 0.00437389
FILLER_0_21_711, 332.34, 65.28, 0.00437389
FILLER_0_21_721, 332.34, 65.28, 0.00437389
_10322_, 332.34, 59.84, 0.00434657
_14434_, 332.34, 59.84, 0.00434657
_14437_, 332.34, 59.84, 0.00434657
_14443_, 332.34, 59.84, 0.00434657
_16877_, 332.34, 59.84, 0.00434657
hold1593, 332.34, 59.84, 0.00434657
FILLER_0_18_724, 332.34, 59.84, 0.00434657
_10304_, 332.34, 54.4, 0.00431581
_10309_, 332.34, 54.4, 0.00431581
_14441_, 332.34, 54.4, 0.00431581
_16871_, 332.34, 54.4, 0.00431581
hold785, 332.34, 54.4, 0.00431581
hold2122, 332.34, 54.4, 0.00431581
_10323_, 332.34, 48.96, 0.00434134
_16878_, 332.34, 48.96, 0.00434134
clkbuf_leaf_213_clk, 332.34, 48.96, 0.00434134
_10320_, 332.34, 43.52, 0.00430027
_14442_, 332.34, 43.52, 0.00430027
_16875_, 332.34, 43.52, 0.00430027
FILLER_0_11_701, 332.34, 43.52, 0.00430027
FILLER_0_12_701, 332.34, 43.52, 0.00430027
FILLER_0_12_723, 332.34, 43.52, 0.00430027
FILLER_0_13_719, 332.34, 43.52, 0.00430027
_10306_, 332.34, 38.08, 0.00432739
_16872_, 332.34, 38.08, 0.00432739
_16876_, 332.34, 38.08, 0.00432739
hold1453, 332.34, 38.08, 0.00432739
_10313_, 332.34, 32.64, 0.00422849
_10315_, 332.34, 32.64, 0.00422849
_10321_, 332.34, 32.64, 0.00422849
_14435_, 332.34, 32.64, 0.00422849
hold783, 332.34, 32.64, 0.00422849
FILLER_0_7_697, 332.34, 32.64, 0.00422849
FILLER_0_6_697, 332.34, 27.2, 0.00423498
FILLER_0_7_718, 332.34, 27.2, 0.00423498
FILLER_0_5_721, 332.34, 21.76, 0.00421653
FILLER_0_3_721, 332.34, 16.32, 0.00423299
output107, 332.34, 10.88, 0.00461417
FILLER_0_0_697, 332.34, 10.88, 0.00461417
FILLER_0_0_701, 332.34, 10.88, 0.00461417
FILLER_0_1_721, 332.34, 10.88, 0.00461417
output91, 178.74, 576.64, 0.00620625
FILLER_0_207_365, 178.74, 576.64, 0.00620625
FILLER_0_205_385, 178.74, 565.76, 0.00610831
FILLER_0_203_385, 178.74, 560.32, 0.00609701
FILLER_0_201_385, 178.74, 554.88, 0.00608708
FILLER_0_199_385, 178.74, 549.44, 0.00608575
FILLER_0_197_385, 178.74, 544, 0.0060844
FILLER_0_194_389, 178.74, 538.56, 0.00611128
FILLER_0_195_385, 178.74, 538.56, 0.00611128
FILLER_0_192_389, 178.74, 533.12, 0.00611591
FILLER_0_193_385, 178.74, 533.12, 0.00611591
_10581_, 178.74, 527.68, 0.00614014
_11072_, 178.74, 527.68, 0.00614014
_11082_, 178.74, 527.68, 0.00614014
_14017_, 178.74, 527.68, 0.00614014
_16742_, 178.74, 527.68, 0.00614014
clkbuf_leaf_81_clk, 178.74, 527.68, 0.00614014
hold511, 178.74, 527.68, 0.00614014
FILLER_0_190_377, 178.74, 527.68, 0.00614014
FILLER_0_191_385, 178.74, 527.68, 0.00614014
_11078_, 178.74, 522.24, 0.00610446
hold926, 178.74, 522.24, 0.00610446
hold1155, 178.74, 522.24, 0.00610446
FILLER_0_188_388, 178.74, 522.24, 0.00610446
_11079_, 178.74, 516.8, 0.00608264
_14014_, 178.74, 516.8, 0.00608264
_14016_, 178.74, 516.8, 0.00608264
_16495_, 178.74, 516.8, 0.00608264
FILLER_0_185_373, 178.74, 516.8, 0.00608264
FILLER_0_186_365, 178.74, 516.8, 0.00608264
FILLER_0_187_388, 178.74, 516.8, 0.00608264
_11074_, 178.74, 511.36, 0.00608509
_11075_, 178.74, 511.36, 0.00608509
_14021_, 178.74, 511.36, 0.00608509
_11066_, 178.74, 505.92, 0.00610216
_14019_, 178.74, 505.92, 0.00610216
_14020_, 178.74, 505.92, 0.00610216
_16497_, 178.74, 505.92, 0.00610216
_16498_, 178.74, 505.92, 0.00610216
hold174, 178.74, 505.92, 0.00610216
_11069_, 178.74, 500.48, 0.00606419
_16492_, 178.74, 500.48, 0.00606419
_11133_, 178.74, 495.04, 0.00604111
clkbuf_leaf_79_clk, 178.74, 495.04, 0.00604111
hold715, 178.74, 495.04, 0.00604111
FILLER_0_179_381, 178.74, 495.04, 0.00604111
FILLER_0_179_389, 178.74, 495.04, 0.00604111
_11134_, 178.74, 489.6, 0.00606717
_11135_, 178.74, 489.6, 0.00606717
_16529_, 178.74, 489.6, 0.00606717
hold338, 178.74, 489.6, 0.00606717
FILLER_0_176_379, 178.74, 489.6, 0.00606717
FILLER_0_177_386, 178.74, 489.6, 0.00606717
_11006_, 178.74, 484.16, 0.00626799
_11014_, 178.74, 484.16, 0.00626799
_14053_, 178.74, 484.16, 0.00626799
_16525_, 178.74, 484.16, 0.00626799
clkbuf_5_14__f_clk, 178.74, 484.16, 0.00626799
FILLER_0_174_377, 178.74, 484.16, 0.00626799
_11015_, 178.74, 478.72, 0.00644677
_14044_, 178.74, 478.72, 0.00644677
_14049_, 178.74, 478.72, 0.00644677
FILLER_0_172_371, 178.74, 478.72, 0.00644677
_11018_, 178.74, 473.28, 0.00656095
_11019_, 178.74, 473.28, 0.00656095
_14047_, 178.74, 473.28, 0.00656095
hold1000, 178.74, 473.28, 0.00656095
hold1012, 178.74, 473.28, 0.00656095
_11121_, 178.74, 467.84, 0.00677545
_16472_, 178.74, 467.84, 0.00677545
FILLER_0_167_369, 178.74, 467.84, 0.00677545
FILLER_0_168_377, 178.74, 467.84, 0.00677545
FILLER_0_169_383, 178.74, 467.84, 0.00677545
_11114_, 178.74, 462.4, 0.00695078
_11120_, 178.74, 462.4, 0.00695078
_13994_, 178.74, 462.4, 0.00695078
_16475_, 178.74, 462.4, 0.00695078
hold1864, 178.74, 462.4, 0.00695078
_11106_, 178.74, 456.96, 0.00706233
_11115_, 178.74, 456.96, 0.00706233
_13996_, 178.74, 456.96, 0.00706233
_13998_, 178.74, 456.96, 0.00706233
_16474_, 178.74, 456.96, 0.00706233
hold978, 178.74, 456.96, 0.00706233
FILLER_0_164_380, 178.74, 456.96, 0.00706233
FILLER_0_165_388, 178.74, 456.96, 0.00706233
_11108_, 178.74, 451.52, 0.00726127
_16480_, 178.74, 451.52, 0.00726127
hold988, 178.74, 451.52, 0.00726127
hold1688, 178.74, 451.52, 0.00726127
FILLER_0_161_376, 178.74, 451.52, 0.00726127
FILLER_0_163_383, 178.74, 451.52, 0.00726127
_11105_, 178.74, 446.08, 0.00736638
_13999_, 178.74, 446.08, 0.00736638
FILLER_0_161_389, 178.74, 446.08, 0.00736638
_11031_, 178.74, 440.64, 0.00759361
_16516_, 178.74, 440.64, 0.00759361
FILLER_0_158_365, 178.74, 440.64, 0.00759361
FILLER_0_158_373, 178.74, 440.64, 0.00759361
FILLER_0_159_385, 178.74, 440.64, 0.00759361
_11030_, 178.74, 435.2, 0.0077101
_11033_, 178.74, 435.2, 0.0077101
_14033_, 178.74, 435.2, 0.0077101
_14040_, 178.74, 435.2, 0.0077101
_16520_, 178.74, 435.2, 0.0077101
hold1884, 178.74, 435.2, 0.0077101
_11025_, 178.74, 429.76, 0.0078484
_14036_, 178.74, 429.76, 0.0078484
_14039_, 178.74, 429.76, 0.0078484
_16512_, 178.74, 429.76, 0.0078484
hold178, 178.74, 429.76, 0.0078484
_11029_, 178.74, 424.32, 0.00797313
_11041_, 178.74, 424.32, 0.00797313
_14041_, 178.74, 424.32, 0.00797313
_16518_, 178.74, 424.32, 0.00797313
FILLER_0_151_376, 178.74, 424.32, 0.00797313
FILLER_0_153_379, 178.74, 424.32, 0.00797313
_11043_, 178.74, 418.88, 0.00813405
_14038_, 178.74, 418.88, 0.00813405
_16511_, 178.74, 418.88, 0.00813405
clkbuf_leaf_94_clk, 178.74, 418.88, 0.00813405
hold821, 178.74, 418.88, 0.00813405
FILLER_0_150_376, 178.74, 418.88, 0.00813405
FILLER_0_151_384, 178.74, 418.88, 0.00813405
_11036_, 178.74, 413.44, 0.00833376
_14037_, 178.74, 413.44, 0.00833376
hold1543, 178.74, 413.44, 0.00833376
FILLER_0_148_368, 178.74, 413.44, 0.00833376
FILLER_0_145_376, 178.74, 408, 0.00853795
FILLER_0_147_385, 178.74, 408, 0.00853795
_12931_, 178.74, 402.56, 0.00855
_13409_, 178.74, 402.56, 0.00855
_15950_, 178.74, 402.56, 0.00855
FILLER_0_143_384, 178.74, 397.12, 0.0086725
_10768_, 178.74, 391.68, 0.00874009
_10769_, 178.74, 391.68, 0.00874009
hold1454, 178.74, 391.68, 0.00874009
FILLER_0_140_368, 178.74, 391.68, 0.00874009
FILLER_0_141_385, 178.74, 391.68, 0.00874009
_10772_, 178.74, 386.24, 0.0089091
_10773_, 178.74, 386.24, 0.0089091
_10774_, 178.74, 386.24, 0.0089091
_14185_, 178.74, 386.24, 0.0089091
hold1904, 178.74, 386.24, 0.0089091
hold2125, 178.74, 386.24, 0.0089091
FILLER_0_139_389, 178.74, 386.24, 0.0089091
FILLER_0_137_386, 178.74, 380.8, 0.00913779
_10782_, 178.74, 375.36, 0.00915587
_15944_, 178.74, 375.36, 0.00915587
hold1440, 178.74, 375.36, 0.00915587
FILLER_0_134_375, 178.74, 375.36, 0.00915587
FILLER_0_135_381, 178.74, 375.36, 0.00915587
FILLER_0_135_389, 178.74, 375.36, 0.00915587
_10776_, 178.74, 369.92, 0.00920878
_12943_, 178.74, 369.92, 0.00920878
_15943_, 178.74, 369.92, 0.00920878
hold1646, 178.74, 369.92, 0.00920878
FILLER_0_132_376, 178.74, 369.92, 0.00920878
FILLER_0_133_381, 178.74, 369.92, 0.00920878
_10859_, 178.74, 364.48, 0.00936737
_12945_, 178.74, 364.48, 0.00936737
_14136_, 178.74, 364.48, 0.00936737
hold471, 178.74, 364.48, 0.00936737
FILLER_0_131_382, 178.74, 364.48, 0.00936737
FILLER_0_131_389, 178.74, 364.48, 0.00936737
_10858_, 178.74, 359.04, 0.0093642
_16603_, 178.74, 359.04, 0.0093642
hold1006, 178.74, 359.04, 0.0093642
FILLER_0_129_382, 178.74, 359.04, 0.0093642
_10850_, 178.74, 353.6, 0.00941217
_14140_, 178.74, 353.6, 0.00941217
_15942_, 178.74, 353.6, 0.00941217
_16604_, 178.74, 353.6, 0.00941217
hold798, 178.74, 353.6, 0.00941217
FILLER_0_127_389, 178.74, 353.6, 0.00941217
_10854_, 178.74, 348.16, 0.00942482
_10856_, 178.74, 348.16, 0.00942482
_10857_, 178.74, 348.16, 0.00942482
hold442, 178.74, 348.16, 0.00942482
FILLER_0_124_368, 178.74, 348.16, 0.00942482
FILLER_0_124_387, 178.74, 348.16, 0.00942482
_10844_, 178.74, 342.72, 0.00934014
hold710, 178.74, 342.72, 0.00934014
FILLER_0_123_388, 178.74, 342.72, 0.00934014
_12686_, 178.74, 337.28, 0.009577
_12687_, 178.74, 337.28, 0.009577
_13408_, 178.74, 337.28, 0.009577
_15949_, 178.74, 337.28, 0.009577
FILLER_0_119_367, 178.74, 337.28, 0.009577
FILLER_0_120_377, 178.74, 337.28, 0.009577
FILLER_0_121_383, 178.74, 337.28, 0.009577
_10832_, 178.74, 331.84, 0.00937495
_12932_, 178.74, 331.84, 0.00937495
_12933_, 178.74, 331.84, 0.00937495
hold1233, 178.74, 331.84, 0.00937495
FILLER_0_118_374, 178.74, 331.84, 0.00937495
_12716_, 178.74, 320.96, 0.00935788
_14154_, 178.74, 320.96, 0.00935788
_16034_, 178.74, 320.96, 0.00935788
FILLER_0_114_377, 178.74, 320.96, 0.00935788
FILLER_0_115_389, 178.74, 320.96, 0.00935788
_10825_, 178.74, 315.52, 0.00932468
_10826_, 178.74, 315.52, 0.00932468
_12715_, 178.74, 315.52, 0.00932468
_16033_, 178.74, 315.52, 0.00932468
hold565, 178.74, 315.52, 0.00932468
FILLER_0_113_383, 178.74, 315.52, 0.00932468
_16032_, 178.74, 310.08, 0.00916989
_12722_, 178.74, 304.64, 0.00930169
_16031_, 178.74, 304.64, 0.00930169
clkbuf_leaf_33_clk, 178.74, 304.64, 0.00930169
FILLER_0_108_377, 178.74, 304.64, 0.00930169
FILLER_0_109_381, 178.74, 304.64, 0.00930169
_10908_, 178.74, 299.2, 0.00914667
_10909_, 178.74, 299.2, 0.00914667
_10914_, 178.74, 299.2, 0.00914667
_12728_, 178.74, 299.2, 0.00914667
hold1558, 178.74, 299.2, 0.00914667
FILLER_0_105_363, 178.74, 299.2, 0.00914667
FILLER_0_106_389, 178.74, 299.2, 0.00914667
FILLER_0_107_385, 178.74, 299.2, 0.00914667
_10923_, 178.74, 293.76, 0.00906574
_14108_, 178.74, 293.76, 0.00906574
_16571_, 178.74, 293.76, 0.00906574
_16578_, 178.74, 293.76, 0.00906574
hold196, 178.74, 293.76, 0.00906574
hold630, 178.74, 293.76, 0.00906574
FILLER_0_105_388, 178.74, 293.76, 0.00906574
_10922_, 178.74, 288.32, 0.00906684
_14101_, 178.74, 288.32, 0.00906684
FILLER_0_102_365, 178.74, 288.32, 0.00906684
FILLER_0_102_373, 178.74, 288.32, 0.00906684
_10910_, 178.74, 282.88, 0.0088271
_14106_, 178.74, 282.88, 0.0088271
_14107_, 178.74, 282.88, 0.0088271
hold762, 178.74, 282.88, 0.0088271
FILLER_0_99_372, 178.74, 282.88, 0.0088271
_10912_, 178.74, 277.44, 0.00862151
_10913_, 178.74, 277.44, 0.00862151
_10921_, 178.74, 277.44, 0.00862151
_14102_, 178.74, 277.44, 0.00862151
_16572_, 178.74, 277.44, 0.00862151
_16576_, 178.74, 277.44, 0.00862151
FILLER_0_98_365, 178.74, 277.44, 0.00862151
FILLER_0_99_388, 178.74, 277.44, 0.00862151
_09926_, 178.74, 266.56, 0.00842164
hold1356, 178.74, 266.56, 0.00842164
FILLER_0_94_365, 178.74, 266.56, 0.00842164
_14653_, 178.74, 261.12, 0.00833084
FILLER_0_93_386, 178.74, 261.12, 0.00833084
_18072_, 178.74, 255.68, 0.00793497
FILLER_0_89_373, 178.74, 255.68, 0.00793497
FILLER_0_90_377, 178.74, 255.68, 0.00793497
FILLER_0_91_381, 178.74, 255.68, 0.00793497
FILLER_0_91_389, 178.74, 255.68, 0.00793497
_07921_, 178.74, 250.24, 0.00777535
_07922_, 178.74, 250.24, 0.00777535
_07923_, 178.74, 250.24, 0.00777535
_09936_, 178.74, 250.24, 0.00777535
_15765_, 178.74, 250.24, 0.00777535
_18071_, 178.74, 250.24, 0.00777535
hold623, 178.74, 250.24, 0.00777535
hold679, 178.74, 250.24, 0.00777535
FILLER_0_87_388, 178.74, 244.8, 0.00758795
_09812_, 178.74, 239.36, 0.00741758
_09821_, 178.74, 239.36, 0.00741758
clkbuf_leaf_23_clk, 178.74, 239.36, 0.00741758
hold337, 178.74, 239.36, 0.00741758
FILLER_0_84_377, 178.74, 239.36, 0.00741758
FILLER_0_84_385, 178.74, 239.36, 0.00741758
FILLER_0_85_381, 178.74, 239.36, 0.00741758
FILLER_0_85_389, 178.74, 239.36, 0.00741758
_09820_, 178.74, 233.92, 0.00707769
_14712_, 178.74, 233.92, 0.00707769
_14716_, 178.74, 233.92, 0.00707769
_14718_, 178.74, 233.92, 0.00707769
_17122_, 178.74, 233.92, 0.00707769
hold122, 178.74, 233.92, 0.00707769
_14710_, 178.74, 228.48, 0.00686341
_14711_, 178.74, 228.48, 0.00686341
_17124_, 178.74, 228.48, 0.00686341
hold1562, 178.74, 228.48, 0.00686341
FILLER_0_81_387, 178.74, 228.48, 0.00686341
_14715_, 178.74, 223.04, 0.00661008
_14717_, 178.74, 223.04, 0.00661008
_14720_, 178.74, 223.04, 0.00661008
hold743, 178.74, 223.04, 0.00661008
hold1628, 178.74, 223.04, 0.00661008
FILLER_0_79_383, 178.74, 223.04, 0.00661008
_09814_, 178.74, 217.6, 0.00645893
_09815_, 178.74, 217.6, 0.00645893
_17125_, 178.74, 217.6, 0.00645893
hold1374, 178.74, 217.6, 0.00645893
FILLER_0_77_388, 178.74, 217.6, 0.00645893
_09810_, 178.74, 212.16, 0.00613549
_09811_, 178.74, 212.16, 0.00613549
hold1376, 178.74, 212.16, 0.00613549
FILLER_0_74_365, 178.74, 212.16, 0.00613549
FILLER_0_74_372, 178.74, 212.16, 0.00613549
FILLER_0_74_384, 178.74, 212.16, 0.00613549
_09765_, 178.74, 206.72, 0.00588242
FILLER_0_71_370, 178.74, 206.72, 0.00588242
FILLER_0_73_389, 178.74, 206.72, 0.00588242
_09764_, 178.74, 201.28, 0.00572021
_14734_, 178.74, 201.28, 0.00572021
_17141_, 178.74, 201.28, 0.00572021
_17150_, 178.74, 201.28, 0.00572021
FILLER_0_69_368, 178.74, 201.28, 0.00572021
FILLER_0_70_389, 178.74, 201.28, 0.00572021
FILLER_0_71_388, 178.74, 201.28, 0.00572021
_09783_, 178.74, 195.84, 0.00547662
_14733_, 178.74, 195.84, 0.00547662
_14742_, 178.74, 195.84, 0.00547662
FILLER_0_68_365, 178.74, 195.84, 0.00547662
FILLER_0_68_373, 178.74, 195.84, 0.00547662
FILLER_0_68_385, 178.74, 195.84, 0.00547662
_14732_, 178.74, 190.4, 0.00511806
FILLER_0_67_387, 178.74, 190.4, 0.00511806
_09767_, 178.74, 184.96, 0.00491367
_09774_, 178.74, 184.96, 0.00491367
_09777_, 178.74, 184.96, 0.00491367
_09779_, 178.74, 184.96, 0.00491367
_14736_, 178.74, 184.96, 0.00491367
_14741_, 178.74, 184.96, 0.00491367
_17144_, 178.74, 184.96, 0.00491367
_17149_, 178.74, 184.96, 0.00491367
hold728, 178.74, 184.96, 0.00491367
_17143_, 178.74, 179.52, 0.0048408
FILLER_0_62_365, 178.74, 179.52, 0.0048408
_09744_, 178.74, 174.08, 0.00486532
clkbuf_leaf_240_clk, 178.74, 174.08, 0.00486532
hold809, 178.74, 174.08, 0.00486532
FILLER_0_60_376, 178.74, 174.08, 0.00486532
FILLER_0_61_381, 178.74, 174.08, 0.00486532
FILLER_0_61_389, 178.74, 174.08, 0.00486532
_09754_, 178.74, 168.64, 0.00479624
_17107_, 178.74, 168.64, 0.00479624
hold1361, 178.74, 168.64, 0.00479624
FILLER_0_58_368, 178.74, 168.64, 0.00479624
FILLER_0_59_383, 178.74, 168.64, 0.00479624
_09762_, 178.74, 163.2, 0.00473117
_09851_, 178.74, 163.2, 0.00473117
_17109_, 178.74, 163.2, 0.00473117
hold1308, 178.74, 163.2, 0.00473117
FILLER_0_55_375, 178.74, 163.2, 0.00473117
FILLER_0_56_365, 178.74, 163.2, 0.00473117
_09756_, 178.74, 157.76, 0.00468028
_09847_, 178.74, 157.76, 0.00468028
_14747_, 178.74, 157.76, 0.00468028
hold344, 178.74, 157.76, 0.00468028
FILLER_0_54_368, 178.74, 157.76, 0.00468028
FILLER_0_55_383, 178.74, 157.76, 0.00468028
_17110_, 178.74, 152.32, 0.00466021
clkbuf_leaf_241_clk, 178.74, 152.32, 0.00466021
FILLER_0_53_387, 178.74, 152.32, 0.00466021
_17108_, 178.74, 146.88, 0.00462779
FILLER_0_50_377, 178.74, 146.88, 0.00462779
FILLER_0_51_385, 178.74, 146.88, 0.00462779
FILLER_0_49_384, 178.74, 141.44, 0.00460663
FILLER_0_47_387, 178.74, 136, 0.00452801
_11932_, 178.74, 130.56, 0.00451169
hold953, 178.74, 130.56, 0.00451169
FILLER_0_44_365, 178.74, 130.56, 0.00451169
FILLER_0_45_385, 178.74, 130.56, 0.00451169
_11939_, 178.74, 125.12, 0.00450249
_13536_, 178.74, 125.12, 0.00450249
_16063_, 178.74, 125.12, 0.00450249
hold861, 178.74, 125.12, 0.00450249
FILLER_0_43_384, 178.74, 125.12, 0.00450249
_11936_, 178.74, 119.68, 0.00439225
_13537_, 178.74, 119.68, 0.00439225
_16064_, 178.74, 119.68, 0.00439225
FILLER_0_39_374, 178.74, 119.68, 0.00439225
FILLER_0_40_385, 178.74, 119.68, 0.00439225
_11934_, 178.74, 114.24, 0.00436704
_11935_, 178.74, 114.24, 0.00436704
hold1400, 178.74, 114.24, 0.00436704
FILLER_0_37_373, 178.74, 114.24, 0.00436704
FILLER_0_39_387, 178.74, 114.24, 0.00436704
_16065_, 178.74, 108.8, 0.00433301
_16067_, 178.74, 108.8, 0.00433301
hold1057, 178.74, 108.8, 0.00433301
hold1815, 178.74, 108.8, 0.00433301
FILLER_0_37_386, 178.74, 108.8, 0.00433301
_11930_, 178.74, 103.36, 0.00424291
_11931_, 178.74, 103.36, 0.00424291
_13540_, 178.74, 103.36, 0.00424291
clkbuf_leaf_258_clk, 178.74, 103.36, 0.00424291
FILLER_0_35_386, 178.74, 103.36, 0.00424291
_11758_, 178.74, 97.92, 0.00418235
_16154_, 178.74, 97.92, 0.00418235
hold1132, 178.74, 97.92, 0.00418235
FILLER_0_32_365, 178.74, 97.92, 0.00418235
_11744_, 178.74, 92.48, 0.0040764
_11745_, 178.74, 92.48, 0.0040764
_11757_, 178.74, 92.48, 0.0040764
_13636_, 178.74, 92.48, 0.0040764
_13642_, 178.74, 92.48, 0.0040764
hold1195, 178.74, 92.48, 0.0040764
FILLER_0_31_382, 178.74, 92.48, 0.0040764
_11747_, 178.74, 87.04, 0.00413222
_11749_, 178.74, 87.04, 0.00413222
_11752_, 178.74, 87.04, 0.00413222
clkbuf_5_4__f_clk, 178.74, 87.04, 0.00413222
hold983, 178.74, 87.04, 0.00413222
FILLER_0_28_365, 178.74, 87.04, 0.00413222
_11763_, 178.74, 81.6, 0.00397442
_13641_, 178.74, 81.6, 0.00397442
hold1483, 178.74, 81.6, 0.00397442
FILLER_0_27_385, 178.74, 81.6, 0.00397442
_11751_, 178.74, 76.16, 0.00394882
_11761_, 178.74, 76.16, 0.00394882
_11762_, 178.74, 76.16, 0.00394882
_13633_, 178.74, 76.16, 0.00394882
_16157_, 178.74, 76.16, 0.00394882
hold1673, 178.74, 76.16, 0.00394882
_13634_, 178.74, 70.72, 0.00376819
_16152_, 178.74, 70.72, 0.00376819
FILLER_0_23_383, 178.74, 70.72, 0.00376819
_11767_, 178.74, 65.28, 0.00375621
_11778_, 178.74, 65.28, 0.00375621
_11779_, 178.74, 65.28, 0.00375621
_11780_, 178.74, 65.28, 0.00375621
_13624_, 178.74, 65.28, 0.00375621
_16143_, 178.74, 65.28, 0.00375621
hold207, 178.74, 65.28, 0.00375621
hold579, 178.74, 65.28, 0.00375621
FILLER_0_19_369, 178.74, 65.28, 0.00375621
FILLER_0_21_382, 178.74, 65.28, 0.00375621
_16147_, 178.74, 59.84, 0.00359835
FILLER_0_18_377, 178.74, 59.84, 0.00359835
_11782_, 178.74, 54.4, 0.00351254
_11783_, 178.74, 54.4, 0.00351254
FILLER_0_15_374, 178.74, 54.4, 0.00351254
FILLER_0_17_385, 178.74, 54.4, 0.00351254
_11773_, 178.74, 48.96, 0.00340687
_13622_, 178.74, 48.96, 0.00340687
_16141_, 178.74, 48.96, 0.00340687
_16146_, 178.74, 48.96, 0.00340687
hold182, 178.74, 48.96, 0.00340687
hold519, 178.74, 48.96, 0.00340687
FILLER_0_15_389, 178.74, 48.96, 0.00340687
_13627_, 178.74, 43.52, 0.00332972
FILLER_0_13_383, 178.74, 43.52, 0.00332972
FILLER_0_10_389, 178.74, 38.08, 0.0032622
FILLER_0_11_385, 178.74, 38.08, 0.0032622
FILLER_0_9_385, 178.74, 32.64, 0.00308584
FILLER_0_7_385, 178.74, 27.2, 0.00306733
FILLER_0_5_385, 178.74, 21.76, 0.00304792
FILLER_0_3_385, 178.74, 16.32, 0.00305241
top_129, 178.74, 10.88, 0.00331133
FILLER_0_0_382, 178.74, 10.88, 0.00331133
FILLER_0_1_385, 178.74, 10.88, 0.00331133
FILLER_0_207_47, 25.14, 571.2, 0.00377727
FILLER_0_205_51, 25.14, 565.76, 0.00354089
FILLER_0_203_51, 25.14, 560.32, 0.00349841
FILLER_0_201_51, 25.14, 554.88, 0.00344626
FILLER_0_199_45, 25.14, 549.44, 0.0034286
FILLER_0_199_53, 25.14, 549.44, 0.0034286
FILLER_0_197_51, 25.14, 544, 0.00331055
FILLER_0_195_51, 25.14, 538.56, 0.00322769
FILLER_0_193_51, 25.14, 533.12, 0.0031793
FILLER_0_190_53, 25.14, 527.68, 0.00306095
FILLER_0_191_51, 25.14, 527.68, 0.00306095
FILLER_0_188_53, 25.14, 522.24, 0.00292703
FILLER_0_189_51, 25.14, 522.24, 0.00292703
FILLER_0_187_51, 25.14, 516.8, 0.00278626
FILLER_0_184_53, 25.14, 511.36, 0.00269357
FILLER_0_185_51, 25.14, 511.36, 0.00269357
FILLER_0_182_53, 25.14, 505.92, 0.00249807
FILLER_0_183_51, 25.14, 505.92, 0.00249807
_09490_, 25.14, 500.48, 0.0022896
_09491_, 25.14, 500.48, 0.0022896
_17287_, 25.14, 500.48, 0.0022896
hold629, 25.14, 500.48, 0.0022896
FILLER_0_179_33, 25.14, 500.48, 0.0022896
FILLER_0_180_41, 25.14, 500.48, 0.0022896
FILLER_0_181_51, 25.14, 500.48, 0.0022896
_17288_, 25.14, 495.04, 0.00210616
hold591, 25.14, 495.04, 0.00210616
FILLER_0_177_39, 25.14, 495.04, 0.00210616
_09488_, 25.14, 489.6, 0.0019766
_09489_, 25.14, 489.6, 0.0019766
FILLER_0_177_51, 25.14, 489.6, 0.0019766
_09486_, 25.14, 484.16, 0.00235844
_09487_, 25.14, 484.16, 0.00235844
_09494_, 25.14, 484.16, 0.00235844
_09495_, 25.14, 484.16, 0.00235844
_14893_, 25.14, 484.16, 0.00235844
_17289_, 25.14, 484.16, 0.00235844
hold1488, 25.14, 484.16, 0.00235844
FILLER_0_175_51, 25.14, 484.16, 0.00235844
_17285_, 25.14, 478.72, 0.00282325
_17290_, 25.14, 478.72, 0.00282325
hold1594, 25.14, 478.72, 0.00282325
_09485_, 25.14, 473.28, 0.00310069
FILLER_0_170_41, 25.14, 473.28, 0.00310069
_17312_, 25.14, 467.84, 0.00351346
FILLER_0_169_51, 25.14, 467.84, 0.00351346
_17311_, 25.14, 462.4, 0.0038249
FILLER_0_165_42, 25.14, 462.4, 0.0038249
FILLER_0_166_41, 25.14, 462.4, 0.0038249
FILLER_0_167_51, 25.14, 462.4, 0.0038249
_09441_, 25.14, 456.96, 0.00411406
_09443_, 25.14, 456.96, 0.00411406
_17320_, 25.14, 456.96, 0.00411406
FILLER_0_163_39, 25.14, 456.96, 0.00411406
_09425_, 25.14, 451.52, 0.00451083
FILLER_0_163_47, 25.14, 451.52, 0.00451083
FILLER_0_163_53, 25.14, 451.52, 0.00451083
_09438_, 25.14, 446.08, 0.00475584
_09439_, 25.14, 446.08, 0.00475584
_17313_, 25.14, 446.08, 0.00475584
hold438, 25.14, 446.08, 0.00475584
FILLER_0_159_33, 25.14, 446.08, 0.00475584
FILLER_0_161_51, 25.14, 446.08, 0.00475584
_17316_, 25.14, 440.64, 0.00501214
FILLER_0_157_39, 25.14, 440.64, 0.00501214
_09433_, 25.14, 435.2, 0.00525826
FILLER_0_157_52, 25.14, 435.2, 0.00525826
FILLER_0_154_53, 25.14, 429.76, 0.00552352
FILLER_0_155_51, 25.14, 429.76, 0.00552352
FILLER_0_152_53, 25.14, 424.32, 0.00573435
FILLER_0_153_51, 25.14, 424.32, 0.00573435
_10446_, 25.14, 418.88, 0.00595479
hold1971, 25.14, 418.88, 0.00595479
FILLER_0_151_45, 25.14, 418.88, 0.00595479
FILLER_0_151_53, 25.14, 418.88, 0.00595479
hold1428, 25.14, 413.44, 0.00619589
_10461_, 25.14, 408, 0.00643842
_10462_, 25.14, 408, 0.00643842
_10463_, 25.14, 408, 0.00643842
_14356_, 25.14, 408, 0.00643842
_16802_, 25.14, 408, 0.00643842
FILLER_0_146_42, 25.14, 408, 0.00643842
hold839, 25.14, 402.56, 0.00661542
_10454_, 25.14, 397.12, 0.00681598
_10455_, 25.14, 397.12, 0.00681598
_14365_, 25.14, 397.12, 0.00681598
_16805_, 25.14, 397.12, 0.00681598
FILLER_0_142_32, 25.14, 397.12, 0.00681598
FILLER_0_142_40, 25.14, 397.12, 0.00681598
FILLER_0_143_46, 25.14, 397.12, 0.00681598
_10451_, 25.14, 391.68, 0.00699235
_14362_, 25.14, 391.68, 0.00699235
_16807_, 25.14, 391.68, 0.00699235
hold791, 25.14, 391.68, 0.00699235
FILLER_0_140_43, 25.14, 391.68, 0.00699235
FILLER_0_138_51, 25.14, 386.24, 0.00712542
FILLER_0_139_50, 25.14, 386.24, 0.00712542
_10413_, 25.14, 380.8, 0.00729381
_14383_, 25.14, 380.8, 0.00729381
_16823_, 25.14, 380.8, 0.00729381
_16826_, 25.14, 380.8, 0.00729381
FILLER_0_137_45, 25.14, 380.8, 0.00729381
_10422_, 25.14, 375.36, 0.0074458
_10423_, 25.14, 375.36, 0.0074458
hold569, 25.14, 375.36, 0.0074458
FILLER_0_135_47, 25.14, 375.36, 0.0074458
_16830_, 25.14, 369.92, 0.00761131
hold1161, 25.14, 369.92, 0.00761131
FILLER_0_132_46, 25.14, 369.92, 0.00761131
FILLER_0_133_46, 25.14, 369.92, 0.00761131
_10405_, 25.14, 364.48, 0.00771677
_10406_, 25.14, 364.48, 0.00771677
_14387_, 25.14, 364.48, 0.00771677
clkbuf_leaf_53_clk, 25.14, 364.48, 0.00771677
hold414, 25.14, 364.48, 0.00771677
FILLER_0_129_39, 25.14, 364.48, 0.00771677
_10350_, 25.14, 359.04, 0.00780839
_10351_, 25.14, 359.04, 0.00780839
FILLER_0_129_45, 25.14, 359.04, 0.00780839
FILLER_0_129_53, 25.14, 359.04, 0.00780839
_14417_, 25.14, 353.6, 0.00790952
hold411, 25.14, 353.6, 0.00790952
FILLER_0_126_52, 25.14, 353.6, 0.00790952
_10360_, 25.14, 348.16, 0.00804335
_10361_, 25.14, 348.16, 0.00804335
_14412_, 25.14, 348.16, 0.00804335
hold399, 25.14, 348.16, 0.00804335
FILLER_0_124_43, 25.14, 348.16, 0.00804335
_10346_, 25.14, 342.72, 0.008096
_10347_, 25.14, 342.72, 0.008096
clkbuf_leaf_51_clk, 25.14, 342.72, 0.008096
hold345, 25.14, 342.72, 0.008096
FILLER_0_123_51, 25.14, 342.72, 0.008096
_10353_, 25.14, 337.28, 0.00821203
_14416_, 25.14, 337.28, 0.00821203
_14419_, 25.14, 337.28, 0.00821203
_16858_, 25.14, 337.28, 0.00821203
FILLER_0_121_53, 25.14, 337.28, 0.00821203
_10352_, 25.14, 331.84, 0.00815114
FILLER_0_118_53, 25.14, 331.84, 0.00815114
FILLER_0_119_52, 25.14, 331.84, 0.00815114
FILLER_0_116_53, 25.14, 326.4, 0.00813646
_16838_, 25.14, 320.96, 0.00814757
FILLER_0_115_51, 25.14, 320.96, 0.00814757
_10389_, 25.14, 315.52, 0.00810237
_10392_, 25.14, 315.52, 0.00810237
_10393_, 25.14, 315.52, 0.00810237
_14394_, 25.14, 315.52, 0.00810237
hold838, 25.14, 315.52, 0.00810237
_10390_, 25.14, 310.08, 0.00814837
_10391_, 25.14, 310.08, 0.00814837
_14395_, 25.14, 310.08, 0.00814837
FILLER_0_109_39, 25.14, 310.08, 0.00814837
FILLER_0_110_46, 25.14, 310.08, 0.00814837
FILLER_0_110_54, 25.14, 310.08, 0.00814837
_10402_, 25.14, 304.64, 0.00808362
_10403_, 25.14, 304.64, 0.00808362
_16831_, 25.14, 304.64, 0.00808362
_16833_, 25.14, 304.64, 0.00808362
FILLER_0_108_37, 25.14, 304.64, 0.00808362
_10398_, 25.14, 299.2, 0.00800923
_10399_, 25.14, 299.2, 0.00800923
_14391_, 25.14, 299.2, 0.00800923
FILLER_0_105_51, 25.14, 293.76, 0.00801722
_16963_, 25.14, 288.32, 0.00790315
FILLER_0_101_39, 25.14, 288.32, 0.00790315
FILLER_0_103_51, 25.14, 288.32, 0.00790315
_10139_, 25.14, 282.88, 0.00779611
_16964_, 25.14, 282.88, 0.00779611
FILLER_0_99_39, 25.14, 282.88, 0.00779611
FILLER_0_100_41, 25.14, 282.88, 0.00779611
FILLER_0_101_47, 25.14, 282.88, 0.00779611
FILLER_0_101_53, 25.14, 282.88, 0.00779611
_10137_, 25.14, 277.44, 0.00774197
_10143_, 25.14, 277.44, 0.00774197
_16961_, 25.14, 277.44, 0.00774197
FILLER_0_98_41, 25.14, 277.44, 0.00774197
FILLER_0_96_53, 25.14, 272, 0.00768907
FILLER_0_97_45, 25.14, 272, 0.00768907
FILLER_0_97_53, 25.14, 272, 0.00768907
_09984_, 25.14, 266.56, 0.00763666
_14611_, 25.14, 266.56, 0.00763666
clkbuf_leaf_12_clk, 25.14, 266.56, 0.00763666
hold1609, 25.14, 266.56, 0.00763666
FILLER_0_93_38, 25.14, 266.56, 0.00763666
FILLER_0_95_46, 25.14, 266.56, 0.00763666
_09990_, 25.14, 261.12, 0.00748051
_09991_, 25.14, 261.12, 0.00748051
_09999_, 25.14, 261.12, 0.00748051
_14613_, 25.14, 261.12, 0.00748051
_14617_, 25.14, 261.12, 0.00748051
_17033_, 25.14, 261.12, 0.00748051
_17037_, 25.14, 261.12, 0.00748051
FILLER_0_91_32, 25.14, 261.12, 0.00748051
_09997_, 25.14, 255.68, 0.0073771
FILLER_0_90_53, 25.14, 255.68, 0.0073771
_10000_, 25.14, 250.24, 0.00722156
hold112, 25.14, 250.24, 0.00722156
FILLER_0_88_55, 25.14, 250.24, 0.00722156
FILLER_0_89_51, 25.14, 250.24, 0.00722156
FILLER_0_87_49, 25.14, 244.8, 0.00710854
FILLER_0_85_51, 25.14, 239.36, 0.00703171
FILLER_0_83_45, 25.14, 233.92, 0.00687028
FILLER_0_83_53, 25.14, 233.92, 0.00687028
_10055_, 25.14, 228.48, 0.00673339
_14582_, 25.14, 228.48, 0.00673339
hold1004, 25.14, 228.48, 0.00673339
FILLER_0_80_44, 25.14, 228.48, 0.00673339
FILLER_0_81_51, 25.14, 228.48, 0.00673339
_10054_, 25.14, 223.04, 0.00662723
_17002_, 25.14, 223.04, 0.00662723
hold1279, 25.14, 223.04, 0.00662723
FILLER_0_79_53, 25.14, 223.04, 0.00662723
_10044_, 25.14, 217.6, 0.00648143
_10052_, 25.14, 217.6, 0.00648143
_10061_, 25.14, 217.6, 0.00648143
_14579_, 25.14, 217.6, 0.00648143
hold1320, 25.14, 217.6, 0.00648143
FILLER_0_76_32, 25.14, 217.6, 0.00648143
FILLER_0_77_51, 25.14, 217.6, 0.00648143
clkbuf_leaf_8_clk, 25.14, 212.16, 0.00630726
FILLER_0_73_32, 25.14, 212.16, 0.00630726
FILLER_0_75_53, 25.14, 212.16, 0.00630726
_10046_, 25.14, 206.72, 0.0061175
_14585_, 25.14, 206.72, 0.0061175
FILLER_0_72_52, 25.14, 206.72, 0.0061175
_10057_, 25.14, 201.28, 0.00596609
_10062_, 25.14, 201.28, 0.00596609
_14584_, 25.14, 201.28, 0.00596609
_17004_, 25.14, 201.28, 0.00596609
_17007_, 25.14, 201.28, 0.00596609
hold692, 25.14, 201.28, 0.00596609
_11731_, 25.14, 190.4, 0.00561274
FILLER_0_65_39, 25.14, 190.4, 0.00561274
FILLER_0_66_53, 25.14, 190.4, 0.00561274
FILLER_0_67_51, 25.14, 190.4, 0.00561274
_11732_, 25.14, 184.96, 0.00551327
_11733_, 25.14, 184.96, 0.00551327
_13650_, 25.14, 184.96, 0.00551327
_16165_, 25.14, 184.96, 0.00551327
_16167_, 25.14, 184.96, 0.00551327
FILLER_0_62_53, 25.14, 179.52, 0.00534116
FILLER_0_59_39, 25.14, 174.08, 0.00524745
FILLER_0_60_53, 25.14, 174.08, 0.00524745
FILLER_0_61_51, 25.14, 174.08, 0.00524745
_11737_, 25.14, 168.64, 0.005122
_11743_, 25.14, 168.64, 0.005122
_13645_, 25.14, 168.64, 0.005122
_16161_, 25.14, 168.64, 0.005122
_16164_, 25.14, 168.64, 0.005122
_16169_, 25.14, 163.2, 0.00506095
FILLER_0_56_41, 25.14, 163.2, 0.00506095
FILLER_0_55_51, 25.14, 157.76, 0.00486308
_11679_, 25.14, 152.32, 0.00476318
_16193_, 25.14, 152.32, 0.00476318
FILLER_0_53_51, 25.14, 152.32, 0.00476318
_11674_, 25.14, 146.88, 0.00464877
_11675_, 25.14, 146.88, 0.00464877
_11678_, 25.14, 146.88, 0.00464877
_11683_, 25.14, 146.88, 0.00464877
_16195_, 25.14, 146.88, 0.00464877
FILLER_0_50_41, 25.14, 146.88, 0.00464877
FILLER_0_48_53, 25.14, 141.44, 0.00457254
FILLER_0_49_51, 25.14, 141.44, 0.00457254
_11669_, 25.14, 136, 0.00439006
_11671_, 25.14, 136, 0.00439006
_16198_, 25.14, 136, 0.00439006
_16199_, 25.14, 136, 0.00439006
FILLER_0_46_41, 25.14, 136, 0.00439006
_16197_, 25.14, 130.56, 0.00425356
FILLER_0_44_37, 25.14, 130.56, 0.00425356
FILLER_0_43_51, 25.14, 125.12, 0.00416681
FILLER_0_41_51, 25.14, 119.68, 0.00398594
FILLER_0_38_53, 25.14, 114.24, 0.00389371
FILLER_0_39_51, 25.14, 114.24, 0.00389371
FILLER_0_37_51, 25.14, 108.8, 0.00369437
FILLER_0_35_51, 25.14, 103.36, 0.0035215
FILLER_0_33_51, 25.14, 97.92, 0.00336203
FILLER_0_31_51, 25.14, 92.48, 0.00324037
FILLER_0_29_51, 25.14, 87.04, 0.00304621
FILLER_0_27_51, 25.14, 81.6, 0.00288521
FILLER_0_25_51, 25.14, 76.16, 0.00269996
FILLER_0_23_51, 25.14, 70.72, 0.00248846
FILLER_0_21_51, 25.14, 65.28, 0.00229035
FILLER_0_19_51, 25.14, 59.84, 0.00210355
FILLER_0_17_51, 25.14, 54.4, 0.00188174
FILLER_0_15_51, 25.14, 48.96, 0.00165359
FILLER_0_13_51, 25.14, 43.52, 0.00144209
FILLER_0_11_51, 25.14, 38.08, 0.00119521
FILLER_0_9_45, 25.14, 32.64, 0.000956351
FILLER_0_9_53, 25.14, 32.64, 0.000956351
FILLER_0_7_51, 25.14, 27.2, 0.000892635
FILLER_0_5_51, 25.14, 21.76, 0.000925084
FILLER_0_3_51, 25.14, 16.32, 0.000952368
FILLER_0_0_53, 25.14, 10.88, 0.00114063
FILLER_0_1_51, 25.14, 10.88, 0.00114063
PHY_414, 5.52, 576.64, 0.00360864
PHY_415, 571.32, 576.64, 0.00997829
output7, 571.32, 576.64, 0.00997829
FILLER_0_207_21, 15.33, 576.64, 0.00360864
output48, 37.94, 576.64, 0.00385062
FILLER_0_207_57, 37.94, 576.64, 0.00385062
FILLER_0_207_97, 50.74, 576.64, 0.0040704
output50, 76.34, 576.64, 0.00450995
top_139, 89.14, 576.64, 0.00472857
FILLER_0_207_169, 89.14, 576.64, 0.00472857
FILLER_0_207_209, 101.94, 576.64, 0.0049472
output38, 127.54, 576.64, 0.00538445
ANTENNA_12, 140.34, 576.64, 0.0055899
output18, 229.94, 576.64, 0.00708668
FILLER_0_207_477, 229.94, 576.64, 0.00708668
output52, 268.34, 576.64, 0.00760538
output70, 281.14, 576.64, 0.00776674
FILLER_0_207_589, 281.14, 576.64, 0.00776674
output39, 319.54, 576.64, 0.00824502
FILLER_0_207_669, 319.54, 576.64, 0.00824502
output45, 357.94, 576.64, 0.00871236
ANTENNA_17, 357.94, 576.64, 0.00871236
FILLER_0_207_753, 357.94, 576.64, 0.00871236
output92, 370.74, 576.64, 0.00885867
output41, 409.14, 576.64, 0.00913667
FILLER_0_207_893, 421.94, 576.64, 0.0092147
FILLER_0_207_897, 421.94, 576.64, 0.0092147
output96, 460.34, 576.64, 0.00944879
FILLER_0_207_977, 460.34, 576.64, 0.00944879
FILLER_0_207_1009, 473.14, 576.64, 0.00946715
FILLER_0_207_1059, 498.137, 576.64, 0.00959716
output12, 510.334, 576.64, 0.0097088
FILLER_0_207_1089, 510.334, 576.64, 0.0097088
FILLER_0_207_1113, 522.531, 576.64, 0.0097627
FILLER_0_207_1121, 522.531, 576.64, 0.0097627
FILLER_0_207_1173, 546.925, 576.64, 0.00987049
FILLER_0_207_1195, 559.122, 576.64, 0.00992439
PHY_410, 5.52, 571.2, 0.00394847
PHY_412, 5.52, 571.2, 0.00394847
output34, 5.52, 571.2, 0.00394847
output90, 5.52, 571.2, 0.00394847
top_137, 571.32, 571.2, 0.0100973
PHY_411, 571.32, 571.2, 0.0100973
PHY_413, 571.32, 571.2, 0.0100973
FILLER_0_205_1221, 571.32, 571.2, 0.0100973
FILLER_0_206_1217, 571.32, 571.2, 0.0100973
output110, 15.33, 571.2, 0.00389364
FILLER_0_206_21, 15.33, 571.2, 0.00389364
FILLER_0_206_77, 37.94, 571.2, 0.00409804
output16, 50.74, 571.2, 0.00441881
FILLER_0_206_133, 63.54, 571.2, 0.00468186
FILLER_0_207_137, 63.54, 571.2, 0.00468186
FILLER_0_207_159, 76.34, 571.2, 0.0049449
FILLER_0_206_189, 89.14, 571.2, 0.00520795
FILLER_0_207_193, 89.14, 571.2, 0.00520795
output111, 101.94, 571.2, 0.005471
FILLER_0_207_217, 101.94, 571.2, 0.005471
FILLER_0_206_245, 114.74, 571.2, 0.00566564
FILLER_0_207_249, 114.74, 571.2, 0.00566564
FILLER_0_207_271, 127.54, 571.2, 0.00586028
output24, 140.34, 571.2, 0.00605492
FILLER_0_206_301, 140.34, 571.2, 0.00605492
FILLER_0_207_301, 140.34, 571.2, 0.00605492
output33, 153.14, 571.2, 0.00618328
FILLER_0_207_321, 153.14, 571.2, 0.00618328
FILLER_0_206_357, 165.94, 571.2, 0.0062318
FILLER_0_207_361, 165.94, 571.2, 0.0062318
top_124, 191.54, 571.2, 0.00649793
FILLER_0_206_413, 191.54, 571.2, 0.00649793
FILLER_0_207_405, 191.54, 571.2, 0.00649793
FILLER_0_207_412, 191.54, 571.2, 0.00649793
output51, 204.34, 571.2, 0.00671555
FILLER_0_207_433, 204.34, 571.2, 0.00671555
FILLER_0_207_441, 204.34, 571.2, 0.00671555
FILLER_0_206_469, 217.14, 571.2, 0.00693205
FILLER_0_207_473, 217.14, 571.2, 0.00693205
output10, 242.74, 571.2, 0.00736507
FILLER_0_206_525, 242.74, 571.2, 0.00736507
FILLER_0_207_517, 242.74, 571.2, 0.00736507
FILLER_0_207_525, 242.74, 571.2, 0.00736507
FILLER_0_207_557, 255.54, 571.2, 0.00752965
FILLER_0_206_581, 268.34, 571.2, 0.00769423
FILLER_0_207_579, 268.34, 571.2, 0.00769423
output11, 293.94, 571.2, 0.0080234
FILLER_0_206_637, 293.94, 571.2, 0.0080234
FILLER_0_207_629, 293.94, 571.2, 0.0080234
FILLER_0_207_637, 293.94, 571.2, 0.0080234
FILLER_0_206_693, 319.54, 571.2, 0.0082431
FILLER_0_207_693, 319.54, 571.2, 0.0082431
FILLER_0_206_749, 345.14, 571.2, 0.0085133
FILLER_0_207_779, 357.94, 571.2, 0.00867365
FILLER_0_206_805, 370.74, 571.2, 0.008834
FILLER_0_207_803, 370.74, 571.2, 0.008834
top_131, 383.54, 571.2, 0.00899434
FILLER_0_207_825, 383.54, 571.2, 0.00899434
FILLER_0_207_832, 383.54, 571.2, 0.00899434
FILLER_0_205_841, 396.34, 571.2, 0.00915469
FILLER_0_206_861, 396.34, 571.2, 0.00915469
FILLER_0_207_853, 396.34, 571.2, 0.00915469
FILLER_0_207_861, 396.34, 571.2, 0.00915469
output109, 421.94, 571.2, 0.00947538
FILLER_0_206_917, 421.94, 571.2, 0.00947538
output108, 434.74, 571.2, 0.00956248
ANTENNA_26, 434.74, 571.2, 0.00956248
FILLER_0_207_945, 434.74, 571.2, 0.00956248
FILLER_0_206_973, 447.54, 571.2, 0.00957237
FILLER_0_207_999, 460.34, 571.2, 0.00958226
output17, 473.14, 571.2, 0.00959215
FILLER_0_206_1029, 473.14, 571.2, 0.00959215
FILLER_0_206_1085, 510.334, 571.2, 0.00978683
output99, 522.531, 571.2, 0.00990568
FILLER_0_205_1113, 522.531, 571.2, 0.00990568
FILLER_0_206_1141, 534.728, 571.2, 0.00997414
output36, 546.925, 571.2, 0.0100426
FILLER_0_205_1169, 546.925, 571.2, 0.0100426
output15, 559.122, 571.2, 0.0100973
FILLER_0_206_1197, 559.122, 571.2, 0.0100973
FILLER_0_207_1211, 559.122, 571.2, 0.0100973
PHY_406, 5.52, 565.76, 0.00354089
PHY_408, 5.52, 565.76, 0.00354089
PHY_407, 571.32, 565.76, 0.00932041
PHY_409, 571.32, 565.76, 0.00932041
FILLER_0_204_1217, 571.32, 565.76, 0.00932041
FILLER_0_204_77, 37.94, 565.76, 0.00375484
FILLER_0_205_105, 50.74, 565.76, 0.00396879
FILLER_0_204_133, 63.54, 565.76, 0.00418274
FILLER_0_205_161, 76.34, 565.76, 0.0043967
FILLER_0_204_189, 89.14, 565.76, 0.00461065
FILLER_0_205_217, 101.94, 565.76, 0.0048246
FILLER_0_204_245, 114.74, 565.76, 0.00503855
FILLER_0_205_273, 127.54, 565.76, 0.00525251
FILLER_0_204_301, 140.34, 565.76, 0.00546646
FILLER_0_205_329, 153.14, 565.76, 0.00568041
FILLER_0_204_357, 165.94, 565.76, 0.00589436
FILLER_0_204_413, 191.54, 565.76, 0.00628594
FILLER_0_205_441, 204.34, 565.76, 0.00646356
FILLER_0_204_469, 217.14, 565.76, 0.00664118
FILLER_0_205_497, 229.94, 565.76, 0.00681881
FILLER_0_204_525, 242.74, 565.76, 0.00699643
FILLER_0_205_553, 255.54, 565.76, 0.00717405
FILLER_0_204_581, 268.34, 565.76, 0.00735167
FILLER_0_205_609, 281.14, 565.76, 0.0075293
FILLER_0_204_637, 293.94, 565.76, 0.00770692
FILLER_0_205_665, 306.74, 565.76, 0.00788454
FILLER_0_204_693, 319.54, 565.76, 0.00806216
FILLER_0_204_749, 345.14, 565.76, 0.00833144
FILLER_0_205_777, 357.94, 565.76, 0.00842309
FILLER_0_204_805, 370.74, 565.76, 0.00851475
FILLER_0_205_833, 383.54, 565.76, 0.0086064
_13104_, 396.34, 565.76, 0.00869805
FILLER_0_204_861, 396.34, 565.76, 0.00869805
FILLER_0_205_890, 409.14, 565.76, 0.00878696
FILLER_0_204_917, 421.94, 565.76, 0.00887587
FILLER_0_205_945, 434.74, 565.76, 0.00896478
FILLER_0_204_973, 447.54, 565.76, 0.00905369
FILLER_0_205_1001, 460.34, 565.76, 0.0091426
FILLER_0_204_1029, 473.14, 565.76, 0.0092315
FILLER_0_204_1085, 510.334, 565.76, 0.00932041
FILLER_0_203_1113, 522.531, 565.76, 0.00932041
FILLER_0_204_1141, 534.728, 565.76, 0.00932041
FILLER_0_203_1169, 546.925, 565.76, 0.00932041
FILLER_0_204_1197, 559.122, 565.76, 0.00932041
FILLER_0_205_1213, 559.122, 565.76, 0.00932041
PHY_402, 5.52, 560.32, 0.00349841
PHY_404, 5.52, 560.32, 0.00349841
PHY_403, 571.32, 560.32, 0.00931047
PHY_405, 571.32, 560.32, 0.00931047
FILLER_0_202_1217, 571.32, 560.32, 0.00931047
FILLER_0_202_77, 37.94, 560.32, 0.00371496
FILLER_0_203_105, 50.74, 560.32, 0.00393151
FILLER_0_202_133, 63.54, 560.32, 0.00414806
FILLER_0_203_161, 76.34, 560.32, 0.00436461
FILLER_0_202_189, 89.14, 560.32, 0.00458116
FILLER_0_203_217, 101.94, 560.32, 0.00479771
FILLER_0_202_245, 114.74, 560.32, 0.00501426
FILLER_0_203_273, 127.54, 560.32, 0.00523081
FILLER_0_202_301, 140.34, 560.32, 0.00544736
FILLER_0_203_329, 153.14, 560.32, 0.00566391
FILLER_0_202_357, 165.94, 560.32, 0.00588046
FILLER_0_202_413, 191.54, 560.32, 0.0062752
FILLER_0_203_441, 204.34, 560.32, 0.0064534
FILLER_0_202_469, 217.14, 560.32, 0.00663159
FILLER_0_203_497, 229.94, 560.32, 0.00680978
FILLER_0_202_525, 242.74, 560.32, 0.00698798
FILLER_0_203_553, 255.54, 560.32, 0.00716617
FILLER_0_202_581, 268.34, 560.32, 0.00734436
FILLER_0_203_609, 281.14, 560.32, 0.00752256
FILLER_0_202_637, 293.94, 560.32, 0.00770075
FILLER_0_203_665, 306.74, 560.32, 0.00787894
FILLER_0_202_693, 319.54, 560.32, 0.00805714
FILLER_0_202_749, 345.14, 560.32, 0.00832493
FILLER_0_203_777, 357.94, 560.32, 0.00841452
FILLER_0_202_805, 370.74, 560.32, 0.00850412
FILLER_0_203_833, 383.54, 560.32, 0.00859371
FILLER_0_202_861, 396.34, 560.32, 0.00868331
FILLER_0_203_889, 409.14, 560.32, 0.0087729
FILLER_0_202_917, 421.94, 560.32, 0.0088625
FILLER_0_203_945, 434.74, 560.32, 0.00895209
FILLER_0_202_973, 447.54, 560.32, 0.00904169
FILLER_0_203_1001, 460.34, 560.32, 0.00913128
FILLER_0_202_1029, 473.14, 560.32, 0.00922088
FILLER_0_202_1085, 510.334, 560.32, 0.00931047
FILLER_0_201_1113, 522.531, 560.32, 0.00931047
FILLER_0_202_1141, 534.728, 560.32, 0.00931047
FILLER_0_201_1169, 546.925, 560.32, 0.00931047
FILLER_0_202_1197, 559.122, 560.32, 0.00931047
PHY_398, 5.52, 554.88, 0.00344626
PHY_400, 5.52, 554.88, 0.00344626
top_133, 571.32, 554.88, 0.00930582
PHY_399, 571.32, 554.88, 0.00930582
PHY_401, 571.32, 554.88, 0.00930582
FILLER_0_199_1221, 571.32, 554.88, 0.00930582
FILLER_0_200_1217, 571.32, 554.88, 0.00930582
FILLER_0_200_77, 37.94, 554.88, 0.00366633
FILLER_0_201_105, 50.74, 554.88, 0.0038864
FILLER_0_200_133, 63.54, 554.88, 0.00410646
FILLER_0_201_161, 76.34, 554.88, 0.00432653
FILLER_0_200_189, 89.14, 554.88, 0.0045466
FILLER_0_201_217, 101.94, 554.88, 0.00476667
FILLER_0_200_245, 114.74, 554.88, 0.00498674
FILLER_0_201_273, 127.54, 554.88, 0.00520681
FILLER_0_200_301, 140.34, 554.88, 0.00542687
FILLER_0_201_329, 153.14, 554.88, 0.00564694
FILLER_0_200_357, 165.94, 554.88, 0.00586701
FILLER_0_200_413, 191.54, 554.88, 0.00626617
FILLER_0_201_441, 204.34, 554.88, 0.00644526
FILLER_0_200_469, 217.14, 554.88, 0.00662435
FILLER_0_201_497, 229.94, 554.88, 0.00680344
FILLER_0_200_525, 242.74, 554.88, 0.00698253
FILLER_0_201_553, 255.54, 554.88, 0.00716162
FILLER_0_200_581, 268.34, 554.88, 0.00734072
FILLER_0_201_609, 281.14, 554.88, 0.00751981
FILLER_0_200_637, 293.94, 554.88, 0.0076989
FILLER_0_201_665, 306.74, 554.88, 0.00787799
FILLER_0_200_693, 319.54, 554.88, 0.00805708
FILLER_0_200_749, 345.14, 554.88, 0.00832538
FILLER_0_201_777, 357.94, 554.88, 0.00841458
FILLER_0_200_805, 370.74, 554.88, 0.00850378
FILLER_0_201_833, 383.54, 554.88, 0.00859299
FILLER_0_200_861, 396.34, 554.88, 0.00868219
FILLER_0_201_889, 409.14, 554.88, 0.0087714
FILLER_0_200_917, 421.94, 554.88, 0.0088606
_08553_, 434.74, 554.88, 0.0089498
FILLER_0_199_927, 434.74, 554.88, 0.0089498
FILLER_0_201_945, 434.74, 554.88, 0.0089498
FILLER_0_199_948, 447.54, 554.88, 0.00903881
FILLER_0_200_973, 447.54, 554.88, 0.00903881
FILLER_0_201_1001, 460.34, 554.88, 0.00912781
FILLER_0_200_1029, 473.14, 554.88, 0.00921682
FILLER_0_200_1085, 510.334, 554.88, 0.00930582
FILLER_0_199_1113, 522.531, 554.88, 0.00930582
FILLER_0_200_1141, 534.728, 554.88, 0.00930582
FILLER_0_199_1169, 546.925, 554.88, 0.00930582
FILLER_0_200_1197, 559.122, 554.88, 0.00930582
PHY_394, 5.52, 549.44, 0.00352024
PHY_396, 5.52, 549.44, 0.00352024
output101, 5.52, 549.44, 0.00352024
PHY_395, 571.32, 549.44, 0.00931863
PHY_397, 571.32, 549.44, 0.00931863
FILLER_0_198_1217, 571.32, 549.44, 0.00931863
FILLER_0_198_77, 37.94, 549.44, 0.00365003
FILLER_0_199_105, 50.74, 549.44, 0.00387146
FILLER_0_198_133, 63.54, 549.44, 0.00409289
FILLER_0_199_161, 76.34, 549.44, 0.00431432
FILLER_0_198_189, 89.14, 549.44, 0.00453575
FILLER_0_199_217, 101.94, 549.44, 0.00475717
FILLER_0_198_245, 114.74, 549.44, 0.0049786
FILLER_0_199_273, 127.54, 549.44, 0.00520003
FILLER_0_198_301, 140.34, 549.44, 0.00542146
FILLER_0_199_329, 153.14, 549.44, 0.00564289
FILLER_0_198_357, 165.94, 549.44, 0.00586432
FILLER_0_198_413, 191.54, 549.44, 0.00627207
FILLER_0_198_445, 204.34, 549.44, 0.00645839
FILLER_0_199_441, 204.34, 549.44, 0.00645839
_16726_, 217.14, 549.44, 0.00664471
hold1005, 217.14, 549.44, 0.00664471
FILLER_0_198_472, 217.14, 549.44, 0.00664471
_10617_, 229.94, 549.44, 0.00682339
FILLER_0_199_497, 229.94, 549.44, 0.00682339
_10609_, 242.74, 549.44, 0.00700184
FILLER_0_198_525, 242.74, 549.44, 0.00700184
FILLER_0_199_553, 255.54, 549.44, 0.00718008
FILLER_0_198_581, 268.34, 549.44, 0.00735831
FILLER_0_199_609, 281.14, 549.44, 0.00753655
FILLER_0_198_637, 293.94, 549.44, 0.00771478
FILLER_0_199_665, 306.74, 549.44, 0.00789302
FILLER_0_198_693, 319.54, 549.44, 0.00807125
FILLER_0_198_749, 345.14, 549.44, 0.00834699
FILLER_0_199_777, 357.94, 549.44, 0.0084445
FILLER_0_198_805, 370.74, 549.44, 0.00854201
FILLER_0_199_833, 383.54, 549.44, 0.00863952
FILLER_0_198_861, 396.34, 549.44, 0.00873703
FILLER_0_199_889, 409.14, 549.44, 0.00883453
_08544_, 421.94, 549.44, 0.00893204
_08545_, 421.94, 549.44, 0.00893204
_08562_, 421.94, 549.44, 0.00893204
_08563_, 421.94, 549.44, 0.00893204
_17760_, 421.94, 549.44, 0.00893204
hold236, 421.94, 549.44, 0.00893204
FILLER_0_198_893, 421.94, 549.44, 0.00893204
FILLER_0_199_909, 421.94, 549.44, 0.00893204
_08551_, 434.74, 549.44, 0.00902113
_15410_, 434.74, 549.44, 0.00902113
_15419_, 434.74, 549.44, 0.00902113
_17756_, 434.74, 549.44, 0.00902113
_08552_, 447.54, 549.44, 0.00910255
_08587_, 447.54, 549.44, 0.00910255
_08596_, 447.54, 549.44, 0.00910255
_08597_, 447.54, 549.44, 0.00910255
_17739_, 447.54, 549.44, 0.00910255
hold1744, 447.54, 549.44, 0.00910255
FILLER_0_198_958, 447.54, 549.44, 0.00910255
FILLER_0_198_971, 447.54, 549.44, 0.00910255
_08586_, 460.34, 549.44, 0.00917555
_08593_, 460.34, 549.44, 0.00917555
hold1639, 460.34, 549.44, 0.00917555
hold1909, 460.34, 549.44, 0.00917555
FILLER_0_198_989, 460.34, 549.44, 0.00917555
FILLER_0_199_1001, 460.34, 549.44, 0.00917555
FILLER_0_198_1085, 510.334, 549.44, 0.00931863
FILLER_0_197_1113, 522.531, 549.44, 0.00931863
FILLER_0_198_1141, 534.728, 549.44, 0.00931863
FILLER_0_197_1169, 546.925, 549.44, 0.00931863
FILLER_0_198_1197, 559.122, 549.44, 0.00931863
FILLER_0_199_1213, 559.122, 549.44, 0.00931863
PHY_390, 5.52, 544, 0.00331055
PHY_392, 5.52, 544, 0.00331055
PHY_391, 571.32, 544, 0.00933387
PHY_393, 571.32, 544, 0.00933387
FILLER_0_196_1217, 571.32, 544, 0.00933387
FILLER_0_196_77, 37.94, 544, 0.00354171
FILLER_0_197_105, 50.74, 544, 0.00377286
FILLER_0_196_133, 63.54, 544, 0.00400401
FILLER_0_197_161, 76.34, 544, 0.00423517
FILLER_0_196_189, 89.14, 544, 0.00446632
FILLER_0_197_217, 101.94, 544, 0.00469748
FILLER_0_196_245, 114.74, 544, 0.00492863
FILLER_0_197_273, 127.54, 544, 0.00515978
FILLER_0_196_301, 140.34, 544, 0.00539094
FILLER_0_197_329, 153.14, 544, 0.00562209
FILLER_0_196_357, 165.94, 544, 0.00585325
FILLER_0_196_413, 191.54, 544, 0.00628414
hold924, 204.34, 544, 0.00648389
FILLER_0_196_433, 204.34, 544, 0.00648389
FILLER_0_196_445, 204.34, 544, 0.00648389
FILLER_0_197_441, 204.34, 544, 0.00648389
_10612_, 217.14, 544, 0.00668314
_10613_, 217.14, 544, 0.00668314
_10616_, 217.14, 544, 0.00668314
_14272_, 217.14, 544, 0.00668314
_16724_, 217.14, 544, 0.00668314
hold1115, 217.14, 544, 0.00668314
FILLER_0_195_449, 217.14, 544, 0.00668314
_10620_, 229.94, 544, 0.00687397
_14273_, 229.94, 544, 0.00687397
_16727_, 229.94, 544, 0.00687397
_16728_, 229.94, 544, 0.00687397
hold1107, 229.94, 544, 0.00687397
FILLER_0_197_496, 229.94, 544, 0.00687397
_10608_, 242.74, 544, 0.0070497
_10615_, 242.74, 544, 0.0070497
hold689, 242.74, 544, 0.0070497
hold1007, 242.74, 544, 0.0070497
FILLER_0_196_525, 242.74, 544, 0.0070497
FILLER_0_197_556, 255.54, 544, 0.00722393
FILLER_0_196_581, 268.34, 544, 0.00739816
FILLER_0_197_609, 281.14, 544, 0.00757239
FILLER_0_196_637, 293.94, 544, 0.00774661
FILLER_0_197_665, 306.74, 544, 0.00792084
FILLER_0_196_693, 319.54, 544, 0.00809507
FILLER_0_196_749, 345.14, 544, 0.00837533
_09711_, 357.94, 544, 0.00848135
_09716_, 357.94, 544, 0.00848135
_14769_, 357.94, 544, 0.00848135
hold1885, 357.94, 544, 0.00848135
FILLER_0_197_777, 357.94, 544, 0.00848135
_09706_, 370.74, 544, 0.00858627
_09707_, 370.74, 544, 0.00858627
_14775_, 370.74, 544, 0.00858627
_17179_, 370.74, 544, 0.00858627
hold380, 370.74, 544, 0.00858627
FILLER_0_196_781, 370.74, 544, 0.00858627
FILLER_0_196_789, 370.74, 544, 0.00858627
FILLER_0_197_833, 383.54, 544, 0.00868301
FILLER_0_196_861, 396.34, 544, 0.00877975
FILLER_0_197_889, 409.14, 544, 0.00887649
_17751_, 421.94, 544, 0.00897323
hold932, 421.94, 544, 0.00897323
FILLER_0_196_893, 421.94, 544, 0.00897323
FILLER_0_196_918, 421.94, 544, 0.00897323
_15415_, 434.74, 544, 0.00906235
_17757_, 434.74, 544, 0.00906235
hold1719, 434.74, 544, 0.00906235
FILLER_0_195_929, 434.74, 544, 0.00906235
_15391_, 447.54, 544, 0.00914374
_17734_, 447.54, 544, 0.00914374
FILLER_0_195_948, 447.54, 544, 0.00914374
_08590_, 460.34, 544, 0.00921786
_08591_, 460.34, 544, 0.00921786
_15394_, 460.34, 544, 0.00921786
_15395_, 460.34, 544, 0.00921786
_15396_, 460.34, 544, 0.00921786
_17737_, 460.34, 544, 0.00921786
_17738_, 460.34, 544, 0.00921786
hold1258, 460.34, 544, 0.00921786
FILLER_0_195_977, 460.34, 544, 0.00921786
_08589_, 473.14, 544, 0.0092764
_08592_, 473.14, 544, 0.0092764
hold1921, 473.14, 544, 0.0092764
hold2121, 473.14, 544, 0.0092764
_08626_, 498.137, 544, 0.00933387
_15370_, 498.137, 544, 0.00933387
FILLER_0_196_1085, 510.334, 544, 0.00933387
FILLER_0_195_1113, 522.531, 544, 0.00933387
FILLER_0_196_1141, 534.728, 544, 0.00933387
FILLER_0_195_1169, 546.925, 544, 0.00933387
FILLER_0_196_1197, 559.122, 544, 0.00933387
PHY_386, 5.52, 538.56, 0.00322769
PHY_388, 5.52, 538.56, 0.00322769
PHY_387, 571.32, 538.56, 0.00938142
PHY_389, 571.32, 538.56, 0.00938142
FILLER_0_194_1217, 571.32, 538.56, 0.00938142
FILLER_0_194_77, 37.94, 538.56, 0.00346799
FILLER_0_195_105, 50.74, 538.56, 0.00370829
FILLER_0_194_133, 63.54, 538.56, 0.00394859
FILLER_0_195_161, 76.34, 538.56, 0.00418889
FILLER_0_194_189, 89.14, 538.56, 0.00442919
FILLER_0_195_217, 101.94, 538.56, 0.00466949
FILLER_0_194_245, 114.74, 538.56, 0.00490979
FILLER_0_195_273, 127.54, 538.56, 0.00515009
FILLER_0_194_301, 140.34, 538.56, 0.00539039
FILLER_0_195_329, 153.14, 538.56, 0.00563069
FILLER_0_194_357, 165.94, 538.56, 0.00587099
_10583_, 191.54, 538.56, 0.00635807
_14289_, 191.54, 538.56, 0.00635807
_16741_, 191.54, 538.56, 0.00635807
_16748_, 191.54, 538.56, 0.00635807
FILLER_0_193_393, 191.54, 538.56, 0.00635807
FILLER_0_193_401, 191.54, 538.56, 0.00635807
FILLER_0_195_405, 191.54, 538.56, 0.00635807
FILLER_0_195_413, 191.54, 538.56, 0.00635807
_10568_, 204.34, 538.56, 0.00659026
_10569_, 204.34, 538.56, 0.00659026
_10574_, 204.34, 538.56, 0.00659026
_10575_, 204.34, 538.56, 0.00659026
_14293_, 204.34, 538.56, 0.00659026
_14296_, 204.34, 538.56, 0.00659026
_16745_, 204.34, 538.56, 0.00659026
hold200, 204.34, 538.56, 0.00659026
hold383, 204.34, 538.56, 0.00659026
FILLER_0_193_424, 204.34, 538.56, 0.00659026
FILLER_0_195_439, 204.34, 538.56, 0.00659026
_10621_, 217.14, 538.56, 0.00681318
_14270_, 217.14, 538.56, 0.00681318
_16722_, 217.14, 538.56, 0.00681318
FILLER_0_194_465, 217.14, 538.56, 0.00681318
_10611_, 229.94, 538.56, 0.00702862
_14268_, 229.94, 538.56, 0.00702862
clkbuf_leaf_85_clk, 229.94, 538.56, 0.00702862
FILLER_0_193_485, 229.94, 538.56, 0.00702862
FILLER_0_194_480, 229.94, 538.56, 0.00702862
FILLER_0_194_492, 229.94, 538.56, 0.00702862
_10614_, 242.74, 538.56, 0.00720064
_14271_, 242.74, 538.56, 0.00720064
_14274_, 242.74, 538.56, 0.00720064
hold2124, 242.74, 538.56, 0.00720064
FILLER_0_193_505, 242.74, 538.56, 0.00720064
FILLER_0_194_557, 255.54, 538.56, 0.00737153
FILLER_0_195_550, 255.54, 538.56, 0.00737153
_10632_, 268.34, 538.56, 0.00754243
_10633_, 268.34, 538.56, 0.00754243
_14261_, 268.34, 538.56, 0.00754243
_16716_, 268.34, 538.56, 0.00754243
hold851, 268.34, 538.56, 0.00754243
_10628_, 281.14, 538.56, 0.00770516
_10629_, 281.14, 538.56, 0.00770516
_14263_, 281.14, 538.56, 0.00770516
_16718_, 281.14, 538.56, 0.00770516
FILLER_0_193_587, 281.14, 538.56, 0.00770516
FILLER_0_194_601, 281.14, 538.56, 0.00770516
FILLER_0_195_609, 281.14, 538.56, 0.00770516
_10634_, 293.94, 538.56, 0.00786022
_10635_, 293.94, 538.56, 0.00786022
hold801, 293.94, 538.56, 0.00786022
hold1640, 293.94, 538.56, 0.00786022
FILLER_0_194_638, 293.94, 538.56, 0.00786022
FILLER_0_195_665, 306.74, 538.56, 0.00801384
FILLER_0_194_693, 319.54, 538.56, 0.00816746
_09717_, 345.14, 538.56, 0.00845575
_14770_, 345.14, 538.56, 0.00845575
_17174_, 345.14, 538.56, 0.00845575
FILLER_0_194_737, 345.14, 538.56, 0.00845575
_09710_, 357.94, 538.56, 0.00858295
_09719_, 357.94, 538.56, 0.00858295
_17171_, 357.94, 538.56, 0.00858295
_17177_, 357.94, 538.56, 0.00858295
hold1173, 357.94, 538.56, 0.00858295
_09722_, 370.74, 538.56, 0.00869507
_09723_, 370.74, 538.56, 0.00869507
_17180_, 370.74, 538.56, 0.00869507
hold440, 370.74, 538.56, 0.00869507
FILLER_0_193_781, 370.74, 538.56, 0.00869507
hold913, 383.54, 538.56, 0.00879914
FILLER_0_195_832, 383.54, 538.56, 0.00879914
FILLER_0_194_857, 396.34, 538.56, 0.00890269
FILLER_0_194_865, 409.14, 538.56, 0.00900625
FILLER_0_195_889, 409.14, 538.56, 0.00900625
_08546_, 421.94, 538.56, 0.0091098
_08547_, 421.94, 538.56, 0.0091098
_17759_, 421.94, 538.56, 0.0091098
hold621, 421.94, 538.56, 0.0091098
FILLER_0_193_897, 421.94, 538.56, 0.0091098
FILLER_0_193_904, 421.94, 538.56, 0.0091098
FILLER_0_195_909, 421.94, 538.56, 0.0091098
_08550_, 434.74, 538.56, 0.00920533
_08556_, 434.74, 538.56, 0.00920533
_15416_, 434.74, 538.56, 0.00920533
_15418_, 434.74, 538.56, 0.00920533
hold1865, 434.74, 538.56, 0.00920533
FILLER_0_195_937, 434.74, 538.56, 0.00920533
_17732_, 447.54, 538.56, 0.00929958
clkbuf_leaf_129_clk, 447.54, 538.56, 0.00929958
hold1749, 447.54, 538.56, 0.00929958
FILLER_0_193_949, 447.54, 538.56, 0.00929958
_17736_, 460.34, 538.56, 0.00933399
FILLER_0_194_981, 460.34, 538.56, 0.00933399
_08588_, 473.14, 538.56, 0.00936131
_08638_, 473.14, 538.56, 0.00936131
_15368_, 473.14, 538.56, 0.00936131
_15393_, 473.14, 538.56, 0.00936131
_17713_, 473.14, 538.56, 0.00936131
hold1833, 473.14, 538.56, 0.00936131
FILLER_0_193_1009, 473.14, 538.56, 0.00936131
FILLER_0_194_1007, 473.14, 538.56, 0.00936131
_08634_, 498.137, 538.56, 0.00938142
hold1618, 498.137, 538.56, 0.00938142
hold2003, 498.137, 538.56, 0.00938142
FILLER_0_194_1087, 510.334, 538.56, 0.00938142
FILLER_0_193_1116, 522.531, 538.56, 0.00938142
FILLER_0_194_1141, 534.728, 538.56, 0.00938142
FILLER_0_193_1169, 546.925, 538.56, 0.00938142
FILLER_0_194_1197, 559.122, 538.56, 0.00938142
PHY_382, 5.52, 533.12, 0.00327031
PHY_384, 5.52, 533.12, 0.00327031
output85, 5.52, 533.12, 0.00327031
PHY_383, 571.32, 533.12, 0.00938719
PHY_385, 571.32, 533.12, 0.00938719
output65, 571.32, 533.12, 0.00938719
FILLER_0_192_1217, 571.32, 533.12, 0.00938719
FILLER_0_192_21, 15.33, 533.12, 0.0032248
FILLER_0_192_77, 37.94, 533.12, 0.00342821
FILLER_0_193_105, 50.74, 533.12, 0.00367713
FILLER_0_192_133, 63.54, 533.12, 0.00392604
FILLER_0_193_161, 76.34, 533.12, 0.00417496
FILLER_0_191_181, 89.14, 533.12, 0.00442387
FILLER_0_192_189, 89.14, 533.12, 0.00442387
_09520_, 101.94, 533.12, 0.00467279
_09521_, 101.94, 533.12, 0.00467279
_09522_, 101.94, 533.12, 0.00467279
_14878_, 101.94, 533.12, 0.00467279
_17272_, 101.94, 533.12, 0.00467279
hold927, 101.94, 533.12, 0.00467279
FILLER_0_192_197, 101.94, 533.12, 0.00467279
FILLER_0_192_209, 101.94, 533.12, 0.00467279
FILLER_0_193_217, 101.94, 533.12, 0.00467279
FILLER_0_193_273, 127.54, 533.12, 0.00515383
FILLER_0_192_301, 140.34, 533.12, 0.00539435
FILLER_0_193_329, 153.14, 533.12, 0.00563487
FILLER_0_192_357, 165.94, 533.12, 0.00587539
_10573_, 191.54, 533.12, 0.00637272
_10580_, 191.54, 533.12, 0.00637272
_10582_, 191.54, 533.12, 0.00637272
_14290_, 191.54, 533.12, 0.00637272
_16746_, 191.54, 533.12, 0.00637272
hold900, 191.54, 533.12, 0.00637272
FILLER_0_192_411, 191.54, 533.12, 0.00637272
_14294_, 204.34, 533.12, 0.00662111
_16743_, 204.34, 533.12, 0.00662111
clkbuf_leaf_82_clk, 204.34, 533.12, 0.00662111
FILLER_0_191_424, 204.34, 533.12, 0.00662111
FILLER_0_192_421, 204.34, 533.12, 0.00662111
FILLER_0_192_429, 204.34, 533.12, 0.00662111
_10578_, 217.14, 533.12, 0.00681843
_14291_, 217.14, 533.12, 0.00681843
hold1801, 217.14, 533.12, 0.00681843
_10610_, 229.94, 533.12, 0.00701485
_10623_, 229.94, 533.12, 0.00701485
_16721_, 229.94, 533.12, 0.00701485
_16725_, 229.94, 533.12, 0.00701485
FILLER_0_191_476, 229.94, 533.12, 0.00701485
FILLER_0_192_489, 229.94, 533.12, 0.00701485
FILLER_0_193_501, 229.94, 533.12, 0.00701485
_10622_, 242.74, 533.12, 0.0071966
hold1806, 242.74, 533.12, 0.0071966
_10705_, 255.54, 533.12, 0.00737762
hold1466, 255.54, 533.12, 0.00737762
FILLER_0_192_536, 255.54, 533.12, 0.00737762
FILLER_0_193_553, 255.54, 533.12, 0.00737762
_10627_, 268.34, 533.12, 0.00755792
_14264_, 268.34, 533.12, 0.00755792
_16712_, 268.34, 533.12, 0.00755792
_16719_, 268.34, 533.12, 0.00755792
FILLER_0_191_561, 268.34, 533.12, 0.00755792
FILLER_0_192_565, 268.34, 533.12, 0.00755792
_10626_, 281.14, 533.12, 0.00772365
_10640_, 281.14, 533.12, 0.00772365
_16715_, 281.14, 533.12, 0.00772365
hold1393, 281.14, 533.12, 0.00772365
hold1526, 281.14, 533.12, 0.00772365
FILLER_0_192_600, 281.14, 533.12, 0.00772365
_14260_, 293.94, 533.12, 0.00788084
FILLER_0_192_635, 293.94, 533.12, 0.00788084
_09596_, 306.74, 533.12, 0.00803784
_09597_, 306.74, 533.12, 0.00803784
FILLER_0_191_641, 306.74, 533.12, 0.00803784
FILLER_0_193_668, 306.74, 533.12, 0.00803784
FILLER_0_192_693, 319.54, 533.12, 0.00819444
_17173_, 345.14, 533.12, 0.00850882
FILLER_0_192_749, 345.14, 533.12, 0.00850882
FILLER_0_193_741, 345.14, 533.12, 0.00850882
_09718_, 357.94, 533.12, 0.00865953
_14773_, 357.94, 533.12, 0.00865953
hold1667, 357.94, 533.12, 0.00865953
_09704_, 370.74, 533.12, 0.00880934
_09705_, 370.74, 533.12, 0.00880934
_14767_, 370.74, 533.12, 0.00880934
_14776_, 370.74, 533.12, 0.00880934
FILLER_0_191_781, 370.74, 533.12, 0.00880934
FILLER_0_192_781, 370.74, 533.12, 0.00880934
FILLER_0_192_791, 370.74, 533.12, 0.00880934
FILLER_0_192_801, 370.74, 533.12, 0.00880934
clkbuf_leaf_118_clk, 383.54, 533.12, 0.00895837
FILLER_0_192_809, 383.54, 533.12, 0.00895837
FILLER_0_193_834, 383.54, 533.12, 0.00895837
_08678_, 396.34, 533.12, 0.0090642
_08679_, 396.34, 533.12, 0.0090642
_15346_, 396.34, 533.12, 0.0090642
_17691_, 396.34, 533.12, 0.0090642
_17693_, 396.34, 533.12, 0.0090642
hold435, 396.34, 533.12, 0.0090642
FILLER_0_192_837, 396.34, 533.12, 0.0090642
FILLER_0_192_845, 396.34, 533.12, 0.0090642
FILLER_0_193_853, 396.34, 533.12, 0.0090642
_08676_, 409.14, 533.12, 0.00915476
_08677_, 409.14, 533.12, 0.00915476
_08683_, 409.14, 533.12, 0.00915476
_15344_, 409.14, 533.12, 0.00915476
hold433, 409.14, 533.12, 0.00915476
hold1108, 409.14, 533.12, 0.00915476
FILLER_0_192_889, 409.14, 533.12, 0.00915476
FILLER_0_193_887, 409.14, 533.12, 0.00915476
_08669_, 421.94, 533.12, 0.00924347
_17754_, 421.94, 533.12, 0.00924347
clkbuf_leaf_119_clk, 421.94, 533.12, 0.00924347
_08557_, 434.74, 533.12, 0.00928281
_08561_, 434.74, 533.12, 0.00928281
_15413_, 434.74, 533.12, 0.00928281
_17752_, 434.74, 533.12, 0.00928281
hold1660, 434.74, 533.12, 0.00928281
FILLER_0_192_928, 434.74, 533.12, 0.00928281
FILLER_0_192_934, 434.74, 533.12, 0.00928281
_08600_, 447.54, 533.12, 0.00931399
_08601_, 447.54, 533.12, 0.00931399
_15389_, 447.54, 533.12, 0.00931399
_17733_, 447.54, 533.12, 0.00931399
FILLER_0_192_952, 447.54, 533.12, 0.00931399
FILLER_0_192_962, 447.54, 533.12, 0.00931399
_15390_, 460.34, 533.12, 0.0093375
FILLER_0_193_1000, 460.34, 533.12, 0.0093375
_08639_, 473.14, 533.12, 0.00936083
_17712_, 473.14, 533.12, 0.00936083
FILLER_0_191_1005, 473.14, 533.12, 0.00936083
FILLER_0_192_1029, 473.14, 533.12, 0.00936083
FILLER_0_193_1021, 473.14, 533.12, 0.00936083
FILLER_0_192_1085, 510.334, 533.12, 0.00937981
FILLER_0_191_1113, 522.531, 533.12, 0.00938128
FILLER_0_192_1141, 534.728, 533.12, 0.00938276
FILLER_0_191_1169, 546.925, 533.12, 0.00938423
FILLER_0_192_1197, 559.122, 533.12, 0.00938571
PHY_378, 5.52, 527.68, 0.00306095
PHY_380, 5.52, 527.68, 0.00306095
PHY_379, 571.32, 527.68, 0.00936233
PHY_381, 571.32, 527.68, 0.00936233
FILLER_0_190_1217, 571.32, 527.68, 0.00936233
_09398_, 37.94, 527.68, 0.00336664
_09399_, 37.94, 527.68, 0.00336664
_17333_, 37.94, 527.68, 0.00336664
FILLER_0_189_57, 37.94, 527.68, 0.00336664
FILLER_0_190_61, 37.94, 527.68, 0.00336664
_09393_, 50.74, 527.68, 0.00366484
_17340_, 50.74, 527.68, 0.00366484
hold741, 50.74, 527.68, 0.00366484
hold1598, 50.74, 527.68, 0.00366484
FILLER_0_190_96, 50.74, 527.68, 0.00366484
FILLER_0_191_105, 50.74, 527.68, 0.00366484
_09384_, 63.54, 527.68, 0.00395469
_09388_, 63.54, 527.68, 0.00395469
hold514, 63.54, 527.68, 0.00395469
hold533, 63.54, 527.68, 0.00395469
_09411_, 76.34, 527.68, 0.00424312
hold964, 76.34, 527.68, 0.00424312
FILLER_0_190_146, 76.34, 527.68, 0.00424312
FILLER_0_191_161, 76.34, 527.68, 0.00424312
_09418_, 89.14, 527.68, 0.00453084
_09523_, 89.14, 527.68, 0.00453084
_17271_, 89.14, 527.68, 0.00453084
_17280_, 89.14, 527.68, 0.00453084
hold622, 89.14, 527.68, 0.00453084
FILLER_0_191_191, 89.14, 527.68, 0.00453084
_09511_, 101.94, 527.68, 0.00480343
_09518_, 101.94, 527.68, 0.00480343
_09519_, 101.94, 527.68, 0.00480343
_14879_, 101.94, 527.68, 0.00480343
_14880_, 101.94, 527.68, 0.00480343
_14884_, 101.94, 527.68, 0.00480343
clkbuf_leaf_70_clk, 101.94, 527.68, 0.00480343
hold1231, 101.94, 527.68, 0.00480343
_09510_, 114.74, 527.68, 0.00503439
_17277_, 114.74, 527.68, 0.00503439
hold560, 114.74, 527.68, 0.00503439
hold1461, 114.74, 527.68, 0.00503439
FILLER_0_190_245, 114.74, 527.68, 0.00503439
FILLER_0_191_273, 127.54, 527.68, 0.005257
FILLER_0_190_301, 140.34, 527.68, 0.00547961
FILLER_0_191_329, 153.14, 527.68, 0.00570223
_11083_, 165.94, 527.68, 0.00592484
_16491_, 165.94, 527.68, 0.00592484
FILLER_0_189_337, 165.94, 527.68, 0.00592484
FILLER_0_190_345, 165.94, 527.68, 0.00592484
FILLER_0_190_355, 165.94, 527.68, 0.00592484
_10572_, 191.54, 527.68, 0.00635892
hold965, 191.54, 527.68, 0.00635892
_10579_, 204.34, 527.68, 0.00657696
FILLER_0_190_433, 204.34, 527.68, 0.00657696
_10618_, 217.14, 527.68, 0.0067948
_10619_, 217.14, 527.68, 0.0067948
_16723_, 217.14, 527.68, 0.0067948
hold348, 217.14, 527.68, 0.0067948
_10607_, 229.94, 527.68, 0.00700463
_14267_, 229.94, 527.68, 0.00700463
_14275_, 229.94, 527.68, 0.00700463
_16729_, 229.94, 527.68, 0.00700463
FILLER_0_190_477, 229.94, 527.68, 0.00700463
FILLER_0_190_493, 229.94, 527.68, 0.00700463
FILLER_0_190_500, 229.94, 527.68, 0.00700463
_10710_, 242.74, 527.68, 0.00720682
_14213_, 242.74, 527.68, 0.00720682
_14221_, 242.74, 527.68, 0.00720682
_16672_, 242.74, 527.68, 0.00720682
_16677_, 242.74, 527.68, 0.00720682
hold1318, 242.74, 527.68, 0.00720682
FILLER_0_190_512, 242.74, 527.68, 0.00720682
FILLER_0_191_520, 242.74, 527.68, 0.00720682
_10704_, 255.54, 527.68, 0.00739369
_10720_, 255.54, 527.68, 0.00739369
_16674_, 255.54, 527.68, 0.00739369
_16680_, 255.54, 527.68, 0.00739369
hold688, 255.54, 527.68, 0.00739369
hold1510, 255.54, 527.68, 0.00739369
_10641_, 268.34, 527.68, 0.00756491
_14257_, 268.34, 527.68, 0.00756491
FILLER_0_190_573, 268.34, 527.68, 0.00756491
FILLER_0_190_582, 268.34, 527.68, 0.00756491
_16720_, 281.14, 527.68, 0.00773575
hold1264, 281.14, 527.68, 0.00773575
FILLER_0_190_589, 281.14, 527.68, 0.00773575
FILLER_0_191_612, 281.14, 527.68, 0.00773575
_09588_, 293.94, 527.68, 0.00789903
_09589_, 293.94, 527.68, 0.00789903
_10624_, 293.94, 527.68, 0.00789903
FILLER_0_189_617, 293.94, 527.68, 0.00789903
FILLER_0_189_625, 293.94, 527.68, 0.00789903
FILLER_0_190_624, 293.94, 527.68, 0.00789903
FILLER_0_190_632, 293.94, 527.68, 0.00789903
_17234_, 306.74, 527.68, 0.00806169
hold151, 306.74, 527.68, 0.00806169
hold742, 306.74, 527.68, 0.00806169
FILLER_0_191_665, 306.74, 527.68, 0.00806169
_14838_, 319.54, 527.68, 0.00821621
hold1485, 319.54, 527.68, 0.00821621
_09637_, 345.14, 527.68, 0.00853059
_17214_, 345.14, 527.68, 0.00853059
clkbuf_leaf_116_clk, 345.14, 527.68, 0.00853059
FILLER_0_189_725, 345.14, 527.68, 0.00853059
FILLER_0_189_729, 345.14, 527.68, 0.00853059
FILLER_0_190_729, 345.14, 527.68, 0.00853059
_09636_, 357.94, 527.68, 0.00863173
_09713_, 357.94, 527.68, 0.00863173
_09714_, 357.94, 527.68, 0.00863173
hold2095, 357.94, 527.68, 0.00863173
FILLER_0_189_761, 357.94, 527.68, 0.00863173
FILLER_0_190_765, 357.94, 527.68, 0.00863173
_14774_, 370.74, 527.68, 0.00873175
hold1874, 370.74, 527.68, 0.00873175
FILLER_0_190_802, 370.74, 527.68, 0.00873175
_17696_, 383.54, 527.68, 0.00883107
FILLER_0_190_825, 383.54, 527.68, 0.00883107
FILLER_0_191_830, 383.54, 527.68, 0.00883107
_08672_, 396.34, 527.68, 0.00892328
_08673_, 396.34, 527.68, 0.00892328
_17694_, 396.34, 527.68, 0.00892328
hold902, 396.34, 527.68, 0.00892328
_08667_, 409.14, 527.68, 0.00900745
_08682_, 409.14, 527.68, 0.00900745
_15347_, 409.14, 527.68, 0.00900745
_15351_, 409.14, 527.68, 0.00900745
_15352_, 409.14, 527.68, 0.00900745
_17698_, 409.14, 527.68, 0.00900745
_17699_, 409.14, 527.68, 0.00900745
FILLER_0_189_872, 409.14, 527.68, 0.00900745
FILLER_0_190_872, 409.14, 527.68, 0.00900745
_08666_, 421.94, 527.68, 0.00907644
_08668_, 421.94, 527.68, 0.00907644
hold625, 421.94, 527.68, 0.00907644
hold1756, 421.94, 527.68, 0.00907644
FILLER_0_189_903, 421.94, 527.68, 0.00907644
FILLER_0_190_916, 421.94, 527.68, 0.00907644
_08560_, 434.74, 527.68, 0.00914393
_15411_, 434.74, 527.68, 0.00914393
hold246, 434.74, 527.68, 0.00914393
FILLER_0_190_925, 434.74, 527.68, 0.00914393
FILLER_0_191_946, 434.74, 527.68, 0.00914393
_08598_, 447.54, 527.68, 0.00921051
_08599_, 447.54, 527.68, 0.00921051
_17735_, 447.54, 527.68, 0.00921051
hold1256, 447.54, 527.68, 0.00921051
FILLER_0_190_969, 447.54, 527.68, 0.00921051
_08584_, 460.34, 527.68, 0.00926909
_08585_, 460.34, 527.68, 0.00926909
_08603_, 460.34, 527.68, 0.00926909
_17740_, 460.34, 527.68, 0.00926909
hold1202, 460.34, 527.68, 0.00926909
FILLER_0_190_977, 460.34, 527.68, 0.00926909
FILLER_0_190_981, 460.34, 527.68, 0.00926909
FILLER_0_191_997, 460.34, 527.68, 0.00926909
_08602_, 473.14, 527.68, 0.00931944
_08630_, 473.14, 527.68, 0.00931944
_17711_, 473.14, 527.68, 0.00931944
hold1990, 473.14, 527.68, 0.00931944
FILLER_0_190_1005, 473.14, 527.68, 0.00931944
FILLER_0_191_1021, 473.14, 527.68, 0.00931944
FILLER_0_191_1029, 473.14, 527.68, 0.00931944
_08624_, 498.137, 527.68, 0.00936233
_08625_, 498.137, 527.68, 0.00936233
_15375_, 498.137, 527.68, 0.00936233
FILLER_0_189_1068, 498.137, 527.68, 0.00936233
FILLER_0_190_1081, 498.137, 527.68, 0.00936233
FILLER_0_190_1089, 510.334, 527.68, 0.00936233
FILLER_0_189_1116, 522.531, 527.68, 0.00936233
FILLER_0_190_1141, 534.728, 527.68, 0.00936233
FILLER_0_189_1169, 546.925, 527.68, 0.00936233
FILLER_0_190_1197, 559.122, 527.68, 0.00936233
FILLER_0_191_1213, 559.122, 527.68, 0.00936233
PHY_374, 5.52, 522.24, 0.00292703
PHY_376, 5.52, 522.24, 0.00292703
PHY_375, 571.32, 522.24, 0.00941567
PHY_377, 571.32, 522.24, 0.00941567
FILLER_0_188_1217, 571.32, 522.24, 0.00941567
_09400_, 37.94, 522.24, 0.00322891
_09401_, 37.94, 522.24, 0.00322891
_14946_, 37.94, 522.24, 0.00322891
_17332_, 37.94, 522.24, 0.00322891
_17336_, 37.94, 522.24, 0.00322891
FILLER_0_187_57, 37.94, 522.24, 0.00322891
FILLER_0_187_65, 37.94, 522.24, 0.00322891
_09385_, 50.74, 522.24, 0.00351604
_09389_, 50.74, 522.24, 0.00351604
_09392_, 50.74, 522.24, 0.00351604
_14949_, 50.74, 522.24, 0.00351604
_17338_, 50.74, 522.24, 0.00351604
hold1191, 50.74, 522.24, 0.00351604
FILLER_0_188_96, 50.74, 522.24, 0.00351604
_09414_, 63.54, 522.24, 0.00379476
_09415_, 63.54, 522.24, 0.00379476
_14951_, 63.54, 522.24, 0.00379476
_14953_, 63.54, 522.24, 0.00379476
_17327_, 63.54, 522.24, 0.00379476
FILLER_0_188_123, 63.54, 522.24, 0.00379476
FILLER_0_188_131, 63.54, 522.24, 0.00379476
FILLER_0_189_131, 63.54, 522.24, 0.00379476
_09410_, 76.34, 522.24, 0.00406564
_09419_, 76.34, 522.24, 0.00406564
_14939_, 76.34, 522.24, 0.00406564
_17323_, 76.34, 522.24, 0.00406564
hold436, 76.34, 522.24, 0.00406564
FILLER_0_189_158, 76.34, 522.24, 0.00406564
FILLER_0_189_164, 76.34, 522.24, 0.00406564
_09421_, 89.14, 522.24, 0.00432834
_09504_, 89.14, 522.24, 0.00432834
_09505_, 89.14, 522.24, 0.00432834
_14935_, 89.14, 522.24, 0.00432834
_14887_, 101.94, 522.24, 0.00459027
_17273_, 101.94, 522.24, 0.00459027
hold203, 101.94, 522.24, 0.00459027
FILLER_0_188_209, 101.94, 522.24, 0.00459027
_09507_, 114.74, 522.24, 0.00484437
FILLER_0_187_225, 114.74, 522.24, 0.00484437
FILLER_0_188_245, 114.74, 522.24, 0.00484437
_10987_, 127.54, 522.24, 0.00509828
FILLER_0_188_265, 127.54, 522.24, 0.00509828
FILLER_0_189_269, 127.54, 522.24, 0.00509828
FILLER_0_189_277, 127.54, 522.24, 0.00509828
hold273, 140.34, 522.24, 0.00535198
FILLER_0_187_289, 140.34, 522.24, 0.00535198
FILLER_0_188_333, 153.14, 522.24, 0.00560518
FILLER_0_189_329, 153.14, 522.24, 0.00560518
_16496_, 165.94, 522.24, 0.00585837
FILLER_0_188_341, 165.94, 522.24, 0.00585837
_10570_, 191.54, 522.24, 0.00636396
_10571_, 191.54, 522.24, 0.00636396
_14295_, 191.54, 522.24, 0.00636396
_16750_, 191.54, 522.24, 0.00636396
hold1743, 191.54, 522.24, 0.00636396
hold1762, 191.54, 522.24, 0.00636396
FILLER_0_187_393, 191.54, 522.24, 0.00636396
_10567_, 204.34, 522.24, 0.00661474
_16744_, 204.34, 522.24, 0.00661474
_16749_, 204.34, 522.24, 0.00661474
FILLER_0_188_421, 204.34, 522.24, 0.00661474
FILLER_0_189_433, 204.34, 522.24, 0.00661474
FILLER_0_189_440, 204.34, 522.24, 0.00661474
_10566_, 217.14, 522.24, 0.00685113
_14269_, 217.14, 522.24, 0.00685113
_14288_, 217.14, 522.24, 0.00685113
_16730_, 217.14, 522.24, 0.00685113
hold925, 217.14, 522.24, 0.00685113
FILLER_0_188_452, 217.14, 522.24, 0.00685113
FILLER_0_189_473, 217.14, 522.24, 0.00685113
_10604_, 229.94, 522.24, 0.00707753
_10606_, 229.94, 522.24, 0.00707753
_10711_, 229.94, 522.24, 0.00707753
_14266_, 229.94, 522.24, 0.00707753
hold998, 229.94, 522.24, 0.00707753
hold1275, 229.94, 522.24, 0.00707753
_10721_, 242.74, 522.24, 0.0073003
_14218_, 242.74, 522.24, 0.0073003
FILLER_0_188_504, 242.74, 522.24, 0.0073003
FILLER_0_188_526, 242.74, 522.24, 0.0073003
FILLER_0_189_528, 242.74, 522.24, 0.0073003
_10716_, 255.54, 522.24, 0.00752269
_10717_, 255.54, 522.24, 0.00752269
_14215_, 255.54, 522.24, 0.00752269
FILLER_0_188_533, 255.54, 522.24, 0.00752269
FILLER_0_189_555, 255.54, 522.24, 0.00752269
_10642_, 268.34, 522.24, 0.00774449
_10643_, 268.34, 522.24, 0.00774449
_14256_, 268.34, 522.24, 0.00774449
_16711_, 268.34, 522.24, 0.00774449
clkbuf_leaf_86_clk, 268.34, 522.24, 0.00774449
hold772, 268.34, 522.24, 0.00774449
FILLER_0_188_559, 268.34, 522.24, 0.00774449
FILLER_0_188_585, 268.34, 522.24, 0.00774449
FILLER_0_189_573, 268.34, 522.24, 0.00774449
_10625_, 281.14, 522.24, 0.00790907
_10638_, 281.14, 522.24, 0.00790907
_14258_, 281.14, 522.24, 0.00790907
_14262_, 281.14, 522.24, 0.00790907
_14265_, 281.14, 522.24, 0.00790907
_16713_, 281.14, 522.24, 0.00790907
hold2084, 281.14, 522.24, 0.00790907
FILLER_0_187_593, 281.14, 522.24, 0.00790907
FILLER_0_188_601, 281.14, 522.24, 0.00790907
FILLER_0_189_608, 281.14, 522.24, 0.00790907
_09603_, 293.94, 522.24, 0.00806508
_10630_, 293.94, 522.24, 0.00806508
_10631_, 293.94, 522.24, 0.00806508
_17238_, 293.94, 522.24, 0.00806508
hold1555, 293.94, 522.24, 0.00806508
_09593_, 306.74, 522.24, 0.00821285
_09602_, 306.74, 522.24, 0.00821285
_14833_, 306.74, 522.24, 0.00821285
_14836_, 306.74, 522.24, 0.00821285
_14840_, 306.74, 522.24, 0.00821285
clkbuf_leaf_115_clk, 306.74, 522.24, 0.00821285
hold473, 306.74, 522.24, 0.00821285
_09592_, 319.54, 522.24, 0.00832123
_09594_, 319.54, 522.24, 0.00832123
_09595_, 319.54, 522.24, 0.00832123
_09639_, 319.54, 522.24, 0.00832123
_14837_, 319.54, 522.24, 0.00832123
_17213_, 319.54, 522.24, 0.00832123
_17236_, 319.54, 522.24, 0.00832123
hold184, 319.54, 522.24, 0.00832123
_17211_, 345.14, 522.24, 0.00855069
_17218_, 345.14, 522.24, 0.00855069
hold1774, 345.14, 522.24, 0.00855069
_09712_, 357.94, 522.24, 0.00867289
_09715_, 357.94, 522.24, 0.00867289
_14771_, 357.94, 522.24, 0.00867289
_17175_, 357.94, 522.24, 0.00867289
_17176_, 357.94, 522.24, 0.00867289
hold1702, 357.94, 522.24, 0.00867289
_09708_, 370.74, 522.24, 0.00877979
_09709_, 370.74, 522.24, 0.00877979
_17172_, 370.74, 522.24, 0.00877979
_17178_, 370.74, 522.24, 0.00877979
FILLER_0_188_781, 370.74, 522.24, 0.00877979
FILLER_0_188_807, 370.74, 522.24, 0.00877979
hold905, 383.54, 522.24, 0.00887207
FILLER_0_189_835, 383.54, 522.24, 0.00887207
_15349_, 396.34, 522.24, 0.00896384
FILLER_0_187_837, 396.34, 522.24, 0.00896384
FILLER_0_188_857, 396.34, 522.24, 0.00896384
_08664_, 409.14, 522.24, 0.00905543
FILLER_0_187_866, 409.14, 522.24, 0.00905543
FILLER_0_188_865, 409.14, 522.24, 0.00905543
_08559_, 421.94, 522.24, 0.00914679
_17753_, 421.94, 522.24, 0.00914679
_17758_, 421.94, 522.24, 0.00914679
FILLER_0_187_897, 421.94, 522.24, 0.00914679
FILLER_0_188_905, 421.94, 522.24, 0.00914679
FILLER_0_188_913, 421.94, 522.24, 0.00914679
_08548_, 434.74, 522.24, 0.00922374
_08558_, 434.74, 522.24, 0.00922374
_15412_, 434.74, 522.24, 0.00922374
_15414_, 434.74, 522.24, 0.00922374
_17755_, 434.74, 522.24, 0.00922374
hold674, 434.74, 522.24, 0.00922374
hold1718, 434.74, 522.24, 0.00922374
FILLER_0_188_937, 434.74, 522.24, 0.00922374
_08594_, 447.54, 522.24, 0.00929183
_08595_, 447.54, 522.24, 0.00929183
_15392_, 447.54, 522.24, 0.00929183
hold1261, 447.54, 522.24, 0.00929183
FILLER_0_187_948, 447.54, 522.24, 0.00929183
FILLER_0_188_954, 447.54, 522.24, 0.00929183
FILLER_0_188_966, 447.54, 522.24, 0.00929183
_15387_, 460.34, 522.24, 0.00935885
_15388_, 460.34, 522.24, 0.00935885
_15397_, 460.34, 522.24, 0.00935885
_17731_, 460.34, 522.24, 0.00935885
FILLER_0_187_977, 460.34, 522.24, 0.00935885
FILLER_0_188_977, 460.34, 522.24, 0.00935885
_08643_, 473.14, 522.24, 0.00941645
_15365_, 473.14, 522.24, 0.00941645
_15366_, 473.14, 522.24, 0.00941645
_17717_, 473.14, 522.24, 0.00941645
clkbuf_leaf_130_clk, 473.14, 522.24, 0.00941645
FILLER_0_187_1004, 473.14, 522.24, 0.00941645
FILLER_0_187_1015, 473.14, 522.24, 0.00941645
_15373_, 498.137, 522.24, 0.00941567
hold1044, 498.137, 522.24, 0.00941567
FILLER_0_187_1061, 498.137, 522.24, 0.00941567
FILLER_0_188_1089, 510.334, 522.24, 0.00941567
FILLER_0_187_1113, 522.531, 522.24, 0.00941567
FILLER_0_188_1141, 534.728, 522.24, 0.00941567
FILLER_0_187_1169, 546.925, 522.24, 0.00941567
FILLER_0_188_1197, 559.122, 522.24, 0.00941567
PHY_370, 5.52, 516.8, 0.00278626
PHY_372, 5.52, 516.8, 0.00278626
PHY_371, 571.32, 516.8, 0.00992977
PHY_373, 571.32, 516.8, 0.00992977
output84, 571.32, 516.8, 0.00992977
ANTENNA_21, 571.32, 516.8, 0.00992977
FILLER_0_186_1217, 571.32, 516.8, 0.00992977
_14945_, 37.94, 516.8, 0.00309412
FILLER_0_185_69, 37.94, 516.8, 0.00309412
FILLER_0_186_77, 37.94, 516.8, 0.00309412
FILLER_0_187_71, 37.94, 516.8, 0.00309412
FILLER_0_186_109, 50.74, 516.8, 0.00340182
FILLER_0_187_101, 50.74, 516.8, 0.00340182
FILLER_0_187_109, 50.74, 516.8, 0.00340182
_09417_, 63.54, 516.8, 0.00370952
_17324_, 63.54, 516.8, 0.00370952
_17325_, 63.54, 516.8, 0.00370952
FILLER_0_185_113, 63.54, 516.8, 0.00370952
FILLER_0_185_121, 63.54, 516.8, 0.00370952
FILLER_0_186_117, 63.54, 516.8, 0.00370952
FILLER_0_187_128, 63.54, 516.8, 0.00370952
_14936_, 76.34, 516.8, 0.0040028
_14937_, 76.34, 516.8, 0.0040028
_17322_, 76.34, 516.8, 0.0040028
FILLER_0_186_156, 76.34, 516.8, 0.0040028
FILLER_0_187_159, 76.34, 516.8, 0.0040028
_09420_, 89.14, 516.8, 0.00428863
_14934_, 89.14, 516.8, 0.00428863
hold563, 89.14, 516.8, 0.00428863
FILLER_0_186_193, 89.14, 516.8, 0.00428863
_09517_, 101.94, 516.8, 0.00457357
_17279_, 101.94, 516.8, 0.00457357
FILLER_0_185_205, 101.94, 516.8, 0.00457357
FILLER_0_187_220, 101.94, 516.8, 0.00457357
_14886_, 114.74, 516.8, 0.00485119
_16532_, 114.74, 516.8, 0.00485119
hold549, 114.74, 516.8, 0.00485119
FILLER_0_185_225, 114.74, 516.8, 0.00485119
FILLER_0_185_232, 114.74, 516.8, 0.00485119
_10986_, 127.54, 516.8, 0.00512104
_11000_, 127.54, 516.8, 0.00512104
_11001_, 127.54, 516.8, 0.00512104
_16537_, 127.54, 516.8, 0.00512104
_16539_, 127.54, 516.8, 0.00512104
hold280, 127.54, 516.8, 0.00512104
_10984_, 140.34, 516.8, 0.00537552
_10985_, 140.34, 516.8, 0.00537552
_14064_, 140.34, 516.8, 0.00537552
_16531_, 140.34, 516.8, 0.00537552
_16540_, 140.34, 516.8, 0.00537552
hold305, 140.34, 516.8, 0.00537552
hold731, 140.34, 516.8, 0.00537552
_14065_, 153.14, 516.8, 0.0056142
hold649, 153.14, 516.8, 0.0056142
FILLER_0_187_326, 153.14, 516.8, 0.0056142
_11073_, 165.94, 516.8, 0.00585217
_14012_, 165.94, 516.8, 0.00585217
_16493_, 165.94, 516.8, 0.00585217
FILLER_0_186_356, 165.94, 516.8, 0.00585217
FILLER_0_187_349, 165.94, 516.8, 0.00585217
_10565_, 191.54, 516.8, 0.00630114
_14298_, 191.54, 516.8, 0.00630114
_16747_, 191.54, 516.8, 0.00630114
hold197, 191.54, 516.8, 0.00630114
_10564_, 204.34, 516.8, 0.00651159
_10576_, 204.34, 516.8, 0.00651159
_10577_, 204.34, 516.8, 0.00651159
_14292_, 204.34, 516.8, 0.00651159
_14297_, 204.34, 516.8, 0.00651159
hold391, 204.34, 516.8, 0.00651159
FILLER_0_186_424, 204.34, 516.8, 0.00651159
_10605_, 217.14, 516.8, 0.00672057
_14276_, 217.14, 516.8, 0.00672057
FILLER_0_186_467, 217.14, 516.8, 0.00672057
FILLER_0_187_471, 217.14, 516.8, 0.00672057
_10563_, 229.94, 516.8, 0.00692917
FILLER_0_185_476, 229.94, 516.8, 0.00692917
_10706_, 242.74, 516.8, 0.00713754
_14220_, 242.74, 516.8, 0.00713754
_16679_, 242.74, 516.8, 0.00713754
hold1162, 242.74, 516.8, 0.00713754
FILLER_0_186_529, 242.74, 516.8, 0.00713754
_10715_, 255.54, 516.8, 0.00733792
_14211_, 255.54, 516.8, 0.00733792
_14216_, 255.54, 516.8, 0.00733792
_16675_, 255.54, 516.8, 0.00733792
hold817, 255.54, 516.8, 0.00733792
FILLER_0_185_533, 255.54, 516.8, 0.00733792
FILLER_0_186_539, 255.54, 516.8, 0.00733792
FILLER_0_186_550, 255.54, 516.8, 0.00733792
FILLER_0_187_553, 255.54, 516.8, 0.00733792
_14255_, 268.34, 516.8, 0.00752838
_16714_, 268.34, 516.8, 0.00752838
FILLER_0_185_568, 268.34, 516.8, 0.00752838
FILLER_0_186_565, 268.34, 516.8, 0.00752838
_10636_, 281.14, 516.8, 0.00770974
_16717_, 281.14, 516.8, 0.00770974
hold1446, 281.14, 516.8, 0.00770974
_10639_, 293.94, 516.8, 0.00788331
_17231_, 293.94, 516.8, 0.00788331
FILLER_0_186_638, 293.94, 516.8, 0.00788331
_17235_, 306.74, 516.8, 0.00804953
FILLER_0_186_657, 306.74, 516.8, 0.00804953
_17219_, 319.54, 516.8, 0.00820863
FILLER_0_186_693, 319.54, 516.8, 0.00820863
FILLER_0_187_687, 319.54, 516.8, 0.00820863
_09628_, 345.14, 516.8, 0.00846747
_09629_, 345.14, 516.8, 0.00846747
_09642_, 345.14, 516.8, 0.00846747
_14811_, 345.14, 516.8, 0.00846747
_14814_, 345.14, 516.8, 0.00846747
_14818_, 345.14, 516.8, 0.00846747
hold1281, 345.14, 516.8, 0.00846747
FILLER_0_186_751, 345.14, 516.8, 0.00846747
_14766_, 357.94, 516.8, 0.00857258
_14772_, 357.94, 516.8, 0.00857258
FILLER_0_185_753, 357.94, 516.8, 0.00857258
FILLER_0_187_779, 357.94, 516.8, 0.00857258
_09720_, 370.74, 516.8, 0.00867552
_09721_, 370.74, 516.8, 0.00867552
_14768_, 370.74, 516.8, 0.00867552
hold593, 370.74, 516.8, 0.00867552
FILLER_0_186_784, 370.74, 516.8, 0.00867552
FILLER_0_186_808, 383.54, 516.8, 0.00877737
FILLER_0_186_825, 383.54, 516.8, 0.00877737
FILLER_0_186_833, 383.54, 516.8, 0.00877737
_08675_, 396.34, 516.8, 0.00887923
_15345_, 396.34, 516.8, 0.00887923
_15348_, 396.34, 516.8, 0.00887923
_17695_, 396.34, 516.8, 0.00887923
hold901, 396.34, 516.8, 0.00887923
FILLER_0_185_846, 396.34, 516.8, 0.00887923
FILLER_0_187_853, 396.34, 516.8, 0.00887923
_08674_, 409.14, 516.8, 0.00897294
_15343_, 409.14, 516.8, 0.00897294
_17700_, 409.14, 516.8, 0.00897294
hold719, 409.14, 516.8, 0.00897294
hold2032, 409.14, 516.8, 0.00897294
_08549_, 421.94, 516.8, 0.00905631
_08670_, 421.94, 516.8, 0.00905631
_08671_, 421.94, 516.8, 0.00905631
_15350_, 421.94, 516.8, 0.00905631
_15417_, 421.94, 516.8, 0.00905631
hold1524, 421.94, 516.8, 0.00905631
FILLER_0_186_916, 421.94, 516.8, 0.00905631
_08554_, 434.74, 516.8, 0.00913818
_08555_, 434.74, 516.8, 0.00913818
_15409_, 434.74, 516.8, 0.00913818
_08604_, 447.54, 516.8, 0.00921774
_08605_, 447.54, 516.8, 0.00921774
_17730_, 447.54, 516.8, 0.00921774
hold1952, 447.54, 516.8, 0.00921774
FILLER_0_186_948, 447.54, 516.8, 0.00921774
_08631_, 473.14, 516.8, 0.00936082
_15371_, 473.14, 516.8, 0.00936082
_15372_, 473.14, 516.8, 0.00936082
_17716_, 473.14, 516.8, 0.00936082
FILLER_0_185_1005, 473.14, 516.8, 0.00936082
FILLER_0_187_1028, 473.14, 516.8, 0.00936082
_08628_, 498.137, 516.8, 0.00949747
hold1536, 498.137, 516.8, 0.00949747
FILLER_0_186_1088, 510.334, 516.8, 0.00956951
FILLER_0_185_1113, 522.531, 516.8, 0.00964156
FILLER_0_186_1141, 534.728, 516.8, 0.00971361
FILLER_0_185_1169, 546.925, 516.8, 0.00978566
FILLER_0_186_1197, 559.122, 516.8, 0.00985771
PHY_366, 5.52, 511.36, 0.00269357
PHY_368, 5.52, 511.36, 0.00269357
PHY_367, 571.32, 511.36, 0.00936723
PHY_369, 571.32, 511.36, 0.00936723
FILLER_0_184_1217, 571.32, 511.36, 0.00936723
_09402_, 37.94, 511.36, 0.00308781
_09403_, 37.94, 511.36, 0.00308781
_17331_, 37.94, 511.36, 0.00308781
clkbuf_leaf_67_clk, 37.94, 511.36, 0.00308781
hold647, 37.94, 511.36, 0.00308781
FILLER_0_183_57, 37.94, 511.36, 0.00308781
FILLER_0_184_61, 37.94, 511.36, 0.00308781
_14944_, 50.74, 511.36, 0.00342844
_17337_, 50.74, 511.36, 0.00342844
hold2049, 50.74, 511.36, 0.00342844
FILLER_0_183_95, 50.74, 511.36, 0.00342844
FILLER_0_184_88, 50.74, 511.36, 0.00342844
FILLER_0_185_102, 50.74, 511.36, 0.00342844
_09390_, 63.54, 511.36, 0.0037613
_09416_, 63.54, 511.36, 0.0037613
_14952_, 63.54, 511.36, 0.0037613
clkbuf_leaf_68_clk, 63.54, 511.36, 0.0037613
hold146, 63.54, 511.36, 0.0037613
hold1277, 63.54, 511.36, 0.0037613
FILLER_0_184_128, 63.54, 511.36, 0.0037613
FILLER_0_184_136, 63.54, 511.36, 0.0037613
hold493, 76.34, 511.36, 0.0040469
hold1505, 76.34, 511.36, 0.0040469
FILLER_0_185_159, 76.34, 511.36, 0.0040469
_09405_, 89.14, 511.36, 0.00433146
_09513_, 89.14, 511.36, 0.00433146
_14883_, 89.14, 511.36, 0.00433146
_14942_, 89.14, 511.36, 0.00433146
FILLER_0_183_169, 89.14, 511.36, 0.00433146
FILLER_0_184_185, 89.14, 511.36, 0.00433146
FILLER_0_185_186, 89.14, 511.36, 0.00433146
_09512_, 101.94, 511.36, 0.00461521
_09515_, 101.94, 511.36, 0.00461521
_14881_, 101.94, 511.36, 0.00461521
_14882_, 101.94, 511.36, 0.00461521
_17275_, 101.94, 511.36, 0.00461521
hold810, 101.94, 511.36, 0.00461521
FILLER_0_184_222, 101.94, 511.36, 0.00461521
_09506_, 114.74, 511.36, 0.00489056
_09514_, 114.74, 511.36, 0.00489056
_14885_, 114.74, 511.36, 0.00489056
hold420, 114.74, 511.36, 0.00489056
FILLER_0_184_245, 114.74, 511.36, 0.00489056
_10990_, 127.54, 511.36, 0.00516481
_10991_, 127.54, 511.36, 0.00516481
_14057_, 127.54, 511.36, 0.00516481
_14062_, 127.54, 511.36, 0.00516481
clkbuf_leaf_71_clk, 127.54, 511.36, 0.00516481
FILLER_0_184_253, 127.54, 511.36, 0.00516481
FILLER_0_184_271, 127.54, 511.36, 0.00516481
_11002_, 140.34, 511.36, 0.00539758
_11003_, 140.34, 511.36, 0.00539758
_14056_, 140.34, 511.36, 0.00539758
FILLER_0_183_293, 140.34, 511.36, 0.00539758
FILLER_0_184_302, 140.34, 511.36, 0.00539758
hold266, 153.14, 511.36, 0.00562977
FILLER_0_184_333, 153.14, 511.36, 0.00562977
FILLER_0_185_332, 153.14, 511.36, 0.00562977
_11064_, 165.94, 511.36, 0.00586144
_11065_, 165.94, 511.36, 0.00586144
_16500_, 165.94, 511.36, 0.00586144
hold159, 165.94, 511.36, 0.00586144
FILLER_0_184_349, 165.94, 511.36, 0.00586144
FILLER_0_184_360, 165.94, 511.36, 0.00586144
_11071_, 191.54, 511.36, 0.0063157
FILLER_0_184_413, 191.54, 511.36, 0.0063157
_10560_, 204.34, 511.36, 0.00654612
_14301_, 204.34, 511.36, 0.00654612
FILLER_0_183_420, 204.34, 511.36, 0.00654612
FILLER_0_185_437, 204.34, 511.36, 0.00654612
FILLER_0_185_445, 204.34, 511.36, 0.00654612
_10550_, 217.14, 511.36, 0.00677613
_10551_, 217.14, 511.36, 0.00677613
_10552_, 217.14, 511.36, 0.00677613
_10553_, 217.14, 511.36, 0.00677613
_10555_, 217.14, 511.36, 0.00677613
_14305_, 217.14, 511.36, 0.00677613
hold173, 217.14, 511.36, 0.00677613
FILLER_0_184_457, 217.14, 511.36, 0.00677613
_10562_, 229.94, 511.36, 0.00700441
clkbuf_leaf_84_clk, 229.94, 511.36, 0.00700441
hold309, 229.94, 511.36, 0.00700441
hold1038, 229.94, 511.36, 0.00700441
FILLER_0_185_500, 229.94, 511.36, 0.00700441
_10707_, 242.74, 511.36, 0.00718961
_10712_, 242.74, 511.36, 0.00718961
_14212_, 242.74, 511.36, 0.00718961
_14217_, 242.74, 511.36, 0.00718961
_16676_, 242.74, 511.36, 0.00718961
hold1354, 242.74, 511.36, 0.00718961
FILLER_0_185_525, 242.74, 511.36, 0.00718961
_10714_, 255.54, 511.36, 0.00736643
_10722_, 255.54, 511.36, 0.00736643
_10723_, 255.54, 511.36, 0.00736643
_14219_, 255.54, 511.36, 0.00736643
_16671_, 255.54, 511.36, 0.00736643
hold488, 255.54, 511.36, 0.00736643
_10637_, 268.34, 511.36, 0.00753486
_14259_, 268.34, 511.36, 0.00753486
FILLER_0_184_585, 268.34, 511.36, 0.00753486
FILLER_0_185_608, 281.14, 511.36, 0.00770291
FILLER_0_184_637, 293.94, 511.36, 0.00787096
_14839_, 306.74, 511.36, 0.00803901
_17233_, 306.74, 511.36, 0.00803901
FILLER_0_184_657, 306.74, 511.36, 0.00803901
FILLER_0_185_665, 306.74, 511.36, 0.00803901
_09598_, 319.54, 511.36, 0.00819979
_14832_, 319.54, 511.36, 0.00819979
_14842_, 319.54, 511.36, 0.00819979
hold1709, 319.54, 511.36, 0.00819979
FILLER_0_183_669, 319.54, 511.36, 0.00819979
FILLER_0_183_679, 319.54, 511.36, 0.00819979
FILLER_0_184_694, 319.54, 511.36, 0.00819979
_09631_, 345.14, 511.36, 0.00845647
_09635_, 345.14, 511.36, 0.00845647
_14810_, 345.14, 511.36, 0.00845647
FILLER_0_184_745, 345.14, 511.36, 0.00845647
FILLER_0_184_753, 357.94, 511.36, 0.0085529
FILLER_0_185_780, 357.94, 511.36, 0.0085529
_09582_, 370.74, 511.36, 0.00864933
hold115, 370.74, 511.36, 0.00864933
FILLER_0_183_793, 370.74, 511.36, 0.00864933
FILLER_0_184_805, 370.74, 511.36, 0.00864933
_14846_, 383.54, 511.36, 0.00874501
FILLER_0_185_833, 383.54, 511.36, 0.00874501
_08681_, 396.34, 511.36, 0.00884051
_17692_, 396.34, 511.36, 0.00884051
FILLER_0_184_849, 396.34, 511.36, 0.00884051
_08665_, 409.14, 511.36, 0.00892871
_08680_, 409.14, 511.36, 0.00892871
_15353_, 409.14, 511.36, 0.00892871
_17697_, 409.14, 511.36, 0.00892871
_08689_, 421.94, 511.36, 0.0090092
FILLER_0_183_897, 421.94, 511.36, 0.0090092
FILLER_0_183_903, 421.94, 511.36, 0.0090092
hold553, 434.74, 511.36, 0.0090895
FILLER_0_184_920, 434.74, 511.36, 0.0090895
FILLER_0_185_944, 434.74, 511.36, 0.0090895
_08612_, 447.54, 511.36, 0.00916928
_15386_, 447.54, 511.36, 0.00916928
_17726_, 447.54, 511.36, 0.00916928
hold1740, 447.54, 511.36, 0.00916928
FILLER_0_184_949, 447.54, 511.36, 0.00916928
FILLER_0_184_960, 447.54, 511.36, 0.00916928
_08616_, 460.34, 511.36, 0.00924107
_08617_, 460.34, 511.36, 0.00924107
_15380_, 460.34, 511.36, 0.00924107
_17724_, 460.34, 511.36, 0.00924107
hold833, 460.34, 511.36, 0.00924107
FILLER_0_184_981, 460.34, 511.36, 0.00924107
FILLER_0_185_997, 460.34, 511.36, 0.00924107
_08632_, 473.14, 511.36, 0.00930471
_08633_, 473.14, 511.36, 0.00930471
_08715_, 473.14, 511.36, 0.00930471
hold1042, 473.14, 511.36, 0.00930471
FILLER_0_183_1009, 473.14, 511.36, 0.00930471
FILLER_0_184_1004, 473.14, 511.36, 0.00930471
FILLER_0_183_1061, 498.137, 511.36, 0.00936723
FILLER_0_184_1087, 510.334, 511.36, 0.00936723
FILLER_0_183_1113, 522.531, 511.36, 0.00936723
FILLER_0_184_1141, 534.728, 511.36, 0.00936723
FILLER_0_183_1169, 546.925, 511.36, 0.00936723
FILLER_0_184_1197, 559.122, 511.36, 0.00936723
FILLER_0_185_1213, 559.122, 511.36, 0.00936723
PHY_362, 5.52, 505.92, 0.00249807
PHY_364, 5.52, 505.92, 0.00249807
PHY_363, 571.32, 505.92, 0.00941477
PHY_365, 571.32, 505.92, 0.00941477
FILLER_0_182_1217, 571.32, 505.92, 0.00941477
_09394_, 37.94, 505.92, 0.0028713
_09395_, 37.94, 505.92, 0.0028713
_09397_, 37.94, 505.92, 0.0028713
_14947_, 37.94, 505.92, 0.0028713
_17334_, 37.94, 505.92, 0.0028713
FILLER_0_181_57, 37.94, 505.92, 0.0028713
FILLER_0_181_65, 37.94, 505.92, 0.0028713
_09386_, 50.74, 505.92, 0.00323662
_09387_, 50.74, 505.92, 0.00323662
_09391_, 50.74, 505.92, 0.00323662
_09396_, 50.74, 505.92, 0.00323662
_14943_, 50.74, 505.92, 0.00323662
_14948_, 50.74, 505.92, 0.00323662
_14950_, 50.74, 505.92, 0.00323662
_17339_, 50.74, 505.92, 0.00323662
hold546, 50.74, 505.92, 0.00323662
_09408_, 63.54, 505.92, 0.00359114
_09409_, 63.54, 505.92, 0.00359114
_17328_, 63.54, 505.92, 0.00359114
_09412_, 76.34, 505.92, 0.00393817
_09413_, 76.34, 505.92, 0.00393817
_14932_, 76.34, 505.92, 0.00393817
_14933_, 76.34, 505.92, 0.00393817
_14938_, 76.34, 505.92, 0.00393817
_14940_, 76.34, 505.92, 0.00393817
_17321_, 76.34, 505.92, 0.00393817
hold1265, 76.34, 505.92, 0.00393817
hold1336, 76.34, 505.92, 0.00393817
FILLER_0_183_157, 76.34, 505.92, 0.00393817
FILLER_0_183_164, 76.34, 505.92, 0.00393817
_17276_, 89.14, 505.92, 0.00427413
_17329_, 89.14, 505.92, 0.00427413
clkbuf_leaf_69_clk, 89.14, 505.92, 0.00427413
FILLER_0_182_172, 89.14, 505.92, 0.00427413
_09404_, 101.94, 505.92, 0.00455765
_17274_, 101.94, 505.92, 0.00455765
_17278_, 101.94, 505.92, 0.00455765
hold1906, 101.94, 505.92, 0.00455765
FILLER_0_181_209, 101.94, 505.92, 0.00455765
_09508_, 114.74, 505.92, 0.00482621
_09509_, 114.74, 505.92, 0.00482621
hold1018, 114.74, 505.92, 0.00482621
hold1550, 114.74, 505.92, 0.00482621
_10988_, 127.54, 505.92, 0.00509332
_10989_, 127.54, 505.92, 0.00509332
_10995_, 127.54, 505.92, 0.00509332
_14063_, 127.54, 505.92, 0.00509332
hold626, 127.54, 505.92, 0.00509332
FILLER_0_182_265, 127.54, 505.92, 0.00509332
_10993_, 140.34, 505.92, 0.00535915
_10999_, 140.34, 505.92, 0.00535915
_16533_, 140.34, 505.92, 0.00535915
_16536_, 140.34, 505.92, 0.00535915
FILLER_0_181_281, 140.34, 505.92, 0.00535915
FILLER_0_181_289, 140.34, 505.92, 0.00535915
FILLER_0_182_290, 140.34, 505.92, 0.00535915
_10992_, 153.14, 505.92, 0.00561035
_10998_, 153.14, 505.92, 0.00561035
_14061_, 153.14, 505.92, 0.00561035
hold633, 153.14, 505.92, 0.00561035
FILLER_0_183_327, 153.14, 505.92, 0.00561035
_11067_, 165.94, 505.92, 0.00586047
_11076_, 165.94, 505.92, 0.00586047
_11077_, 165.94, 505.92, 0.00586047
_14015_, 165.94, 505.92, 0.00586047
_16494_, 165.94, 505.92, 0.00586047
hold156, 165.94, 505.92, 0.00586047
FILLER_0_181_337, 165.94, 505.92, 0.00586047
_11068_, 191.54, 505.92, 0.00636715
_11070_, 191.54, 505.92, 0.00636715
_14018_, 191.54, 505.92, 0.00636715
hold452, 191.54, 505.92, 0.00636715
hold1725, 191.54, 505.92, 0.00636715
FILLER_0_182_417, 191.54, 505.92, 0.00636715
_10561_, 204.34, 505.92, 0.00663051
_14304_, 204.34, 505.92, 0.00663051
_16755_, 204.34, 505.92, 0.00663051
clkbuf_leaf_83_clk, 204.34, 505.92, 0.00663051
hold2035, 204.34, 505.92, 0.00663051
FILLER_0_181_422, 204.34, 505.92, 0.00663051
FILLER_0_182_421, 204.34, 505.92, 0.00663051
_10554_, 217.14, 505.92, 0.00684625
_14306_, 217.14, 505.92, 0.00684625
_16756_, 217.14, 505.92, 0.00684625
_16757_, 217.14, 505.92, 0.00684625
hold1491, 217.14, 505.92, 0.00684625
FILLER_0_181_460, 217.14, 505.92, 0.00684625
FILLER_0_182_469, 217.14, 505.92, 0.00684625
_14300_, 229.94, 505.92, 0.00704689
_16751_, 229.94, 505.92, 0.00704689
FILLER_0_182_497, 229.94, 505.92, 0.00704689
FILLER_0_183_496, 229.94, 505.92, 0.00704689
_10713_, 242.74, 505.92, 0.00724024
_10719_, 242.74, 505.92, 0.00724024
_14214_, 242.74, 505.92, 0.00724024
_16673_, 242.74, 505.92, 0.00724024
hold797, 242.74, 505.92, 0.00724024
FILLER_0_182_519, 242.74, 505.92, 0.00724024
FILLER_0_183_525, 242.74, 505.92, 0.00724024
_10708_, 255.54, 505.92, 0.00742542
_10709_, 255.54, 505.92, 0.00742542
_16678_, 255.54, 505.92, 0.00742542
hold364, 255.54, 505.92, 0.00742542
FILLER_0_183_557, 255.54, 505.92, 0.00742542
_10689_, 268.34, 505.92, 0.00760261
_10702_, 268.34, 505.92, 0.00760261
_10703_, 268.34, 505.92, 0.00760261
FILLER_0_181_561, 268.34, 505.92, 0.00760261
FILLER_0_182_573, 268.34, 505.92, 0.00760261
FILLER_0_182_585, 268.34, 505.92, 0.00760261
hold1313, 281.14, 505.92, 0.00777918
hold1322, 281.14, 505.92, 0.00777918
FILLER_0_182_589, 281.14, 505.92, 0.00777918
FILLER_0_183_609, 281.14, 505.92, 0.00777918
_09586_, 293.94, 505.92, 0.00795473
_09587_, 293.94, 505.92, 0.00795473
_17237_, 293.94, 505.92, 0.00795473
FILLER_0_182_627, 293.94, 505.92, 0.00795473
FILLER_0_183_629, 293.94, 505.92, 0.00795473
_09590_, 306.74, 505.92, 0.00812275
_09591_, 306.74, 505.92, 0.00812275
_14841_, 306.74, 505.92, 0.00812275
_17240_, 306.74, 505.92, 0.00812275
hold172, 306.74, 505.92, 0.00812275
hold437, 306.74, 505.92, 0.00812275
_09584_, 319.54, 505.92, 0.00828199
_09585_, 319.54, 505.92, 0.00828199
_09625_, 319.54, 505.92, 0.00828199
_14835_, 319.54, 505.92, 0.00828199
_17220_, 319.54, 505.92, 0.00828199
hold303, 319.54, 505.92, 0.00828199
_09634_, 345.14, 505.92, 0.00859302
_14815_, 345.14, 505.92, 0.00859302
_17215_, 345.14, 505.92, 0.00859302
_17217_, 345.14, 505.92, 0.00859302
hold1875, 345.14, 505.92, 0.00859302
hold1917, 345.14, 505.92, 0.00859302
_09576_, 357.94, 505.92, 0.00873772
_09577_, 357.94, 505.92, 0.00873772
_09630_, 357.94, 505.92, 0.00873772
_17244_, 357.94, 505.92, 0.00873772
_17250_, 357.94, 505.92, 0.00873772
FILLER_0_183_767, 357.94, 505.92, 0.00873772
FILLER_0_183_777, 357.94, 505.92, 0.00873772
_09579_, 370.74, 505.92, 0.00886756
_17243_, 370.74, 505.92, 0.00886756
clkbuf_leaf_117_clk, 370.74, 505.92, 0.00886756
hold1252, 370.74, 505.92, 0.00886756
FILLER_0_183_801, 370.74, 505.92, 0.00886756
FILLER_0_183_807, 370.74, 505.92, 0.00886756
_09578_, 383.54, 505.92, 0.00895402
_17249_, 383.54, 505.92, 0.00895402
hold738, 383.54, 505.92, 0.00895402
FILLER_0_181_836, 396.34, 505.92, 0.00903269
FILLER_0_182_862, 396.34, 505.92, 0.00903269
FILLER_0_182_881, 409.14, 505.92, 0.00911137
FILLER_0_182_889, 409.14, 505.92, 0.00911137
FILLER_0_183_889, 409.14, 505.92, 0.00911137
_17685_, 421.94, 505.92, 0.00919004
_17688_, 421.94, 505.92, 0.00919004
_17689_, 421.94, 505.92, 0.00919004
hold1130, 421.94, 505.92, 0.00919004
FILLER_0_181_892, 421.94, 505.92, 0.00919004
_08688_, 434.74, 505.92, 0.00924693
_08694_, 434.74, 505.92, 0.00924693
_08695_, 434.74, 505.92, 0.00924693
_15337_, 434.74, 505.92, 0.00924693
_17725_, 434.74, 505.92, 0.00924693
hold1131, 434.74, 505.92, 0.00924693
FILLER_0_181_931, 434.74, 505.92, 0.00924693
_08613_, 447.54, 505.92, 0.0092954
_08614_, 447.54, 505.92, 0.0092954
_15376_, 447.54, 505.92, 0.0092954
_15381_, 447.54, 505.92, 0.0092954
_15382_, 447.54, 505.92, 0.0092954
hold1391, 447.54, 505.92, 0.0092954
_08620_, 460.34, 505.92, 0.00934066
_08621_, 460.34, 505.92, 0.00934066
_15378_, 460.34, 505.92, 0.00934066
hold876, 460.34, 505.92, 0.00934066
FILLER_0_183_999, 460.34, 505.92, 0.00934066
_08714_, 473.14, 505.92, 0.00938485
_17671_, 473.14, 505.92, 0.00938485
_17675_, 473.14, 505.92, 0.00938485
hold1290, 473.14, 505.92, 0.00938485
FILLER_0_183_1019, 473.14, 505.92, 0.00938485
FILLER_0_183_1027, 473.14, 505.92, 0.00938485
_08720_, 498.137, 505.92, 0.00941477
hold2002, 498.137, 505.92, 0.00941477
FILLER_0_182_1081, 498.137, 505.92, 0.00941477
FILLER_0_182_1089, 510.334, 505.92, 0.00941477
FILLER_0_181_1113, 522.531, 505.92, 0.00941477
FILLER_0_182_1141, 534.728, 505.92, 0.00941477
FILLER_0_181_1169, 546.925, 505.92, 0.00941477
FILLER_0_182_1197, 559.122, 505.92, 0.00941477
PHY_358, 5.52, 500.48, 0.0022896
PHY_360, 5.52, 500.48, 0.0022896
PHY_359, 571.32, 500.48, 0.00941212
PHY_361, 571.32, 500.48, 0.00941212
FILLER_0_180_1217, 571.32, 500.48, 0.00941212
ANTENNA_16, 15.33, 500.48, 0.0022896
_17281_, 37.94, 500.48, 0.00264015
_17335_, 37.94, 500.48, 0.00264015
FILLER_0_180_74, 37.94, 500.48, 0.00264015
hold1285, 50.74, 500.48, 0.0029765
FILLER_0_181_101, 50.74, 500.48, 0.0029765
FILLER_0_181_109, 50.74, 500.48, 0.0029765
FILLER_0_180_129, 63.54, 500.48, 0.00331234
FILLER_0_180_137, 63.54, 500.48, 0.00331234
FILLER_0_181_137, 63.54, 500.48, 0.00331234
_09422_, 76.34, 500.48, 0.00364818
_09423_, 76.34, 500.48, 0.00364818
_17326_, 76.34, 500.48, 0.00364818
_09406_, 89.14, 500.48, 0.00397649
_09407_, 89.14, 500.48, 0.00397649
_14877_, 89.14, 500.48, 0.00397649
_17330_, 89.14, 500.48, 0.00397649
hold2117, 89.14, 500.48, 0.00397649
FILLER_0_179_169, 89.14, 500.48, 0.00397649
_09516_, 101.94, 500.48, 0.00429484
_14941_, 101.94, 500.48, 0.00429484
FILLER_0_181_217, 101.94, 500.48, 0.00429484
FILLER_0_180_248, 114.74, 500.48, 0.00461277
FILLER_0_181_248, 114.74, 500.48, 0.00461277
_10994_, 127.54, 500.48, 0.0049307
_14060_, 127.54, 500.48, 0.0049307
_16534_, 127.54, 500.48, 0.0049307
_16535_, 127.54, 500.48, 0.0049307
_16538_, 127.54, 500.48, 0.0049307
hold1531, 127.54, 500.48, 0.0049307
_10997_, 140.34, 500.48, 0.00522643
_14059_, 140.34, 500.48, 0.00522643
hold677, 140.34, 500.48, 0.00522643
FILLER_0_179_281, 140.34, 500.48, 0.00522643
FILLER_0_179_292, 140.34, 500.48, 0.00522643
_14058_, 153.14, 500.48, 0.00552131
FILLER_0_181_327, 153.14, 500.48, 0.00552131
_14011_, 165.94, 500.48, 0.00581601
_16499_, 165.94, 500.48, 0.00581601
clkbuf_leaf_80_clk, 165.94, 500.48, 0.00581601
FILLER_0_180_348, 165.94, 500.48, 0.00581601
FILLER_0_180_361, 165.94, 500.48, 0.00581601
_11080_, 191.54, 500.48, 0.0063066
_11081_, 191.54, 500.48, 0.0063066
_14013_, 191.54, 500.48, 0.0063066
hold811, 191.54, 500.48, 0.0063066
FILLER_0_180_415, 191.54, 500.48, 0.0063066
_16752_, 204.34, 500.48, 0.00654791
_16758_, 204.34, 500.48, 0.00654791
hold1456, 204.34, 500.48, 0.00654791
FILLER_0_180_421, 204.34, 500.48, 0.00654791
_10548_, 217.14, 500.48, 0.0067745
_14299_, 217.14, 500.48, 0.0067745
FILLER_0_180_469, 217.14, 500.48, 0.0067745
FILLER_0_181_468, 217.14, 500.48, 0.0067745
_14302_, 229.94, 500.48, 0.00699883
hold1880, 229.94, 500.48, 0.00699883
FILLER_0_181_501, 229.94, 500.48, 0.00699883
_10718_, 242.74, 500.48, 0.00722245
FILLER_0_180_525, 242.74, 500.48, 0.00722245
FILLER_0_181_528, 242.74, 500.48, 0.00722245
_10693_, 255.54, 500.48, 0.00744585
FILLER_0_180_557, 255.54, 500.48, 0.00744585
FILLER_0_181_556, 255.54, 500.48, 0.00744585
_10685_, 268.34, 500.48, 0.00766904
_16681_, 268.34, 500.48, 0.00766904
_16688_, 268.34, 500.48, 0.00766904
clkbuf_leaf_87_clk, 268.34, 500.48, 0.00766904
_10684_, 281.14, 500.48, 0.0078347
_10688_, 281.14, 500.48, 0.0078347
_14232_, 281.14, 500.48, 0.0078347
_16690_, 281.14, 500.48, 0.0078347
hold1779, 281.14, 500.48, 0.0078347
FILLER_0_179_588, 281.14, 500.48, 0.0078347
FILLER_0_181_605, 281.14, 500.48, 0.0078347
FILLER_0_181_613, 281.14, 500.48, 0.0078347
_17239_, 293.94, 500.48, 0.00799213
_09599_, 306.74, 500.48, 0.00814244
_14834_, 306.74, 500.48, 0.00814244
_17232_, 306.74, 500.48, 0.00814244
FILLER_0_179_654, 306.74, 500.48, 0.00814244
FILLER_0_180_641, 306.74, 500.48, 0.00814244
FILLER_0_180_645, 306.74, 500.48, 0.00814244
FILLER_0_181_656, 306.74, 500.48, 0.00814244
FILLER_0_181_665, 306.74, 500.48, 0.00814244
_09600_, 319.54, 500.48, 0.00828522
hold343, 319.54, 500.48, 0.00828522
FILLER_0_179_669, 319.54, 500.48, 0.00828522
FILLER_0_180_695, 319.54, 500.48, 0.00828522
_14817_, 345.14, 500.48, 0.00855965
FILLER_0_180_749, 345.14, 500.48, 0.00855965
FILLER_0_181_752, 345.14, 500.48, 0.00855965
_17241_, 357.94, 500.48, 0.00869183
hold2098, 357.94, 500.48, 0.00869183
FILLER_0_179_765, 357.94, 500.48, 0.00869183
FILLER_0_180_757, 357.94, 500.48, 0.00869183
_09565_, 370.74, 500.48, 0.00881642
_09583_, 370.74, 500.48, 0.00881642
_14844_, 370.74, 500.48, 0.00881642
_17247_, 370.74, 500.48, 0.00881642
FILLER_0_179_788, 370.74, 500.48, 0.00881642
FILLER_0_181_805, 370.74, 500.48, 0.00881642
_09566_, 383.54, 500.48, 0.00893324
_09567_, 383.54, 500.48, 0.00893324
_09570_, 383.54, 500.48, 0.00893324
_14852_, 383.54, 500.48, 0.00893324
hold230, 383.54, 500.48, 0.00893324
hold756, 383.54, 500.48, 0.00893324
_08583_, 396.34, 500.48, 0.00904825
_17741_, 396.34, 500.48, 0.00904825
FILLER_0_179_837, 396.34, 500.48, 0.00904825
FILLER_0_179_841, 396.34, 500.48, 0.00904825
FILLER_0_180_842, 396.34, 500.48, 0.00904825
FILLER_0_181_853, 396.34, 500.48, 0.00904825
_08570_, 409.14, 500.48, 0.00915597
_08582_, 409.14, 500.48, 0.00915597
_17747_, 409.14, 500.48, 0.00915597
clkbuf_leaf_120_clk, 409.14, 500.48, 0.00915597
hold1443, 409.14, 500.48, 0.00915597
hold1492, 409.14, 500.48, 0.00915597
_08686_, 421.94, 500.48, 0.00920995
_08687_, 421.94, 500.48, 0.00920995
_15340_, 421.94, 500.48, 0.00920995
_15341_, 421.94, 500.48, 0.00920995
FILLER_0_180_914, 421.94, 500.48, 0.00920995
_08615_, 434.74, 500.48, 0.00926316
_08690_, 434.74, 500.48, 0.00926316
_15339_, 434.74, 500.48, 0.00926316
FILLER_0_179_921, 434.74, 500.48, 0.00926316
FILLER_0_181_944, 434.74, 500.48, 0.00926316
_08610_, 447.54, 500.48, 0.00931577
_17722_, 447.54, 500.48, 0.00931577
_17727_, 447.54, 500.48, 0.00931577
hold1925, 447.54, 500.48, 0.00931577
FILLER_0_179_947, 447.54, 500.48, 0.00931577
FILLER_0_180_964, 447.54, 500.48, 0.00931577
FILLER_0_181_965, 447.54, 500.48, 0.00931577
_08609_, 460.34, 500.48, 0.00935348
_15384_, 460.34, 500.48, 0.00935348
_17728_, 460.34, 500.48, 0.00935348
hold1982, 460.34, 500.48, 0.00935348
FILLER_0_179_980, 460.34, 500.48, 0.00935348
FILLER_0_181_1000, 460.34, 500.48, 0.00935348
_08722_, 473.14, 500.48, 0.00938319
_08723_, 473.14, 500.48, 0.00938319
_15322_, 473.14, 500.48, 0.00938319
_15326_, 473.14, 500.48, 0.00938319
FILLER_0_180_1013, 473.14, 500.48, 0.00938319
FILLER_0_180_1025, 473.14, 500.48, 0.00938319
FILLER_0_180_1086, 510.334, 500.48, 0.00941212
FILLER_0_179_1113, 522.531, 500.48, 0.00941212
FILLER_0_180_1141, 534.728, 500.48, 0.00941212
FILLER_0_179_1169, 546.925, 500.48, 0.00941212
FILLER_0_180_1197, 559.122, 500.48, 0.00941212
PHY_354, 5.52, 495.04, 0.00213671
PHY_356, 5.52, 495.04, 0.00213671
output44, 5.52, 495.04, 0.00213671
PHY_355, 571.32, 495.04, 0.00978075
PHY_357, 571.32, 495.04, 0.00978075
output49, 571.32, 495.04, 0.00978075
ANTENNA_19, 571.32, 495.04, 0.00978075
FILLER_0_178_29, 15.33, 495.04, 0.00212143
FILLER_0_179_25, 15.33, 495.04, 0.00212143
_09500_, 37.94, 495.04, 0.00247651
_09501_, 37.94, 495.04, 0.00247651
_09502_, 37.94, 495.04, 0.00247651
_09503_, 37.94, 495.04, 0.00247651
_14889_, 37.94, 495.04, 0.00247651
_14890_, 37.94, 495.04, 0.00247651
_14895_, 37.94, 495.04, 0.00247651
_14896_, 37.94, 495.04, 0.00247651
FILLER_0_177_65, 37.94, 495.04, 0.00247651
FILLER_0_178_70, 37.94, 495.04, 0.00247651
_17355_, 50.74, 495.04, 0.00284531
hold704, 50.74, 495.04, 0.00284531
FILLER_0_179_104, 50.74, 495.04, 0.00284531
_09354_, 63.54, 495.04, 0.00320649
_14970_, 63.54, 495.04, 0.00320649
clkbuf_leaf_66_clk, 63.54, 495.04, 0.00320649
hold937, 63.54, 495.04, 0.00320649
FILLER_0_178_133, 63.54, 495.04, 0.00320649
FILLER_0_177_151, 76.34, 495.04, 0.00353001
FILLER_0_179_161, 76.34, 495.04, 0.00353001
_09360_, 89.14, 495.04, 0.00385353
hold1080, 89.14, 495.04, 0.00385353
FILLER_0_177_180, 89.14, 495.04, 0.00385353
FILLER_0_178_189, 89.14, 495.04, 0.00385353
_09379_, 101.94, 495.04, 0.00417635
FILLER_0_179_217, 101.94, 495.04, 0.00417635
_09382_, 114.74, 495.04, 0.00449897
_09383_, 114.74, 495.04, 0.00449897
_17341_, 114.74, 495.04, 0.00449897
hold464, 114.74, 495.04, 0.00449897
FILLER_0_178_245, 114.74, 495.04, 0.00449897
FILLER_0_179_249, 114.74, 495.04, 0.00449897
FILLER_0_179_272, 127.54, 495.04, 0.00481353
_10996_, 140.34, 495.04, 0.00512809
_14055_, 140.34, 495.04, 0.00512809
FILLER_0_178_301, 140.34, 495.04, 0.00512809
_11128_, 153.14, 495.04, 0.00544045
_11129_, 153.14, 495.04, 0.00544045
_16468_, 153.14, 495.04, 0.00544045
hold148, 153.14, 495.04, 0.00544045
FILLER_0_179_329, 153.14, 495.04, 0.00544045
_11130_, 165.94, 495.04, 0.00574479
_11131_, 165.94, 495.04, 0.00574479
_16467_, 165.94, 495.04, 0.00574479
hold163, 165.94, 495.04, 0.00574479
FILLER_0_178_349, 165.94, 495.04, 0.00574479
FILLER_0_178_360, 165.94, 495.04, 0.00574479
_11007_, 191.54, 495.04, 0.00628164
FILLER_0_178_409, 191.54, 495.04, 0.00628164
FILLER_0_178_417, 191.54, 495.04, 0.00628164
_10549_, 204.34, 495.04, 0.00652197
_14307_, 204.34, 495.04, 0.00652197
_16754_, 204.34, 495.04, 0.00652197
FILLER_0_178_421, 204.34, 495.04, 0.00652197
FILLER_0_178_429, 204.34, 495.04, 0.00652197
FILLER_0_178_435, 204.34, 495.04, 0.00652197
FILLER_0_179_444, 204.34, 495.04, 0.00652197
_10556_, 217.14, 495.04, 0.00675482
_10557_, 217.14, 495.04, 0.00675482
_14303_, 217.14, 495.04, 0.00675482
hold384, 217.14, 495.04, 0.00675482
FILLER_0_177_457, 217.14, 495.04, 0.00675482
_10559_, 229.94, 495.04, 0.00698656
_16753_, 229.94, 495.04, 0.00698656
_16759_, 229.94, 495.04, 0.00698656
hold939, 229.94, 495.04, 0.00698656
FILLER_0_179_499, 229.94, 495.04, 0.00698656
hold1962, 242.74, 495.04, 0.00720337
_10692_, 255.54, 495.04, 0.00741967
_14222_, 255.54, 495.04, 0.00741967
_16686_, 255.54, 495.04, 0.00741967
hold416, 255.54, 495.04, 0.00741967
FILLER_0_178_533, 255.54, 495.04, 0.00741967
_10696_, 268.34, 495.04, 0.00762629
_14223_, 268.34, 495.04, 0.00762629
_14228_, 268.34, 495.04, 0.00762629
_14230_, 268.34, 495.04, 0.00762629
hold461, 268.34, 495.04, 0.00762629
FILLER_0_178_577, 268.34, 495.04, 0.00762629
FILLER_0_178_585, 268.34, 495.04, 0.00762629
_14227_, 281.14, 495.04, 0.00783167
FILLER_0_177_588, 281.14, 495.04, 0.00783167
FILLER_0_179_611, 281.14, 495.04, 0.00783167
_09623_, 293.94, 495.04, 0.00803688
clkbuf_leaf_114_clk, 293.94, 495.04, 0.00803688
FILLER_0_177_617, 293.94, 495.04, 0.00803688
FILLER_0_178_637, 293.94, 495.04, 0.00803688
FILLER_0_179_629, 293.94, 495.04, 0.00803688
_09601_, 306.74, 495.04, 0.00820339
clkbuf_leaf_113_clk, 306.74, 495.04, 0.00820339
FILLER_0_178_657, 306.74, 495.04, 0.00820339
FILLER_0_179_661, 306.74, 495.04, 0.00820339
_17185_, 319.54, 495.04, 0.00833233
FILLER_0_178_694, 319.54, 495.04, 0.00833233
FILLER_0_179_685, 319.54, 495.04, 0.00833233
_09688_, 345.14, 495.04, 0.00858016
_09689_, 345.14, 495.04, 0.00858016
_09696_, 345.14, 495.04, 0.00858016
_09697_, 345.14, 495.04, 0.00858016
_14781_, 345.14, 495.04, 0.00858016
_17188_, 345.14, 495.04, 0.00858016
hold676, 345.14, 495.04, 0.00858016
FILLER_0_178_752, 345.14, 495.04, 0.00858016
_09564_, 357.94, 495.04, 0.0086975
_14843_, 357.94, 495.04, 0.0086975
_14847_, 357.94, 495.04, 0.0086975
_14853_, 357.94, 495.04, 0.0086975
FILLER_0_178_757, 357.94, 495.04, 0.0086975
FILLER_0_179_776, 357.94, 495.04, 0.0086975
_09571_, 370.74, 495.04, 0.0088123
_14850_, 370.74, 495.04, 0.0088123
FILLER_0_177_781, 370.74, 495.04, 0.0088123
FILLER_0_178_807, 370.74, 495.04, 0.0088123
_17742_, 383.54, 495.04, 0.00892673
hold832, 383.54, 495.04, 0.00892673
FILLER_0_178_825, 383.54, 495.04, 0.00892673
_08580_, 396.34, 495.04, 0.00903358
_08581_, 396.34, 495.04, 0.00903358
_15400_, 396.34, 495.04, 0.00903358
_17746_, 396.34, 495.04, 0.00903358
hold1314, 396.34, 495.04, 0.00903358
_08571_, 409.14, 495.04, 0.00913223
_08572_, 409.14, 495.04, 0.00913223
_08573_, 409.14, 495.04, 0.00913223
_15399_, 409.14, 495.04, 0.00913223
_15405_, 409.14, 495.04, 0.00913223
hold1230, 409.14, 495.04, 0.00913223
FILLER_0_179_890, 409.14, 495.04, 0.00913223
_08684_, 421.94, 495.04, 0.00922938
_17690_, 421.94, 495.04, 0.00922938
hold1442, 421.94, 495.04, 0.00922938
FILLER_0_178_899, 421.94, 495.04, 0.00922938
FILLER_0_178_907, 421.94, 495.04, 0.00922938
_08691_, 434.74, 495.04, 0.00931872
_08693_, 434.74, 495.04, 0.00931872
_17687_, 434.74, 495.04, 0.00931872
hold1895, 434.74, 495.04, 0.00931872
FILLER_0_178_945, 434.74, 495.04, 0.00931872
FILLER_0_179_934, 434.74, 495.04, 0.00931872
_08611_, 447.54, 495.04, 0.00940007
_15383_, 447.54, 495.04, 0.00940007
clkbuf_leaf_128_clk, 447.54, 495.04, 0.00940007
FILLER_0_177_953, 447.54, 495.04, 0.00940007
FILLER_0_179_973, 447.54, 495.04, 0.00940007
_08608_, 460.34, 495.04, 0.00943245
_15321_, 460.34, 495.04, 0.00943245
FILLER_0_178_976, 460.34, 495.04, 0.00943245
FILLER_0_178_993, 460.34, 495.04, 0.00943245
_08704_, 473.14, 495.04, 0.00946264
_08705_, 473.14, 495.04, 0.00946264
_15330_, 473.14, 495.04, 0.00946264
_17680_, 473.14, 495.04, 0.00946264
hold636, 473.14, 495.04, 0.00946264
FILLER_0_177_1005, 473.14, 495.04, 0.00946264
_08710_, 498.137, 495.04, 0.00954583
hold1109, 498.137, 495.04, 0.00954583
FILLER_0_177_1061, 498.137, 495.04, 0.00954583
_08481_, 522.531, 495.04, 0.00966683
FILLER_0_177_1113, 522.531, 495.04, 0.00966683
FILLER_0_177_1121, 522.531, 495.04, 0.00966683
clkbuf_leaf_131_clk, 534.728, 495.04, 0.00972714
FILLER_0_178_1141, 534.728, 495.04, 0.00972714
FILLER_0_178_1161, 534.728, 495.04, 0.00972714
_08509_, 546.925, 495.04, 0.00974625
_08511_, 546.925, 495.04, 0.00974625
_08516_, 546.925, 495.04, 0.00974625
_15434_, 546.925, 495.04, 0.00974625
hold1841, 546.925, 495.04, 0.00974625
FILLER_0_178_1183, 546.925, 495.04, 0.00974625
_08508_, 559.122, 495.04, 0.00976407
hold289, 559.122, 495.04, 0.00976407
hold1603, 559.122, 495.04, 0.00976407
FILLER_0_178_1196, 559.122, 495.04, 0.00976407
PHY_350, 5.52, 489.6, 0.0019766
PHY_352, 5.52, 489.6, 0.0019766
PHY_351, 571.32, 489.6, 0.00969004
PHY_353, 571.32, 489.6, 0.00969004
FILLER_0_176_1224, 571.32, 489.6, 0.00969004
_17282_, 37.94, 489.6, 0.00238528
FILLER_0_176_77, 37.94, 489.6, 0.00238528
_09355_, 50.74, 489.6, 0.00278686
_14888_, 50.74, 489.6, 0.00278686
_17360_, 50.74, 489.6, 0.00278686
FILLER_0_177_103, 50.74, 489.6, 0.00278686
_14975_, 63.54, 489.6, 0.00317913
_17354_, 63.54, 489.6, 0.00317913
hold132, 63.54, 489.6, 0.00317913
FILLER_0_175_124, 63.54, 489.6, 0.00317913
_09353_, 76.34, 489.6, 0.00356359
_09356_, 76.34, 489.6, 0.00356359
_09361_, 76.34, 489.6, 0.00356359
_14967_, 76.34, 489.6, 0.00356359
_17352_, 76.34, 489.6, 0.00356359
_17356_, 76.34, 489.6, 0.00356359
hold568, 76.34, 489.6, 0.00356359
_17343_, 89.14, 489.6, 0.00393251
_17348_, 89.14, 489.6, 0.00393251
hold341, 89.14, 489.6, 0.00393251
FILLER_0_175_177, 89.14, 489.6, 0.00393251
FILLER_0_176_173, 89.14, 489.6, 0.00393251
_09368_, 101.94, 489.6, 0.00428674
_09378_, 101.94, 489.6, 0.00428674
_14955_, 101.94, 489.6, 0.00428674
_14957_, 101.94, 489.6, 0.00428674
_17346_, 101.94, 489.6, 0.00428674
hold458, 101.94, 489.6, 0.00428674
hold1567, 101.94, 489.6, 0.00428674
_09373_, 114.74, 489.6, 0.00463207
_14960_, 114.74, 489.6, 0.00463207
clkbuf_leaf_72_clk, 114.74, 489.6, 0.00463207
hold987, 114.74, 489.6, 0.00463207
FILLER_0_175_225, 114.74, 489.6, 0.00463207
FILLER_0_175_236, 114.74, 489.6, 0.00463207
_14003_, 127.54, 489.6, 0.00493088
_16482_, 127.54, 489.6, 0.00493088
hold1284, 127.54, 489.6, 0.00493088
FILLER_0_175_263, 127.54, 489.6, 0.00493088
FILLER_0_176_265, 127.54, 489.6, 0.00493088
FILLER_0_177_274, 127.54, 489.6, 0.00493088
_11088_, 140.34, 489.6, 0.00522192
_11089_, 140.34, 489.6, 0.00522192
_11100_, 140.34, 489.6, 0.00522192
_14008_, 140.34, 489.6, 0.00522192
hold1019, 140.34, 489.6, 0.00522192
FILLER_0_176_301, 140.34, 489.6, 0.00522192
FILLER_0_177_305, 140.34, 489.6, 0.00522192
_11139_, 153.14, 489.6, 0.00551163
_16463_, 153.14, 489.6, 0.00551163
hold155, 153.14, 489.6, 0.00551163
FILLER_0_175_312, 153.14, 489.6, 0.00551163
FILLER_0_176_309, 153.14, 489.6, 0.00551163
_11132_, 165.94, 489.6, 0.0057935
_13984_, 165.94, 489.6, 0.0057935
_13985_, 165.94, 489.6, 0.0057935
_16466_, 165.94, 489.6, 0.0057935
hold891, 165.94, 489.6, 0.0057935
FILLER_0_175_345, 165.94, 489.6, 0.0057935
_11011_, 191.54, 489.6, 0.00632864
_16527_, 191.54, 489.6, 0.00632864
hold1518, 191.54, 489.6, 0.00632864
hold1763, 191.54, 489.6, 0.00632864
_14051_, 204.34, 489.6, 0.00658172
hold1369, 204.34, 489.6, 0.00658172
FILLER_0_175_432, 204.34, 489.6, 0.00658172
_10546_, 217.14, 489.6, 0.0068341
_10547_, 217.14, 489.6, 0.0068341
_14308_, 217.14, 489.6, 0.0068341
hold1335, 217.14, 489.6, 0.0068341
FILLER_0_176_469, 217.14, 489.6, 0.0068341
FILLER_0_177_465, 217.14, 489.6, 0.0068341
_10544_, 229.94, 489.6, 0.00708536
_10545_, 229.94, 489.6, 0.00708536
_10558_, 229.94, 489.6, 0.00708536
_14309_, 229.94, 489.6, 0.00708536
_16760_, 229.94, 489.6, 0.00708536
_16687_, 242.74, 489.6, 0.00732866
clkbuf_leaf_88_clk, 242.74, 489.6, 0.00732866
FILLER_0_175_505, 242.74, 489.6, 0.00732866
FILLER_0_176_521, 242.74, 489.6, 0.00732866
FILLER_0_176_529, 242.74, 489.6, 0.00732866
FILLER_0_177_525, 242.74, 489.6, 0.00732866
_10690_, 255.54, 489.6, 0.00752224
_10691_, 255.54, 489.6, 0.00752224
_10697_, 255.54, 489.6, 0.00752224
_14229_, 255.54, 489.6, 0.00752224
_16684_, 255.54, 489.6, 0.00752224
hold353, 255.54, 489.6, 0.00752224
FILLER_0_176_533, 255.54, 489.6, 0.00752224
_10695_, 268.34, 489.6, 0.00770743
_10700_, 268.34, 489.6, 0.00770743
_10701_, 268.34, 489.6, 0.00770743
_14224_, 268.34, 489.6, 0.00770743
_14226_, 268.34, 489.6, 0.00770743
hold1649, 268.34, 489.6, 0.00770743
_09619_, 281.14, 489.6, 0.00789112
_10694_, 281.14, 489.6, 0.00789112
_16685_, 281.14, 489.6, 0.00789112
FILLER_0_176_609, 281.14, 489.6, 0.00789112
FILLER_0_177_607, 281.14, 489.6, 0.00789112
_09606_, 293.94, 489.6, 0.00806728
_09607_, 293.94, 489.6, 0.00806728
_09618_, 293.94, 489.6, 0.00806728
_14822_, 293.94, 489.6, 0.00806728
_17223_, 293.94, 489.6, 0.00806728
_17229_, 293.94, 489.6, 0.00806728
hold1069, 293.94, 489.6, 0.00806728
FILLER_0_175_617, 293.94, 489.6, 0.00806728
_09611_, 306.74, 489.6, 0.00822789
_14828_, 306.74, 489.6, 0.00822789
_17227_, 306.74, 489.6, 0.00822789
hold161, 306.74, 489.6, 0.00822789
hold2111, 306.74, 489.6, 0.00822789
FILLER_0_176_653, 306.74, 489.6, 0.00822789
FILLER_0_176_665, 306.74, 489.6, 0.00822789
FILLER_0_177_665, 306.74, 489.6, 0.00822789
_09610_, 319.54, 489.6, 0.00838002
_09699_, 319.54, 489.6, 0.00838002
_17183_, 319.54, 489.6, 0.00838002
hold453, 319.54, 489.6, 0.00838002
_14785_, 345.14, 489.6, 0.00868083
_17184_, 345.14, 489.6, 0.00868083
hold1957, 345.14, 489.6, 0.00868083
FILLER_0_176_750, 345.14, 489.6, 0.00868083
_09574_, 357.94, 489.6, 0.00882974
_09575_, 357.94, 489.6, 0.00882974
_14848_, 357.94, 489.6, 0.00882974
_14851_, 357.94, 489.6, 0.00882974
_17245_, 357.94, 489.6, 0.00882974
_09580_, 370.74, 489.6, 0.00897078
_17242_, 370.74, 489.6, 0.00897078
_17246_, 370.74, 489.6, 0.00897078
hold114, 370.74, 489.6, 0.00897078
hold1642, 370.74, 489.6, 0.00897078
FILLER_0_176_789, 370.74, 489.6, 0.00897078
FILLER_0_176_797, 370.74, 489.6, 0.00897078
_09572_, 383.54, 489.6, 0.00909642
_09573_, 383.54, 489.6, 0.00909642
_14849_, 383.54, 489.6, 0.00909642
clkbuf_leaf_121_clk, 383.54, 489.6, 0.00909642
FILLER_0_177_826, 383.54, 489.6, 0.00909642
FILLER_0_177_834, 383.54, 489.6, 0.00909642
_08576_, 396.34, 489.6, 0.00917397
_15404_, 396.34, 489.6, 0.00917397
_17744_, 396.34, 489.6, 0.00917397
hold1750, 396.34, 489.6, 0.00917397
FILLER_0_175_837, 396.34, 489.6, 0.00917397
FILLER_0_176_839, 396.34, 489.6, 0.00917397
FILLER_0_176_851, 396.34, 489.6, 0.00917397
FILLER_0_176_863, 396.34, 489.6, 0.00917397
FILLER_0_177_853, 396.34, 489.6, 0.00917397
_15407_, 409.14, 489.6, 0.00924353
FILLER_0_175_873, 409.14, 489.6, 0.00924353
FILLER_0_177_891, 409.14, 489.6, 0.00924353
_08685_, 421.94, 489.6, 0.00931293
_15342_, 421.94, 489.6, 0.00931293
FILLER_0_175_892, 421.94, 489.6, 0.00931293
FILLER_0_175_897, 421.94, 489.6, 0.00931293
FILLER_0_175_905, 421.94, 489.6, 0.00931293
FILLER_0_176_893, 421.94, 489.6, 0.00931293
_08692_, 434.74, 489.6, 0.00938196
_15338_, 434.74, 489.6, 0.00938196
_17686_, 434.74, 489.6, 0.00938196
hold1706, 434.74, 489.6, 0.00938196
FILLER_0_175_926, 434.74, 489.6, 0.00938196
FILLER_0_176_920, 434.74, 489.6, 0.00938196
FILLER_0_177_944, 434.74, 489.6, 0.00938196
_08607_, 447.54, 489.6, 0.009443
_15377_, 447.54, 489.6, 0.009443
_15379_, 447.54, 489.6, 0.009443
_15385_, 447.54, 489.6, 0.009443
_17721_, 447.54, 489.6, 0.009443
_17729_, 447.54, 489.6, 0.009443
FILLER_0_176_953, 447.54, 489.6, 0.009443
_08606_, 460.34, 489.6, 0.00948908
_08707_, 460.34, 489.6, 0.00948908
_08713_, 460.34, 489.6, 0.00948908
_17676_, 460.34, 489.6, 0.00948908
hold1868, 460.34, 489.6, 0.00948908
hold1914, 460.34, 489.6, 0.00948908
hold2036, 460.34, 489.6, 0.00948908
FILLER_0_177_997, 460.34, 489.6, 0.00948908
_08706_, 473.14, 489.6, 0.00952587
clkbuf_leaf_127_clk, 473.14, 489.6, 0.00952587
hold1449, 473.14, 489.6, 0.00952587
hold1480, 473.14, 489.6, 0.00952587
_08708_, 498.137, 489.6, 0.00956011
_17792_, 510.334, 489.6, 0.00960499
FILLER_0_175_1089, 510.334, 489.6, 0.00960499
FILLER_0_176_1089, 510.334, 489.6, 0.00960499
FILLER_0_176_1105, 510.334, 489.6, 0.00960499
_08466_, 522.531, 489.6, 0.00964312
_08467_, 522.531, 489.6, 0.00964312
_08480_, 522.531, 489.6, 0.00964312
_15456_, 522.531, 489.6, 0.00964312
_17799_, 522.531, 489.6, 0.00964312
hold792, 522.531, 489.6, 0.00964312
FILLER_0_175_1112, 522.531, 489.6, 0.00964312
_08517_, 534.728, 489.6, 0.00967324
_08521_, 534.728, 489.6, 0.00967324
_15436_, 534.728, 489.6, 0.00967324
_17772_, 534.728, 489.6, 0.00967324
_17774_, 534.728, 489.6, 0.00967324
hold292, 534.728, 489.6, 0.00967324
_08520_, 546.925, 489.6, 0.00968876
_17777_, 546.925, 489.6, 0.00968876
_17778_, 546.925, 489.6, 0.00968876
hold1932, 546.925, 489.6, 0.00968876
FILLER_0_175_1165, 546.925, 489.6, 0.00968876
FILLER_0_175_1172, 546.925, 489.6, 0.00968876
_08510_, 559.122, 489.6, 0.00969004
_08522_, 559.122, 489.6, 0.00969004
_15439_, 559.122, 489.6, 0.00969004
_15440_, 559.122, 489.6, 0.00969004
hold793, 559.122, 489.6, 0.00969004
ANTENNA_20, 559.122, 489.6, 0.00969004
FILLER_0_176_1216, 559.122, 489.6, 0.00969004
FILLER_0_177_1211, 559.122, 489.6, 0.00969004
PHY_346, 5.52, 484.16, 0.00235844
PHY_348, 5.52, 484.16, 0.00235844
PHY_347, 571.32, 484.16, 0.00958405
PHY_349, 571.32, 484.16, 0.00958405
FILLER_0_174_1217, 571.32, 484.16, 0.00958405
_09497_, 37.94, 484.16, 0.00271282
_14892_, 37.94, 484.16, 0.00271282
_17284_, 37.94, 484.16, 0.00271282
hold1666, 37.94, 484.16, 0.00271282
FILLER_0_175_81, 37.94, 484.16, 0.00271282
_09344_, 50.74, 484.16, 0.0030592
_09345_, 50.74, 484.16, 0.0030592
_09498_, 50.74, 484.16, 0.0030592
hold938, 50.74, 484.16, 0.0030592
hold1419, 50.74, 484.16, 0.0030592
_09348_, 63.54, 484.16, 0.00340395
_09357_, 63.54, 484.16, 0.00340395
_14965_, 63.54, 484.16, 0.00340395
_14969_, 63.54, 484.16, 0.00340395
_14973_, 63.54, 484.16, 0.00340395
FILLER_0_173_113, 63.54, 484.16, 0.00340395
FILLER_0_173_121, 63.54, 484.16, 0.00340395
FILLER_0_174_115, 63.54, 484.16, 0.00340395
FILLER_0_174_137, 63.54, 484.16, 0.00340395
FILLER_0_175_133, 63.54, 484.16, 0.00340395
_09352_, 76.34, 484.16, 0.00374595
_14971_, 76.34, 484.16, 0.00374595
FILLER_0_173_153, 76.34, 484.16, 0.00374595
_09369_, 89.14, 484.16, 0.00408756
_09374_, 89.14, 484.16, 0.00408756
_09375_, 89.14, 484.16, 0.00408756
_14962_, 89.14, 484.16, 0.00408756
_17345_, 89.14, 484.16, 0.00408756
FILLER_0_174_181, 89.14, 484.16, 0.00408756
FILLER_0_175_185, 89.14, 484.16, 0.00408756
_14959_, 101.94, 484.16, 0.00442128
_17350_, 101.94, 484.16, 0.00442128
hold147, 101.94, 484.16, 0.00442128
FILLER_0_174_206, 101.94, 484.16, 0.00442128
_09364_, 114.74, 484.16, 0.00474724
_09372_, 114.74, 484.16, 0.00474724
_11098_, 114.74, 484.16, 0.00474724
_11099_, 114.74, 484.16, 0.00474724
hold1017, 114.74, 484.16, 0.00474724
FILLER_0_173_237, 114.74, 484.16, 0.00474724
FILLER_0_174_242, 114.74, 484.16, 0.00474724
FILLER_0_175_245, 114.74, 484.16, 0.00474724
_11101_, 127.54, 484.16, 0.00507186
_14002_, 127.54, 484.16, 0.00507186
_16483_, 127.54, 484.16, 0.00507186
hold1063, 127.54, 484.16, 0.00507186
FILLER_0_174_273, 127.54, 484.16, 0.00507186
FILLER_0_175_271, 127.54, 484.16, 0.00507186
_11102_, 140.34, 484.16, 0.00538852
_11103_, 140.34, 484.16, 0.00538852
_14001_, 140.34, 484.16, 0.00538852
_16481_, 140.34, 484.16, 0.00538852
_16488_, 140.34, 484.16, 0.00538852
_11124_, 153.14, 484.16, 0.00569032
_11138_, 153.14, 484.16, 0.00569032
_13981_, 153.14, 484.16, 0.00569032
_13986_, 153.14, 484.16, 0.00569032
_16470_, 153.14, 484.16, 0.00569032
hold1065, 153.14, 484.16, 0.00569032
FILLER_0_173_313, 153.14, 484.16, 0.00569032
_13978_, 165.94, 484.16, 0.00598375
_13983_, 165.94, 484.16, 0.00598375
_16465_, 165.94, 484.16, 0.00598375
FILLER_0_174_355, 165.94, 484.16, 0.00598375
_11010_, 191.54, 484.16, 0.00648221
_14048_, 191.54, 484.16, 0.00648221
FILLER_0_174_404, 191.54, 484.16, 0.00648221
FILLER_0_174_417, 191.54, 484.16, 0.00648221
_11022_, 204.34, 484.16, 0.00669604
_11023_, 204.34, 484.16, 0.00669604
_14045_, 204.34, 484.16, 0.00669604
_14052_, 204.34, 484.16, 0.00669604
_16521_, 204.34, 484.16, 0.00669604
_16528_, 204.34, 484.16, 0.00669604
FILLER_0_174_421, 204.34, 484.16, 0.00669604
_11008_, 217.14, 484.16, 0.00689489
_11009_, 217.14, 484.16, 0.00689489
hold423, 217.14, 484.16, 0.00689489
FILLER_0_175_499, 229.94, 484.16, 0.00709279
_10676_, 242.74, 484.16, 0.0072907
_10679_, 242.74, 484.16, 0.0072907
FILLER_0_173_505, 242.74, 484.16, 0.0072907
FILLER_0_174_525, 242.74, 484.16, 0.0072907
_14225_, 255.54, 484.16, 0.00748819
_16682_, 255.54, 484.16, 0.00748819
hold877, 255.54, 484.16, 0.00748819
FILLER_0_174_533, 255.54, 484.16, 0.00748819
FILLER_0_174_541, 255.54, 484.16, 0.00748819
FILLER_0_175_554, 255.54, 484.16, 0.00748819
_10686_, 268.34, 484.16, 0.00767791
_10687_, 268.34, 484.16, 0.00767791
_16689_, 268.34, 484.16, 0.00767791
FILLER_0_174_575, 268.34, 484.16, 0.00767791
_14231_, 281.14, 484.16, 0.00786014
hold415, 281.14, 484.16, 0.00786014
hold1450, 281.14, 484.16, 0.00786014
FILLER_0_175_600, 281.14, 484.16, 0.00786014
FILLER_0_175_612, 281.14, 484.16, 0.00786014
_14824_, 293.94, 484.16, 0.00804119
_14830_, 293.94, 484.16, 0.00804119
_17221_, 293.94, 484.16, 0.00804119
_09622_, 306.74, 484.16, 0.00821475
_17230_, 306.74, 484.16, 0.00821475
FILLER_0_173_653, 306.74, 484.16, 0.00821475
FILLER_0_174_648, 306.74, 484.16, 0.00821475
_09604_, 319.54, 484.16, 0.00838094
_14821_, 319.54, 484.16, 0.00838094
hold342, 319.54, 484.16, 0.00838094
FILLER_0_173_679, 319.54, 484.16, 0.00838094
_09700_, 345.14, 484.16, 0.00864947
_09701_, 345.14, 484.16, 0.00864947
_14779_, 345.14, 484.16, 0.00864947
hold1029, 345.14, 484.16, 0.00864947
_09569_, 357.94, 484.16, 0.00875345
_17248_, 357.94, 484.16, 0.00875345
hold1083, 357.94, 484.16, 0.00875345
FILLER_0_173_759, 357.94, 484.16, 0.00875345
FILLER_0_174_753, 357.94, 484.16, 0.00875345
_09568_, 370.74, 484.16, 0.00884965
_09581_, 370.74, 484.16, 0.00884965
_14845_, 370.74, 484.16, 0.00884965
FILLER_0_174_807, 370.74, 484.16, 0.00884965
_09728_, 383.54, 484.16, 0.00894526
_09742_, 383.54, 484.16, 0.00894526
FILLER_0_173_808, 383.54, 484.16, 0.00894526
FILLER_0_175_829, 383.54, 484.16, 0.00894526
_08564_, 396.34, 484.16, 0.00904044
_08568_, 396.34, 484.16, 0.00904044
_08569_, 396.34, 484.16, 0.00904044
_08577_, 396.34, 484.16, 0.00904044
_15402_, 396.34, 484.16, 0.00904044
hold1319, 396.34, 484.16, 0.00904044
FILLER_0_174_837, 396.34, 484.16, 0.00904044
FILLER_0_174_858, 396.34, 484.16, 0.00904044
_08566_, 409.14, 484.16, 0.0091341
_08567_, 409.14, 484.16, 0.0091341
_17683_, 409.14, 484.16, 0.0091341
_17749_, 409.14, 484.16, 0.0091341
_08698_, 421.94, 484.16, 0.00921317
_08699_, 421.94, 484.16, 0.00921317
_08703_, 421.94, 484.16, 0.00921317
_15332_, 421.94, 484.16, 0.00921317
_15335_, 421.94, 484.16, 0.00921317
hold480, 421.94, 484.16, 0.00921317
FILLER_0_173_900, 421.94, 484.16, 0.00921317
_08701_, 434.74, 484.16, 0.00928902
_15334_, 434.74, 484.16, 0.00928902
_17682_, 434.74, 484.16, 0.00928902
hold456, 434.74, 484.16, 0.00928902
FILLER_0_174_920, 434.74, 484.16, 0.00928902
FILLER_0_174_925, 434.74, 484.16, 0.00928902
FILLER_0_174_935, 434.74, 484.16, 0.00928902
_08619_, 447.54, 484.16, 0.00935687
_08623_, 447.54, 484.16, 0.00935687
_17723_, 447.54, 484.16, 0.00935687
FILLER_0_174_950, 447.54, 484.16, 0.00935687
_08618_, 460.34, 484.16, 0.00941718
_08622_, 460.34, 484.16, 0.00941718
_17679_, 460.34, 484.16, 0.00941718
FILLER_0_174_977, 460.34, 484.16, 0.00941718
FILLER_0_174_987, 460.34, 484.16, 0.00941718
_08712_, 473.14, 484.16, 0.00946998
_08717_, 473.14, 484.16, 0.00946998
_15327_, 473.14, 484.16, 0.00946998
_17674_, 473.14, 484.16, 0.00946998
FILLER_0_173_1065, 498.137, 484.16, 0.00953806
_08465_, 510.334, 484.16, 0.00956106
_08475_, 510.334, 484.16, 0.00956106
_15459_, 510.334, 484.16, 0.00956106
_15464_, 510.334, 484.16, 0.00956106
_17795_, 510.334, 484.16, 0.00956106
_17800_, 510.334, 484.16, 0.00956106
FILLER_0_174_1085, 510.334, 484.16, 0.00956106
_08464_, 522.531, 484.16, 0.00956977
_08474_, 522.531, 484.16, 0.00956977
_15463_, 522.531, 484.16, 0.00956977
hold845, 522.531, 484.16, 0.00956977
hold1890, 522.531, 484.16, 0.00956977
FILLER_0_173_1121, 522.531, 484.16, 0.00956977
_08523_, 546.925, 484.16, 0.00958405
_15433_, 546.925, 484.16, 0.00958405
_17771_, 546.925, 484.16, 0.00958405
FILLER_0_173_1169, 546.925, 484.16, 0.00958405
FILLER_0_174_1193, 559.122, 484.16, 0.00958405
FILLER_0_174_1201, 559.122, 484.16, 0.00958405
PHY_342, 5.52, 478.72, 0.00291935
PHY_344, 5.52, 478.72, 0.00291935
output93, 5.52, 478.72, 0.00291935
PHY_343, 571.32, 478.72, 0.00999542
PHY_345, 571.32, 478.72, 0.00999542
output82, 571.32, 478.72, 0.00999542
FILLER_0_172_21, 15.33, 478.72, 0.0028713
FILLER_0_172_29, 15.33, 478.72, 0.0028713
FILLER_0_173_27, 15.33, 478.72, 0.0028713
_09484_, 37.94, 478.72, 0.00319115
_09496_, 37.94, 478.72, 0.00319115
_14897_, 37.94, 478.72, 0.00319115
_14898_, 37.94, 478.72, 0.00319115
_17283_, 37.94, 478.72, 0.00319115
_17286_, 37.94, 478.72, 0.00319115
_09492_, 50.74, 478.72, 0.00354408
_09499_, 50.74, 478.72, 0.00354408
_14891_, 50.74, 478.72, 0.00354408
_17358_, 50.74, 478.72, 0.00354408
hold1475, 50.74, 478.72, 0.00354408
FILLER_0_172_99, 50.74, 478.72, 0.00354408
FILLER_0_173_109, 50.74, 478.72, 0.00354408
_09349_, 63.54, 478.72, 0.00388884
_14972_, 63.54, 478.72, 0.00388884
_14974_, 63.54, 478.72, 0.00388884
_17359_, 63.54, 478.72, 0.00388884
hold1399, 63.54, 478.72, 0.00388884
FILLER_0_171_119, 63.54, 478.72, 0.00388884
_09363_, 76.34, 478.72, 0.00422546
_14966_, 76.34, 478.72, 0.00422546
_17351_, 76.34, 478.72, 0.00422546
_17353_, 76.34, 478.72, 0.00422546
hold516, 76.34, 478.72, 0.00422546
FILLER_0_172_141, 76.34, 478.72, 0.00422546
FILLER_0_173_162, 76.34, 478.72, 0.00422546
_09362_, 89.14, 478.72, 0.00454697
_09377_, 89.14, 478.72, 0.00454697
_14954_, 89.14, 478.72, 0.00454697
_14958_, 89.14, 478.72, 0.00454697
hold441, 89.14, 478.72, 0.00454697
FILLER_0_171_172, 89.14, 478.72, 0.00454697
FILLER_0_172_183, 89.14, 478.72, 0.00454697
_09365_, 101.94, 478.72, 0.00486543
_09381_, 101.94, 478.72, 0.00486543
_14964_, 101.94, 478.72, 0.00486543
clkbuf_leaf_73_clk, 101.94, 478.72, 0.00486543
hold351, 101.94, 478.72, 0.00486543
_09370_, 114.74, 478.72, 0.00514371
_09371_, 114.74, 478.72, 0.00514371
_14961_, 114.74, 478.72, 0.00514371
_16490_, 114.74, 478.72, 0.00514371
_17349_, 114.74, 478.72, 0.00514371
hold669, 114.74, 478.72, 0.00514371
FILLER_0_172_241, 114.74, 478.72, 0.00514371
FILLER_0_172_249, 114.74, 478.72, 0.00514371
FILLER_0_173_245, 114.74, 478.72, 0.00514371
_11084_, 127.54, 478.72, 0.00540669
_11085_, 127.54, 478.72, 0.00540669
_14010_, 127.54, 478.72, 0.00540669
hold131, 127.54, 478.72, 0.00540669
_14000_, 140.34, 478.72, 0.00566857
FILLER_0_172_287, 140.34, 478.72, 0.00566857
FILLER_0_172_298, 140.34, 478.72, 0.00566857
_11125_, 153.14, 478.72, 0.00592853
_11137_, 153.14, 478.72, 0.00592853
_13988_, 153.14, 478.72, 0.00592853
FILLER_0_171_318, 153.14, 478.72, 0.00592853
FILLER_0_173_321, 153.14, 478.72, 0.00592853
FILLER_0_173_332, 153.14, 478.72, 0.00592853
hold1915, 165.94, 478.72, 0.0061879
FILLER_0_172_357, 165.94, 478.72, 0.0061879
FILLER_0_173_361, 165.94, 478.72, 0.0061879
_16524_, 191.54, 478.72, 0.00675797
clkbuf_leaf_78_clk, 191.54, 478.72, 0.00675797
FILLER_0_172_393, 191.54, 478.72, 0.00675797
hold360, 204.34, 478.72, 0.00701983
FILLER_0_171_426, 204.34, 478.72, 0.00701983
_10670_, 217.14, 478.72, 0.00728117
_14050_, 217.14, 478.72, 0.00728117
clkbuf_5_15__f_clk, 217.14, 478.72, 0.00728117
FILLER_0_171_452, 217.14, 478.72, 0.00728117
FILLER_0_172_465, 217.14, 478.72, 0.00728117
FILLER_0_172_473, 217.14, 478.72, 0.00728117
_10669_, 229.94, 478.72, 0.00745748
hold189, 229.94, 478.72, 0.00745748
FILLER_0_172_477, 229.94, 478.72, 0.00745748
FILLER_0_172_483, 229.94, 478.72, 0.00745748
FILLER_0_172_491, 229.94, 478.72, 0.00745748
FILLER_0_173_500, 229.94, 478.72, 0.00745748
_10677_, 242.74, 478.72, 0.00763309
_10678_, 242.74, 478.72, 0.00763309
_16683_, 242.74, 478.72, 0.00763309
_16693_, 242.74, 478.72, 0.00763309
_16694_, 242.74, 478.72, 0.00763309
hold1014, 242.74, 478.72, 0.00763309
FILLER_0_172_527, 242.74, 478.72, 0.00763309
_10698_, 255.54, 478.72, 0.00778644
_10699_, 255.54, 478.72, 0.00778644
hold1627, 255.54, 478.72, 0.00778644
FILLER_0_172_556, 255.54, 478.72, 0.00778644
FILLER_0_173_552, 255.54, 478.72, 0.00778644
_10738_, 268.34, 478.72, 0.00793886
hold840, 268.34, 478.72, 0.00793886
hold1700, 268.34, 478.72, 0.00793886
FILLER_0_172_579, 268.34, 478.72, 0.00793886
hold808, 281.14, 478.72, 0.00809007
FILLER_0_173_609, 281.14, 478.72, 0.00809007
_09615_, 293.94, 478.72, 0.00824076
FILLER_0_171_617, 293.94, 478.72, 0.00824076
FILLER_0_172_637, 293.94, 478.72, 0.00824076
_09605_, 306.74, 478.72, 0.00839125
_09617_, 306.74, 478.72, 0.00839125
_14831_, 306.74, 478.72, 0.00839125
FILLER_0_173_668, 306.74, 478.72, 0.00839125
_17189_, 319.54, 478.72, 0.00854113
_17190_, 319.54, 478.72, 0.00854113
FILLER_0_172_669, 319.54, 478.72, 0.00854113
FILLER_0_172_677, 319.54, 478.72, 0.00854113
_09692_, 345.14, 478.72, 0.00879527
_09693_, 345.14, 478.72, 0.00879527
_14778_, 345.14, 478.72, 0.00879527
_14783_, 345.14, 478.72, 0.00879527
_17186_, 345.14, 478.72, 0.00879527
hold1637, 345.14, 478.72, 0.00879527
FILLER_0_172_741, 345.14, 478.72, 0.00879527
FILLER_0_172_752, 345.14, 478.72, 0.00879527
_09734_, 357.94, 478.72, 0.00890535
_09735_, 357.94, 478.72, 0.00890535
_14760_, 357.94, 478.72, 0.00890535
FILLER_0_171_756, 357.94, 478.72, 0.00890535
FILLER_0_173_779, 357.94, 478.72, 0.00890535
_09729_, 370.74, 478.72, 0.00901485
_09743_, 370.74, 478.72, 0.00901485
_17161_, 370.74, 478.72, 0.00901485
FILLER_0_172_781, 370.74, 478.72, 0.00901485
FILLER_0_173_802, 370.74, 478.72, 0.00901485
_09739_, 383.54, 478.72, 0.00911685
_17163_, 383.54, 478.72, 0.00911685
hold1657, 383.54, 478.72, 0.00911685
hold1869, 383.54, 478.72, 0.00911685
FILLER_0_172_832, 383.54, 478.72, 0.00911685
FILLER_0_173_831, 383.54, 478.72, 0.00911685
_08565_, 396.34, 478.72, 0.00921052
_09738_, 396.34, 478.72, 0.00921052
_15406_, 396.34, 478.72, 0.00921052
_15408_, 396.34, 478.72, 0.00921052
_17748_, 396.34, 478.72, 0.00921052
_17750_, 396.34, 478.72, 0.00921052
hold869, 396.34, 478.72, 0.00921052
hold1114, 396.34, 478.72, 0.00921052
FILLER_0_172_862, 396.34, 478.72, 0.00921052
_15398_, 409.14, 478.72, 0.00928818
_15401_, 409.14, 478.72, 0.00928818
_17743_, 409.14, 478.72, 0.00928818
hold313, 409.14, 478.72, 0.00928818
hold476, 409.14, 478.72, 0.00928818
FILLER_0_172_869, 409.14, 478.72, 0.00928818
FILLER_0_172_881, 409.14, 478.72, 0.00928818
_08702_, 421.94, 478.72, 0.00935563
_15333_, 421.94, 478.72, 0.00935563
_17681_, 421.94, 478.72, 0.00935563
FILLER_0_171_892, 421.94, 478.72, 0.00935563
FILLER_0_173_912, 421.94, 478.72, 0.00935563
_08697_, 434.74, 478.72, 0.00941558
_08700_, 434.74, 478.72, 0.00941558
_15336_, 434.74, 478.72, 0.00941558
hold187, 434.74, 478.72, 0.00941558
hold712, 434.74, 478.72, 0.00941558
FILLER_0_173_944, 434.74, 478.72, 0.00941558
_17667_, 447.54, 478.72, 0.00947391
hold1829, 460.34, 478.72, 0.00952513
FILLER_0_173_1001, 460.34, 478.72, 0.00952513
FILLER_0_171_1005, 473.14, 478.72, 0.00957585
_08393_, 498.137, 478.72, 0.00969964
_15504_, 498.137, 478.72, 0.00969964
_17836_, 498.137, 478.72, 0.00969964
_17838_, 498.137, 478.72, 0.00969964
_08392_, 510.334, 478.72, 0.00975878
hold120, 510.334, 478.72, 0.00975878
hold287, 510.334, 478.72, 0.00975878
FILLER_0_172_1088, 510.334, 478.72, 0.00975878
_08471_, 522.531, 478.72, 0.00981675
_17797_, 522.531, 478.72, 0.00981675
FILLER_0_171_1117, 522.531, 478.72, 0.00981675
FILLER_0_171_1121, 522.531, 478.72, 0.00981675
FILLER_0_172_1113, 522.531, 478.72, 0.00981675
_08470_, 534.728, 478.72, 0.00986777
_17775_, 534.728, 478.72, 0.00986777
hold1254, 534.728, 478.72, 0.00986777
FILLER_0_172_1145, 534.728, 478.72, 0.00986777
FILLER_0_172_1149, 534.728, 478.72, 0.00986777
_08514_, 546.925, 478.72, 0.00991136
_08519_, 546.925, 478.72, 0.00991136
_15435_, 546.925, 478.72, 0.00991136
_15437_, 546.925, 478.72, 0.00991136
hold599, 546.925, 478.72, 0.00991136
FILLER_0_171_1167, 546.925, 478.72, 0.00991136
FILLER_0_172_1183, 546.925, 478.72, 0.00991136
_08518_, 559.122, 478.72, 0.00995373
hold1149, 559.122, 478.72, 0.00995373
FILLER_0_172_1193, 559.122, 478.72, 0.00995373
FILLER_0_172_1201, 559.122, 478.72, 0.00995373
PHY_338, 5.52, 473.28, 0.00310069
PHY_340, 5.52, 473.28, 0.00310069
PHY_339, 571.32, 473.28, 0.0100863
PHY_341, 571.32, 473.28, 0.0100863
FILLER_0_169_1220, 571.32, 473.28, 0.0100863
FILLER_0_170_1218, 571.32, 473.28, 0.0100863
FILLER_0_171_27, 15.33, 473.28, 0.00310069
_09493_, 37.94, 473.28, 0.00341566
_14894_, 37.94, 473.28, 0.00341566
FILLER_0_169_69, 37.94, 473.28, 0.00341566
_17357_, 50.74, 473.28, 0.00373023
FILLER_0_170_97, 50.74, 473.28, 0.00373023
_09346_, 63.54, 473.28, 0.00403772
_09347_, 63.54, 473.28, 0.00403772
_09350_, 63.54, 473.28, 0.00403772
_09351_, 63.54, 473.28, 0.00403772
hold1360, 63.54, 473.28, 0.00403772
FILLER_0_169_116, 63.54, 473.28, 0.00403772
_09358_, 76.34, 473.28, 0.00434389
_09359_, 76.34, 473.28, 0.00434389
_14968_, 76.34, 473.28, 0.00434389
hold883, 76.34, 473.28, 0.00434389
_09376_, 89.14, 473.28, 0.00464898
_17342_, 89.14, 473.28, 0.00464898
_17344_, 89.14, 473.28, 0.00464898
FILLER_0_170_169, 89.14, 473.28, 0.00464898
_09367_, 101.94, 473.28, 0.00493968
_09380_, 101.94, 473.28, 0.00493968
_14956_, 101.94, 473.28, 0.00493968
_14963_, 101.94, 473.28, 0.00493968
_17347_, 101.94, 473.28, 0.00493968
hold700, 101.94, 473.28, 0.00493968
FILLER_0_170_208, 101.94, 473.28, 0.00493968
_09366_, 114.74, 473.28, 0.00522191
hold1687, 114.74, 473.28, 0.00522191
FILLER_0_169_237, 114.74, 473.28, 0.00522191
_11092_, 127.54, 473.28, 0.0055034
_11093_, 127.54, 473.28, 0.0055034
_14006_, 127.54, 473.28, 0.0055034
hold125, 127.54, 473.28, 0.0055034
FILLER_0_170_253, 127.54, 473.28, 0.0055034
FILLER_0_171_277, 127.54, 473.28, 0.0055034
_11090_, 140.34, 473.28, 0.00578382
_11091_, 140.34, 473.28, 0.00578382
_11097_, 140.34, 473.28, 0.00578382
_14004_, 140.34, 473.28, 0.00578382
_14007_, 140.34, 473.28, 0.00578382
_16484_, 140.34, 473.28, 0.00578382
FILLER_0_170_287, 140.34, 473.28, 0.00578382
FILLER_0_170_304, 140.34, 473.28, 0.00578382
FILLER_0_171_305, 140.34, 473.28, 0.00578382
_11096_, 153.14, 473.28, 0.00605612
_11136_, 153.14, 473.28, 0.00605612
_11143_, 153.14, 473.28, 0.00605612
_13982_, 153.14, 473.28, 0.00605612
_16461_, 153.14, 473.28, 0.00605612
_16464_, 153.14, 473.28, 0.00605612
hold479, 153.14, 473.28, 0.00605612
_11126_, 165.94, 473.28, 0.00631291
_11127_, 165.94, 473.28, 0.00631291
_11142_, 165.94, 473.28, 0.00631291
_13979_, 165.94, 473.28, 0.00631291
_13980_, 165.94, 473.28, 0.00631291
_13987_, 165.94, 473.28, 0.00631291
_16523_, 165.94, 473.28, 0.00631291
hold2100, 165.94, 473.28, 0.00631291
FILLER_0_169_343, 165.94, 473.28, 0.00631291
FILLER_0_170_350, 165.94, 473.28, 0.00631291
_11004_, 191.54, 473.28, 0.00679931
_11005_, 191.54, 473.28, 0.00679931
_11016_, 191.54, 473.28, 0.00679931
_11017_, 191.54, 473.28, 0.00679931
_16530_, 191.54, 473.28, 0.00679931
FILLER_0_169_393, 191.54, 473.28, 0.00679931
FILLER_0_170_392, 191.54, 473.28, 0.00679931
_11012_, 204.34, 473.28, 0.00702975
_11021_, 204.34, 473.28, 0.00702975
_16522_, 204.34, 473.28, 0.00702975
_16526_, 204.34, 473.28, 0.00702975
hold874, 204.34, 473.28, 0.00702975
hold2051, 204.34, 473.28, 0.00702975
FILLER_0_169_421, 204.34, 473.28, 0.00702975
_10665_, 217.14, 473.28, 0.00724452
_10671_, 217.14, 473.28, 0.00724452
_11013_, 217.14, 473.28, 0.00724452
_11020_, 217.14, 473.28, 0.00724452
_14046_, 217.14, 473.28, 0.00724452
_14240_, 217.14, 473.28, 0.00724452
_14243_, 217.14, 473.28, 0.00724452
_16698_, 217.14, 473.28, 0.00724452
hold922, 217.14, 473.28, 0.00724452
hold2042, 217.14, 473.28, 0.00724452
_10668_, 229.94, 473.28, 0.00744968
_14241_, 229.94, 473.28, 0.00744968
_16700_, 229.94, 473.28, 0.00744968
hold2096, 229.94, 473.28, 0.00744968
FILLER_0_171_496, 229.94, 473.28, 0.00744968
_14236_, 242.74, 473.28, 0.00764687
_14237_, 242.74, 473.28, 0.00764687
FILLER_0_170_505, 242.74, 473.28, 0.00764687
_10739_, 255.54, 473.28, 0.00784371
_10742_, 255.54, 473.28, 0.00784371
_10743_, 255.54, 473.28, 0.00784371
_14201_, 255.54, 473.28, 0.00784371
_16661_, 255.54, 473.28, 0.00784371
_16663_, 255.54, 473.28, 0.00784371
FILLER_0_169_537, 255.54, 473.28, 0.00784371
FILLER_0_170_533, 255.54, 473.28, 0.00784371
_10733_, 268.34, 473.28, 0.00802556
_14203_, 268.34, 473.28, 0.00802556
_16666_, 268.34, 473.28, 0.00802556
FILLER_0_170_584, 268.34, 473.28, 0.00802556
_10731_, 281.14, 473.28, 0.00819996
_10732_, 281.14, 473.28, 0.00819996
hold1164, 281.14, 473.28, 0.00819996
FILLER_0_170_596, 281.14, 473.28, 0.00819996
_09614_, 293.94, 473.28, 0.00837345
_09620_, 293.94, 473.28, 0.00837345
_09621_, 293.94, 473.28, 0.00837345
_14823_, 293.94, 473.28, 0.00837345
_14826_, 293.94, 473.28, 0.00837345
_17224_, 293.94, 473.28, 0.00837345
_17225_, 293.94, 473.28, 0.00837345
hold1845, 293.94, 473.28, 0.00837345
_09613_, 306.74, 473.28, 0.00853129
_14825_, 306.74, 473.28, 0.00853129
_14827_, 306.74, 473.28, 0.00853129
_17226_, 306.74, 473.28, 0.00853129
_17228_, 306.74, 473.28, 0.00853129
hold1807, 306.74, 473.28, 0.00853129
FILLER_0_169_643, 306.74, 473.28, 0.00853129
FILLER_0_171_661, 306.74, 473.28, 0.00853129
_09608_, 319.54, 473.28, 0.00867387
_09612_, 319.54, 473.28, 0.00867387
_09691_, 319.54, 473.28, 0.00867387
_17187_, 319.54, 473.28, 0.00867387
hold1624, 319.54, 473.28, 0.00867387
hold2025, 319.54, 473.28, 0.00867387
FILLER_0_170_693, 319.54, 473.28, 0.00867387
FILLER_0_171_685, 319.54, 473.28, 0.00867387
_09702_, 345.14, 473.28, 0.00894961
_09703_, 345.14, 473.28, 0.00894961
hold1028, 345.14, 473.28, 0.00894961
FILLER_0_171_749, 345.14, 473.28, 0.00894961
_09737_, 357.94, 473.28, 0.00909064
_17164_, 357.94, 473.28, 0.00909064
_17165_, 357.94, 473.28, 0.00909064
hold1370, 357.94, 473.28, 0.00909064
hold1463, 357.94, 473.28, 0.00909064
FILLER_0_171_779, 357.94, 473.28, 0.00909064
_14756_, 370.74, 473.28, 0.00921624
_17168_, 370.74, 473.28, 0.00921624
FILLER_0_170_798, 370.74, 473.28, 0.00921624
FILLER_0_170_805, 370.74, 473.28, 0.00921624
_14758_, 383.54, 473.28, 0.00933457
_14763_, 383.54, 473.28, 0.00933457
hold1882, 383.54, 473.28, 0.00933457
FILLER_0_169_809, 383.54, 473.28, 0.00933457
FILLER_0_170_813, 383.54, 473.28, 0.00933457
clkbuf_leaf_122_clk, 396.34, 473.28, 0.00945204
FILLER_0_169_841, 396.34, 473.28, 0.00945204
FILLER_0_170_862, 396.34, 473.28, 0.00945204
FILLER_0_171_861, 396.34, 473.28, 0.00945204
_08574_, 409.14, 473.28, 0.00953298
_08575_, 409.14, 473.28, 0.00953298
_08578_, 409.14, 473.28, 0.00953298
_08579_, 409.14, 473.28, 0.00953298
_15403_, 409.14, 473.28, 0.00953298
_17745_, 409.14, 473.28, 0.00953298
hold243, 409.14, 473.28, 0.00953298
_17684_, 421.94, 473.28, 0.0096053
FILLER_0_169_893, 421.94, 473.28, 0.0096053
FILLER_0_170_913, 421.94, 473.28, 0.0096053
FILLER_0_171_909, 421.94, 473.28, 0.0096053
_08696_, 434.74, 473.28, 0.0096705
FILLER_0_170_921, 434.74, 473.28, 0.0096705
_08726_, 447.54, 473.28, 0.00973548
_08727_, 447.54, 473.28, 0.00973548
_17669_, 447.54, 473.28, 0.00973548
clkbuf_leaf_126_clk, 447.54, 473.28, 0.00973548
hold1349, 447.54, 473.28, 0.00973548
FILLER_0_171_974, 447.54, 473.28, 0.00973548
_08730_, 460.34, 473.28, 0.00975276
_08731_, 460.34, 473.28, 0.00975276
_08741_, 460.34, 473.28, 0.00975276
_08742_, 460.34, 473.28, 0.00975276
_08743_, 460.34, 473.28, 0.00975276
_15311_, 460.34, 473.28, 0.00975276
_17662_, 460.34, 473.28, 0.00975276
FILLER_0_170_981, 460.34, 473.28, 0.00975276
FILLER_0_170_989, 460.34, 473.28, 0.00975276
FILLER_0_171_997, 460.34, 473.28, 0.00975276
_08740_, 473.14, 473.28, 0.00976168
_17833_, 473.14, 473.28, 0.00976168
hold457, 473.14, 473.28, 0.00976168
hold903, 473.14, 473.28, 0.00976168
FILLER_0_170_1025, 473.14, 473.28, 0.00976168
_08388_, 498.137, 473.28, 0.00984496
_08389_, 498.137, 473.28, 0.00984496
_15506_, 498.137, 473.28, 0.00984496
FILLER_0_170_1065, 498.137, 473.28, 0.00984496
FILLER_0_170_1082, 498.137, 473.28, 0.00984496
_17794_, 510.334, 473.28, 0.00992709
FILLER_0_170_1093, 510.334, 473.28, 0.00992709
_08483_, 522.531, 473.28, 0.0100024
_15458_, 522.531, 473.28, 0.0100024
_15461_, 522.531, 473.28, 0.0100024
_17791_, 522.531, 473.28, 0.0100024
hold598, 522.531, 473.28, 0.0100024
FILLER_0_169_1111, 522.531, 473.28, 0.0100024
FILLER_0_171_1133, 522.531, 473.28, 0.0100024
_08482_, 534.728, 473.28, 0.01007
_08515_, 534.728, 473.28, 0.01007
_17780_, 534.728, 473.28, 0.01007
clkbuf_leaf_132_clk, 534.728, 473.28, 0.01007
hold1296, 534.728, 473.28, 0.01007
FILLER_0_171_1151, 534.728, 473.28, 0.01007
_08504_, 546.925, 473.28, 0.0100854
_08505_, 546.925, 473.28, 0.0100854
_15442_, 546.925, 473.28, 0.0100854
_17773_, 546.925, 473.28, 0.0100854
_17776_, 546.925, 473.28, 0.0100854
hold897, 546.925, 473.28, 0.0100854
FILLER_0_169_1171, 546.925, 473.28, 0.0100854
FILLER_0_170_1180, 546.925, 473.28, 0.0100854
_08512_, 559.122, 473.28, 0.0100863
_15438_, 559.122, 473.28, 0.0100863
hold870, 559.122, 473.28, 0.0100863
FILLER_0_169_1198, 559.122, 473.28, 0.0100863
FILLER_0_171_1214, 559.122, 473.28, 0.0100863
PHY_334, 5.52, 467.84, 0.00351346
PHY_336, 5.52, 467.84, 0.00351346
PHY_335, 571.32, 467.84, 0.00978904
PHY_337, 571.32, 467.84, 0.00978904
FILLER_0_167_1222, 571.32, 467.84, 0.00978904
FILLER_0_168_1217, 571.32, 467.84, 0.00978904
_09440_, 37.94, 467.84, 0.00388393
_09442_, 37.94, 467.84, 0.00388393
clkbuf_leaf_65_clk, 37.94, 467.84, 0.00388393
hold1457, 37.94, 467.84, 0.00388393
hold2066, 37.94, 467.84, 0.00388393
FILLER_0_169_104, 50.74, 467.84, 0.0042033
_09536_, 63.54, 467.84, 0.00452268
_14870_, 63.54, 467.84, 0.00452268
hold1016, 63.54, 467.84, 0.00452268
FILLER_0_168_133, 63.54, 467.84, 0.00452268
_17266_, 76.34, 467.84, 0.00484119
clkbuf_leaf_62_clk, 76.34, 467.84, 0.00484119
hold330, 76.34, 467.84, 0.00484119
FILLER_0_169_163, 76.34, 467.84, 0.00484119
FILLER_0_168_193, 89.14, 467.84, 0.00511231
_09465_, 101.94, 467.84, 0.00538342
_09466_, 101.94, 467.84, 0.00538342
FILLER_0_169_217, 101.94, 467.84, 0.00538342
_16486_, 114.74, 467.84, 0.00565411
FILLER_0_167_237, 114.74, 467.84, 0.00565411
FILLER_0_168_245, 114.74, 467.84, 0.00565411
FILLER_0_169_245, 114.74, 467.84, 0.00565411
_11095_, 127.54, 467.84, 0.00591767
_14005_, 127.54, 467.84, 0.00591767
_14009_, 127.54, 467.84, 0.00591767
_16489_, 127.54, 467.84, 0.00591767
hold366, 127.54, 467.84, 0.00591767
_11094_, 140.34, 467.84, 0.00617298
_16487_, 140.34, 467.84, 0.00617298
clkbuf_leaf_75_clk, 140.34, 467.84, 0.00617298
hold1539, 140.34, 467.84, 0.00617298
FILLER_0_168_302, 140.34, 467.84, 0.00617298
_16462_, 153.14, 467.84, 0.00638113
FILLER_0_167_318, 153.14, 467.84, 0.00638113
FILLER_0_168_309, 153.14, 467.84, 0.00638113
_11140_, 165.94, 467.84, 0.00658219
_16469_, 165.94, 467.84, 0.00658219
hold1540, 165.94, 467.84, 0.00658219
_11112_, 191.54, 467.84, 0.00701844
_11113_, 191.54, 467.84, 0.00701844
_13991_, 191.54, 467.84, 0.00701844
_14054_, 191.54, 467.84, 0.00701844
_16476_, 191.54, 467.84, 0.00701844
FILLER_0_168_398, 191.54, 467.84, 0.00701844
FILLER_0_168_412, 191.54, 467.84, 0.00701844
hold359, 204.34, 467.84, 0.00725357
FILLER_0_168_441, 204.34, 467.84, 0.00725357
_16697_, 217.14, 467.84, 0.00748819
clkbuf_leaf_92_clk, 217.14, 467.84, 0.00748819
FILLER_0_168_467, 217.14, 467.84, 0.00748819
_10664_, 229.94, 467.84, 0.00768124
hold1078, 229.94, 467.84, 0.00768124
FILLER_0_169_493, 229.94, 467.84, 0.00768124
FILLER_0_169_501, 229.94, 467.84, 0.00768124
_10672_, 242.74, 467.84, 0.00787351
_10673_, 242.74, 467.84, 0.00787351
_10675_, 242.74, 467.84, 0.00787351
_14238_, 242.74, 467.84, 0.00787351
FILLER_0_168_525, 242.74, 467.84, 0.00787351
FILLER_0_169_529, 242.74, 467.84, 0.00787351
_10729_, 255.54, 467.84, 0.008065
_16668_, 255.54, 467.84, 0.008065
hold301, 255.54, 467.84, 0.008065
_14206_, 268.34, 467.84, 0.00824867
_14208_, 268.34, 467.84, 0.00824867
_16667_, 268.34, 467.84, 0.00824867
FILLER_0_169_573, 268.34, 467.84, 0.00824867
_10730_, 281.14, 467.84, 0.00842488
_14207_, 281.14, 467.84, 0.00842488
_17222_, 281.14, 467.84, 0.00842488
hold1561, 281.14, 467.84, 0.00842488
hold1835, 281.14, 467.84, 0.00842488
FILLER_0_168_589, 281.14, 467.84, 0.00842488
FILLER_0_168_608, 281.14, 467.84, 0.00842488
_09616_, 293.94, 467.84, 0.00859258
clkbuf_leaf_111_clk, 306.74, 467.84, 0.00876005
FILLER_0_167_653, 306.74, 467.84, 0.00876005
FILLER_0_168_645, 306.74, 467.84, 0.00876005
FILLER_0_168_653, 306.74, 467.84, 0.00876005
_09552_, 345.14, 467.84, 0.00913409
_09553_, 345.14, 467.84, 0.00913409
hold272, 345.14, 467.84, 0.00913409
FILLER_0_169_745, 345.14, 467.84, 0.00913409
_09736_, 357.94, 467.84, 0.00927583
_14755_, 357.94, 467.84, 0.00927583
_14759_, 357.94, 467.84, 0.00927583
_17169_, 357.94, 467.84, 0.00927583
_09725_, 370.74, 467.84, 0.00940809
_09726_, 370.74, 467.84, 0.00940809
_14764_, 370.74, 467.84, 0.00940809
_17166_, 370.74, 467.84, 0.00940809
hold767, 370.74, 467.84, 0.00940809
FILLER_0_167_788, 370.74, 467.84, 0.00940809
FILLER_0_168_796, 370.74, 467.84, 0.00940809
_14765_, 383.54, 467.84, 0.00953212
_17170_, 383.54, 467.84, 0.00953212
clkbuf_5_27__f_clk, 383.54, 467.84, 0.00953212
FILLER_0_169_834, 383.54, 467.84, 0.00953212
FILLER_0_168_857, 396.34, 467.84, 0.00956281
FILLER_0_167_877, 409.14, 467.84, 0.0095935
FILLER_0_168_865, 409.14, 467.84, 0.0095935
FILLER_0_169_885, 409.14, 467.84, 0.0095935
FILLER_0_167_893, 421.94, 467.84, 0.0096242
FILLER_0_168_917, 421.94, 467.84, 0.0096242
FILLER_0_169_945, 434.74, 467.84, 0.00965489
_08729_, 447.54, 467.84, 0.00968559
_15319_, 447.54, 467.84, 0.00968559
_17668_, 447.54, 467.84, 0.00968559
hold179, 447.54, 467.84, 0.00968559
FILLER_0_167_953, 447.54, 467.84, 0.00968559
_17661_, 460.34, 467.84, 0.00970828
FILLER_0_167_988, 460.34, 467.84, 0.00970828
_08395_, 473.14, 467.84, 0.00972385
_17835_, 473.14, 467.84, 0.00972385
FILLER_0_168_1015, 473.14, 467.84, 0.00972385
FILLER_0_168_1028, 473.14, 467.84, 0.00972385
_08387_, 498.137, 467.84, 0.00974601
_08402_, 498.137, 467.84, 0.00974601
_15499_, 498.137, 467.84, 0.00974601
_15507_, 498.137, 467.84, 0.00974601
hold1066, 498.137, 467.84, 0.00974601
FILLER_0_167_1060, 498.137, 467.84, 0.00974601
_08386_, 510.334, 467.84, 0.00975867
_08476_, 510.334, 467.84, 0.00975867
_08477_, 510.334, 467.84, 0.00975867
hold1259, 510.334, 467.84, 0.00975867
FILLER_0_167_1094, 510.334, 467.84, 0.00975867
FILLER_0_168_1087, 510.334, 467.84, 0.00975867
FILLER_0_168_1101, 510.334, 467.84, 0.00975867
_08468_, 522.531, 467.84, 0.00977027
_08479_, 522.531, 467.84, 0.00977027
_15455_, 522.531, 467.84, 0.00977027
_15460_, 522.531, 467.84, 0.00977027
_15462_, 522.531, 467.84, 0.00977027
hold915, 522.531, 467.84, 0.00977027
FILLER_0_168_1114, 522.531, 467.84, 0.00977027
FILLER_0_169_1132, 522.531, 467.84, 0.00977027
_08478_, 534.728, 467.84, 0.00978049
_15432_, 534.728, 467.84, 0.00978049
hold1148, 534.728, 467.84, 0.00978049
FILLER_0_168_1163, 534.728, 467.84, 0.00978049
_17779_, 546.925, 467.84, 0.00978814
FILLER_0_167_1171, 546.925, 467.84, 0.00978814
FILLER_0_169_1189, 546.925, 467.84, 0.00978814
_08506_, 559.122, 467.84, 0.00978904
_08513_, 559.122, 467.84, 0.00978904
hold1147, 559.122, 467.84, 0.00978904
PHY_330, 5.52, 462.4, 0.0038249
PHY_332, 5.52, 462.4, 0.0038249
PHY_331, 571.32, 462.4, 0.00991829
PHY_333, 571.32, 462.4, 0.00991829
FILLER_0_165_1223, 571.32, 462.4, 0.00991829
FILLER_0_166_1217, 571.32, 462.4, 0.00991829
_09428_, 37.94, 462.4, 0.00415124
_09429_, 37.94, 462.4, 0.00415124
_14922_, 37.94, 462.4, 0.00415124
_14923_, 37.94, 462.4, 0.00415124
_17318_, 37.94, 462.4, 0.00415124
hold950, 37.94, 462.4, 0.00415124
FILLER_0_165_63, 37.94, 462.4, 0.00415124
_09434_, 50.74, 462.4, 0.00446923
_09435_, 50.74, 462.4, 0.00446923
_09537_, 50.74, 462.4, 0.00446923
_14921_, 50.74, 462.4, 0.00446923
_17264_, 50.74, 462.4, 0.00446923
hold1534, 50.74, 462.4, 0.00446923
FILLER_0_167_103, 50.74, 462.4, 0.00446923
_09526_, 63.54, 462.4, 0.00477705
_17269_, 63.54, 462.4, 0.00477705
hold826, 63.54, 462.4, 0.00477705
FILLER_0_166_133, 63.54, 462.4, 0.00477705
_09532_, 76.34, 462.4, 0.00507705
_09533_, 76.34, 462.4, 0.00507705
_14874_, 76.34, 462.4, 0.00507705
_17263_, 76.34, 462.4, 0.00507705
_17268_, 76.34, 462.4, 0.00507705
FILLER_0_166_141, 76.34, 462.4, 0.00507705
_09528_, 89.14, 462.4, 0.00536226
hold410, 89.14, 462.4, 0.00536226
hold469, 89.14, 462.4, 0.00536226
_09467_, 101.94, 462.4, 0.00564625
_17299_, 101.94, 462.4, 0.00564625
_17300_, 101.94, 462.4, 0.00564625
hold1268, 101.94, 462.4, 0.00564625
hold1964, 101.94, 462.4, 0.00564625
_09482_, 114.74, 462.4, 0.00591483
_09483_, 114.74, 462.4, 0.00591483
_14900_, 114.74, 462.4, 0.00591483
_17291_, 114.74, 462.4, 0.00591483
clkbuf_leaf_74_clk, 114.74, 462.4, 0.00591483
FILLER_0_165_225, 114.74, 462.4, 0.00591483
FILLER_0_166_248, 114.74, 462.4, 0.00591483
_11086_, 127.54, 462.4, 0.0061393
_11087_, 127.54, 462.4, 0.0061393
hold400, 127.54, 462.4, 0.0061393
hold434, 127.54, 462.4, 0.0061393
hold1860, 127.54, 462.4, 0.0061393
FILLER_0_166_273, 127.54, 462.4, 0.0061393
_16485_, 140.34, 462.4, 0.00636186
FILLER_0_166_301, 140.34, 462.4, 0.00636186
_11141_, 153.14, 462.4, 0.00657726
FILLER_0_166_333, 153.14, 462.4, 0.00657726
FILLER_0_167_329, 153.14, 462.4, 0.00657726
_16477_, 165.94, 462.4, 0.00679246
clkbuf_leaf_77_clk, 165.94, 462.4, 0.00679246
FILLER_0_165_337, 165.94, 462.4, 0.00679246
FILLER_0_166_341, 165.94, 462.4, 0.00679246
FILLER_0_167_361, 165.94, 462.4, 0.00679246
_13995_, 191.54, 462.4, 0.00717639
FILLER_0_166_398, 191.54, 462.4, 0.00717639
FILLER_0_166_410, 191.54, 462.4, 0.00717639
FILLER_0_167_441, 204.34, 462.4, 0.00740183
_10682_, 217.14, 462.4, 0.00762727
_10683_, 217.14, 462.4, 0.00762727
_14234_, 217.14, 462.4, 0.00762727
_16691_, 217.14, 462.4, 0.00762727
FILLER_0_166_457, 217.14, 462.4, 0.00762727
_10680_, 229.94, 462.4, 0.00784507
_10681_, 229.94, 462.4, 0.00784507
_14233_, 229.94, 462.4, 0.00784507
hold1506, 229.94, 462.4, 0.00784507
FILLER_0_166_496, 229.94, 462.4, 0.00784507
_10674_, 242.74, 462.4, 0.00805999
_14239_, 242.74, 462.4, 0.00805999
_16695_, 242.74, 462.4, 0.00805999
_16696_, 242.74, 462.4, 0.00805999
hold1992, 242.74, 462.4, 0.00805999
FILLER_0_166_528, 242.74, 462.4, 0.00805999
_10728_, 255.54, 462.4, 0.00825978
_10740_, 255.54, 462.4, 0.00825978
_10741_, 255.54, 462.4, 0.00825978
_14200_, 255.54, 462.4, 0.00825978
_16662_, 255.54, 462.4, 0.00825978
hold574, 255.54, 462.4, 0.00825978
hold1582, 255.54, 462.4, 0.00825978
FILLER_0_165_533, 255.54, 462.4, 0.00825978
FILLER_0_166_541, 255.54, 462.4, 0.00825978
FILLER_0_167_547, 255.54, 462.4, 0.00825978
_14205_, 268.34, 462.4, 0.00844895
_14210_, 268.34, 462.4, 0.00844895
_16665_, 268.34, 462.4, 0.00844895
_16670_, 268.34, 462.4, 0.00844895
clkbuf_leaf_89_clk, 268.34, 462.4, 0.00844895
_10724_, 281.14, 462.4, 0.00857732
_14209_, 281.14, 462.4, 0.00857732
_16669_, 281.14, 462.4, 0.00857732
hold1257, 281.14, 462.4, 0.00857732
FILLER_0_166_592, 281.14, 462.4, 0.00857732
FILLER_0_166_598, 281.14, 462.4, 0.00857732
FILLER_0_166_640, 293.94, 462.4, 0.00869774
_09609_, 306.74, 462.4, 0.00881815
_09644_, 306.74, 462.4, 0.00881815
_09646_, 306.74, 462.4, 0.00881815
_14804_, 306.74, 462.4, 0.00881815
_14829_, 306.74, 462.4, 0.00881815
_17209_, 306.74, 462.4, 0.00881815
FILLER_0_166_660, 306.74, 462.4, 0.00881815
FILLER_0_167_665, 306.74, 462.4, 0.00881815
_09647_, 319.54, 462.4, 0.00893044
_14803_, 319.54, 462.4, 0.00893044
hold1828, 319.54, 462.4, 0.00893044
FILLER_0_165_680, 319.54, 462.4, 0.00893044
FILLER_0_166_691, 319.54, 462.4, 0.00893044
_14860_, 345.14, 462.4, 0.00918701
clkbuf_leaf_108_clk, 345.14, 462.4, 0.00918701
FILLER_0_167_746, 345.14, 462.4, 0.00918701
_09727_, 357.94, 462.4, 0.00928999
_09731_, 357.94, 462.4, 0.00928999
_17167_, 357.94, 462.4, 0.00928999
hold693, 357.94, 462.4, 0.00928999
FILLER_0_165_758, 357.94, 462.4, 0.00928999
FILLER_0_166_753, 357.94, 462.4, 0.00928999
FILLER_0_167_775, 357.94, 462.4, 0.00928999
_09730_, 370.74, 462.4, 0.00938497
_09733_, 370.74, 462.4, 0.00938497
_14761_, 370.74, 462.4, 0.00938497
_09724_, 383.54, 462.4, 0.00947934
_09732_, 383.54, 462.4, 0.00947934
_17162_, 383.54, 462.4, 0.00947934
hold324, 383.54, 462.4, 0.00947934
FILLER_0_165_819, 383.54, 462.4, 0.00947934
FILLER_0_166_816, 383.54, 462.4, 0.00947934
FILLER_0_167_833, 383.54, 462.4, 0.00947934
_09740_, 396.34, 462.4, 0.00956566
hold270, 396.34, 462.4, 0.00956566
_08653_, 409.14, 462.4, 0.00965127
_08654_, 409.14, 462.4, 0.00965127
_08655_, 409.14, 462.4, 0.00965127
_15360_, 409.14, 462.4, 0.00965127
_17705_, 409.14, 462.4, 0.00965127
clkbuf_leaf_123_clk, 409.14, 462.4, 0.00965127
hold1121, 409.14, 462.4, 0.00965127
FILLER_0_166_864, 409.14, 462.4, 0.00965127
FILLER_0_166_869, 409.14, 462.4, 0.00965127
_08652_, 421.94, 462.4, 0.00968787
_08662_, 421.94, 462.4, 0.00968787
_08663_, 421.94, 462.4, 0.00968787
_17701_, 421.94, 462.4, 0.00968787
FILLER_0_165_900, 421.94, 462.4, 0.00968787
FILLER_0_166_904, 421.94, 462.4, 0.00968787
FILLER_0_166_918, 421.94, 462.4, 0.00968787
hold225, 434.74, 462.4, 0.00971673
FILLER_0_167_945, 434.74, 462.4, 0.00971673
_08728_, 447.54, 462.4, 0.00974508
_08737_, 447.54, 462.4, 0.00974508
_15314_, 447.54, 462.4, 0.00974508
_15317_, 447.54, 462.4, 0.00974508
_15318_, 447.54, 462.4, 0.00974508
FILLER_0_165_947, 447.54, 462.4, 0.00974508
FILLER_0_166_969, 447.54, 462.4, 0.00974508
FILLER_0_167_965, 447.54, 462.4, 0.00974508
_08735_, 460.34, 462.4, 0.00977248
_15312_, 460.34, 462.4, 0.00977248
FILLER_0_166_977, 460.34, 462.4, 0.00977248
_17840_, 473.14, 462.4, 0.00979945
FILLER_0_165_1003, 473.14, 462.4, 0.00979945
FILLER_0_166_1005, 473.14, 462.4, 0.00979945
FILLER_0_166_1013, 473.14, 462.4, 0.00979945
_08403_, 498.137, 462.4, 0.00986165
_15498_, 498.137, 462.4, 0.00986165
_17834_, 498.137, 462.4, 0.00986165
_17839_, 498.137, 462.4, 0.00986165
hold1728, 498.137, 462.4, 0.00986165
FILLER_0_165_1061, 498.137, 462.4, 0.00986165
_08396_, 510.334, 462.4, 0.00988792
_08397_, 510.334, 462.4, 0.00988792
_08469_, 510.334, 462.4, 0.00988792
_08473_, 510.334, 462.4, 0.00988792
_15502_, 510.334, 462.4, 0.00988792
_17798_, 510.334, 462.4, 0.00988792
FILLER_0_165_1092, 510.334, 462.4, 0.00988792
_08472_, 522.531, 462.4, 0.00990647
_15454_, 522.531, 462.4, 0.00990647
_15457_, 522.531, 462.4, 0.00990647
_17793_, 522.531, 462.4, 0.00990647
hold2009, 522.531, 462.4, 0.00990647
_08435_, 534.728, 462.4, 0.00991551
_17815_, 534.728, 462.4, 0.00991551
FILLER_0_166_1149, 534.728, 462.4, 0.00991551
_08436_, 546.925, 462.4, 0.00991761
_08437_, 546.925, 462.4, 0.00991761
_08507_, 546.925, 462.4, 0.00991761
_15441_, 546.925, 462.4, 0.00991761
_15481_, 546.925, 462.4, 0.00991761
hold1645, 546.925, 462.4, 0.00991761
FILLER_0_167_1177, 546.925, 462.4, 0.00991761
_08430_, 559.122, 462.4, 0.00991829
hold800, 559.122, 462.4, 0.00991829
FILLER_0_166_1200, 559.122, 462.4, 0.00991829
top_126, 5.52, 456.96, 0.00411406
PHY_326, 5.52, 456.96, 0.00411406
PHY_328, 5.52, 456.96, 0.00411406
top_134, 571.32, 456.96, 0.0100592
PHY_327, 571.32, 456.96, 0.0100592
PHY_329, 571.32, 456.96, 0.0100592
FILLER_0_163_1223, 571.32, 456.96, 0.0100592
FILLER_0_164_1218, 571.32, 456.96, 0.0100592
_09424_, 37.94, 456.96, 0.00438781
_14929_, 37.94, 456.96, 0.00438781
_14931_, 37.94, 456.96, 0.00438781
_17315_, 37.94, 456.96, 0.00438781
hold491, 37.94, 456.96, 0.00438781
FILLER_0_164_74, 37.94, 456.96, 0.00438781
FILLER_0_164_81, 37.94, 456.96, 0.00438781
_09525_, 50.74, 456.96, 0.00465339
_14876_, 50.74, 456.96, 0.00465339
_14926_, 50.74, 456.96, 0.00465339
_17270_, 50.74, 456.96, 0.00465339
hold668, 50.74, 456.96, 0.00465339
FILLER_0_163_96, 50.74, 456.96, 0.00465339
FILLER_0_164_88, 50.74, 456.96, 0.00465339
FILLER_0_164_96, 50.74, 456.96, 0.00465339
_09527_, 63.54, 456.96, 0.00491075
_14866_, 63.54, 456.96, 0.00491075
_14875_, 63.54, 456.96, 0.00491075
FILLER_0_164_137, 63.54, 456.96, 0.00491075
_09529_, 76.34, 456.96, 0.00516576
_09538_, 76.34, 456.96, 0.00516576
_09539_, 76.34, 456.96, 0.00516576
_14869_, 76.34, 456.96, 0.00516576
_14872_, 76.34, 456.96, 0.00516576
FILLER_0_164_141, 76.34, 456.96, 0.00516576
FILLER_0_163_181, 89.14, 456.96, 0.00541977
FILLER_0_165_189, 89.14, 456.96, 0.00541977
_09464_, 101.94, 456.96, 0.00567379
_14899_, 101.94, 456.96, 0.00567379
_14908_, 101.94, 456.96, 0.00567379
_14909_, 101.94, 456.96, 0.00567379
FILLER_0_164_197, 101.94, 456.96, 0.00567379
FILLER_0_164_206, 101.94, 456.96, 0.00567379
_09477_, 114.74, 456.96, 0.00592521
_09479_, 114.74, 456.96, 0.00592521
_14903_, 114.74, 456.96, 0.00592521
_17293_, 114.74, 456.96, 0.00592521
_17294_, 114.74, 456.96, 0.00592521
FILLER_0_163_225, 114.74, 456.96, 0.00592521
FILLER_0_164_224, 114.74, 456.96, 0.00592521
FILLER_0_165_249, 114.74, 456.96, 0.00592521
_09476_, 127.54, 456.96, 0.00616179
_09478_, 127.54, 456.96, 0.00616179
hold1260, 127.54, 456.96, 0.00616179
FILLER_0_165_273, 127.54, 456.96, 0.00616179
_11056_, 140.34, 456.96, 0.00639741
_16507_, 140.34, 456.96, 0.00639741
FILLER_0_163_284, 140.34, 456.96, 0.00639741
FILLER_0_164_300, 140.34, 456.96, 0.00639741
_11050_, 153.14, 456.96, 0.00662571
_11053_, 153.14, 456.96, 0.00662571
_16506_, 153.14, 456.96, 0.00662571
hold955, 153.14, 456.96, 0.00662571
hold1503, 153.14, 456.96, 0.00662571
FILLER_0_164_324, 153.14, 456.96, 0.00662571
FILLER_0_165_329, 153.14, 456.96, 0.00662571
_11110_, 165.94, 456.96, 0.00684549
_11111_, 165.94, 456.96, 0.00684549
_13989_, 165.94, 456.96, 0.00684549
hold1047, 165.94, 456.96, 0.00684549
FILLER_0_164_342, 165.94, 456.96, 0.00684549
_11116_, 191.54, 456.96, 0.00728774
_11117_, 191.54, 456.96, 0.00728774
_11123_, 191.54, 456.96, 0.00728774
_13990_, 191.54, 456.96, 0.00728774
_13993_, 191.54, 456.96, 0.00728774
_16471_, 191.54, 456.96, 0.00728774
hold1501, 191.54, 456.96, 0.00728774
FILLER_0_163_400, 191.54, 456.96, 0.00728774
_11122_, 204.34, 456.96, 0.00750456
hold1572, 204.34, 456.96, 0.00750456
FILLER_0_164_421, 204.34, 456.96, 0.00750456
FILLER_0_165_438, 204.34, 456.96, 0.00750456
_10586_, 217.14, 456.96, 0.00772068
_16692_, 217.14, 456.96, 0.00772068
hold288, 217.14, 456.96, 0.00772068
FILLER_0_164_468, 217.14, 456.96, 0.00772068
FILLER_0_165_461, 217.14, 456.96, 0.00772068
_14235_, 229.94, 456.96, 0.00792899
_14242_, 229.94, 456.96, 0.00792899
_16699_, 229.94, 456.96, 0.00792899
clkbuf_leaf_91_clk, 229.94, 456.96, 0.00792899
FILLER_0_163_478, 229.94, 456.96, 0.00792899
FILLER_0_164_482, 229.94, 456.96, 0.00792899
FILLER_0_165_490, 229.94, 456.96, 0.00792899
FILLER_0_165_498, 229.94, 456.96, 0.00792899
_10666_, 242.74, 456.96, 0.00807961
_10667_, 242.74, 456.96, 0.00807961
hold1471, 242.74, 456.96, 0.00807961
FILLER_0_164_524, 242.74, 456.96, 0.00807961
FILLER_0_165_525, 242.74, 456.96, 0.00807961
_14202_, 255.54, 456.96, 0.00822931
FILLER_0_164_557, 255.54, 456.96, 0.00822931
_10725_, 268.34, 456.96, 0.00837883
_10734_, 268.34, 456.96, 0.00837883
_10735_, 268.34, 456.96, 0.00837883
hold871, 268.34, 456.96, 0.00837883
FILLER_0_164_571, 268.34, 456.96, 0.00837883
FILLER_0_164_583, 268.34, 456.96, 0.00837883
FILLER_0_165_584, 268.34, 456.96, 0.00837883
_10726_, 281.14, 456.96, 0.00852724
_10727_, 281.14, 456.96, 0.00852724
_14204_, 281.14, 456.96, 0.00852724
hold1267, 281.14, 456.96, 0.00852724
FILLER_0_164_589, 281.14, 456.96, 0.00852724
FILLER_0_164_599, 281.14, 456.96, 0.00852724
FILLER_0_164_613, 281.14, 456.96, 0.00852724
FILLER_0_165_610, 281.14, 456.96, 0.00852724
_09654_, 293.94, 456.96, 0.00867458
_09655_, 293.94, 456.96, 0.00867458
_17205_, 293.94, 456.96, 0.00867458
hold1110, 293.94, 456.96, 0.00867458
_09645_, 306.74, 456.96, 0.00881392
_14808_, 306.74, 456.96, 0.00881392
_14809_, 306.74, 456.96, 0.00881392
hold2086, 306.74, 456.96, 0.00881392
FILLER_0_164_661, 306.74, 456.96, 0.00881392
_09656_, 319.54, 456.96, 0.00895217
_09657_, 319.54, 456.96, 0.00895217
_14799_, 319.54, 456.96, 0.00895217
_17204_, 319.54, 456.96, 0.00895217
hold1513, 319.54, 456.96, 0.00895217
FILLER_0_163_682, 319.54, 456.96, 0.00895217
_09560_, 345.14, 456.96, 0.00917497
_17257_, 345.14, 456.96, 0.00917497
hold675, 345.14, 456.96, 0.00917497
FILLER_0_164_748, 345.14, 456.96, 0.00917497
_14762_, 357.94, 456.96, 0.00926164
hold714, 357.94, 456.96, 0.00926164
FILLER_0_163_764, 357.94, 456.96, 0.00926164
_09664_, 370.74, 456.96, 0.00934762
hold368, 370.74, 456.96, 0.00934762
FILLER_0_164_804, 370.74, 456.96, 0.00934762
_09741_, 383.54, 456.96, 0.00943288
_14757_, 383.54, 456.96, 0.00943288
FILLER_0_165_831, 383.54, 456.96, 0.00943288
FILLER_0_164_861, 396.34, 456.96, 0.00951774
_15359_, 409.14, 456.96, 0.0096026
_17706_, 409.14, 456.96, 0.0096026
hold1486, 409.14, 456.96, 0.0096026
_08646_, 421.94, 456.96, 0.00967968
_08647_, 421.94, 456.96, 0.00967968
_15354_, 421.94, 456.96, 0.00967968
_15355_, 421.94, 456.96, 0.00967968
_15361_, 421.94, 456.96, 0.00967968
_15363_, 421.94, 456.96, 0.00967968
hold297, 421.94, 456.96, 0.00967968
FILLER_0_164_892, 421.94, 456.96, 0.00967968
FILLER_0_164_905, 421.94, 456.96, 0.00967968
_08650_, 434.74, 456.96, 0.00975342
hold639, 434.74, 456.96, 0.00975342
FILLER_0_164_921, 434.74, 456.96, 0.00975342
FILLER_0_164_925, 434.74, 456.96, 0.00975342
FILLER_0_164_940, 434.74, 456.96, 0.00975342
_08736_, 447.54, 456.96, 0.00982645
_08738_, 447.54, 456.96, 0.00982645
_08739_, 447.54, 456.96, 0.00982645
_17663_, 447.54, 456.96, 0.00982645
_17664_, 447.54, 456.96, 0.00982645
hold136, 447.54, 456.96, 0.00982645
hold804, 447.54, 456.96, 0.00982645
_15310_, 460.34, 456.96, 0.00988359
_15313_, 460.34, 456.96, 0.00988359
_15315_, 460.34, 456.96, 0.00988359
_08385_, 473.14, 456.96, 0.00993836
clkbuf_5_30__f_clk, 473.14, 456.96, 0.00993836
FILLER_0_164_1030, 473.14, 456.96, 0.00993836
FILLER_0_165_1021, 473.14, 456.96, 0.00993836
FILLER_0_163_1061, 498.137, 456.96, 0.00993996
_17796_, 510.334, 456.96, 0.00997637
FILLER_0_163_1089, 510.334, 456.96, 0.00997637
FILLER_0_164_1085, 510.334, 456.96, 0.00997637
FILLER_0_163_1111, 522.531, 456.96, 0.010006
_08434_, 534.728, 456.96, 0.0100357
_08441_, 534.728, 456.96, 0.0100357
_17812_, 534.728, 456.96, 0.0100357
_17814_, 534.728, 456.96, 0.0100357
FILLER_0_164_1141, 534.728, 456.96, 0.0100357
FILLER_0_164_1149, 534.728, 456.96, 0.0100357
_15483_, 546.925, 456.96, 0.0100514
_17817_, 546.925, 456.96, 0.0100514
hold143, 546.925, 456.96, 0.0100514
hold1203, 546.925, 456.96, 0.0100514
FILLER_0_165_1186, 546.925, 456.96, 0.0100514
_08426_, 559.122, 456.96, 0.0100592
_08427_, 559.122, 456.96, 0.0100592
_15485_, 559.122, 456.96, 0.0100592
_17819_, 559.122, 456.96, 0.0100592
hold134, 559.122, 456.96, 0.0100592
FILLER_0_165_1205, 559.122, 456.96, 0.0100592
PHY_322, 5.52, 451.52, 0.00451083
PHY_324, 5.52, 451.52, 0.00451083
PHY_323, 571.32, 451.52, 0.0100698
PHY_325, 571.32, 451.52, 0.0100698
FILLER_0_162_1217, 571.32, 451.52, 0.0100698
_09436_, 37.94, 451.52, 0.00489466
FILLER_0_161_69, 37.94, 451.52, 0.00489466
FILLER_0_162_81, 37.94, 451.52, 0.00489466
_09524_, 50.74, 451.52, 0.00527825
clkbuf_5_10__f_clk, 50.74, 451.52, 0.00527825
hold557, 50.74, 451.52, 0.00527825
FILLER_0_162_97, 50.74, 451.52, 0.00527825
FILLER_0_163_109, 50.74, 451.52, 0.00527825
_14873_, 63.54, 451.52, 0.0055818
hold1381, 63.54, 451.52, 0.0055818
FILLER_0_162_133, 63.54, 451.52, 0.0055818
_14871_, 76.34, 451.52, 0.00588463
hold1656, 76.34, 451.52, 0.00588463
FILLER_0_162_165, 76.34, 451.52, 0.00588463
FILLER_0_163_161, 76.34, 451.52, 0.00588463
_14865_, 89.14, 451.52, 0.00618679
_14910_, 89.14, 451.52, 0.00618679
_14916_, 89.14, 451.52, 0.00618679
clkbuf_leaf_61_clk, 89.14, 451.52, 0.00618679
clkbuf_5_11__f_clk, 89.14, 451.52, 0.00618679
FILLER_0_162_173, 89.14, 451.52, 0.00618679
FILLER_0_162_182, 89.14, 451.52, 0.00618679
_09453_, 101.94, 451.52, 0.00635938
_17292_, 101.94, 451.52, 0.00635938
hold1366, 101.94, 451.52, 0.00635938
FILLER_0_163_218, 101.94, 451.52, 0.00635938
_14902_, 114.74, 451.52, 0.00652409
FILLER_0_162_234, 114.74, 451.52, 0.00652409
FILLER_0_162_242, 114.74, 451.52, 0.00652409
FILLER_0_162_248, 114.74, 451.52, 0.00652409
_16504_, 127.54, 451.52, 0.00668863
hold1991, 127.54, 451.52, 0.00668863
FILLER_0_162_253, 127.54, 451.52, 0.00668863
_11047_, 140.34, 451.52, 0.00684556
_14026_, 140.34, 451.52, 0.00684556
_14031_, 140.34, 451.52, 0.00684556
_16509_, 140.34, 451.52, 0.00684556
hold228, 140.34, 451.52, 0.00684556
FILLER_0_161_284, 140.34, 451.52, 0.00684556
_11052_, 153.14, 451.52, 0.00699431
_14032_, 153.14, 451.52, 0.00699431
_16510_, 153.14, 451.52, 0.00699431
hold1493, 153.14, 451.52, 0.00699431
FILLER_0_161_308, 153.14, 451.52, 0.00699431
FILLER_0_161_316, 153.14, 451.52, 0.00699431
_11044_, 165.94, 451.52, 0.0071351
_11107_, 165.94, 451.52, 0.0071351
_16478_, 165.94, 451.52, 0.0071351
_16479_, 165.94, 451.52, 0.0071351
FILLER_0_161_337, 165.94, 451.52, 0.0071351
FILLER_0_163_349, 165.94, 451.52, 0.0071351
FILLER_0_163_359, 165.94, 451.52, 0.0071351
_11104_, 191.54, 451.52, 0.00745041
_16473_, 191.54, 451.52, 0.00745041
hold1502, 191.54, 451.52, 0.00745041
FILLER_0_161_393, 191.54, 451.52, 0.00745041
FILLER_0_161_404, 191.54, 451.52, 0.00745041
_11118_, 204.34, 451.52, 0.00763174
_16739_, 204.34, 451.52, 0.00763174
hold1693, 204.34, 451.52, 0.00763174
FILLER_0_162_432, 204.34, 451.52, 0.00763174
FILLER_0_163_438, 204.34, 451.52, 0.00763174
_10587_, 217.14, 451.52, 0.00780524
_10601_, 217.14, 451.52, 0.00780524
_14199_, 217.14, 451.52, 0.00780524
_14286_, 217.14, 451.52, 0.00780524
FILLER_0_162_469, 217.14, 451.52, 0.00780524
_10598_, 229.94, 451.52, 0.0079763
_10599_, 229.94, 451.52, 0.0079763
FILLER_0_161_485, 229.94, 451.52, 0.0079763
FILLER_0_162_525, 242.74, 451.52, 0.00814697
_10644_, 255.54, 451.52, 0.00831763
_10659_, 255.54, 451.52, 0.00831763
_14244_, 255.54, 451.52, 0.00831763
_16703_, 255.54, 451.52, 0.00831763
hold1872, 255.54, 451.52, 0.00831763
FILLER_0_162_555, 255.54, 451.52, 0.00831763
FILLER_0_163_556, 255.54, 451.52, 0.00831763
_10655_, 268.34, 451.52, 0.00847831
_10658_, 268.34, 451.52, 0.00847831
_16664_, 268.34, 451.52, 0.00847831
hold1307, 268.34, 451.52, 0.00847831
FILLER_0_162_581, 268.34, 451.52, 0.00847831
FILLER_0_163_573, 268.34, 451.52, 0.00847831
FILLER_0_163_581, 268.34, 451.52, 0.00847831
_10654_, 281.14, 451.52, 0.00863099
_10736_, 281.14, 451.52, 0.00863099
_10737_, 281.14, 451.52, 0.00863099
hold1165, 281.14, 451.52, 0.00863099
FILLER_0_162_589, 281.14, 451.52, 0.00863099
FILLER_0_162_595, 281.14, 451.52, 0.00863099
FILLER_0_163_607, 281.14, 451.52, 0.00863099
_17202_, 293.94, 451.52, 0.00878254
_17210_, 293.94, 451.52, 0.00878254
hold655, 306.74, 451.52, 0.00891987
FILLER_0_163_663, 306.74, 451.52, 0.00891987
_09650_, 319.54, 451.52, 0.00905669
_14754_, 319.54, 451.52, 0.00905669
_14806_, 319.54, 451.52, 0.00905669
_17255_, 319.54, 451.52, 0.00905669
hold250, 319.54, 451.52, 0.00905669
FILLER_0_162_689, 319.54, 451.52, 0.00905669
_09550_, 345.14, 451.52, 0.00929017
_09551_, 345.14, 451.52, 0.00929017
_14856_, 345.14, 451.52, 0.00929017
_14861_, 345.14, 451.52, 0.00929017
FILLER_0_162_729, 345.14, 451.52, 0.00929017
_09674_, 357.94, 451.52, 0.00939583
_09675_, 357.94, 451.52, 0.00939583
_14788_, 357.94, 451.52, 0.00939583
_17195_, 357.94, 451.52, 0.00939583
FILLER_0_162_757, 357.94, 451.52, 0.00939583
FILLER_0_163_777, 357.94, 451.52, 0.00939583
_09665_, 370.74, 451.52, 0.00949201
_14792_, 370.74, 451.52, 0.00949201
_14798_, 370.74, 451.52, 0.00949201
_17197_, 370.74, 451.52, 0.00949201
_17200_, 370.74, 451.52, 0.00949201
hold1362, 370.74, 451.52, 0.00949201
FILLER_0_161_791, 370.74, 451.52, 0.00949201
FILLER_0_162_802, 370.74, 451.52, 0.00949201
_09670_, 383.54, 451.52, 0.00957294
_09671_, 383.54, 451.52, 0.00957294
_09676_, 383.54, 451.52, 0.00957294
_14795_, 383.54, 451.52, 0.00957294
hold392, 383.54, 451.52, 0.00957294
hold888, 383.54, 451.52, 0.00957294
FILLER_0_162_808, 383.54, 451.52, 0.00957294
FILLER_0_163_830, 383.54, 451.52, 0.00957294
_08658_, 409.14, 451.52, 0.00973121
_15357_, 409.14, 451.52, 0.00973121
_17709_, 409.14, 451.52, 0.00973121
hold711, 409.14, 451.52, 0.00973121
FILLER_0_162_869, 409.14, 451.52, 0.00973121
FILLER_0_163_889, 409.14, 451.52, 0.00973121
_15309_, 421.94, 451.52, 0.00980235
_15364_, 421.94, 451.52, 0.00980235
_17707_, 421.94, 451.52, 0.00980235
FILLER_0_161_897, 421.94, 451.52, 0.00980235
FILLER_0_161_905, 421.94, 451.52, 0.00980235
FILLER_0_162_910, 421.94, 451.52, 0.00980235
_08644_, 434.74, 451.52, 0.0098643
_08651_, 434.74, 451.52, 0.0098643
hold219, 434.74, 451.52, 0.0098643
FILLER_0_162_925, 434.74, 451.52, 0.0098643
FILLER_0_163_946, 434.74, 451.52, 0.0098643
_08724_, 447.54, 451.52, 0.00992535
_17670_, 447.54, 451.52, 0.00992535
clkbuf_leaf_125_clk, 447.54, 451.52, 0.00992535
FILLER_0_161_953, 447.54, 451.52, 0.00992535
FILLER_0_162_949, 447.54, 451.52, 0.00992535
_08734_, 460.34, 451.52, 0.00994355
_17665_, 460.34, 451.52, 0.00994355
_17666_, 460.34, 451.52, 0.00994355
hold258, 460.34, 451.52, 0.00994355
hold1844, 460.34, 451.52, 0.00994355
FILLER_0_161_983, 460.34, 451.52, 0.00994355
FILLER_0_162_977, 460.34, 451.52, 0.00994355
FILLER_0_162_1001, 460.34, 451.52, 0.00994355
FILLER_0_163_993, 460.34, 451.52, 0.00994355
_08732_, 473.14, 451.52, 0.00994625
hold1037, 473.14, 451.52, 0.00994625
FILLER_0_162_1030, 473.14, 451.52, 0.00994625
_08420_, 498.137, 451.52, 0.0100064
_08421_, 498.137, 451.52, 0.0100064
hold1652, 498.137, 451.52, 0.0100064
FILLER_0_162_1080, 498.137, 451.52, 0.0100064
_08352_, 510.334, 451.52, 0.0100637
_08353_, 510.334, 451.52, 0.0100637
_17856_, 510.334, 451.52, 0.0100637
clkbuf_leaf_135_clk, 510.334, 451.52, 0.0100637
hold1748, 510.334, 451.52, 0.0100637
hold827, 522.531, 451.52, 0.0100667
FILLER_0_161_1121, 522.531, 451.52, 0.0100667
FILLER_0_162_1137, 522.531, 451.52, 0.0100667
_15476_, 534.728, 451.52, 0.0100692
_15478_, 534.728, 451.52, 0.0100692
FILLER_0_162_1145, 534.728, 451.52, 0.0100692
FILLER_0_162_1149, 534.728, 451.52, 0.0100692
FILLER_0_162_1163, 534.728, 451.52, 0.0100692
_08431_, 546.925, 451.52, 0.0100698
_08440_, 546.925, 451.52, 0.0100698
_15480_, 546.925, 451.52, 0.0100698
FILLER_0_161_1168, 546.925, 451.52, 0.0100698
FILLER_0_163_1180, 546.925, 451.52, 0.0100698
FILLER_0_163_1188, 546.925, 451.52, 0.0100698
FILLER_0_162_1194, 559.122, 451.52, 0.0100698
PHY_318, 5.52, 446.08, 0.00475584
PHY_320, 5.52, 446.08, 0.00475584
PHY_319, 571.32, 446.08, 0.0103789
PHY_321, 571.32, 446.08, 0.0103789
FILLER_0_159_1223, 571.32, 446.08, 0.0103789
FILLER_0_160_1217, 571.32, 446.08, 0.0103789
_09427_, 37.94, 446.08, 0.00506402
_09431_, 37.94, 446.08, 0.00506402
_09437_, 37.94, 446.08, 0.00506402
_14924_, 37.94, 446.08, 0.00506402
_14927_, 37.94, 446.08, 0.00506402
_17317_, 37.94, 446.08, 0.00506402
clkbuf_leaf_64_clk, 37.94, 446.08, 0.00506402
FILLER_0_159_63, 37.94, 446.08, 0.00506402
_09426_, 50.74, 446.08, 0.00532052
_09430_, 50.74, 446.08, 0.00532052
_14928_, 50.74, 446.08, 0.00532052
_17261_, 50.74, 446.08, 0.00532052
hold908, 50.74, 446.08, 0.00532052
FILLER_0_159_97, 50.74, 446.08, 0.00532052
_09542_, 63.54, 446.08, 0.00556884
_09543_, 63.54, 446.08, 0.00556884
_14867_, 63.54, 446.08, 0.00556884
_14868_, 63.54, 446.08, 0.00556884
_17262_, 63.54, 446.08, 0.00556884
hold687, 63.54, 446.08, 0.00556884
FILLER_0_161_134, 63.54, 446.08, 0.00556884
_09444_, 76.34, 446.08, 0.00580874
_09445_, 76.34, 446.08, 0.00580874
_09534_, 76.34, 446.08, 0.00580874
_17265_, 76.34, 446.08, 0.00580874
_17310_, 76.34, 446.08, 0.00580874
hold1295, 76.34, 446.08, 0.00580874
_17306_, 89.14, 446.08, 0.00603331
_17309_, 89.14, 446.08, 0.00603331
_09471_, 101.94, 446.08, 0.00624371
_09480_, 101.94, 446.08, 0.00624371
_14901_, 101.94, 446.08, 0.00624371
_17296_, 101.94, 446.08, 0.00624371
_17297_, 101.94, 446.08, 0.00624371
hold1953, 101.94, 446.08, 0.00624371
_09469_, 114.74, 446.08, 0.00643879
_09470_, 114.74, 446.08, 0.00643879
_09475_, 114.74, 446.08, 0.00643879
_14907_, 114.74, 446.08, 0.00643879
hold663, 114.74, 446.08, 0.00643879
hold1232, 114.74, 446.08, 0.00643879
FILLER_0_160_241, 114.74, 446.08, 0.00643879
_09474_, 127.54, 446.08, 0.00663205
_11057_, 127.54, 446.08, 0.00663205
_16501_, 127.54, 446.08, 0.00663205
hold694, 127.54, 446.08, 0.00663205
FILLER_0_160_253, 127.54, 446.08, 0.00663205
FILLER_0_160_270, 127.54, 446.08, 0.00663205
FILLER_0_161_277, 127.54, 446.08, 0.00663205
_11046_, 140.34, 446.08, 0.00681729
_11051_, 140.34, 446.08, 0.00681729
_11062_, 140.34, 446.08, 0.00681729
_11063_, 140.34, 446.08, 0.00681729
_14023_, 140.34, 446.08, 0.00681729
_14029_, 140.34, 446.08, 0.00681729
hold397, 140.34, 446.08, 0.00681729
FILLER_0_159_281, 140.34, 446.08, 0.00681729
FILLER_0_161_297, 140.34, 446.08, 0.00681729
_11045_, 153.14, 446.08, 0.00700082
_14025_, 153.14, 446.08, 0.00700082
_14028_, 153.14, 446.08, 0.00700082
FILLER_0_159_310, 153.14, 446.08, 0.00700082
FILLER_0_161_328, 153.14, 446.08, 0.00700082
_11109_, 165.94, 446.08, 0.00718379
_13997_, 165.94, 446.08, 0.00718379
FILLER_0_160_345, 165.94, 446.08, 0.00718379
FILLER_0_160_354, 165.94, 446.08, 0.00718379
FILLER_0_160_360, 165.94, 446.08, 0.00718379
_11119_, 191.54, 446.08, 0.00755855
_13992_, 191.54, 446.08, 0.00755855
FILLER_0_160_413, 191.54, 446.08, 0.00755855
_16732_, 204.34, 446.08, 0.00775034
FILLER_0_160_433, 204.34, 446.08, 0.00775034
FILLER_0_161_443, 204.34, 446.08, 0.00775034
_10600_, 217.14, 446.08, 0.00793506
_14277_, 217.14, 446.08, 0.00793506
_14279_, 217.14, 446.08, 0.00793506
_14280_, 217.14, 446.08, 0.00793506
hold1804, 217.14, 446.08, 0.00793506
FILLER_0_159_454, 217.14, 446.08, 0.00793506
FILLER_0_160_470, 217.14, 446.08, 0.00793506
FILLER_0_161_471, 217.14, 446.08, 0.00793506
_14284_, 229.94, 446.08, 0.00811673
_16733_, 229.94, 446.08, 0.00811673
_16737_, 229.94, 446.08, 0.00811673
hold1557, 229.94, 446.08, 0.00811673
FILLER_0_161_498, 229.94, 446.08, 0.00811673
_16710_, 242.74, 446.08, 0.00828353
hold1055, 242.74, 446.08, 0.00828353
FILLER_0_159_513, 242.74, 446.08, 0.00828353
FILLER_0_160_524, 242.74, 446.08, 0.00828353
FILLER_0_161_517, 242.74, 446.08, 0.00828353
_10645_, 255.54, 446.08, 0.00844274
_14254_, 255.54, 446.08, 0.00844274
_16701_, 255.54, 446.08, 0.00844274
hold263, 255.54, 446.08, 0.00844274
FILLER_0_160_539, 255.54, 446.08, 0.00844274
_10662_, 268.34, 446.08, 0.00859397
_14247_, 268.34, 446.08, 0.00859397
_14249_, 268.34, 446.08, 0.00859397
_16705_, 268.34, 446.08, 0.00859397
hold585, 268.34, 446.08, 0.00859397
FILLER_0_160_577, 268.34, 446.08, 0.00859397
FILLER_0_160_613, 281.14, 446.08, 0.00873702
FILLER_0_161_612, 281.14, 446.08, 0.00873702
_09659_, 293.94, 446.08, 0.00888008
_09660_, 293.94, 446.08, 0.00888008
_09661_, 293.94, 446.08, 0.00888008
_14801_, 293.94, 446.08, 0.00888008
FILLER_0_160_621, 293.94, 446.08, 0.00888008
FILLER_0_160_627, 293.94, 446.08, 0.00888008
FILLER_0_160_635, 293.94, 446.08, 0.00888008
_09651_, 306.74, 446.08, 0.00902234
_09658_, 306.74, 446.08, 0.00902234
_14800_, 306.74, 446.08, 0.00902234
_14802_, 306.74, 446.08, 0.00902234
_17207_, 306.74, 446.08, 0.00902234
hold233, 306.74, 446.08, 0.00902234
FILLER_0_160_656, 306.74, 446.08, 0.00902234
_09648_, 319.54, 446.08, 0.00915623
_09649_, 319.54, 446.08, 0.00915623
_17208_, 319.54, 446.08, 0.00915623
hold1846, 319.54, 446.08, 0.00915623
FILLER_0_160_682, 319.54, 446.08, 0.00915623
FILLER_0_160_695, 319.54, 446.08, 0.00915623
_09545_, 345.14, 446.08, 0.00937687
_09549_, 345.14, 446.08, 0.00937687
_14855_, 345.14, 446.08, 0.00937687
FILLER_0_160_751, 345.14, 446.08, 0.00937687
_14793_, 357.94, 446.08, 0.00947098
FILLER_0_161_776, 357.94, 446.08, 0.00947098
_09677_, 370.74, 446.08, 0.00956492
_17194_, 370.74, 446.08, 0.00956492
FILLER_0_159_781, 370.74, 446.08, 0.00956492
FILLER_0_160_793, 370.74, 446.08, 0.00956492
FILLER_0_160_806, 370.74, 446.08, 0.00956492
FILLER_0_161_830, 383.54, 446.08, 0.00965155
_08659_, 396.34, 446.08, 0.00973819
_17703_, 396.34, 446.08, 0.00973819
FILLER_0_160_849, 396.34, 446.08, 0.00973819
FILLER_0_160_857, 396.34, 446.08, 0.00973819
FILLER_0_160_863, 396.34, 446.08, 0.00973819
_15358_, 409.14, 446.08, 0.00981752
clkbuf_leaf_124_clk, 409.14, 446.08, 0.00981752
hold231, 409.14, 446.08, 0.00981752
FILLER_0_160_869, 409.14, 446.08, 0.00981752
FILLER_0_160_878, 409.14, 446.08, 0.00981752
FILLER_0_161_891, 409.14, 446.08, 0.00981752
_08645_, 421.94, 446.08, 0.009862
_15356_, 421.94, 446.08, 0.009862
_15362_, 421.94, 446.08, 0.009862
_17710_, 421.94, 446.08, 0.009862
hold113, 421.94, 446.08, 0.009862
FILLER_0_160_909, 421.94, 446.08, 0.009862
_08660_, 434.74, 446.08, 0.00989831
hold232, 434.74, 446.08, 0.00989831
FILLER_0_161_943, 434.74, 446.08, 0.00989831
_08725_, 447.54, 446.08, 0.0099339
_15320_, 447.54, 446.08, 0.0099339
FILLER_0_159_949, 447.54, 446.08, 0.0099339
FILLER_0_160_971, 447.54, 446.08, 0.0099339
FILLER_0_161_968, 447.54, 446.08, 0.0099339
_08733_, 460.34, 446.08, 0.00996913
_15316_, 460.34, 446.08, 0.00996913
_08413_, 473.14, 446.08, 0.010004
_17826_, 473.14, 446.08, 0.010004
_17827_, 473.14, 446.08, 0.010004
FILLER_0_159_1009, 473.14, 446.08, 0.010004
FILLER_0_160_1012, 473.14, 446.08, 0.010004
FILLER_0_161_1021, 473.14, 446.08, 0.010004
_15489_, 498.137, 446.08, 0.0101221
_17822_, 498.137, 446.08, 0.0101221
_17823_, 498.137, 446.08, 0.0101221
hold1798, 498.137, 446.08, 0.0101221
FILLER_0_161_1081, 498.137, 446.08, 0.0101221
_08344_, 510.334, 446.08, 0.0102055
_08345_, 510.334, 446.08, 0.0102055
_15420_, 510.334, 446.08, 0.0102055
_17859_, 510.334, 446.08, 0.0102055
_17860_, 510.334, 446.08, 0.0102055
_08351_, 522.531, 446.08, 0.0102733
_08356_, 522.531, 446.08, 0.0102733
_08357_, 522.531, 446.08, 0.0102733
_15526_, 522.531, 446.08, 0.0102733
_15529_, 522.531, 446.08, 0.0102733
_17854_, 522.531, 446.08, 0.0102733
_17857_, 522.531, 446.08, 0.0102733
hold1683, 522.531, 446.08, 0.0102733
FILLER_0_161_1133, 522.531, 446.08, 0.0102733
_08350_, 534.728, 446.08, 0.0103262
_08429_, 534.728, 446.08, 0.0103262
_08439_, 534.728, 446.08, 0.0103262
_15484_, 534.728, 446.08, 0.0103262
_17818_, 534.728, 446.08, 0.0103262
hold1396, 534.728, 446.08, 0.0103262
FILLER_0_159_1144, 534.728, 446.08, 0.0103262
FILLER_0_160_1149, 534.728, 446.08, 0.0103262
_08428_, 546.925, 446.08, 0.0103711
_08438_, 546.925, 446.08, 0.0103711
_15477_, 546.925, 446.08, 0.0103711
_15479_, 546.925, 446.08, 0.0103711
clkbuf_leaf_133_clk, 546.925, 446.08, 0.0103711
hold1117, 546.925, 446.08, 0.0103711
FILLER_0_160_1177, 546.925, 446.08, 0.0103711
FILLER_0_160_1185, 546.925, 446.08, 0.0103711
FILLER_0_161_1177, 546.925, 446.08, 0.0103711
_08424_, 559.122, 446.08, 0.0103789
_08425_, 559.122, 446.08, 0.0103789
_15486_, 559.122, 446.08, 0.0103789
_17820_, 559.122, 446.08, 0.0103789
hold140, 559.122, 446.08, 0.0103789
FILLER_0_160_1191, 559.122, 446.08, 0.0103789
PHY_314, 5.52, 440.64, 0.00503409
PHY_316, 5.52, 440.64, 0.00503409
output35, 5.52, 440.64, 0.00503409
PHY_315, 571.32, 440.64, 0.010645
PHY_317, 571.32, 440.64, 0.010645
output5, 571.32, 440.64, 0.010645
FILLER_0_158_1224, 571.32, 440.64, 0.010645
_09432_, 37.94, 440.64, 0.00527287
_14925_, 37.94, 440.64, 0.00527287
_17314_, 37.94, 440.64, 0.00527287
_17319_, 37.94, 440.64, 0.00527287
hold500, 37.94, 440.64, 0.00527287
_09530_, 50.74, 440.64, 0.00551855
_09531_, 50.74, 440.64, 0.00551855
_14930_, 50.74, 440.64, 0.00551855
_17267_, 50.74, 440.64, 0.00551855
hold1358, 50.74, 440.64, 0.00551855
FILLER_0_158_96, 50.74, 440.64, 0.00551855
_09535_, 63.54, 440.64, 0.00575601
_09540_, 63.54, 440.64, 0.00575601
_09541_, 63.54, 440.64, 0.00575601
hold542, 63.54, 440.64, 0.00575601
FILLER_0_158_134, 63.54, 440.64, 0.00575601
_17304_, 76.34, 440.64, 0.00599235
FILLER_0_157_149, 76.34, 440.64, 0.00599235
FILLER_0_158_141, 76.34, 440.64, 0.00599235
_09446_, 89.14, 440.64, 0.00622159
_09447_, 89.14, 440.64, 0.00622159
_09456_, 89.14, 440.64, 0.00622159
_14919_, 89.14, 440.64, 0.00622159
_14920_, 89.14, 440.64, 0.00622159
hold1188, 89.14, 440.64, 0.00622159
hold1321, 89.14, 440.64, 0.00622159
FILLER_0_158_184, 89.14, 440.64, 0.00622159
FILLER_0_158_192, 89.14, 440.64, 0.00622159
_09452_, 101.94, 440.64, 0.00644884
_09472_, 101.94, 440.64, 0.00644884
_09473_, 101.94, 440.64, 0.00644884
_09481_, 101.94, 440.64, 0.00644884
_14905_, 101.94, 440.64, 0.00644884
_14906_, 101.94, 440.64, 0.00644884
FILLER_0_158_203, 101.94, 440.64, 0.00644884
_09468_, 114.74, 440.64, 0.00667488
_17295_, 114.74, 440.64, 0.00667488
_17298_, 114.74, 440.64, 0.00667488
_11049_, 127.54, 440.64, 0.00688651
_11061_, 127.54, 440.64, 0.00688651
_14030_, 127.54, 440.64, 0.00688651
_14904_, 127.54, 440.64, 0.00688651
hold307, 127.54, 440.64, 0.00688651
FILLER_0_157_261, 127.54, 440.64, 0.00688651
FILLER_0_158_264, 127.54, 440.64, 0.00688651
FILLER_0_159_276, 127.54, 440.64, 0.00688651
_11048_, 140.34, 440.64, 0.00709678
_14022_, 140.34, 440.64, 0.00709678
_14024_, 140.34, 440.64, 0.00709678
_16508_, 140.34, 440.64, 0.00709678
hold1389, 140.34, 440.64, 0.00709678
_11054_, 153.14, 440.64, 0.0072971
_16503_, 153.14, 440.64, 0.0072971
clkbuf_leaf_76_clk, 153.14, 440.64, 0.0072971
hold822, 153.14, 440.64, 0.0072971
FILLER_0_158_309, 153.14, 440.64, 0.0072971
_11058_, 165.94, 440.64, 0.00744575
hold1668, 165.94, 440.64, 0.00744575
FILLER_0_157_345, 165.94, 440.64, 0.00744575
FILLER_0_158_356, 165.94, 440.64, 0.00744575
_11032_, 191.54, 440.64, 0.00783967
_14043_, 191.54, 440.64, 0.00783967
hold1154, 191.54, 440.64, 0.00783967
hold1643, 191.54, 440.64, 0.00783967
_16740_, 204.34, 440.64, 0.00808431
FILLER_0_158_433, 204.34, 440.64, 0.00808431
FILLER_0_159_441, 204.34, 440.64, 0.00808431
_10584_, 217.14, 440.64, 0.00832187
_10595_, 217.14, 440.64, 0.00832187
_14287_, 217.14, 440.64, 0.00832187
_16735_, 217.14, 440.64, 0.00832187
hold1062, 217.14, 440.64, 0.00832187
FILLER_0_158_469, 217.14, 440.64, 0.00832187
_10590_, 229.94, 440.64, 0.00855124
_10591_, 229.94, 440.64, 0.00855124
_10594_, 229.94, 440.64, 0.00855124
_14282_, 229.94, 440.64, 0.00855124
wire117, 229.94, 440.64, 0.00855124
hold1564, 229.94, 440.64, 0.00855124
FILLER_0_157_476, 229.94, 440.64, 0.00855124
_10650_, 242.74, 440.64, 0.00871653
_10651_, 242.74, 440.64, 0.00871653
_16707_, 242.74, 440.64, 0.00871653
_10663_, 255.54, 440.64, 0.00887431
_14245_, 255.54, 440.64, 0.00887431
_14251_, 255.54, 440.64, 0.00887431
clkbuf_leaf_90_clk, 255.54, 440.64, 0.00887431
_10649_, 268.34, 440.64, 0.00899086
_14252_, 268.34, 440.64, 0.00899086
hold1294, 268.34, 440.64, 0.00899086
FILLER_0_157_561, 268.34, 440.64, 0.00899086
FILLER_0_158_569, 268.34, 440.64, 0.00899086
_10648_, 281.14, 440.64, 0.00910652
_18122_, 281.14, 440.64, 0.00910652
FILLER_0_158_601, 281.14, 440.64, 0.00910652
FILLER_0_159_612, 281.14, 440.64, 0.00910652
_17201_, 293.94, 440.64, 0.00920615
_17203_, 293.94, 440.64, 0.00920615
FILLER_0_158_621, 293.94, 440.64, 0.00920615
_09662_, 306.74, 440.64, 0.00929157
_14807_, 306.74, 440.64, 0.00929157
_17206_, 306.74, 440.64, 0.00929157
hold659, 306.74, 440.64, 0.00929157
_09652_, 319.54, 440.64, 0.00936896
hold521, 319.54, 440.64, 0.00936896
FILLER_0_158_689, 319.54, 440.64, 0.00936896
FILLER_0_159_693, 319.54, 440.64, 0.00936896
_14862_, 345.14, 440.64, 0.00957079
_14864_, 345.14, 440.64, 0.00957079
_17251_, 345.14, 440.64, 0.00957079
_17258_, 345.14, 440.64, 0.00957079
FILLER_0_158_745, 345.14, 440.64, 0.00957079
_09667_, 357.94, 440.64, 0.00968143
_14797_, 357.94, 440.64, 0.00968143
_17191_, 357.94, 440.64, 0.00968143
_17199_, 357.94, 440.64, 0.00968143
hold1897, 357.94, 440.64, 0.00968143
_09666_, 370.74, 440.64, 0.00977698
_14789_, 370.74, 440.64, 0.00977698
clkbuf_leaf_107_clk, 370.74, 440.64, 0.00977698
hold2067, 370.74, 440.64, 0.00977698
FILLER_0_158_807, 370.74, 440.64, 0.00977698
_09673_, 383.54, 440.64, 0.00982868
_14794_, 383.54, 440.64, 0.00982868
hold752, 383.54, 440.64, 0.00982868
FILLER_0_158_819, 383.54, 440.64, 0.00982868
FILLER_0_159_833, 383.54, 440.64, 0.00982868
_17704_, 396.34, 440.64, 0.00987951
FILLER_0_157_837, 396.34, 440.64, 0.00987951
FILLER_0_159_853, 396.34, 440.64, 0.00987951
_08648_, 409.14, 440.64, 0.00992322
_08649_, 409.14, 440.64, 0.00992322
_08656_, 409.14, 440.64, 0.00992322
_08657_, 409.14, 440.64, 0.00992322
_17708_, 409.14, 440.64, 0.00992322
_08661_, 421.94, 440.64, 0.00995896
_17702_, 421.94, 440.64, 0.00995896
FILLER_0_158_907, 421.94, 440.64, 0.00995896
FILLER_0_158_917, 421.94, 440.64, 0.00995896
FILLER_0_159_941, 434.74, 440.64, 0.00998737
FILLER_0_158_973, 447.54, 440.64, 0.0100158
FILLER_0_159_1001, 460.34, 440.64, 0.0100442
_08407_, 473.14, 440.64, 0.0100726
_08412_, 473.14, 440.64, 0.0100726
_17829_, 473.14, 440.64, 0.0100726
FILLER_0_158_1021, 473.14, 440.64, 0.0100726
FILLER_0_158_1027, 473.14, 440.64, 0.0100726
_08418_, 498.137, 440.64, 0.010224
_08419_, 498.137, 440.64, 0.010224
_15490_, 498.137, 440.64, 0.010224
hold777, 498.137, 440.64, 0.010224
FILLER_0_157_1061, 498.137, 440.64, 0.010224
_08347_, 510.334, 440.64, 0.0103534
clkbuf_5_31__f_clk, 510.334, 440.64, 0.0103534
hold1751, 510.334, 440.64, 0.0103534
FILLER_0_157_1089, 510.334, 440.64, 0.0103534
_15524_, 522.531, 440.64, 0.0104195
_15527_, 522.531, 440.64, 0.0104195
_15530_, 522.531, 440.64, 0.0104195
FILLER_0_157_1114, 522.531, 440.64, 0.0104195
FILLER_0_158_1116, 522.531, 440.64, 0.0104195
_17813_, 534.728, 440.64, 0.0104851
FILLER_0_158_1144, 534.728, 440.64, 0.0104851
_08433_, 546.925, 440.64, 0.0105439
_15482_, 546.925, 440.64, 0.0105439
_17816_, 546.925, 440.64, 0.0105439
hold1916, 546.925, 440.64, 0.0105439
FILLER_0_157_1169, 546.925, 440.64, 0.0105439
FILLER_0_158_1169, 546.925, 440.64, 0.0105439
_08432_, 559.122, 440.64, 0.0105951
_08442_, 559.122, 440.64, 0.0105951
hold133, 559.122, 440.64, 0.0105951
hold370, 559.122, 440.64, 0.0105951
FILLER_0_158_1216, 559.122, 440.64, 0.0105951
PHY_310, 5.52, 435.2, 0.00525826
PHY_312, 5.52, 435.2, 0.00525826
PHY_311, 571.32, 435.2, 0.0101092
PHY_313, 571.32, 435.2, 0.0101092
FILLER_0_156_1217, 571.32, 435.2, 0.0101092
FILLER_0_155_69, 37.94, 435.2, 0.00551048
FILLER_0_156_77, 37.94, 435.2, 0.00551048
_16768_, 50.74, 435.2, 0.00576271
hold1177, 50.74, 435.2, 0.00576271
FILLER_0_156_97, 50.74, 435.2, 0.00576271
FILLER_0_157_104, 50.74, 435.2, 0.00576271
_10528_, 63.54, 435.2, 0.00600735
_10541_, 63.54, 435.2, 0.00600735
clkbuf_leaf_63_clk, 63.54, 435.2, 0.00600735
hold1696, 63.54, 435.2, 0.00600735
_09457_, 76.34, 435.2, 0.00620527
_14914_, 76.34, 435.2, 0.00620527
FILLER_0_155_151, 76.34, 435.2, 0.00620527
FILLER_0_157_163, 76.34, 435.2, 0.00620527
_09461_, 89.14, 435.2, 0.00640282
_14918_, 89.14, 435.2, 0.00640282
FILLER_0_155_169, 89.14, 435.2, 0.00640282
FILLER_0_155_177, 89.14, 435.2, 0.00640282
_09448_, 101.94, 435.2, 0.00659999
_09449_, 101.94, 435.2, 0.00659999
hold1175, 101.94, 435.2, 0.00659999
FILLER_0_156_200, 101.94, 435.2, 0.00659999
_10959_, 114.74, 435.2, 0.00679624
FILLER_0_156_236, 114.74, 435.2, 0.00679624
FILLER_0_156_248, 114.74, 435.2, 0.00679624
_11060_, 127.54, 435.2, 0.00699226
_14080_, 127.54, 435.2, 0.00699226
_16502_, 127.54, 435.2, 0.00699226
hold1253, 127.54, 435.2, 0.00699226
FILLER_0_156_265, 127.54, 435.2, 0.00699226
_11055_, 140.34, 435.2, 0.00718024
FILLER_0_156_301, 140.34, 435.2, 0.00718024
FILLER_0_157_301, 140.34, 435.2, 0.00718024
_11059_, 153.14, 435.2, 0.00736802
_13977_, 153.14, 435.2, 0.00736802
_14027_, 153.14, 435.2, 0.00736802
_16505_, 153.14, 435.2, 0.00736802
_11026_, 165.94, 435.2, 0.00754651
_16517_, 165.94, 435.2, 0.00754651
_16519_, 165.94, 435.2, 0.00754651
hold1420, 165.94, 435.2, 0.00754651
_11024_, 191.54, 435.2, 0.00792932
clkbuf_leaf_93_clk, 191.54, 435.2, 0.00792932
FILLER_0_156_416, 191.54, 435.2, 0.00792932
_10585_, 204.34, 435.2, 0.00809663
FILLER_0_157_439, 204.34, 435.2, 0.00809663
_14285_, 217.14, 435.2, 0.00826374
FILLER_0_155_449, 217.14, 435.2, 0.00826374
FILLER_0_156_469, 217.14, 435.2, 0.00826374
_10592_, 229.94, 435.2, 0.00843067
_14281_, 229.94, 435.2, 0.00843067
_14283_, 229.94, 435.2, 0.00843067
FILLER_0_155_480, 229.94, 435.2, 0.00843067
FILLER_0_157_498, 229.94, 435.2, 0.00843067
FILLER_0_156_525, 242.74, 435.2, 0.00859702
_14246_, 255.54, 435.2, 0.00876336
hold670, 255.54, 435.2, 0.00876336
FILLER_0_156_533, 255.54, 435.2, 0.00876336
FILLER_0_156_542, 255.54, 435.2, 0.00876336
FILLER_0_156_556, 255.54, 435.2, 0.00876336
FILLER_0_157_553, 255.54, 435.2, 0.00876336
_10646_, 268.34, 435.2, 0.00892902
_10647_, 268.34, 435.2, 0.00892902
_10657_, 268.34, 435.2, 0.00892902
_14248_, 268.34, 435.2, 0.00892902
_14253_, 268.34, 435.2, 0.00892902
_16708_, 268.34, 435.2, 0.00892902
_16709_, 268.34, 435.2, 0.00892902
hold1341, 268.34, 435.2, 0.00892902
_10656_, 281.14, 435.2, 0.00907896
_16704_, 281.14, 435.2, 0.00907896
hold1120, 281.14, 435.2, 0.00907896
_09663_, 293.94, 435.2, 0.00922107
clkbuf_leaf_110_clk, 293.94, 435.2, 0.00922107
FILLER_0_157_629, 293.94, 435.2, 0.00922107
_09653_, 306.74, 435.2, 0.00932264
_14805_, 306.74, 435.2, 0.00932264
FILLER_0_156_641, 306.74, 435.2, 0.00932264
FILLER_0_157_660, 306.74, 435.2, 0.00932264
_17259_, 319.54, 435.2, 0.00942385
FILLER_0_156_693, 319.54, 435.2, 0.00942385
FILLER_0_157_685, 319.54, 435.2, 0.00942385
_09562_, 345.14, 435.2, 0.00958308
_09563_, 345.14, 435.2, 0.00958308
hold960, 345.14, 435.2, 0.00958308
hold2101, 345.14, 435.2, 0.00958308
_09548_, 357.94, 435.2, 0.00964678
_09679_, 357.94, 435.2, 0.00964678
_09683_, 357.94, 435.2, 0.00964678
_17193_, 357.94, 435.2, 0.00964678
hold1504, 357.94, 435.2, 0.00964678
FILLER_0_155_753, 357.94, 435.2, 0.00964678
FILLER_0_155_766, 357.94, 435.2, 0.00964678
_09678_, 370.74, 435.2, 0.00970223
_09682_, 370.74, 435.2, 0.00970223
_17192_, 370.74, 435.2, 0.00970223
_17196_, 370.74, 435.2, 0.00970223
FILLER_0_155_785, 370.74, 435.2, 0.00970223
FILLER_0_156_789, 370.74, 435.2, 0.00970223
FILLER_0_157_799, 370.74, 435.2, 0.00970223
_09668_, 383.54, 435.2, 0.00974301
_09669_, 383.54, 435.2, 0.00974301
_09672_, 383.54, 435.2, 0.00974301
_09680_, 383.54, 435.2, 0.00974301
_09681_, 383.54, 435.2, 0.00974301
_14790_, 383.54, 435.2, 0.00974301
_14796_, 383.54, 435.2, 0.00974301
hold1166, 383.54, 435.2, 0.00974301
hold1940, 383.54, 435.2, 0.00974301
FILLER_0_157_829, 383.54, 435.2, 0.00974301
FILLER_0_155_836, 396.34, 435.2, 0.00978127
FILLER_0_156_860, 396.34, 435.2, 0.00978127
FILLER_0_157_889, 409.14, 435.2, 0.00981953
FILLER_0_156_917, 421.94, 435.2, 0.00985779
FILLER_0_157_945, 434.74, 435.2, 0.00989604
FILLER_0_156_973, 447.54, 435.2, 0.0099343
FILLER_0_157_1001, 460.34, 435.2, 0.00997256
_17821_, 473.14, 435.2, 0.0100108
FILLER_0_155_1009, 473.14, 435.2, 0.0100108
FILLER_0_156_1005, 473.14, 435.2, 0.0100108
_08414_, 498.137, 435.2, 0.0100612
_15487_, 498.137, 435.2, 0.0100612
hold1345, 498.137, 435.2, 0.0100612
FILLER_0_156_1058, 498.137, 435.2, 0.0100612
_08346_, 510.334, 435.2, 0.010078
_08362_, 510.334, 435.2, 0.010078
_15521_, 510.334, 435.2, 0.010078
hold1878, 510.334, 435.2, 0.010078
FILLER_0_156_1093, 510.334, 435.2, 0.010078
_08360_, 522.531, 435.2, 0.0100937
_15523_, 522.531, 435.2, 0.0100937
_17853_, 522.531, 435.2, 0.0100937
hold2085, 522.531, 435.2, 0.0100937
FILLER_0_156_1114, 522.531, 435.2, 0.0100937
_08358_, 534.728, 435.2, 0.0101018
_08359_, 534.728, 435.2, 0.0101018
hold1076, 534.728, 435.2, 0.0101018
FILLER_0_155_1144, 534.728, 435.2, 0.0101018
FILLER_0_156_1141, 534.728, 435.2, 0.0101018
_08498_, 546.925, 435.2, 0.010109
_17811_, 546.925, 435.2, 0.010109
FILLER_0_157_1177, 546.925, 435.2, 0.010109
_08443_, 559.122, 435.2, 0.0101092
FILLER_0_156_1193, 559.122, 435.2, 0.0101092
FILLER_0_156_1201, 559.122, 435.2, 0.0101092
PHY_306, 5.52, 429.76, 0.00552352
PHY_308, 5.52, 429.76, 0.00552352
PHY_307, 571.32, 429.76, 0.0104854
PHY_309, 571.32, 429.76, 0.0104854
hold1973, 571.32, 429.76, 0.0104854
FILLER_0_154_1217, 571.32, 429.76, 0.0104854
_10531_, 37.94, 429.76, 0.00578619
_10539_, 37.94, 429.76, 0.00578619
_16763_, 37.94, 429.76, 0.00578619
_16767_, 37.94, 429.76, 0.00578619
FILLER_0_153_57, 37.94, 429.76, 0.00578619
FILLER_0_154_61, 37.94, 429.76, 0.00578619
FILLER_0_155_79, 37.94, 429.76, 0.00578619
_10529_, 50.74, 429.76, 0.00603425
_10530_, 50.74, 429.76, 0.00603425
_10538_, 50.74, 429.76, 0.00603425
_14314_, 50.74, 429.76, 0.00603425
_16762_, 50.74, 429.76, 0.00603425
hold1179, 50.74, 429.76, 0.00603425
FILLER_0_154_98, 50.74, 429.76, 0.00603425
FILLER_0_155_105, 50.74, 429.76, 0.00603425
_10527_, 63.54, 429.76, 0.00627387
_10540_, 63.54, 429.76, 0.00627387
_14313_, 63.54, 429.76, 0.00627387
_14319_, 63.54, 429.76, 0.00627387
hold1244, 63.54, 429.76, 0.00627387
_09458_, 76.34, 429.76, 0.00651219
_09459_, 76.34, 429.76, 0.00651219
_14913_, 76.34, 429.76, 0.00651219
_17301_, 76.34, 429.76, 0.00651219
_17303_, 76.34, 429.76, 0.00651219
hold1771, 76.34, 429.76, 0.00651219
FILLER_0_155_164, 76.34, 429.76, 0.00651219
_14911_, 89.14, 429.76, 0.0067352
_14912_, 89.14, 429.76, 0.0067352
_14917_, 89.14, 429.76, 0.0067352
_17302_, 89.14, 429.76, 0.0067352
_17308_, 89.14, 429.76, 0.0067352
hold1941, 89.14, 429.76, 0.0067352
_09450_, 101.94, 429.76, 0.00694292
_09460_, 101.94, 429.76, 0.00694292
hold1090, 101.94, 429.76, 0.00694292
hold2060, 101.94, 429.76, 0.00694292
FILLER_0_155_218, 101.94, 429.76, 0.00694292
_10962_, 114.74, 429.76, 0.00714919
_10963_, 114.74, 429.76, 0.00714919
_16553_, 114.74, 429.76, 0.00714919
_16554_, 114.74, 429.76, 0.00714919
clkbuf_leaf_60_clk, 114.74, 429.76, 0.00714919
FILLER_0_153_225, 114.74, 429.76, 0.00714919
FILLER_0_154_227, 114.74, 429.76, 0.00714919
_10957_, 127.54, 429.76, 0.00729745
_10958_, 127.54, 429.76, 0.00729745
hold328, 127.54, 429.76, 0.00729745
hold709, 127.54, 429.76, 0.00729745
hold1926, 127.54, 429.76, 0.00729745
FILLER_0_155_274, 127.54, 429.76, 0.00729745
_10952_, 140.34, 429.76, 0.00744367
_14077_, 140.34, 429.76, 0.00744367
_14086_, 140.34, 429.76, 0.00744367
FILLER_0_155_305, 140.34, 429.76, 0.00744367
_10975_, 153.14, 429.76, 0.00758748
_14066_, 153.14, 429.76, 0.00758748
_16545_, 153.14, 429.76, 0.00758748
FILLER_0_154_321, 153.14, 429.76, 0.00758748
FILLER_0_154_330, 153.14, 429.76, 0.00758748
FILLER_0_155_329, 153.14, 429.76, 0.00758748
_10974_, 165.94, 429.76, 0.00772203
_11027_, 165.94, 429.76, 0.00772203
_14042_, 165.94, 429.76, 0.00772203
_16513_, 165.94, 429.76, 0.00772203
hold994, 165.94, 429.76, 0.00772203
FILLER_0_153_340, 165.94, 429.76, 0.00772203
FILLER_0_154_357, 165.94, 429.76, 0.00772203
FILLER_0_155_353, 165.94, 429.76, 0.00772203
_11040_, 191.54, 429.76, 0.00802462
_14035_, 191.54, 429.76, 0.00802462
hold1194, 191.54, 429.76, 0.00802462
_12937_, 204.34, 429.76, 0.00819996
FILLER_0_153_423, 204.34, 429.76, 0.00819996
FILLER_0_154_445, 204.34, 429.76, 0.00819996
FILLER_0_155_441, 204.34, 429.76, 0.00819996
_10593_, 217.14, 429.76, 0.00837258
_10596_, 217.14, 429.76, 0.00837258
_10597_, 217.14, 429.76, 0.00837258
_16734_, 217.14, 429.76, 0.00837258
_16738_, 217.14, 429.76, 0.00837258
hold1123, 217.14, 429.76, 0.00837258
_16731_, 229.94, 429.76, 0.00852994
_16736_, 229.94, 429.76, 0.00852994
hold1613, 229.94, 429.76, 0.00852994
hold1972, 229.94, 429.76, 0.00852994
FILLER_0_154_497, 229.94, 429.76, 0.00852994
FILLER_0_155_490, 229.94, 429.76, 0.00852994
FILLER_0_155_501, 229.94, 429.76, 0.00852994
_16702_, 242.74, 429.76, 0.00867213
FILLER_0_155_517, 242.74, 429.76, 0.00867213
_10660_, 255.54, 429.76, 0.00880721
_10661_, 255.54, 429.76, 0.00880721
_14250_, 255.54, 429.76, 0.00880721
_16706_, 255.54, 429.76, 0.00880721
FILLER_0_154_537, 255.54, 429.76, 0.00880721
FILLER_0_155_550, 255.54, 429.76, 0.00880721
_10652_, 268.34, 429.76, 0.0089346
hold528, 268.34, 429.76, 0.0089346
FILLER_0_154_577, 268.34, 429.76, 0.0089346
FILLER_0_154_585, 268.34, 429.76, 0.0089346
FILLER_0_155_609, 281.14, 429.76, 0.00906127
FILLER_0_154_637, 293.94, 429.76, 0.00918794
hold2163, 306.74, 429.76, 0.00931461
FILLER_0_155_665, 306.74, 429.76, 0.00931461
hold2231, 319.54, 429.76, 0.00943643
FILLER_0_153_669, 319.54, 429.76, 0.00943643
FILLER_0_153_673, 319.54, 429.76, 0.00943643
FILLER_0_154_693, 319.54, 429.76, 0.00943643
FILLER_0_154_749, 345.14, 429.76, 0.00961323
_14791_, 357.94, 429.76, 0.00967312
_17198_, 370.74, 429.76, 0.00973285
FILLER_0_153_781, 370.74, 429.76, 0.00973285
FILLER_0_154_805, 370.74, 429.76, 0.00973285
FILLER_0_154_861, 396.34, 429.76, 0.00983806
FILLER_0_155_889, 409.14, 429.76, 0.00989067
FILLER_0_154_917, 421.94, 429.76, 0.00994328
FILLER_0_155_945, 434.74, 429.76, 0.00999589
FILLER_0_154_973, 447.54, 429.76, 0.0100485
_09336_, 460.34, 429.76, 0.0101011
FILLER_0_153_977, 460.34, 429.76, 0.0101011
FILLER_0_155_1001, 460.34, 429.76, 0.0101011
_08423_, 473.14, 429.76, 0.0101535
_09339_, 473.14, 429.76, 0.0101535
_15488_, 473.14, 429.76, 0.0101535
clkbuf_leaf_137_clk, 473.14, 429.76, 0.0101535
FILLER_0_154_1017, 473.14, 429.76, 0.0101535
FILLER_0_154_1028, 473.14, 429.76, 0.0101535
_08404_, 498.137, 429.76, 0.0102449
_08405_, 498.137, 429.76, 0.0102449
_15497_, 498.137, 429.76, 0.0102449
hold735, 498.137, 429.76, 0.0102449
FILLER_0_153_1061, 498.137, 429.76, 0.0102449
FILLER_0_154_1080, 498.137, 429.76, 0.0102449
_08349_, 510.334, 429.76, 0.0103298
_08363_, 510.334, 429.76, 0.0103298
_15520_, 510.334, 429.76, 0.0103298
_17851_, 510.334, 429.76, 0.0103298
FILLER_0_155_1110, 510.334, 429.76, 0.0103298
_08348_, 522.531, 429.76, 0.0104057
_15525_, 522.531, 429.76, 0.0104057
_15528_, 522.531, 429.76, 0.0104057
_17852_, 522.531, 429.76, 0.0104057
_17855_, 522.531, 429.76, 0.0104057
FILLER_0_153_1115, 522.531, 429.76, 0.0104057
_08361_, 534.728, 429.76, 0.0104675
_08488_, 534.728, 429.76, 0.0104675
_08489_, 534.728, 429.76, 0.0104675
_15522_, 534.728, 429.76, 0.0104675
_17788_, 534.728, 429.76, 0.0104675
clkbuf_leaf_134_clk, 534.728, 429.76, 0.0104675
hold617, 534.728, 429.76, 0.0104675
FILLER_0_154_1149, 534.728, 429.76, 0.0104675
_08490_, 546.925, 429.76, 0.010477
_08499_, 546.925, 429.76, 0.010477
_15451_, 546.925, 429.76, 0.010477
hold482, 546.925, 429.76, 0.010477
hold1963, 546.925, 429.76, 0.010477
FILLER_0_154_1182, 546.925, 429.76, 0.010477
FILLER_0_154_1189, 546.925, 429.76, 0.010477
_08493_, 559.122, 429.76, 0.0104849
_17786_, 559.122, 429.76, 0.0104849
hold1473, 559.122, 429.76, 0.0104849
PHY_302, 5.52, 424.32, 0.00573435
PHY_304, 5.52, 424.32, 0.00573435
PHY_303, 571.32, 424.32, 0.0107205
PHY_305, 571.32, 424.32, 0.0107205
output32, 571.32, 424.32, 0.0107205
hold1053, 571.32, 424.32, 0.0107205
FILLER_0_151_1219, 571.32, 424.32, 0.0107205
_16764_, 37.94, 424.32, 0.00595372
FILLER_0_151_69, 37.94, 424.32, 0.00595372
FILLER_0_152_61, 37.94, 424.32, 0.00595372
_10536_, 50.74, 424.32, 0.006166
_14318_, 50.74, 424.32, 0.006166
_16769_, 50.74, 424.32, 0.006166
hold1111, 50.74, 424.32, 0.006166
FILLER_0_152_96, 50.74, 424.32, 0.006166
FILLER_0_152_104, 50.74, 424.32, 0.006166
FILLER_0_153_104, 50.74, 424.32, 0.006166
_09463_, 63.54, 424.32, 0.00637029
_10526_, 63.54, 424.32, 0.00637029
_14320_, 63.54, 424.32, 0.00637029
hold1245, 63.54, 424.32, 0.00637029
FILLER_0_153_136, 63.54, 424.32, 0.00637029
_09462_, 76.34, 424.32, 0.0065735
_17305_, 76.34, 424.32, 0.0065735
FILLER_0_152_141, 76.34, 424.32, 0.0065735
_09451_, 89.14, 424.32, 0.00676942
_09454_, 89.14, 424.32, 0.00676942
_14915_, 89.14, 424.32, 0.00676942
_17307_, 89.14, 424.32, 0.00676942
hold1138, 89.14, 424.32, 0.00676942
FILLER_0_152_183, 89.14, 424.32, 0.00676942
FILLER_0_152_221, 101.94, 424.32, 0.00695711
FILLER_0_153_221, 101.94, 424.32, 0.00695711
_16551_, 114.74, 424.32, 0.00714481
FILLER_0_151_237, 114.74, 424.32, 0.00714481
_10953_, 127.54, 424.32, 0.00732539
_10956_, 127.54, 424.32, 0.00732539
_14081_, 127.54, 424.32, 0.00732539
_16559_, 127.54, 424.32, 0.00732539
FILLER_0_152_259, 127.54, 424.32, 0.00732539
_10947_, 140.34, 424.32, 0.00749825
_14083_, 140.34, 424.32, 0.00749825
_16556_, 140.34, 424.32, 0.00749825
hold778, 140.34, 424.32, 0.00749825
hold2119, 140.34, 424.32, 0.00749825
FILLER_0_153_302, 140.34, 424.32, 0.00749825
_10973_, 153.14, 424.32, 0.00766256
_10978_, 153.14, 424.32, 0.00766256
_10979_, 153.14, 424.32, 0.00766256
_14072_, 153.14, 424.32, 0.00766256
_16541_, 153.14, 424.32, 0.00766256
hold683, 153.14, 424.32, 0.00766256
FILLER_0_152_309, 153.14, 424.32, 0.00766256
FILLER_0_152_317, 153.14, 424.32, 0.00766256
_10982_, 165.94, 424.32, 0.00781849
_11038_, 165.94, 424.32, 0.00781849
_11039_, 165.94, 424.32, 0.00781849
_14071_, 165.94, 424.32, 0.00781849
hold820, 165.94, 424.32, 0.00781849
FILLER_0_152_352, 165.94, 424.32, 0.00781849
_11028_, 191.54, 424.32, 0.00815656
_15946_, 191.54, 424.32, 0.00815656
hold1755, 191.54, 424.32, 0.00815656
FILLER_0_151_393, 191.54, 424.32, 0.00815656
FILLER_0_151_401, 191.54, 424.32, 0.00815656
FILLER_0_152_412, 191.54, 424.32, 0.00815656
_12936_, 204.34, 424.32, 0.00832886
_13405_, 204.34, 424.32, 0.00832886
_15947_, 204.34, 424.32, 0.00832886
hold2162, 204.34, 424.32, 0.00832886
hold2170, 204.34, 424.32, 0.00832886
FILLER_0_153_445, 204.34, 424.32, 0.00832886
_10588_, 217.14, 424.32, 0.00847726
_10589_, 217.14, 424.32, 0.00847726
hold1713, 217.14, 424.32, 0.00847726
FILLER_0_152_451, 217.14, 424.32, 0.00847726
FILLER_0_152_458, 217.14, 424.32, 0.00847726
FILLER_0_152_466, 217.14, 424.32, 0.00847726
FILLER_0_152_472, 217.14, 424.32, 0.00847726
_10602_, 229.94, 424.32, 0.00862476
_10603_, 229.94, 424.32, 0.00862476
_14278_, 229.94, 424.32, 0.00862476
FILLER_0_152_477, 229.94, 424.32, 0.00862476
FILLER_0_152_529, 242.74, 424.32, 0.00877166
_10653_, 255.54, 424.32, 0.00891856
FILLER_0_153_556, 255.54, 424.32, 0.00891856
FILLER_0_152_581, 268.34, 424.32, 0.00906525
FILLER_0_153_609, 281.14, 424.32, 0.00921195
_13017_, 293.94, 424.32, 0.00935865
_13018_, 293.94, 424.32, 0.00935865
FILLER_0_152_637, 293.94, 424.32, 0.00935865
FILLER_0_153_629, 293.94, 424.32, 0.00935865
_12866_, 306.74, 424.32, 0.00949738
_15979_, 306.74, 424.32, 0.00949738
FILLER_0_151_651, 306.74, 424.32, 0.00949738
FILLER_0_152_645, 306.74, 424.32, 0.00949738
FILLER_0_153_661, 306.74, 424.32, 0.00949738
_07881_, 319.54, 424.32, 0.00962005
_07882_, 319.54, 424.32, 0.00962005
_18091_, 319.54, 424.32, 0.00962005
FILLER_0_152_695, 319.54, 424.32, 0.00962005
_07880_, 345.14, 424.32, 0.00984111
_12863_, 345.14, 424.32, 0.00984111
_15788_, 345.14, 424.32, 0.00984111
_18092_, 345.14, 424.32, 0.00984111
FILLER_0_152_738, 345.14, 424.32, 0.00984111
FILLER_0_152_748, 345.14, 424.32, 0.00984111
_12588_, 357.94, 424.32, 0.00994019
_12935_, 357.94, 424.32, 0.00994019
_15948_, 357.94, 424.32, 0.00994019
hold2244, 357.94, 424.32, 0.00994019
FILLER_0_152_769, 357.94, 424.32, 0.00994019
_12934_, 370.74, 424.32, 0.00997685
_13404_, 370.74, 424.32, 0.00997685
hold2159, 370.74, 424.32, 0.00997685
FILLER_0_152_801, 370.74, 424.32, 0.00997685
FILLER_0_152_809, 383.54, 424.32, 0.0100047
FILLER_0_153_833, 383.54, 424.32, 0.0100047
FILLER_0_152_861, 396.34, 424.32, 0.0100325
FILLER_0_153_889, 409.14, 424.32, 0.0100603
hold154, 421.94, 424.32, 0.0100881
FILLER_0_152_917, 421.94, 424.32, 0.0100881
FILLER_0_153_945, 434.74, 424.32, 0.0101154
FILLER_0_151_949, 447.54, 424.32, 0.0101427
FILLER_0_152_973, 447.54, 424.32, 0.0101427
_14981_, 460.34, 424.32, 0.01017
_17363_, 460.34, 424.32, 0.01017
_17369_, 460.34, 424.32, 0.01017
hold805, 460.34, 424.32, 0.01017
FILLER_0_152_994, 460.34, 424.32, 0.01017
FILLER_0_153_999, 460.34, 424.32, 0.01017
_09325_, 473.14, 424.32, 0.0101824
_09338_, 473.14, 424.32, 0.0101824
_14980_, 473.14, 424.32, 0.0101824
_14987_, 473.14, 424.32, 0.0101824
hold1237, 473.14, 424.32, 0.0101824
FILLER_0_152_1030, 473.14, 424.32, 0.0101824
_17858_, 498.137, 424.32, 0.0102812
FILLER_0_152_1083, 498.137, 424.32, 0.0102812
FILLER_0_153_1077, 498.137, 424.32, 0.0102812
hold1363, 510.334, 424.32, 0.0103621
_08354_, 522.531, 424.32, 0.0104425
_08355_, 522.531, 424.32, 0.0104425
FILLER_0_151_1113, 522.531, 424.32, 0.0104425
FILLER_0_152_1117, 522.531, 424.32, 0.0104425
_17783_, 534.728, 424.32, 0.0105226
FILLER_0_152_1143, 534.728, 424.32, 0.0105226
FILLER_0_152_1149, 534.728, 424.32, 0.0105226
_08491_, 546.925, 424.32, 0.0105958
_15446_, 546.925, 424.32, 0.0105958
_15450_, 546.925, 424.32, 0.0105958
_17787_, 546.925, 424.32, 0.0105958
FILLER_0_151_1169, 546.925, 424.32, 0.0105958
FILLER_0_152_1178, 546.925, 424.32, 0.0105958
FILLER_0_152_1188, 546.925, 424.32, 0.0105958
_08492_, 559.122, 424.32, 0.0106618
_08497_, 559.122, 424.32, 0.0106618
_15449_, 559.122, 424.32, 0.0106618
_17784_, 559.122, 424.32, 0.0106618
FILLER_0_152_1208, 559.122, 424.32, 0.0106618
PHY_298, 5.52, 418.88, 0.00597474
PHY_300, 5.52, 418.88, 0.00597474
output56, 5.52, 418.88, 0.00597474
PHY_299, 571.32, 418.88, 0.0102203
PHY_301, 571.32, 418.88, 0.0102203
FILLER_0_149_1221, 571.32, 418.88, 0.0102203
FILLER_0_150_1220, 571.32, 418.88, 0.0102203
_10537_, 37.94, 418.88, 0.00614289
_14315_, 37.94, 418.88, 0.00614289
FILLER_0_150_77, 37.94, 418.88, 0.00614289
FILLER_0_151_76, 37.94, 418.88, 0.00614289
_10534_, 50.74, 418.88, 0.00633061
_10535_, 50.74, 418.88, 0.00633061
FILLER_0_149_96, 50.74, 418.88, 0.00633061
FILLER_0_150_133, 63.54, 418.88, 0.00651795
_09455_, 76.34, 418.88, 0.00670528
FILLER_0_151_154, 76.34, 418.88, 0.00670528
FILLER_0_151_162, 76.34, 418.88, 0.00670528
FILLER_0_150_189, 89.14, 418.88, 0.00689242
_10375_, 101.94, 418.88, 0.00707955
_16845_, 101.94, 418.88, 0.00707955
hold896, 101.94, 418.88, 0.00707955
FILLER_0_150_197, 101.94, 418.88, 0.00707955
FILLER_0_150_205, 101.94, 418.88, 0.00707955
FILLER_0_150_211, 101.94, 418.88, 0.00707955
FILLER_0_150_219, 101.94, 418.88, 0.00707955
FILLER_0_151_220, 101.94, 418.88, 0.00707955
_14078_, 114.74, 418.88, 0.00725887
FILLER_0_149_237, 114.74, 418.88, 0.00725887
FILLER_0_150_242, 114.74, 418.88, 0.00725887
FILLER_0_151_270, 127.54, 418.88, 0.00743803
_10946_, 140.34, 418.88, 0.00761718
_10960_, 140.34, 418.88, 0.00761718
_14069_, 140.34, 418.88, 0.00761718
_14079_, 140.34, 418.88, 0.00761718
hold408, 140.34, 418.88, 0.00761718
FILLER_0_150_301, 140.34, 418.88, 0.00761718
FILLER_0_151_304, 140.34, 418.88, 0.00761718
_10983_, 153.14, 418.88, 0.00779508
_14067_, 153.14, 418.88, 0.00779508
_16546_, 153.14, 418.88, 0.00779508
hold477, 153.14, 418.88, 0.00779508
_10972_, 165.94, 418.88, 0.007965
_11034_, 165.94, 418.88, 0.007965
_11035_, 165.94, 418.88, 0.007965
_11037_, 165.94, 418.88, 0.007965
FILLER_0_149_337, 165.94, 418.88, 0.007965
FILLER_0_150_354, 165.94, 418.88, 0.007965
_11042_, 191.54, 418.88, 0.00831892
_12939_, 191.54, 418.88, 0.00831892
_14034_, 191.54, 418.88, 0.00831892
hold478, 191.54, 418.88, 0.00831892
FILLER_0_150_411, 191.54, 418.88, 0.00831892
FILLER_0_150_417, 191.54, 418.88, 0.00831892
_12938_, 204.34, 418.88, 0.00850026
_13406_, 204.34, 418.88, 0.00850026
_12951_, 217.14, 418.88, 0.00867792
_12952_, 217.14, 418.88, 0.00867792
hold2173, 217.14, 418.88, 0.00867792
FILLER_0_150_454, 217.14, 418.88, 0.00867792
FILLER_0_150_472, 217.14, 418.88, 0.00867792
FILLER_0_151_497, 229.94, 418.88, 0.00884417
FILLER_0_150_525, 242.74, 418.88, 0.00901041
_12637_, 255.54, 418.88, 0.00917665
_12662_, 255.54, 418.88, 0.00917665
FILLER_0_151_553, 255.54, 418.88, 0.00917665
_15875_, 268.34, 418.88, 0.00933855
FILLER_0_150_581, 268.34, 418.88, 0.00933855
_13331_, 281.14, 418.88, 0.00949
_15879_, 281.14, 418.88, 0.00949
FILLER_0_150_589, 281.14, 418.88, 0.00949
FILLER_0_151_609, 281.14, 418.88, 0.00949
_15897_, 293.94, 418.88, 0.00963094
FILLER_0_150_636, 293.94, 418.88, 0.00963094
_12599_, 306.74, 418.88, 0.00976133
_12600_, 306.74, 418.88, 0.00976133
_12865_, 306.74, 418.88, 0.00976133
_13442_, 306.74, 418.88, 0.00976133
FILLER_0_150_657, 306.74, 418.88, 0.00976133
_12598_, 319.54, 418.88, 0.0098114
_15787_, 319.54, 418.88, 0.0098114
hold107, 319.54, 418.88, 0.0098114
FILLER_0_150_695, 319.54, 418.88, 0.0098114
FILLER_0_151_685, 319.54, 418.88, 0.0098114
_07879_, 345.14, 418.88, 0.00993585
_12587_, 345.14, 418.88, 0.00993585
_13077_, 345.14, 418.88, 0.00993585
hold96, 345.14, 418.88, 0.00993585
FILLER_0_149_729, 345.14, 418.88, 0.00993585
FILLER_0_150_729, 345.14, 418.88, 0.00993585
FILLER_0_150_752, 345.14, 418.88, 0.00993585
_12586_, 357.94, 418.88, 0.00999476
_13407_, 357.94, 418.88, 0.00999476
_15945_, 357.94, 418.88, 0.00999476
FILLER_0_150_769, 357.94, 418.88, 0.00999476
_12940_, 370.74, 418.88, 0.0100397
hold2140, 370.74, 418.88, 0.0100397
FILLER_0_150_802, 370.74, 418.88, 0.0100397
FILLER_0_149_818, 383.54, 418.88, 0.0100762
FILLER_0_151_830, 383.54, 418.88, 0.0100762
hold2149, 396.34, 418.88, 0.0101126
FILLER_0_150_861, 396.34, 418.88, 0.0101126
_09206_, 409.14, 418.88, 0.010144
_09207_, 409.14, 418.88, 0.010144
_15044_, 409.14, 418.88, 0.010144
_17429_, 409.14, 418.88, 0.010144
FILLER_0_149_873, 409.14, 418.88, 0.010144
FILLER_0_150_869, 409.14, 418.88, 0.010144
FILLER_0_151_887, 409.14, 418.88, 0.010144
_09215_, 421.94, 418.88, 0.0101678
_15048_, 421.94, 418.88, 0.0101678
_17425_, 421.94, 418.88, 0.0101678
hold333, 421.94, 418.88, 0.0101678
FILLER_0_149_897, 421.94, 418.88, 0.0101678
_09218_, 434.74, 418.88, 0.0101835
_09219_, 434.74, 418.88, 0.0101835
_15046_, 434.74, 418.88, 0.0101835
_17423_, 434.74, 418.88, 0.0101835
hold893, 434.74, 418.88, 0.0101835
FILLER_0_151_941, 434.74, 418.88, 0.0101835
_17364_, 447.54, 418.88, 0.010191
FILLER_0_150_965, 447.54, 418.88, 0.010191
_09326_, 460.34, 418.88, 0.0101914
_09327_, 460.34, 418.88, 0.0101914
_09337_, 460.34, 418.88, 0.0101914
_14986_, 460.34, 418.88, 0.0101914
_17370_, 460.34, 418.88, 0.0101914
hold1823, 460.34, 418.88, 0.0101914
FILLER_0_149_977, 460.34, 418.88, 0.0101914
_09324_, 473.14, 418.88, 0.0101833
hold1235, 473.14, 418.88, 0.0101833
FILLER_0_150_1030, 473.14, 418.88, 0.0101833
_08447_, 510.334, 418.88, 0.0101973
hold1537, 510.334, 418.88, 0.0101973
FILLER_0_150_1085, 510.334, 418.88, 0.0101973
FILLER_0_150_1096, 510.334, 418.88, 0.0101973
_08461_, 522.531, 418.88, 0.010208
FILLER_0_150_1137, 522.531, 418.88, 0.010208
_08449_, 534.728, 418.88, 0.0102185
_08503_, 534.728, 418.88, 0.0102185
_15443_, 534.728, 418.88, 0.0102185
_17781_, 534.728, 418.88, 0.0102185
FILLER_0_150_1145, 534.728, 418.88, 0.0102185
FILLER_0_150_1161, 534.728, 418.88, 0.0102185
_08494_, 546.925, 418.88, 0.0102199
_08495_, 546.925, 418.88, 0.0102199
_08502_, 546.925, 418.88, 0.0102199
hold1589, 546.925, 418.88, 0.0102199
FILLER_0_149_1173, 546.925, 418.88, 0.0102199
FILLER_0_151_1189, 546.925, 418.88, 0.0102199
_08496_, 559.122, 418.88, 0.0102203
_15447_, 559.122, 418.88, 0.0102203
FILLER_0_150_1197, 559.122, 418.88, 0.0102203
PHY_294, 5.52, 413.44, 0.00620149
PHY_296, 5.52, 413.44, 0.00620149
_08500_, 571.32, 413.44, 0.0104019
PHY_295, 571.32, 413.44, 0.0104019
PHY_297, 571.32, 413.44, 0.0104019
FILLER_0_147_1220, 571.32, 413.44, 0.0104019
FILLER_0_148_1222, 571.32, 413.44, 0.0104019
_10447_, 15.33, 413.44, 0.00620149
_16809_, 15.33, 413.44, 0.00620149
FILLER_0_148_15, 15.33, 413.44, 0.00620149
FILLER_0_149_27, 15.33, 413.44, 0.00620149
_10460_, 37.94, 413.44, 0.0064112
_14316_, 37.94, 413.44, 0.0064112
_14357_, 37.94, 413.44, 0.0064112
hold866, 37.94, 413.44, 0.0064112
FILLER_0_149_81, 37.94, 413.44, 0.0064112
_14312_, 50.74, 413.44, 0.00662546
_16761_, 50.74, 413.44, 0.00662546
_16765_, 50.74, 413.44, 0.00662546
hold544, 50.74, 413.44, 0.00662546
FILLER_0_148_105, 50.74, 413.44, 0.00662546
FILLER_0_148_111, 50.74, 413.44, 0.00662546
FILLER_0_149_108, 50.74, 413.44, 0.00662546
_10525_, 63.54, 413.44, 0.00682487
_16770_, 63.54, 413.44, 0.00682487
FILLER_0_148_130, 63.54, 413.44, 0.00682487
FILLER_0_149_161, 76.34, 413.44, 0.00701699
_10369_, 89.14, 413.44, 0.00720911
_10376_, 89.14, 413.44, 0.00720911
_10377_, 89.14, 413.44, 0.00720911
_14403_, 89.14, 413.44, 0.00720911
_16848_, 89.14, 413.44, 0.00720911
hold1416, 89.14, 413.44, 0.00720911
FILLER_0_147_169, 89.14, 413.44, 0.00720911
FILLER_0_148_177, 89.14, 413.44, 0.00720911
FILLER_0_149_193, 89.14, 413.44, 0.00720911
_10370_, 101.94, 413.44, 0.00739286
_10374_, 101.94, 413.44, 0.00739286
_16847_, 101.94, 413.44, 0.00739286
hold377, 101.94, 413.44, 0.00739286
hold1413, 101.94, 413.44, 0.00739286
_10950_, 114.74, 413.44, 0.00756804
_10951_, 114.74, 413.44, 0.00756804
_14084_, 114.74, 413.44, 0.00756804
_14404_, 114.74, 413.44, 0.00756804
_16557_, 114.74, 413.44, 0.00756804
hold1515, 114.74, 413.44, 0.00756804
_10955_, 127.54, 413.44, 0.00773485
_10961_, 127.54, 413.44, 0.00773485
_16552_, 127.54, 413.44, 0.00773485
FILLER_0_149_269, 127.54, 413.44, 0.00773485
_10948_, 140.34, 413.44, 0.00789414
_14085_, 140.34, 413.44, 0.00789414
_16543_, 140.34, 413.44, 0.00789414
hold430, 140.34, 413.44, 0.00789414
FILLER_0_148_300, 140.34, 413.44, 0.00789414
FILLER_0_149_296, 140.34, 413.44, 0.00789414
FILLER_0_147_320, 153.14, 413.44, 0.00804543
FILLER_0_148_333, 153.14, 413.44, 0.00804543
_16514_, 165.94, 413.44, 0.00819672
_16515_, 165.94, 413.44, 0.00819672
FILLER_0_148_341, 165.94, 413.44, 0.00819672
_12961_, 204.34, 413.44, 0.00889392
_12964_, 204.34, 413.44, 0.00889392
_15934_, 204.34, 413.44, 0.00889392
hold2166, 204.34, 413.44, 0.00889392
FILLER_0_148_421, 204.34, 413.44, 0.00889392
FILLER_0_148_429, 204.34, 413.44, 0.00889392
FILLER_0_148_440, 204.34, 413.44, 0.00889392
FILLER_0_149_444, 204.34, 413.44, 0.00889392
_12963_, 217.14, 413.44, 0.00915216
_15940_, 217.14, 413.44, 0.00915216
hold2167, 217.14, 413.44, 0.00915216
FILLER_0_149_463, 217.14, 413.44, 0.00915216
_12611_, 229.94, 413.44, 0.00939047
_12868_, 229.94, 413.44, 0.00939047
_13441_, 229.94, 413.44, 0.00939047
_15978_, 229.94, 413.44, 0.00939047
FILLER_0_147_481, 229.94, 413.44, 0.00939047
FILLER_0_148_477, 229.94, 413.44, 0.00939047
FILLER_0_149_488, 229.94, 413.44, 0.00939047
FILLER_0_149_494, 229.94, 413.44, 0.00939047
_13440_, 242.74, 413.44, 0.00951471
_15977_, 242.74, 413.44, 0.00951471
FILLER_0_148_523, 242.74, 413.44, 0.00951471
FILLER_0_149_529, 242.74, 413.44, 0.00951471
_16038_, 255.54, 413.44, 0.00962311
FILLER_0_149_557, 255.54, 413.44, 0.00962311
_13047_, 268.34, 413.44, 0.00971925
_13330_, 268.34, 413.44, 0.00971925
hold34, 268.34, 413.44, 0.00971925
FILLER_0_147_561, 268.34, 413.44, 0.00971925
FILLER_0_148_565, 268.34, 413.44, 0.00971925
FILLER_0_148_585, 268.34, 413.44, 0.00971925
FILLER_0_149_581, 268.34, 413.44, 0.00971925
_13042_, 281.14, 413.44, 0.00980557
_15880_, 281.14, 413.44, 0.00980557
hold22, 281.14, 413.44, 0.00980557
_13332_, 293.94, 413.44, 0.0098719
hold20, 293.94, 413.44, 0.0098719
FILLER_0_148_638, 293.94, 413.44, 0.0098719
_13078_, 306.74, 413.44, 0.00993285
_15851_, 306.74, 413.44, 0.00993285
hold2258, 306.74, 413.44, 0.00993285
FILLER_0_147_643, 306.74, 413.44, 0.00993285
FILLER_0_148_657, 306.74, 413.44, 0.00993285
FILLER_0_149_665, 306.74, 413.44, 0.00993285
_13300_, 319.54, 413.44, 0.00997207
hold106, 319.54, 413.44, 0.00997207
FILLER_0_147_673, 319.54, 413.44, 0.00997207
FILLER_0_148_690, 319.54, 413.44, 0.00997207
_12561_, 345.14, 413.44, 0.0101546
_13301_, 345.14, 413.44, 0.0101546
_15852_, 345.14, 413.44, 0.0101546
hold95, 345.14, 413.44, 0.0101546
hold2207, 345.14, 413.44, 0.0101546
FILLER_0_147_725, 345.14, 413.44, 0.0101546
FILLER_0_148_727, 345.14, 413.44, 0.0101546
_12925_, 357.94, 413.44, 0.0102625
_12926_, 357.94, 413.44, 0.0102625
_12941_, 357.94, 413.44, 0.0102625
_15952_, 357.94, 413.44, 0.0102625
hold2138, 357.94, 413.44, 0.0102625
FILLER_0_147_754, 357.94, 413.44, 0.0102625
FILLER_0_149_773, 357.94, 413.44, 0.0102625
_12537_, 370.74, 413.44, 0.0103465
FILLER_0_147_785, 370.74, 413.44, 0.0103465
_12928_, 383.54, 413.44, 0.0104186
_12929_, 383.54, 413.44, 0.0104186
_15951_, 383.54, 413.44, 0.0104186
_15956_, 383.54, 413.44, 0.0104186
FILLER_0_147_817, 383.54, 413.44, 0.0104186
FILLER_0_148_809, 383.54, 413.44, 0.0104186
FILLER_0_148_813, 383.54, 413.44, 0.0104186
_13411_, 396.34, 413.44, 0.0104641
_13416_, 396.34, 413.44, 0.0104641
hold2148, 396.34, 413.44, 0.0104641
FILLER_0_148_841, 396.34, 413.44, 0.0104641
FILLER_0_148_859, 396.34, 413.44, 0.0104641
_09223_, 409.14, 413.44, 0.0105043
_15052_, 409.14, 413.44, 0.0105043
_17421_, 409.14, 413.44, 0.0105043
clkbuf_leaf_106_clk, 409.14, 413.44, 0.0105043
FILLER_0_147_868, 409.14, 413.44, 0.0105043
FILLER_0_148_889, 409.14, 413.44, 0.0105043
FILLER_0_149_880, 409.14, 413.44, 0.0105043
FILLER_0_149_886, 409.14, 413.44, 0.0105043
_09210_, 421.94, 413.44, 0.0104985
_09211_, 421.94, 413.44, 0.0104985
_09214_, 421.94, 413.44, 0.0104985
_17427_, 421.94, 413.44, 0.0104985
FILLER_0_147_897, 421.94, 413.44, 0.0104985
FILLER_0_149_907, 421.94, 413.44, 0.0104985
FILLER_0_149_916, 421.94, 413.44, 0.0104985
_09213_, 434.74, 413.44, 0.010485
_15049_, 434.74, 413.44, 0.010485
_17426_, 434.74, 413.44, 0.010485
hold372, 434.74, 413.44, 0.010485
FILLER_0_147_926, 434.74, 413.44, 0.010485
FILLER_0_148_920, 434.74, 413.44, 0.010485
FILLER_0_149_945, 434.74, 413.44, 0.010485
clkbuf_leaf_138_clk, 447.54, 413.44, 0.0104634
FILLER_0_147_948, 447.54, 413.44, 0.0104634
FILLER_0_148_974, 447.54, 413.44, 0.0104634
hold186, 460.34, 413.44, 0.0104042
FILLER_0_149_1002, 460.34, 413.44, 0.0104042
_09328_, 473.14, 413.44, 0.0103444
_09334_, 473.14, 413.44, 0.0103444
_09335_, 473.14, 413.44, 0.0103444
_14985_, 473.14, 413.44, 0.0103444
_17365_, 473.14, 413.44, 0.0103444
hold1821, 473.14, 413.44, 0.0103444
FILLER_0_148_1005, 473.14, 413.44, 0.0103444
FILLER_0_148_1012, 473.14, 413.44, 0.0103444
_17809_, 498.137, 413.44, 0.0103145
FILLER_0_147_1061, 498.137, 413.44, 0.0103145
FILLER_0_149_1077, 498.137, 413.44, 0.0103145
_08446_, 510.334, 413.44, 0.0103462
_08450_, 510.334, 413.44, 0.0103462
_08451_, 510.334, 413.44, 0.0103462
_15472_, 510.334, 413.44, 0.0103462
_15474_, 510.334, 413.44, 0.0103462
hold1095, 510.334, 413.44, 0.0103462
FILLER_0_148_1085, 510.334, 413.44, 0.0103462
_08448_, 522.531, 413.44, 0.0103764
_08460_, 522.531, 413.44, 0.0103764
_15473_, 522.531, 413.44, 0.0103764
_17802_, 522.531, 413.44, 0.0103764
_17808_, 522.531, 413.44, 0.0103764
hold1087, 522.531, 413.44, 0.0103764
FILLER_0_147_1113, 522.531, 413.44, 0.0103764
FILLER_0_148_1111, 522.531, 413.44, 0.0103764
_17785_, 534.728, 413.44, 0.0103921
hold1863, 534.728, 413.44, 0.0103921
FILLER_0_148_1149, 534.728, 413.44, 0.0103921
_15448_, 546.925, 413.44, 0.0104006
_17782_, 546.925, 413.44, 0.0104006
hold1283, 546.925, 413.44, 0.0104006
FILLER_0_147_1173, 546.925, 413.44, 0.0104006
FILLER_0_148_1175, 546.925, 413.44, 0.0104006
_08501_, 559.122, 413.44, 0.0104017
_15445_, 559.122, 413.44, 0.0104017
hold1689, 559.122, 413.44, 0.0104017
PHY_290, 5.52, 408, 0.006444
PHY_292, 5.52, 408, 0.006444
PHY_291, 571.32, 408, 0.0105128
PHY_293, 571.32, 408, 0.0105128
FILLER_0_145_1221, 571.32, 408, 0.0105128
FILLER_0_146_1224, 571.32, 408, 0.0105128
_14364_, 15.33, 408, 0.006444
_16801_, 15.33, 408, 0.006444
_10533_, 37.94, 408, 0.00668318
_16766_, 37.94, 408, 0.00668318
FILLER_0_146_70, 37.94, 408, 0.00668318
FILLER_0_146_78, 37.94, 408, 0.00668318
_10532_, 50.74, 408, 0.00692064
_10542_, 50.74, 408, 0.00692064
_10543_, 50.74, 408, 0.00692064
_14311_, 50.74, 408, 0.00692064
_14317_, 50.74, 408, 0.00692064
hold559, 50.74, 408, 0.00692064
hold601, 50.74, 408, 0.00692064
FILLER_0_145_93, 50.74, 408, 0.00692064
FILLER_0_146_99, 50.74, 408, 0.00692064
_10524_, 63.54, 408, 0.00715436
_14321_, 63.54, 408, 0.00715436
hold1671, 63.54, 408, 0.00715436
_10485_, 76.34, 408, 0.00738718
_10491_, 76.34, 408, 0.00738718
_10500_, 76.34, 408, 0.00738718
_10501_, 76.34, 408, 0.00738718
_14335_, 76.34, 408, 0.00738718
_14340_, 76.34, 408, 0.00738718
_16782_, 76.34, 408, 0.00738718
hold1193, 76.34, 408, 0.00738718
FILLER_0_146_141, 76.34, 408, 0.00738718
FILLER_0_147_165, 76.34, 408, 0.00738718
_10368_, 89.14, 408, 0.00761122
_16844_, 89.14, 408, 0.00761122
_10371_, 101.94, 408, 0.00782793
_10373_, 101.94, 408, 0.00782793
_14406_, 101.94, 408, 0.00782793
_14407_, 101.94, 408, 0.00782793
_16846_, 101.94, 408, 0.00782793
FILLER_0_145_205, 101.94, 408, 0.00782793
FILLER_0_147_218, 101.94, 408, 0.00782793
_10372_, 114.74, 408, 0.00803677
_14087_, 114.74, 408, 0.00803677
_16555_, 114.74, 408, 0.00803677
_16560_, 114.74, 408, 0.00803677
clkbuf_leaf_59_clk, 114.74, 408, 0.00803677
hold949, 114.74, 408, 0.00803677
FILLER_0_145_225, 114.74, 408, 0.00803677
_10944_, 127.54, 408, 0.00818691
_10949_, 127.54, 408, 0.00818691
_10954_, 127.54, 408, 0.00818691
_14082_, 127.54, 408, 0.00818691
_16558_, 127.54, 408, 0.00818691
hold858, 127.54, 408, 0.00818691
hold1862, 127.54, 408, 0.00818691
_10971_, 140.34, 408, 0.00832816
_16547_, 140.34, 408, 0.00832816
FILLER_0_146_303, 140.34, 408, 0.00832816
_10964_, 153.14, 408, 0.00846207
_10965_, 153.14, 408, 0.00846207
_14073_, 153.14, 408, 0.00846207
_14076_, 153.14, 408, 0.00846207
_16550_, 153.14, 408, 0.00846207
clkbuf_2_1_0_clk, 153.14, 408, 0.00846207
hold867, 153.14, 408, 0.00846207
hold956, 153.14, 408, 0.00846207
FILLER_0_147_331, 153.14, 408, 0.00846207
_14068_, 165.94, 408, 0.0085001
FILLER_0_146_353, 165.94, 408, 0.0085001
FILLER_0_146_361, 165.94, 408, 0.0085001
_12930_, 191.54, 408, 0.00881484
_12962_, 191.54, 408, 0.00881484
_15935_, 191.54, 408, 0.00881484
hold2137, 191.54, 408, 0.00881484
FILLER_0_146_413, 191.54, 408, 0.00881484
FILLER_0_147_405, 191.54, 408, 0.00881484
_13393_, 204.34, 408, 0.00907012
_13398_, 204.34, 408, 0.00907012
_15933_, 204.34, 408, 0.00907012
FILLER_0_146_421, 204.34, 408, 0.00907012
FILLER_0_147_439, 204.34, 408, 0.00907012
_13392_, 217.14, 408, 0.00931467
hold2157, 217.14, 408, 0.00931467
FILLER_0_146_451, 217.14, 408, 0.00931467
FILLER_0_146_472, 217.14, 408, 0.00931467
_12867_, 229.94, 408, 0.0095539
_12870_, 229.94, 408, 0.0095539
_18090_, 229.94, 408, 0.0095539
FILLER_0_147_497, 229.94, 408, 0.0095539
_12609_, 242.74, 408, 0.00977573
_12610_, 242.74, 408, 0.00977573
_12646_, 242.74, 408, 0.00977573
_12647_, 242.74, 408, 0.00977573
_12869_, 242.74, 408, 0.00977573
_13508_, 242.74, 408, 0.00977573
clkbuf_leaf_97_clk, 242.74, 408, 0.00977573
hold2204, 242.74, 408, 0.00977573
FILLER_0_146_516, 242.74, 408, 0.00977573
_16040_, 255.54, 408, 0.00991985
hold2253, 255.54, 408, 0.00991985
FILLER_0_147_549, 255.54, 408, 0.00991985
FILLER_0_147_557, 255.54, 408, 0.00991985
_13043_, 268.34, 408, 0.0100475
_13327_, 268.34, 408, 0.0100475
_13507_, 268.34, 408, 0.0100475
_15876_, 268.34, 408, 0.0100475
_15878_, 268.34, 408, 0.0100475
FILLER_0_145_564, 268.34, 408, 0.0100475
FILLER_0_146_581, 268.34, 408, 0.0100475
FILLER_0_147_578, 268.34, 408, 0.0100475
_13041_, 281.14, 408, 0.0101498
_13046_, 281.14, 408, 0.0101498
_13328_, 281.14, 408, 0.0101498
clkbuf_leaf_98_clk, 281.14, 408, 0.0101498
hold32, 281.14, 408, 0.0101498
FILLER_0_146_589, 281.14, 408, 0.0101498
FILLER_0_146_613, 281.14, 408, 0.0101498
_12613_, 293.94, 408, 0.0102004
_12624_, 293.94, 408, 0.0102004
_13511_, 293.94, 408, 0.0102004
_13512_, 293.94, 408, 0.0102004
_16041_, 293.94, 408, 0.0102004
_16042_, 293.94, 408, 0.0102004
FILLER_0_147_629, 293.94, 408, 0.0102004
_12612_, 306.74, 408, 0.0102231
_15883_, 306.74, 408, 0.0102231
FILLER_0_147_666, 306.74, 408, 0.0102231
_13513_, 319.54, 408, 0.010233
_16043_, 319.54, 408, 0.010233
hold33, 319.54, 408, 0.010233
FILLER_0_146_694, 319.54, 408, 0.010233
_13446_, 345.14, 408, 0.0103234
FILLER_0_145_732, 345.14, 408, 0.0103234
FILLER_0_146_748, 345.14, 408, 0.0103234
_13412_, 357.94, 408, 0.0104211
FILLER_0_147_778, 357.94, 408, 0.0104211
_12538_, 370.74, 408, 0.0105186
_13073_, 370.74, 408, 0.0105186
_15856_, 370.74, 408, 0.0105186
_18096_, 370.74, 408, 0.0105186
hold92, 370.74, 408, 0.0105186
_12536_, 383.54, 408, 0.0105312
_12917_, 383.54, 408, 0.0105312
_12918_, 383.54, 408, 0.0105312
_15792_, 383.54, 408, 0.0105312
hold2271, 383.54, 408, 0.0105312
FILLER_0_146_824, 383.54, 408, 0.0105312
_13414_, 396.34, 408, 0.0105284
_15954_, 396.34, 408, 0.0105284
hold2154, 396.34, 408, 0.0105284
FILLER_0_145_841, 396.34, 408, 0.0105284
FILLER_0_146_840, 396.34, 408, 0.0105284
FILLER_0_147_860, 396.34, 408, 0.0105284
_09221_, 409.14, 408, 0.0105099
_09222_, 409.14, 408, 0.0105099
_15045_, 409.14, 408, 0.0105099
hold966, 409.14, 408, 0.0105099
FILLER_0_145_874, 409.14, 408, 0.0105099
FILLER_0_146_865, 409.14, 408, 0.0105099
FILLER_0_146_869, 409.14, 408, 0.0105099
FILLER_0_146_878, 409.14, 408, 0.0105099
_15050_, 421.94, 408, 0.0104904
_17428_, 421.94, 408, 0.0104904
hold311, 421.94, 408, 0.0104904
FILLER_0_145_892, 421.94, 408, 0.0104904
FILLER_0_145_897, 421.94, 408, 0.0104904
FILLER_0_146_915, 421.94, 408, 0.0104904
FILLER_0_147_911, 421.94, 408, 0.0104904
_09208_, 434.74, 408, 0.0104631
_09212_, 434.74, 408, 0.0104631
hold1327, 434.74, 408, 0.0104631
FILLER_0_147_936, 434.74, 408, 0.0104631
_09315_, 447.54, 408, 0.0104349
_09316_, 447.54, 408, 0.0104349
_09343_, 447.54, 408, 0.0104349
_17361_, 447.54, 408, 0.0104349
FILLER_0_145_958, 447.54, 408, 0.0104349
FILLER_0_146_969, 447.54, 408, 0.0104349
_09329_, 460.34, 408, 0.0103989
_09332_, 460.34, 408, 0.0103989
_09342_, 460.34, 408, 0.0103989
_14978_, 460.34, 408, 0.0103989
_14983_, 460.34, 408, 0.0103989
_17368_, 460.34, 408, 0.0103989
hold449, 460.34, 408, 0.0103989
FILLER_0_146_977, 460.34, 408, 0.0103989
FILLER_0_146_993, 460.34, 408, 0.0103989
FILLER_0_147_997, 460.34, 408, 0.0103989
_14982_, 473.14, 408, 0.0103543
hold1886, 473.14, 408, 0.0103543
_17807_, 498.137, 408, 0.0103759
FILLER_0_145_1061, 498.137, 408, 0.0103759
FILLER_0_147_1077, 498.137, 408, 0.0103759
_15465_, 510.334, 408, 0.010436
FILLER_0_146_1085, 510.334, 408, 0.010436
FILLER_0_146_1093, 510.334, 408, 0.010436
_08453_, 522.531, 408, 0.0104941
_15467_, 522.531, 408, 0.0104941
clkbuf_leaf_142_clk, 522.531, 408, 0.0104941
FILLER_0_145_1112, 522.531, 408, 0.0104941
FILLER_0_146_1114, 522.531, 408, 0.0104941
_15444_, 534.728, 408, 0.0105029
FILLER_0_146_1161, 534.728, 408, 0.0105029
FILLER_0_147_1153, 534.728, 408, 0.0105029
_15452_, 546.925, 408, 0.0105116
_17789_, 546.925, 408, 0.0105116
hold1521, 546.925, 408, 0.0105116
_08484_, 559.122, 408, 0.0105128
_08485_, 559.122, 408, 0.0105128
_08486_, 559.122, 408, 0.0105128
_15453_, 559.122, 408, 0.0105128
hold141, 559.122, 408, 0.0105128
FILLER_0_146_1216, 559.122, 408, 0.0105128
top_132, 5.52, 402.56, 0.00662154
PHY_286, 5.52, 402.56, 0.00662154
PHY_288, 5.52, 402.56, 0.00662154
PHY_287, 571.32, 402.56, 0.0104677
PHY_289, 571.32, 402.56, 0.0104677
output75, 571.32, 402.56, 0.0104677
FILLER_0_143_1224, 571.32, 402.56, 0.0104677
FILLER_0_144_1217, 571.32, 402.56, 0.0104677
_10458_, 15.33, 402.56, 0.00662154
_14358_, 15.33, 402.56, 0.00662154
_16810_, 15.33, 402.56, 0.00662154
hold872, 15.33, 402.56, 0.00662154
FILLER_0_144_15, 15.33, 402.56, 0.00662154
_10449_, 37.94, 402.56, 0.00683574
_14360_, 37.94, 402.56, 0.00683574
hold868, 37.94, 402.56, 0.00683574
FILLER_0_144_80, 37.94, 402.56, 0.00683574
clkbuf_leaf_55_clk, 50.74, 402.56, 0.00705517
FILLER_0_144_97, 50.74, 402.56, 0.00705517
FILLER_0_145_103, 50.74, 402.56, 0.00705517
_10484_, 63.54, 402.56, 0.00722877
_10493_, 63.54, 402.56, 0.00722877
_10502_, 63.54, 402.56, 0.00722877
_14339_, 63.54, 402.56, 0.00722877
FILLER_0_143_119, 63.54, 402.56, 0.00722877
FILLER_0_143_126, 63.54, 402.56, 0.00722877
FILLER_0_144_134, 63.54, 402.56, 0.00722877
FILLER_0_145_137, 63.54, 402.56, 0.00722877
_16787_, 76.34, 402.56, 0.00740156
hold1803, 76.34, 402.56, 0.00740156
hold1961, 76.34, 402.56, 0.00740156
_10490_, 89.14, 402.56, 0.00756624
FILLER_0_143_181, 89.14, 402.56, 0.00756624
FILLER_0_144_186, 89.14, 402.56, 0.00756624
_14405_, 101.94, 402.56, 0.00773066
_14408_, 101.94, 402.56, 0.00773066
FILLER_0_143_207, 101.94, 402.56, 0.00773066
FILLER_0_145_218, 101.94, 402.56, 0.00773066
_10945_, 114.74, 402.56, 0.00789471
FILLER_0_144_233, 114.74, 402.56, 0.00789471
FILLER_0_144_241, 114.74, 402.56, 0.00789471
FILLER_0_144_247, 114.74, 402.56, 0.00789471
FILLER_0_144_277, 127.54, 402.56, 0.00805852
FILLER_0_145_272, 127.54, 402.56, 0.00805852
_10977_, 140.34, 402.56, 0.00822234
_16544_, 140.34, 402.56, 0.00822234
clkbuf_leaf_39_clk, 140.34, 402.56, 0.00822234
FILLER_0_143_281, 140.34, 402.56, 0.00822234
_10970_, 153.14, 402.56, 0.00834248
_10976_, 153.14, 402.56, 0.00834248
_14070_, 153.14, 402.56, 0.00834248
_14074_, 153.14, 402.56, 0.00834248
_16542_, 153.14, 402.56, 0.00834248
_16549_, 153.14, 402.56, 0.00834248
hold1764, 153.14, 402.56, 0.00834248
_10966_, 165.94, 402.56, 0.00844708
_10980_, 165.94, 402.56, 0.00844708
_10981_, 165.94, 402.56, 0.00844708
hold1074, 165.94, 402.56, 0.00844708
hold1663, 165.94, 402.56, 0.00844708
FILLER_0_144_358, 165.94, 402.56, 0.00844708
FILLER_0_144_410, 191.54, 402.56, 0.0087426
_12965_, 204.34, 402.56, 0.0089352
_12966_, 204.34, 402.56, 0.0089352
_13391_, 204.34, 402.56, 0.0089352
FILLER_0_143_429, 204.34, 402.56, 0.0089352
FILLER_0_144_421, 204.34, 402.56, 0.0089352
_13053_, 217.14, 402.56, 0.00912117
_15871_, 217.14, 402.56, 0.00912117
FILLER_0_143_449, 217.14, 402.56, 0.00912117
FILLER_0_144_455, 217.14, 402.56, 0.00912117
FILLER_0_144_465, 217.14, 402.56, 0.00912117
FILLER_0_144_473, 217.14, 402.56, 0.00912117
_07883_, 229.94, 402.56, 0.00929317
_07884_, 229.94, 402.56, 0.00929317
_13323_, 229.94, 402.56, 0.00929317
hold2178, 229.94, 402.56, 0.00929317
FILLER_0_143_486, 229.94, 402.56, 0.00929317
FILLER_0_144_480, 229.94, 402.56, 0.00929317
_16039_, 242.74, 402.56, 0.00945357
FILLER_0_144_527, 242.74, 402.56, 0.00945357
FILLER_0_145_519, 242.74, 402.56, 0.00945357
_12636_, 255.54, 402.56, 0.00960236
_12661_, 255.54, 402.56, 0.00960236
_13509_, 255.54, 402.56, 0.00960236
hold2255, 255.54, 402.56, 0.00960236
FILLER_0_144_533, 255.54, 402.56, 0.00960236
FILLER_0_144_540, 255.54, 402.56, 0.00960236
hold29, 268.34, 402.56, 0.00973982
_12996_, 281.14, 402.56, 0.00987207
_12997_, 281.14, 402.56, 0.00987207
_15913_, 281.14, 402.56, 0.00987207
hold2229, 281.14, 402.56, 0.00987207
FILLER_0_144_589, 281.14, 402.56, 0.00987207
FILLER_0_144_597, 281.14, 402.56, 0.00987207
FILLER_0_145_606, 281.14, 402.56, 0.00987207
_12623_, 293.94, 402.56, 0.00997962
_15882_, 293.94, 402.56, 0.00997962
hold2230, 293.94, 402.56, 0.00997962
FILLER_0_144_621, 293.94, 402.56, 0.00997962
_13037_, 306.74, 402.56, 0.0100693
_13038_, 306.74, 402.56, 0.0100693
_13335_, 306.74, 402.56, 0.0100693
_13336_, 306.74, 402.56, 0.0100693
clkbuf_leaf_103_clk, 306.74, 402.56, 0.0100693
hold36, 306.74, 402.56, 0.0100693
_12601_, 319.54, 402.56, 0.0100924
_12602_, 319.54, 402.56, 0.0100924
hold2239, 319.54, 402.56, 0.0100924
_12589_, 345.14, 402.56, 0.0101812
_12590_, 345.14, 402.56, 0.0101812
_16044_, 345.14, 402.56, 0.0101812
hold2185, 345.14, 402.56, 0.0101812
hold2192, 345.14, 402.56, 0.0101812
FILLER_0_143_729, 345.14, 402.56, 0.0101812
FILLER_0_144_725, 345.14, 402.56, 0.0101812
FILLER_0_144_733, 345.14, 402.56, 0.0101812
_13514_, 357.94, 402.56, 0.0102302
_13516_, 357.94, 402.56, 0.0102302
FILLER_0_145_774, 357.94, 402.56, 0.0102302
_12854_, 370.74, 402.56, 0.0102788
_12855_, 370.74, 402.56, 0.0102788
_15984_, 370.74, 402.56, 0.0102788
FILLER_0_143_781, 370.74, 402.56, 0.0102788
FILLER_0_143_785, 370.74, 402.56, 0.0102788
_13448_, 383.54, 402.56, 0.0103074
hold2256, 383.54, 402.56, 0.0103074
FILLER_0_145_832, 383.54, 402.56, 0.0103074
_12921_, 396.34, 402.56, 0.0103307
_12922_, 396.34, 402.56, 0.0103307
FILLER_0_144_857, 396.34, 402.56, 0.0103307
FILLER_0_145_863, 396.34, 402.56, 0.0103307
_09220_, 409.14, 402.56, 0.010348
_17422_, 409.14, 402.56, 0.010348
hold807, 409.14, 402.56, 0.010348
FILLER_0_143_865, 409.14, 402.56, 0.010348
FILLER_0_143_873, 409.14, 402.56, 0.010348
FILLER_0_144_865, 409.14, 402.56, 0.010348
_09209_, 421.94, 402.56, 0.0103575
_15051_, 421.94, 402.56, 0.0103575
FILLER_0_144_917, 421.94, 402.56, 0.0103575
_09317_, 434.74, 402.56, 0.0103666
_17374_, 434.74, 402.56, 0.0103666
_17375_, 434.74, 402.56, 0.0103666
FILLER_0_144_925, 434.74, 402.56, 0.0103666
FILLER_0_145_938, 434.74, 402.56, 0.0103666
_09314_, 447.54, 402.56, 0.0103612
_09333_, 447.54, 402.56, 0.0103612
_14992_, 447.54, 402.56, 0.0103612
_17366_, 447.54, 402.56, 0.0103612
hold1686, 447.54, 402.56, 0.0103612
hold2011, 447.54, 402.56, 0.0103612
FILLER_0_144_974, 447.54, 402.56, 0.0103612
_09331_, 460.34, 402.56, 0.0103471
_14984_, 460.34, 402.56, 0.0103471
_17362_, 460.34, 402.56, 0.0103471
hold365, 460.34, 402.56, 0.0103471
FILLER_0_145_1002, 460.34, 402.56, 0.0103471
_09340_, 473.14, 402.56, 0.0103251
_09341_, 473.14, 402.56, 0.0103251
_14979_, 473.14, 402.56, 0.0103251
hold1407, 473.14, 402.56, 0.0103251
FILLER_0_144_1029, 473.14, 402.56, 0.0103251
_08366_, 498.137, 402.56, 0.0103474
_08370_, 498.137, 402.56, 0.0103474
_15510_, 498.137, 402.56, 0.0103474
_15516_, 498.137, 402.56, 0.0103474
_17801_, 498.137, 402.56, 0.0103474
_17849_, 498.137, 402.56, 0.0103474
hold935, 498.137, 402.56, 0.0103474
hold1489, 498.137, 402.56, 0.0103474
FILLER_0_144_1070, 498.137, 402.56, 0.0103474
FILLER_0_144_1076, 498.137, 402.56, 0.0103474
FILLER_0_145_1077, 498.137, 402.56, 0.0103474
_08462_, 510.334, 402.56, 0.0103776
_08463_, 510.334, 402.56, 0.0103776
_15466_, 510.334, 402.56, 0.0103776
hold238, 510.334, 402.56, 0.0103776
hold1716, 510.334, 402.56, 0.0103776
FILLER_0_143_1085, 510.334, 402.56, 0.0103776
FILLER_0_143_1093, 510.334, 402.56, 0.0103776
FILLER_0_144_1108, 510.334, 402.56, 0.0103776
_08455_, 522.531, 402.56, 0.0104062
_15468_, 522.531, 402.56, 0.0104062
_15471_, 522.531, 402.56, 0.0104062
_17806_, 522.531, 402.56, 0.0104062
hold1633, 522.531, 402.56, 0.0104062
_08452_, 534.728, 402.56, 0.0104271
_15421_, 534.728, 402.56, 0.0104271
FILLER_0_144_1161, 534.728, 402.56, 0.0104271
_08487_, 546.925, 402.56, 0.0104458
_08538_, 546.925, 402.56, 0.0104458
_15424_, 546.925, 402.56, 0.0104458
_17790_, 546.925, 402.56, 0.0104458
hold1976, 546.925, 402.56, 0.0104458
FILLER_0_145_1180, 546.925, 402.56, 0.0104458
FILLER_0_144_1195, 559.122, 402.56, 0.0104568
_10459_, 5.52, 397.12, 0.00682748
_16803_, 5.52, 397.12, 0.00682748
PHY_282, 5.52, 397.12, 0.00682748
PHY_284, 5.52, 397.12, 0.00682748
FILLER_0_143_3, 5.52, 397.12, 0.00682748
PHY_283, 571.32, 397.12, 0.0106471
PHY_285, 571.32, 397.12, 0.0106471
FILLER_0_141_1224, 571.32, 397.12, 0.0106471
FILLER_0_142_1217, 571.32, 397.12, 0.0106471
_10444_, 15.33, 397.12, 0.00682189
_10445_, 15.33, 397.12, 0.00682189
_10450_, 37.94, 397.12, 0.00704249
_10453_, 37.94, 397.12, 0.00704249
_14355_, 37.94, 397.12, 0.00704249
_14361_, 37.94, 397.12, 0.00704249
_16806_, 37.94, 397.12, 0.00704249
_16808_, 37.94, 397.12, 0.00704249
_10452_, 50.74, 397.12, 0.00725221
_10503_, 50.74, 397.12, 0.00725221
_14363_, 50.74, 397.12, 0.00725221
_16786_, 50.74, 397.12, 0.00725221
hold1204, 50.74, 397.12, 0.00725221
hold1867, 50.74, 397.12, 0.00725221
_10492_, 63.54, 397.12, 0.00745319
_14334_, 63.54, 397.12, 0.00745319
_16790_, 63.54, 397.12, 0.00745319
hold1734, 63.54, 397.12, 0.00745319
hold1876, 63.54, 397.12, 0.00745319
FILLER_0_141_126, 63.54, 397.12, 0.00745319
FILLER_0_142_134, 63.54, 397.12, 0.00745319
_14343_, 76.34, 397.12, 0.00764562
hold1172, 76.34, 397.12, 0.00764562
FILLER_0_143_164, 76.34, 397.12, 0.00764562
_10365_, 89.14, 397.12, 0.00783734
_10367_, 89.14, 397.12, 0.00783734
_14310_, 89.14, 397.12, 0.00783734
_14399_, 89.14, 397.12, 0.00783734
_16849_, 89.14, 397.12, 0.00783734
clkbuf_leaf_58_clk, 89.14, 397.12, 0.00783734
FILLER_0_141_169, 89.14, 397.12, 0.00783734
_10379_, 101.94, 397.12, 0.00797388
_14401_, 101.94, 397.12, 0.00797388
_16843_, 101.94, 397.12, 0.00797388
hold362, 101.94, 397.12, 0.00797388
hold1075, 101.94, 397.12, 0.00797388
hold2080, 101.94, 397.12, 0.00797388
FILLER_0_143_219, 101.94, 397.12, 0.00797388
_10378_, 114.74, 397.12, 0.00810138
_16654_, 114.74, 397.12, 0.00810138
hold948, 114.74, 397.12, 0.00810138
_10756_, 127.54, 397.12, 0.00822107
hold947, 127.54, 397.12, 0.00822107
FILLER_0_142_253, 127.54, 397.12, 0.00822107
FILLER_0_142_278, 127.54, 397.12, 0.00822107
FILLER_0_143_273, 127.54, 397.12, 0.00822107
_10968_, 140.34, 397.12, 0.00834004
_10969_, 140.34, 397.12, 0.00834004
_16548_, 140.34, 397.12, 0.00834004
FILLER_0_141_281, 140.34, 397.12, 0.00834004
FILLER_0_142_305, 140.34, 397.12, 0.00834004
_10967_, 153.14, 397.12, 0.00845146
_14075_, 153.14, 397.12, 0.00845146
hold322, 153.14, 397.12, 0.00845146
FILLER_0_142_317, 153.14, 397.12, 0.00845146
FILLER_0_142_357, 165.94, 397.12, 0.00856198
FILLER_0_142_413, 191.54, 397.12, 0.00889743
_12959_, 204.34, 397.12, 0.00912237
_12960_, 204.34, 397.12, 0.00912237
_13400_, 204.34, 397.12, 0.00912237
clkbuf_leaf_95_clk, 204.34, 397.12, 0.00912237
hold2168, 204.34, 397.12, 0.00912237
_15877_, 217.14, 397.12, 0.00928807
_13052_, 229.94, 397.12, 0.00944336
_13329_, 229.94, 397.12, 0.00944336
_15784_, 229.94, 397.12, 0.00944336
_15785_, 229.94, 397.12, 0.00944336
_18089_, 229.94, 397.12, 0.00944336
hold2150, 229.94, 397.12, 0.00944336
FILLER_0_143_497, 229.94, 397.12, 0.00944336
_07885_, 242.74, 397.12, 0.00957512
FILLER_0_142_526, 242.74, 397.12, 0.00957512
_16008_, 255.54, 397.12, 0.00970296
hold2194, 255.54, 397.12, 0.00970296
hold2234, 255.54, 397.12, 0.00970296
FILLER_0_143_553, 255.54, 397.12, 0.00970296
_13475_, 268.34, 397.12, 0.00980952
_15912_, 268.34, 397.12, 0.00980952
FILLER_0_142_561, 268.34, 397.12, 0.00980952
FILLER_0_142_580, 268.34, 397.12, 0.00980952
FILLER_0_143_585, 268.34, 397.12, 0.00980952
_12804_, 281.14, 397.12, 0.00990428
_16009_, 281.14, 397.12, 0.00990428
hold2199, 281.14, 397.12, 0.00990428
FILLER_0_141_592, 281.14, 397.12, 0.00990428
FILLER_0_141_598, 281.14, 397.12, 0.00990428
_13369_, 293.94, 397.12, 0.0099809
FILLER_0_142_634, 293.94, 397.12, 0.0099809
FILLER_0_143_665, 306.74, 397.12, 0.0100573
_12799_, 319.54, 397.12, 0.0101337
_13478_, 319.54, 397.12, 0.0101337
hold2221, 319.54, 397.12, 0.0101337
_16046_, 345.14, 397.12, 0.0103605
clkbuf_leaf_104_clk, 345.14, 397.12, 0.0103605
FILLER_0_142_733, 345.14, 397.12, 0.0103605
_12565_, 357.94, 397.12, 0.0104632
_07870_, 370.74, 397.12, 0.0105639
_07871_, 370.74, 397.12, 0.0105639
_13305_, 370.74, 397.12, 0.0105639
clkbuf_leaf_105_clk, 370.74, 397.12, 0.0105639
FILLER_0_141_781, 370.74, 397.12, 0.0105639
FILLER_0_142_796, 370.74, 397.12, 0.0105639
FILLER_0_143_800, 370.74, 397.12, 0.0105639
_12857_, 383.54, 397.12, 0.0106111
_15983_, 383.54, 397.12, 0.0106111
FILLER_0_141_821, 383.54, 397.12, 0.0106111
FILLER_0_142_809, 383.54, 397.12, 0.0106111
FILLER_0_143_823, 383.54, 397.12, 0.0106111
FILLER_0_143_834, 383.54, 397.12, 0.0106111
_12856_, 396.34, 397.12, 0.0106421
_13447_, 396.34, 397.12, 0.0106421
FILLER_0_141_837, 396.34, 397.12, 0.0106421
FILLER_0_142_862, 396.34, 397.12, 0.0106421
_09205_, 409.14, 397.12, 0.0106689
_15047_, 409.14, 397.12, 0.0106689
_17424_, 409.14, 397.12, 0.0106689
_17430_, 409.14, 397.12, 0.0106689
FILLER_0_142_869, 409.14, 397.12, 0.0106689
FILLER_0_143_879, 409.14, 397.12, 0.0106689
FILLER_0_143_888, 409.14, 397.12, 0.0106689
_09204_, 421.94, 397.12, 0.0106812
_09307_, 421.94, 397.12, 0.0106812
_09323_, 421.94, 397.12, 0.0106812
_14997_, 421.94, 397.12, 0.0106812
_15043_, 421.94, 397.12, 0.0106812
_15053_, 421.94, 397.12, 0.0106812
_17371_, 421.94, 397.12, 0.0106812
clkbuf_leaf_156_clk, 421.94, 397.12, 0.0106812
hold1600, 421.94, 397.12, 0.0106812
_09322_, 434.74, 397.12, 0.0106338
_14988_, 434.74, 397.12, 0.0106338
_14993_, 434.74, 397.12, 0.0106338
hold1190, 434.74, 397.12, 0.0106338
hold2024, 434.74, 397.12, 0.0106338
FILLER_0_142_933, 434.74, 397.12, 0.0106338
FILLER_0_142_941, 434.74, 397.12, 0.0106338
_17367_, 447.54, 397.12, 0.010583
FILLER_0_142_971, 447.54, 397.12, 0.010583
FILLER_0_143_961, 447.54, 397.12, 0.010583
FILLER_0_143_969, 447.54, 397.12, 0.010583
_09330_, 460.34, 397.12, 0.0105251
_14977_, 460.34, 397.12, 0.0105251
hold1638, 460.34, 397.12, 0.0105251
FILLER_0_141_977, 460.34, 397.12, 0.0105251
FILLER_0_143_995, 460.34, 397.12, 0.0105251
_08383_, 473.14, 397.12, 0.0104645
_17841_, 473.14, 397.12, 0.0104645
FILLER_0_141_1009, 473.14, 397.12, 0.0104645
FILLER_0_142_1023, 473.14, 397.12, 0.0104645
FILLER_0_143_1024, 473.14, 397.12, 0.0104645
_08367_, 498.137, 397.12, 0.0104909
_08379_, 498.137, 397.12, 0.0104909
_15509_, 498.137, 397.12, 0.0104909
_15518_, 498.137, 397.12, 0.0104909
_17843_, 498.137, 397.12, 0.0104909
FILLER_0_142_1065, 498.137, 397.12, 0.0104909
FILLER_0_142_1081, 498.137, 397.12, 0.0104909
_08456_, 510.334, 397.12, 0.0105761
_08457_, 510.334, 397.12, 0.0105761
_15469_, 510.334, 397.12, 0.0105761
_17804_, 510.334, 397.12, 0.0105761
clkbuf_leaf_141_clk, 510.334, 397.12, 0.0105761
hold1371, 510.334, 397.12, 0.0105761
FILLER_0_143_1107, 510.334, 397.12, 0.0105761
_08454_, 522.531, 397.12, 0.0106143
_08458_, 522.531, 397.12, 0.0106143
_08459_, 522.531, 397.12, 0.0106143
_15470_, 522.531, 397.12, 0.0106143
_17803_, 522.531, 397.12, 0.0106143
_17805_, 522.531, 397.12, 0.0106143
hold1112, 522.531, 397.12, 0.0106143
_08534_, 534.728, 397.12, 0.0106378
_08535_, 534.728, 397.12, 0.0106378
_08539_, 534.728, 397.12, 0.0106378
_15426_, 534.728, 397.12, 0.0106378
_17763_, 534.728, 397.12, 0.0106378
_17765_, 534.728, 397.12, 0.0106378
hold1870, 534.728, 397.12, 0.0106378
FILLER_0_141_1141, 534.728, 397.12, 0.0106378
_08531_, 546.925, 397.12, 0.0106464
_17767_, 546.925, 397.12, 0.0106464
hold336, 546.925, 397.12, 0.0106464
hold1951, 546.925, 397.12, 0.0106464
FILLER_0_141_1169, 546.925, 397.12, 0.0106464
_08530_, 559.122, 397.12, 0.0106471
hold1783, 559.122, 397.12, 0.0106471
FILLER_0_142_1201, 559.122, 397.12, 0.0106471
PHY_278, 5.52, 391.68, 0.00703596
PHY_280, 5.52, 391.68, 0.00703596
PHY_279, 571.32, 391.68, 0.0105836
PHY_281, 571.32, 391.68, 0.0105836
FILLER_0_139_1221, 571.32, 391.68, 0.0105836
FILLER_0_140_1217, 571.32, 391.68, 0.0105836
_10456_, 15.33, 391.68, 0.00703596
_10457_, 15.33, 391.68, 0.00703596
_14359_, 15.33, 391.68, 0.00703596
_16804_, 15.33, 391.68, 0.00703596
clkbuf_leaf_54_clk, 15.33, 391.68, 0.00703596
FILLER_0_140_15, 15.33, 391.68, 0.00703596
_10448_, 37.94, 391.68, 0.00716629
hold1843, 37.94, 391.68, 0.00716629
FILLER_0_140_77, 37.94, 391.68, 0.00716629
_16781_, 50.74, 391.68, 0.00733947
FILLER_0_140_97, 50.74, 391.68, 0.00733947
FILLER_0_141_103, 50.74, 391.68, 0.00733947
_10499_, 63.54, 391.68, 0.00750555
_14333_, 63.54, 391.68, 0.00750555
_16784_, 63.54, 391.68, 0.00750555
FILLER_0_139_113, 63.54, 391.68, 0.00750555
_10487_, 76.34, 391.68, 0.00766237
_10496_, 76.34, 391.68, 0.00766237
_14337_, 76.34, 391.68, 0.00766237
_14342_, 76.34, 391.68, 0.00766237
_16789_, 76.34, 391.68, 0.00766237
hold859, 76.34, 391.68, 0.00766237
FILLER_0_140_148, 76.34, 391.68, 0.00766237
FILLER_0_140_156, 76.34, 391.68, 0.00766237
FILLER_0_141_158, 76.34, 391.68, 0.00766237
_10364_, 89.14, 391.68, 0.00781084
_10486_, 89.14, 391.68, 0.00781084
_14409_, 89.14, 391.68, 0.00781084
_16850_, 89.14, 391.68, 0.00781084
_10380_, 101.94, 391.68, 0.00795156
_10381_, 101.94, 391.68, 0.00795156
_10383_, 101.94, 391.68, 0.00795156
_14402_, 101.94, 391.68, 0.00795156
_16841_, 101.94, 391.68, 0.00795156
_10382_, 114.74, 391.68, 0.00808442
_10757_, 114.74, 391.68, 0.00808442
hold954, 114.74, 391.68, 0.00808442
FILLER_0_139_237, 114.74, 391.68, 0.00808442
FILLER_0_140_236, 114.74, 391.68, 0.00808442
FILLER_0_140_248, 114.74, 391.68, 0.00808442
_14192_, 127.54, 391.68, 0.00821637
FILLER_0_139_260, 127.54, 391.68, 0.00821637
FILLER_0_141_272, 127.54, 391.68, 0.00821637
_10746_, 140.34, 391.68, 0.00834813
hold1950, 140.34, 391.68, 0.00834813
FILLER_0_140_301, 140.34, 391.68, 0.00834813
_10771_, 153.14, 391.68, 0.00847917
_10780_, 153.14, 391.68, 0.00847917
_14184_, 153.14, 391.68, 0.00847917
FILLER_0_141_328, 153.14, 391.68, 0.00847917
FILLER_0_140_357, 165.94, 391.68, 0.00860963
_12950_, 191.54, 391.68, 0.00893231
_15941_, 191.54, 391.68, 0.00893231
FILLER_0_141_405, 191.54, 391.68, 0.00893231
_12949_, 204.34, 391.68, 0.00911137
_13394_, 204.34, 391.68, 0.00911137
_15936_, 204.34, 391.68, 0.00911137
hold2172, 204.34, 391.68, 0.00911137
_13044_, 217.14, 391.68, 0.00927084
_13045_, 217.14, 391.68, 0.00927084
FILLER_0_140_473, 217.14, 391.68, 0.00927084
FILLER_0_141_464, 217.14, 391.68, 0.00927084
_07886_, 229.94, 391.68, 0.0094223
hold2252, 229.94, 391.68, 0.0094223
FILLER_0_141_488, 229.94, 391.68, 0.0094223
FILLER_0_141_496, 229.94, 391.68, 0.0094223
_12802_, 242.74, 391.68, 0.00956606
_16010_, 242.74, 391.68, 0.00956606
FILLER_0_140_525, 242.74, 391.68, 0.00956606
FILLER_0_141_517, 242.74, 391.68, 0.00956606
_12801_, 255.54, 391.68, 0.00969665
_12805_, 255.54, 391.68, 0.00969665
_12806_, 255.54, 391.68, 0.00969665
_13474_, 255.54, 391.68, 0.00969665
_13476_, 255.54, 391.68, 0.00969665
FILLER_0_139_541, 255.54, 391.68, 0.00969665
FILLER_0_140_542, 255.54, 391.68, 0.00969665
FILLER_0_141_556, 255.54, 391.68, 0.00969665
_12998_, 268.34, 391.68, 0.00981964
_13368_, 268.34, 391.68, 0.00981964
hold70, 268.34, 391.68, 0.00981964
FILLER_0_139_561, 268.34, 391.68, 0.00981964
FILLER_0_140_561, 268.34, 391.68, 0.00981964
FILLER_0_141_584, 268.34, 391.68, 0.00981964
_12803_, 281.14, 391.68, 0.00993412
FILLER_0_141_606, 281.14, 391.68, 0.00993412
_12089_, 293.94, 391.68, 0.010046
_13370_, 293.94, 391.68, 0.010046
_15914_, 293.94, 391.68, 0.010046
FILLER_0_140_625, 293.94, 391.68, 0.010046
FILLER_0_140_633, 293.94, 391.68, 0.010046
FILLER_0_140_639, 293.94, 391.68, 0.010046
_15915_, 306.74, 391.68, 0.0101414
_16011_, 306.74, 391.68, 0.0101414
FILLER_0_139_646, 306.74, 391.68, 0.0101414
FILLER_0_140_657, 306.74, 391.68, 0.0101414
FILLER_0_141_665, 306.74, 391.68, 0.0101414
_12264_, 319.54, 391.68, 0.0102147
_12800_, 319.54, 391.68, 0.0102147
_16014_, 319.54, 391.68, 0.0102147
FILLER_0_140_695, 319.54, 391.68, 0.0102147
_12100_, 345.14, 391.68, 0.010398
_12256_, 345.14, 391.68, 0.010398
_12297_, 345.14, 391.68, 0.010398
_12564_, 345.14, 391.68, 0.010398
FILLER_0_140_726, 345.14, 391.68, 0.010398
FILLER_0_140_745, 345.14, 391.68, 0.010398
FILLER_0_141_741, 345.14, 391.68, 0.010398
FILLER_0_140_753, 357.94, 391.68, 0.0105073
FILLER_0_141_773, 357.94, 391.68, 0.0105073
_13375_, 370.74, 391.68, 0.0106166
_13376_, 370.74, 391.68, 0.0106166
_15920_, 370.74, 391.68, 0.0106166
FILLER_0_140_781, 370.74, 391.68, 0.0106166
FILLER_0_140_802, 370.74, 391.68, 0.0106166
_12017_, 383.54, 391.68, 0.0107144
_12546_, 383.54, 391.68, 0.0107144
_12547_, 383.54, 391.68, 0.0107144
_12548_, 383.54, 391.68, 0.0107144
_15855_, 383.54, 391.68, 0.0107144
hold75, 383.54, 391.68, 0.0107144
FILLER_0_140_825, 383.54, 391.68, 0.0107144
_07873_, 396.34, 391.68, 0.0107171
_18095_, 396.34, 391.68, 0.0107171
hold2209, 396.34, 391.68, 0.0107171
hold2210, 396.34, 391.68, 0.0107171
FILLER_0_140_862, 396.34, 391.68, 0.0107171
FILLER_0_141_862, 396.34, 391.68, 0.0107171
_09216_, 409.14, 391.68, 0.0106929
_09217_, 409.14, 391.68, 0.0106929
hold1326, 409.14, 391.68, 0.0106929
FILLER_0_140_869, 409.14, 391.68, 0.0106929
FILLER_0_140_876, 409.14, 391.68, 0.0106929
_17379_, 421.94, 391.68, 0.0106678
FILLER_0_139_893, 421.94, 391.68, 0.0106678
FILLER_0_139_897, 421.94, 391.68, 0.0106678
FILLER_0_139_905, 421.94, 391.68, 0.0106678
_09305_, 434.74, 391.68, 0.0106356
_09306_, 434.74, 391.68, 0.0106356
_09310_, 434.74, 391.68, 0.0106356
_09311_, 434.74, 391.68, 0.0106356
_14989_, 434.74, 391.68, 0.0106356
_14995_, 434.74, 391.68, 0.0106356
_17377_, 434.74, 391.68, 0.0106356
FILLER_0_139_927, 434.74, 391.68, 0.0106356
FILLER_0_140_931, 434.74, 391.68, 0.0106356
hold750, 447.54, 391.68, 0.0105952
hold1896, 447.54, 391.68, 0.0105952
FILLER_0_140_969, 447.54, 391.68, 0.0105952
_09232_, 460.34, 391.68, 0.0105537
_09233_, 460.34, 391.68, 0.0105537
_09234_, 460.34, 391.68, 0.0105537
_17416_, 460.34, 391.68, 0.0105537
_17417_, 460.34, 391.68, 0.0105537
hold1566, 460.34, 391.68, 0.0105537
_09236_, 473.14, 391.68, 0.0104969
_09237_, 473.14, 391.68, 0.0104969
_15036_, 473.14, 391.68, 0.0104969
clkbuf_leaf_139_clk, 473.14, 391.68, 0.0104969
hold1015, 473.14, 391.68, 0.0104969
hold1559, 473.14, 391.68, 0.0104969
FILLER_0_140_1026, 473.14, 391.68, 0.0104969
_08378_, 498.137, 391.68, 0.0104331
_15512_, 498.137, 391.68, 0.0104331
FILLER_0_139_1060, 498.137, 391.68, 0.0104331
FILLER_0_140_1061, 498.137, 391.68, 0.0104331
_08445_, 510.334, 391.68, 0.0104764
_15475_, 510.334, 391.68, 0.0104764
_17810_, 510.334, 391.68, 0.0104764
hold1350, 510.334, 391.68, 0.0104764
FILLER_0_139_1089, 510.334, 391.68, 0.0104764
FILLER_0_140_1086, 510.334, 391.68, 0.0104764
FILLER_0_140_1137, 522.531, 391.68, 0.0105122
FILLER_0_140_1145, 534.728, 391.68, 0.0105479
_08540_, 546.925, 391.68, 0.0105836
_08541_, 546.925, 391.68, 0.0105836
_15423_, 546.925, 391.68, 0.0105836
_15428_, 546.925, 391.68, 0.0105836
clkbuf_leaf_143_clk, 546.925, 391.68, 0.0105836
FILLER_0_139_1170, 546.925, 391.68, 0.0105836
FILLER_0_140_1173, 546.925, 391.68, 0.0105836
FILLER_0_141_1181, 546.925, 391.68, 0.0105836
FILLER_0_141_1188, 546.925, 391.68, 0.0105836
FILLER_0_140_1200, 559.122, 391.68, 0.0105836
PHY_274, 5.52, 386.24, 0.007146
PHY_276, 5.52, 386.24, 0.007146
output78, 5.52, 386.24, 0.007146
FILLER_0_139_9, 5.52, 386.24, 0.007146
top_135, 571.32, 386.24, 0.0104808
PHY_275, 571.32, 386.24, 0.0104808
PHY_277, 571.32, 386.24, 0.0104808
FILLER_0_137_1220, 571.32, 386.24, 0.0104808
FILLER_0_138_1217, 571.32, 386.24, 0.0104808
_10409_, 15.33, 386.24, 0.00713598
hold1384, 15.33, 386.24, 0.00713598
FILLER_0_138_20, 15.33, 386.24, 0.00713598
_10412_, 37.94, 386.24, 0.00730669
_10419_, 37.94, 386.24, 0.00730669
hold1048, 37.94, 386.24, 0.00730669
hold2079, 37.94, 386.24, 0.00730669
FILLER_0_138_59, 37.94, 386.24, 0.00730669
FILLER_0_138_80, 37.94, 386.24, 0.00730669
FILLER_0_138_109, 50.74, 386.24, 0.0074865
FILLER_0_139_105, 50.74, 386.24, 0.0074865
_10489_, 63.54, 386.24, 0.00766631
_10497_, 63.54, 386.24, 0.00766631
_10498_, 63.54, 386.24, 0.00766631
_14336_, 63.54, 386.24, 0.00766631
_14341_, 63.54, 386.24, 0.00766631
_16788_, 63.54, 386.24, 0.00766631
hold1247, 63.54, 386.24, 0.00766631
FILLER_0_137_113, 63.54, 386.24, 0.00766631
FILLER_0_138_136, 63.54, 386.24, 0.00766631
FILLER_0_139_140, 63.54, 386.24, 0.00766631
_14338_, 76.34, 386.24, 0.00783751
_16785_, 76.34, 386.24, 0.00783751
hold795, 76.34, 386.24, 0.00783751
FILLER_0_138_149, 76.34, 386.24, 0.00783751
_10366_, 89.14, 386.24, 0.00800095
_10494_, 89.14, 386.24, 0.00800095
_16842_, 89.14, 386.24, 0.00800095
hold862, 89.14, 386.24, 0.00800095
FILLER_0_138_187, 89.14, 386.24, 0.00800095
FILLER_0_139_184, 89.14, 386.24, 0.00800095
_14400_, 101.94, 386.24, 0.00815631
FILLER_0_138_221, 101.94, 386.24, 0.00815631
FILLER_0_139_217, 101.94, 386.24, 0.00815631
_10753_, 114.74, 386.24, 0.00831151
_10762_, 114.74, 386.24, 0.00831151
_10763_, 114.74, 386.24, 0.00831151
_16651_, 114.74, 386.24, 0.00831151
_16656_, 114.74, 386.24, 0.00831151
hold1573, 114.74, 386.24, 0.00831151
FILLER_0_137_225, 114.74, 386.24, 0.00831151
_10747_, 127.54, 386.24, 0.00845137
_10761_, 127.54, 386.24, 0.00845137
_14189_, 127.54, 386.24, 0.00845137
_14194_, 127.54, 386.24, 0.00845137
_14197_, 127.54, 386.24, 0.00845137
_16652_, 127.54, 386.24, 0.00845137
_16659_, 127.54, 386.24, 0.00845137
FILLER_0_137_257, 127.54, 386.24, 0.00845137
FILLER_0_138_268, 127.54, 386.24, 0.00845137
FILLER_0_139_268, 127.54, 386.24, 0.00845137
_10760_, 140.34, 386.24, 0.00857604
_14190_, 140.34, 386.24, 0.00857604
hold334, 140.34, 386.24, 0.00857604
FILLER_0_138_303, 140.34, 386.24, 0.00857604
FILLER_0_139_306, 140.34, 386.24, 0.00857604
_10781_, 153.14, 386.24, 0.00869983
_16642_, 153.14, 386.24, 0.00869983
hold1720, 153.14, 386.24, 0.00869983
hold1777, 153.14, 386.24, 0.00869983
_10775_, 165.94, 386.24, 0.0088153
_14179_, 165.94, 386.24, 0.0088153
_16645_, 165.94, 386.24, 0.0088153
_16646_, 165.94, 386.24, 0.0088153
_16648_, 165.94, 386.24, 0.0088153
FILLER_0_137_337, 165.94, 386.24, 0.0088153
FILLER_0_138_340, 165.94, 386.24, 0.0088153
FILLER_0_138_410, 191.54, 386.24, 0.00914553
FILLER_0_139_444, 204.34, 386.24, 0.00938195
_07888_, 217.14, 386.24, 0.00961838
_13439_, 217.14, 386.24, 0.00961838
_15783_, 217.14, 386.24, 0.00961838
_15976_, 217.14, 386.24, 0.00961838
_18088_, 217.14, 386.24, 0.00961838
FILLER_0_137_449, 217.14, 386.24, 0.00961838
FILLER_0_138_457, 217.14, 386.24, 0.00961838
_07887_, 229.94, 386.24, 0.00982627
_15850_, 229.94, 386.24, 0.00982627
clkbuf_leaf_96_clk, 229.94, 386.24, 0.00982627
FILLER_0_137_474, 229.94, 386.24, 0.00982627
FILLER_0_138_486, 229.94, 386.24, 0.00982627
_12633_, 242.74, 386.24, 0.00997343
hold86, 242.74, 386.24, 0.00997343
hold87, 242.74, 386.24, 0.00997343
FILLER_0_138_521, 242.74, 386.24, 0.00997343
FILLER_0_138_529, 242.74, 386.24, 0.00997343
_12057_, 255.54, 386.24, 0.0101027
_12092_, 255.54, 386.24, 0.0101027
_12093_, 255.54, 386.24, 0.0101027
_12136_, 255.54, 386.24, 0.0101027
FILLER_0_137_543, 255.54, 386.24, 0.0101027
FILLER_0_138_533, 255.54, 386.24, 0.0101027
FILLER_0_139_551, 255.54, 386.24, 0.0101027
_12056_, 268.34, 386.24, 0.0102173
_12058_, 268.34, 386.24, 0.0102173
_13367_, 268.34, 386.24, 0.0102173
FILLER_0_138_582, 268.34, 386.24, 0.0102173
_12088_, 281.14, 386.24, 0.0103109
_12144_, 281.14, 386.24, 0.0103109
_12251_, 281.14, 386.24, 0.0103109
_12630_, 281.14, 386.24, 0.0103109
_12631_, 281.14, 386.24, 0.0103109
FILLER_0_138_589, 281.14, 386.24, 0.0103109
FILLER_0_138_608, 281.14, 386.24, 0.0103109
FILLER_0_139_611, 281.14, 386.24, 0.0103109
_07851_, 293.94, 386.24, 0.010369
_12090_, 293.94, 386.24, 0.010369
_12276_, 293.94, 386.24, 0.010369
FILLER_0_138_619, 293.94, 386.24, 0.010369
_12994_, 306.74, 386.24, 0.0104006
_12995_, 306.74, 386.24, 0.0104006
hold118, 306.74, 386.24, 0.0104006
FILLER_0_138_641, 306.74, 386.24, 0.0104006
FILLER_0_138_659, 306.74, 386.24, 0.0104006
_12097_, 319.54, 386.24, 0.0104202
_12098_, 319.54, 386.24, 0.0104202
_12099_, 319.54, 386.24, 0.0104202
_13371_, 319.54, 386.24, 0.0104202
hold66, 319.54, 386.24, 0.0104202
FILLER_0_138_692, 319.54, 386.24, 0.0104202
_12992_, 345.14, 386.24, 0.0105999
_13372_, 345.14, 386.24, 0.0105999
_13374_, 345.14, 386.24, 0.0105999
_15916_, 345.14, 386.24, 0.0105999
_15918_, 345.14, 386.24, 0.0105999
hold59, 345.14, 386.24, 0.0105999
FILLER_0_137_729, 345.14, 386.24, 0.0105999
_12585_, 357.94, 386.24, 0.0107532
_13337_, 357.94, 386.24, 0.0107532
_15884_, 357.94, 386.24, 0.0107532
FILLER_0_137_766, 357.94, 386.24, 0.0107532
FILLER_0_139_771, 357.94, 386.24, 0.0107532
_12987_, 370.74, 386.24, 0.0108098
_12988_, 370.74, 386.24, 0.0108098
_15919_, 370.74, 386.24, 0.0108098
hold67, 370.74, 386.24, 0.0108098
hold73, 370.74, 386.24, 0.0108098
_12013_, 383.54, 386.24, 0.0108381
_13074_, 383.54, 386.24, 0.0108381
hold76, 383.54, 386.24, 0.0108381
FILLER_0_138_809, 383.54, 386.24, 0.0108381
FILLER_0_138_820, 383.54, 386.24, 0.0108381
_07872_, 396.34, 386.24, 0.0108466
_15791_, 396.34, 386.24, 0.0108466
FILLER_0_137_836, 396.34, 386.24, 0.0108466
FILLER_0_138_863, 396.34, 386.24, 0.0108466
FILLER_0_139_885, 409.14, 386.24, 0.0108509
_09319_, 421.94, 386.24, 0.0108553
clkbuf_2_3_0_clk, 421.94, 386.24, 0.0108553
FILLER_0_137_897, 421.94, 386.24, 0.0108553
FILLER_0_138_917, 421.94, 386.24, 0.0108553
FILLER_0_139_919, 421.94, 386.24, 0.0108553
_17380_, 434.74, 386.24, 0.0107756
FILLER_0_138_925, 434.74, 386.24, 0.0107756
_09235_, 447.54, 386.24, 0.0106888
_09304_, 447.54, 386.24, 0.0106888
_17415_, 447.54, 386.24, 0.0106888
FILLER_0_138_964, 447.54, 386.24, 0.0106888
_15037_, 460.34, 386.24, 0.0105944
_15038_, 460.34, 386.24, 0.0105944
_17414_, 460.34, 386.24, 0.0105944
_09230_, 473.14, 386.24, 0.0104927
_09231_, 473.14, 386.24, 0.0104927
_15039_, 473.14, 386.24, 0.0104927
_15042_, 473.14, 386.24, 0.0104927
_17420_, 473.14, 386.24, 0.0104927
_08374_, 498.137, 386.24, 0.0104059
_15519_, 498.137, 386.24, 0.0104059
FILLER_0_137_1065, 498.137, 386.24, 0.0104059
FILLER_0_138_1072, 498.137, 386.24, 0.0104059
_08444_, 510.334, 386.24, 0.0104284
FILLER_0_138_1085, 510.334, 386.24, 0.0104284
_17761_, 522.531, 386.24, 0.0104508
FILLER_0_137_1116, 522.531, 386.24, 0.0104508
_08542_, 534.728, 386.24, 0.0104663
_08543_, 534.728, 386.24, 0.0104663
hold646, 534.728, 386.24, 0.0104663
hold1242, 534.728, 386.24, 0.0104663
FILLER_0_138_1144, 534.728, 386.24, 0.0104663
FILLER_0_138_1152, 534.728, 386.24, 0.0104663
FILLER_0_138_1163, 534.728, 386.24, 0.0104663
FILLER_0_139_1162, 534.728, 386.24, 0.0104663
_17762_, 546.925, 386.24, 0.0104806
_17766_, 546.925, 386.24, 0.0104806
hold264, 546.925, 386.24, 0.0104806
FILLER_0_137_1172, 546.925, 386.24, 0.0104806
_08532_, 559.122, 386.24, 0.0104808
FILLER_0_138_1200, 559.122, 386.24, 0.0104808
_16825_, 5.52, 380.8, 0.00731612
_16828_, 5.52, 380.8, 0.00731612
PHY_270, 5.52, 380.8, 0.00731612
PHY_272, 5.52, 380.8, 0.00731612
FILLER_0_136_3, 5.52, 380.8, 0.00731612
FILLER_0_137_3, 5.52, 380.8, 0.00731612
PHY_271, 571.32, 380.8, 0.0103882
PHY_273, 571.32, 380.8, 0.0103882
FILLER_0_135_1217, 571.32, 380.8, 0.0103882
FILLER_0_136_1217, 571.32, 380.8, 0.0103882
_10408_, 15.33, 380.8, 0.00730526
_10415_, 15.33, 380.8, 0.00730526
_14382_, 15.33, 380.8, 0.00730526
_14385_, 15.33, 380.8, 0.00730526
FILLER_0_135_18, 15.33, 380.8, 0.00730526
_10418_, 37.94, 380.8, 0.00747266
_16821_, 37.94, 380.8, 0.00747266
hold1429, 37.94, 380.8, 0.00747266
FILLER_0_136_109, 50.74, 380.8, 0.00764364
FILLER_0_137_101, 50.74, 380.8, 0.00764364
FILLER_0_137_109, 50.74, 380.8, 0.00764364
_10488_, 63.54, 380.8, 0.00781462
_16783_, 63.54, 380.8, 0.00781462
FILLER_0_135_125, 63.54, 380.8, 0.00781462
FILLER_0_136_135, 63.54, 380.8, 0.00781462
_10495_, 76.34, 380.8, 0.00797823
FILLER_0_137_155, 76.34, 380.8, 0.00797823
_10512_, 89.14, 380.8, 0.00814163
_10513_, 89.14, 380.8, 0.00814163
_14328_, 89.14, 380.8, 0.00814163
FILLER_0_135_173, 89.14, 380.8, 0.00814163
FILLER_0_136_189, 89.14, 380.8, 0.00814163
_14323_, 101.94, 380.8, 0.00830446
_14324_, 101.94, 380.8, 0.00830446
FILLER_0_137_217, 101.94, 380.8, 0.00830446
_10752_, 114.74, 380.8, 0.00846692
FILLER_0_136_249, 114.74, 380.8, 0.00846692
_14195_, 127.54, 380.8, 0.00862917
hold1955, 127.54, 380.8, 0.00862917
_16647_, 140.34, 380.8, 0.00879073
FILLER_0_136_297, 140.34, 380.8, 0.00879073
FILLER_0_136_305, 140.34, 380.8, 0.00879073
FILLER_0_137_296, 140.34, 380.8, 0.00879073
_10770_, 153.14, 380.8, 0.00894518
_16643_, 153.14, 380.8, 0.00894518
clkbuf_leaf_38_clk, 153.14, 380.8, 0.00894518
FILLER_0_136_321, 153.14, 380.8, 0.00894518
FILLER_0_137_328, 153.14, 380.8, 0.00894518
_14182_, 165.94, 380.8, 0.00904191
_14183_, 165.94, 380.8, 0.00904191
hold2116, 165.94, 380.8, 0.00904191
FILLER_0_136_347, 165.94, 380.8, 0.00904191
FILLER_0_136_356, 165.94, 380.8, 0.00904191
FILLER_0_136_413, 191.54, 380.8, 0.00954536
_07889_, 204.34, 380.8, 0.00995293
_07890_, 204.34, 380.8, 0.00995293
_12874_, 204.34, 380.8, 0.00995293
_13438_, 204.34, 380.8, 0.00995293
_15782_, 204.34, 380.8, 0.00995293
_18087_, 204.34, 380.8, 0.00995293
hold2248, 204.34, 380.8, 0.00995293
FILLER_0_136_421, 204.34, 380.8, 0.00995293
FILLER_0_136_428, 204.34, 380.8, 0.00995293
FILLER_0_137_441, 204.34, 380.8, 0.00995293
_12871_, 217.14, 380.8, 0.010334
_12872_, 217.14, 380.8, 0.010334
_15847_, 217.14, 380.8, 0.010334
FILLER_0_135_449, 217.14, 380.8, 0.010334
FILLER_0_136_454, 217.14, 380.8, 0.010334
_12634_, 229.94, 380.8, 0.0106952
_12635_, 229.94, 380.8, 0.0106952
_15848_, 229.94, 380.8, 0.0106952
FILLER_0_136_477, 229.94, 380.8, 0.0106952
_13080_, 242.74, 380.8, 0.0108837
_13298_, 242.74, 380.8, 0.0108837
_16007_, 242.74, 380.8, 0.0108837
hold97, 242.74, 380.8, 0.0108837
_12084_, 255.54, 380.8, 0.0110514
_12094_, 255.54, 380.8, 0.0110514
_12137_, 255.54, 380.8, 0.0110514
_12145_, 255.54, 380.8, 0.0110514
_12807_, 255.54, 380.8, 0.0110514
_15911_, 255.54, 380.8, 0.0110514
hold2195, 255.54, 380.8, 0.0110514
FILLER_0_135_531, 255.54, 380.8, 0.0110514
_12083_, 268.34, 380.8, 0.0111583
_12085_, 268.34, 380.8, 0.0111583
hold52, 268.34, 380.8, 0.0111583
FILLER_0_136_584, 268.34, 380.8, 0.0111583
FILLER_0_137_580, 268.34, 380.8, 0.0111583
_12143_, 281.14, 380.8, 0.0112363
_12253_, 281.14, 380.8, 0.0112363
_12628_, 281.14, 380.8, 0.0112363
_12632_, 281.14, 380.8, 0.0112363
_12639_, 281.14, 380.8, 0.0112363
FILLER_0_135_586, 281.14, 380.8, 0.0112363
FILLER_0_136_589, 281.14, 380.8, 0.0112363
_12277_, 293.94, 380.8, 0.0111161
_12629_, 293.94, 380.8, 0.0111161
FILLER_0_136_623, 293.94, 380.8, 0.0111161
FILLER_0_136_636, 293.94, 380.8, 0.0111161
_12273_, 306.74, 380.8, 0.0109776
_12274_, 306.74, 380.8, 0.0109776
_12387_, 306.74, 380.8, 0.0109776
_12594_, 306.74, 380.8, 0.0109776
_12606_, 306.74, 380.8, 0.0109776
_12607_, 306.74, 380.8, 0.0109776
FILLER_0_136_658, 306.74, 380.8, 0.0109776
FILLER_0_137_665, 306.74, 380.8, 0.0109776
_12265_, 319.54, 380.8, 0.0107917
_12592_, 319.54, 380.8, 0.0107917
_12593_, 319.54, 380.8, 0.0107917
_12595_, 319.54, 380.8, 0.0107917
_12008_, 345.14, 380.8, 0.0106746
_12581_, 345.14, 380.8, 0.0106746
_12582_, 345.14, 380.8, 0.0106746
_12584_, 345.14, 380.8, 0.0106746
_12989_, 345.14, 380.8, 0.0106746
hold80, 345.14, 380.8, 0.0106746
FILLER_0_136_746, 345.14, 380.8, 0.0106746
_13035_, 357.94, 380.8, 0.0106981
hold27, 357.94, 380.8, 0.0106981
FILLER_0_137_778, 357.94, 380.8, 0.0106981
_11966_, 370.74, 380.8, 0.0107121
_13031_, 370.74, 380.8, 0.0107121
_15887_, 370.74, 380.8, 0.0107121
FILLER_0_136_801, 370.74, 380.8, 0.0107121
FILLER_0_137_797, 370.74, 380.8, 0.0107121
_13304_, 383.54, 380.8, 0.0106869
_13340_, 383.54, 380.8, 0.0106869
hold31, 383.54, 380.8, 0.0106869
FILLER_0_137_830, 383.54, 380.8, 0.0106869
_17402_, 409.14, 380.8, 0.0106245
hold1711, 409.14, 380.8, 0.0106245
FILLER_0_136_864, 409.14, 380.8, 0.0106245
FILLER_0_136_881, 409.14, 380.8, 0.0106245
FILLER_0_137_889, 409.14, 380.8, 0.0106245
_09253_, 421.94, 380.8, 0.0105857
_09309_, 421.94, 380.8, 0.0105857
_14996_, 421.94, 380.8, 0.0105857
_17378_, 421.94, 380.8, 0.0105857
hold1900, 421.94, 380.8, 0.0105857
FILLER_0_136_894, 421.94, 380.8, 0.0105857
FILLER_0_137_910, 421.94, 380.8, 0.0105857
_09308_, 434.74, 380.8, 0.0105388
_14998_, 434.74, 380.8, 0.0105388
hold1742, 434.74, 380.8, 0.0105388
hold1969, 434.74, 380.8, 0.0105388
FILLER_0_137_945, 434.74, 380.8, 0.0105388
_14994_, 447.54, 380.8, 0.0104904
FILLER_0_136_969, 447.54, 380.8, 0.0104904
_15032_, 460.34, 380.8, 0.0104419
FILLER_0_136_977, 460.34, 380.8, 0.0104419
FILLER_0_137_1001, 460.34, 380.8, 0.0104419
_09224_, 473.14, 380.8, 0.0103915
_09225_, 473.14, 380.8, 0.0103915
hold1834, 473.14, 380.8, 0.0103915
FILLER_0_136_1005, 473.14, 380.8, 0.0103915
_08373_, 498.137, 380.8, 0.0103648
_08375_, 498.137, 380.8, 0.0103648
_15514_, 498.137, 380.8, 0.0103648
_17845_, 498.137, 380.8, 0.0103648
_17846_, 498.137, 380.8, 0.0103648
hold169, 498.137, 380.8, 0.0103648
FILLER_0_135_1060, 498.137, 380.8, 0.0103648
_08372_, 510.334, 380.8, 0.0103749
_15515_, 510.334, 380.8, 0.0103749
hold1648, 510.334, 380.8, 0.0103749
_17769_, 522.531, 380.8, 0.0103841
FILLER_0_135_1117, 522.531, 380.8, 0.0103841
FILLER_0_135_1121, 522.531, 380.8, 0.0103841
FILLER_0_136_1137, 522.531, 380.8, 0.0103841
_08526_, 534.728, 380.8, 0.0103865
_08527_, 534.728, 380.8, 0.0103865
_15422_, 534.728, 380.8, 0.0103865
_15430_, 534.728, 380.8, 0.0103865
hold611, 534.728, 380.8, 0.0103865
FILLER_0_136_1144, 534.728, 380.8, 0.0103865
_08529_, 546.925, 380.8, 0.0103877
_08533_, 546.925, 380.8, 0.0103877
_15425_, 546.925, 380.8, 0.0103877
_15427_, 546.925, 380.8, 0.0103877
FILLER_0_135_1169, 546.925, 380.8, 0.0103877
hold996, 559.122, 380.8, 0.0103882
FILLER_0_136_1196, 559.122, 380.8, 0.0103882
PHY_266, 5.52, 375.36, 0.00745222
PHY_268, 5.52, 375.36, 0.00745222
PHY_267, 571.32, 375.36, 0.010424
PHY_269, 571.32, 375.36, 0.010424
FILLER_0_134_1217, 571.32, 375.36, 0.010424
_10414_, 15.33, 375.36, 0.00745222
_10416_, 15.33, 375.36, 0.00745222
_10417_, 15.33, 375.36, 0.00745222
_14381_, 15.33, 375.36, 0.00745222
_16824_, 15.33, 375.36, 0.00745222
hold909, 15.33, 375.36, 0.00745222
FILLER_0_133_11, 15.33, 375.36, 0.00745222
FILLER_0_134_15, 15.33, 375.36, 0.00745222
_14377_, 37.94, 375.36, 0.00765006
_14378_, 37.94, 375.36, 0.00765006
_14380_, 37.94, 375.36, 0.00765006
FILLER_0_133_69, 37.94, 375.36, 0.00765006
FILLER_0_134_68, 37.94, 375.36, 0.00765006
FILLER_0_134_80, 37.94, 375.36, 0.00765006
_10421_, 50.74, 375.36, 0.00785204
FILLER_0_135_101, 50.74, 375.36, 0.00785204
FILLER_0_135_109, 50.74, 375.36, 0.00785204
_10465_, 63.54, 375.36, 0.00805379
_14347_, 63.54, 375.36, 0.00805379
clkbuf_leaf_56_clk, 63.54, 375.36, 0.00805379
FILLER_0_133_113, 63.54, 375.36, 0.00805379
FILLER_0_133_119, 63.54, 375.36, 0.00805379
FILLER_0_134_133, 63.54, 375.36, 0.00805379
_10480_, 76.34, 375.36, 0.00821245
_16776_, 76.34, 375.36, 0.00821245
hold796, 76.34, 375.36, 0.00821245
hold1891, 76.34, 375.36, 0.00821245
FILLER_0_134_144, 76.34, 375.36, 0.00821245
FILLER_0_134_158, 76.34, 375.36, 0.00821245
FILLER_0_135_161, 76.34, 375.36, 0.00821245
_10508_, 89.14, 375.36, 0.00836274
_10514_, 89.14, 375.36, 0.00836274
_16775_, 89.14, 375.36, 0.00836274
hold210, 89.14, 375.36, 0.00836274
hold1549, 89.14, 375.36, 0.00836274
_10520_, 101.94, 375.36, 0.00850441
_10521_, 101.94, 375.36, 0.00850441
_10523_, 101.94, 375.36, 0.00850441
_16771_, 101.94, 375.36, 0.00850441
_16772_, 101.94, 375.36, 0.00850441
hold1592, 101.94, 375.36, 0.00850441
FILLER_0_135_218, 101.94, 375.36, 0.00850441
_10522_, 114.74, 375.36, 0.0086307
_16657_, 114.74, 375.36, 0.0086307
hold421, 114.74, 375.36, 0.0086307
FILLER_0_133_233, 114.74, 375.36, 0.0086307
FILLER_0_135_249, 114.74, 375.36, 0.0086307
_10745_, 127.54, 375.36, 0.00874915
_10750_, 127.54, 375.36, 0.00874915
hold1368, 127.54, 375.36, 0.00874915
_10754_, 140.34, 375.36, 0.00886666
_10758_, 140.34, 375.36, 0.00886666
_14191_, 140.34, 375.36, 0.00886666
_16653_, 140.34, 375.36, 0.00886666
hold1946, 140.34, 375.36, 0.00886666
FILLER_0_134_289, 140.34, 375.36, 0.00886666
FILLER_0_134_302, 140.34, 375.36, 0.00886666
FILLER_0_135_305, 140.34, 375.36, 0.00886666
_10765_, 153.14, 375.36, 0.00897593
_10779_, 153.14, 375.36, 0.00897593
_14180_, 153.14, 375.36, 0.00897593
_16649_, 153.14, 375.36, 0.00897593
_16650_, 153.14, 375.36, 0.00897593
FILLER_0_135_331, 153.14, 375.36, 0.00897593
_10764_, 165.94, 375.36, 0.0090704
_10778_, 165.94, 375.36, 0.0090704
_10783_, 165.94, 375.36, 0.0090704
_14178_, 165.94, 375.36, 0.0090704
_16641_, 165.94, 375.36, 0.0090704
hold1514, 165.94, 375.36, 0.0090704
hold1608, 165.94, 375.36, 0.0090704
FILLER_0_134_351, 165.94, 375.36, 0.0090704
_12942_, 191.54, 375.36, 0.00945884
_13403_, 191.54, 375.36, 0.00945884
hold2144, 191.54, 375.36, 0.00945884
FILLER_0_134_411, 191.54, 375.36, 0.00945884
FILLER_0_135_417, 191.54, 375.36, 0.00945884
_12645_, 204.34, 375.36, 0.00975313
_12873_, 204.34, 375.36, 0.00975313
_15975_, 204.34, 375.36, 0.00975313
FILLER_0_134_441, 204.34, 375.36, 0.00975313
FILLER_0_135_444, 204.34, 375.36, 0.00975313
_12643_, 217.14, 375.36, 0.00994567
_12644_, 217.14, 375.36, 0.00994567
_13083_, 217.14, 375.36, 0.00994567
_13295_, 217.14, 375.36, 0.00994567
hold447, 217.14, 375.36, 0.00994567
hold448, 217.14, 375.36, 0.00994567
FILLER_0_134_451, 217.14, 375.36, 0.00994567
FILLER_0_134_470, 217.14, 375.36, 0.00994567
_13082_, 229.94, 375.36, 0.0101057
_13296_, 229.94, 375.36, 0.0101057
_15849_, 229.94, 375.36, 0.0101057
hold98, 229.94, 375.36, 0.0101057
FILLER_0_134_489, 229.94, 375.36, 0.0101057
FILLER_0_135_488, 229.94, 375.36, 0.0101057
_12808_, 242.74, 375.36, 0.0102393
_13473_, 242.74, 375.36, 0.0102393
hold2030, 242.74, 375.36, 0.0102393
FILLER_0_133_513, 242.74, 375.36, 0.0102393
FILLER_0_134_523, 242.74, 375.36, 0.0102393
FILLER_0_135_516, 242.74, 375.36, 0.0102393
_12146_, 255.54, 375.36, 0.0103651
FILLER_0_134_557, 255.54, 375.36, 0.0103651
FILLER_0_135_552, 255.54, 375.36, 0.0103651
_12148_, 268.34, 375.36, 0.0104831
_12999_, 268.34, 375.36, 0.0104831
_12142_, 281.14, 375.36, 0.0105861
_12147_, 281.14, 375.36, 0.0105861
_12149_, 281.14, 375.36, 0.0105861
_12252_, 281.14, 375.36, 0.0105861
_12254_, 281.14, 375.36, 0.0105861
_12640_, 281.14, 375.36, 0.0105861
_12641_, 281.14, 375.36, 0.0105861
FILLER_0_133_596, 281.14, 375.36, 0.0105861
FILLER_0_135_613, 281.14, 375.36, 0.0105861
FILLER_0_134_636, 293.94, 375.36, 0.0106419
_12378_, 306.74, 375.36, 0.0106977
_12450_, 306.74, 375.36, 0.0106977
_12608_, 306.74, 375.36, 0.0106977
_13128_, 306.74, 375.36, 0.0106977
_13135_, 306.74, 375.36, 0.0106977
FILLER_0_133_641, 306.74, 375.36, 0.0106977
FILLER_0_135_665, 306.74, 375.36, 0.0106977
_12596_, 319.54, 375.36, 0.0106264
FILLER_0_134_670, 319.54, 375.36, 0.0106264
_12298_, 345.14, 375.36, 0.0105469
_12556_, 345.14, 375.36, 0.0105469
FILLER_0_135_779, 357.94, 375.36, 0.0105881
_12016_, 370.74, 375.36, 0.0106294
_12534_, 370.74, 375.36, 0.0106294
_13136_, 370.74, 375.36, 0.0106294
wire116, 370.74, 375.36, 0.0106294
FILLER_0_134_787, 370.74, 375.36, 0.0106294
FILLER_0_134_805, 370.74, 375.36, 0.0106294
_16016_, 383.54, 375.36, 0.0106477
FILLER_0_133_814, 383.54, 375.36, 0.0106477
_12540_, 396.34, 375.36, 0.0106546
_16048_, 396.34, 375.36, 0.0106546
hold2246, 396.34, 375.36, 0.0106546
FILLER_0_134_862, 396.34, 375.36, 0.0106546
_09246_, 409.14, 375.36, 0.0106427
_09260_, 409.14, 375.36, 0.0106427
_09261_, 409.14, 375.36, 0.0106427
_17409_, 409.14, 375.36, 0.0106427
FILLER_0_133_873, 409.14, 375.36, 0.0106427
FILLER_0_134_869, 409.14, 375.36, 0.0106427
FILLER_0_135_888, 409.14, 375.36, 0.0106427
_09252_, 421.94, 375.36, 0.0106232
_09318_, 421.94, 375.36, 0.0106232
_15027_, 421.94, 375.36, 0.0106232
_17373_, 421.94, 375.36, 0.0106232
_17406_, 421.94, 375.36, 0.0106232
FILLER_0_133_892, 421.94, 375.36, 0.0106232
FILLER_0_133_897, 421.94, 375.36, 0.0106232
_09313_, 434.74, 375.36, 0.0105888
_09321_, 434.74, 375.36, 0.0105888
_14990_, 434.74, 375.36, 0.0105888
_14991_, 434.74, 375.36, 0.0105888
_17372_, 434.74, 375.36, 0.0105888
_17376_, 434.74, 375.36, 0.0105888
FILLER_0_134_921, 434.74, 375.36, 0.0105888
FILLER_0_134_925, 434.74, 375.36, 0.0105888
_09312_, 447.54, 375.36, 0.0105394
_09320_, 447.54, 375.36, 0.0105394
_15033_, 447.54, 375.36, 0.0105394
_17411_, 447.54, 375.36, 0.0105394
hold1100, 447.54, 375.36, 0.0105394
hold2012, 447.54, 375.36, 0.0105394
FILLER_0_134_971, 447.54, 375.36, 0.0105394
_09239_, 460.34, 375.36, 0.0104813
_15035_, 460.34, 375.36, 0.0104813
_17412_, 460.34, 375.36, 0.0104813
_17413_, 460.34, 375.36, 0.0104813
FILLER_0_134_977, 460.34, 375.36, 0.0104813
FILLER_0_134_987, 460.34, 375.36, 0.0104813
FILLER_0_134_995, 460.34, 375.36, 0.0104813
_09240_, 473.14, 375.36, 0.0104086
_09241_, 473.14, 375.36, 0.0104086
_15034_, 473.14, 375.36, 0.0104086
hold222, 473.14, 375.36, 0.0104086
FILLER_0_134_1026, 473.14, 375.36, 0.0104086
_09264_, 498.137, 375.36, 0.010357
FILLER_0_133_1065, 498.137, 375.36, 0.010357
FILLER_0_134_1085, 510.334, 375.36, 0.010379
FILLER_0_135_1109, 510.334, 375.36, 0.010379
_17770_, 522.531, 375.36, 0.010401
FILLER_0_134_1129, 522.531, 375.36, 0.010401
_08524_, 534.728, 375.36, 0.0104162
_08525_, 534.728, 375.36, 0.0104162
_15431_, 534.728, 375.36, 0.0104162
_17764_, 534.728, 375.36, 0.0104162
FILLER_0_134_1141, 534.728, 375.36, 0.0104162
FILLER_0_134_1149, 534.728, 375.36, 0.0104162
FILLER_0_135_1157, 534.728, 375.36, 0.0104162
_08528_, 546.925, 375.36, 0.010424
_08536_, 546.925, 375.36, 0.010424
_15429_, 546.925, 375.36, 0.010424
_17768_, 546.925, 375.36, 0.010424
hold474, 546.925, 375.36, 0.010424
FILLER_0_133_1166, 546.925, 375.36, 0.010424
FILLER_0_134_1193, 559.122, 375.36, 0.010424
FILLER_0_134_1201, 559.122, 375.36, 0.010424
PHY_262, 5.52, 369.92, 0.00761689
PHY_264, 5.52, 369.92, 0.00761689
FILLER_0_133_3, 5.52, 369.92, 0.00761689
PHY_263, 571.32, 369.92, 0.0104611
PHY_265, 571.32, 369.92, 0.0104611
FILLER_0_132_1217, 571.32, 369.92, 0.0104611
_14386_, 15.33, 369.92, 0.00761689
_16829_, 15.33, 369.92, 0.00761689
_10404_, 37.94, 369.92, 0.00784555
_10420_, 37.94, 369.92, 0.00784555
_14379_, 37.94, 369.92, 0.00784555
_14384_, 37.94, 369.92, 0.00784555
_16822_, 37.94, 369.92, 0.00784555
hold2037, 37.94, 369.92, 0.00784555
_10410_, 50.74, 369.92, 0.00807136
_10411_, 50.74, 369.92, 0.00807136
_16793_, 50.74, 369.92, 0.00807136
hold1009, 50.74, 369.92, 0.00807136
FILLER_0_131_95, 50.74, 369.92, 0.00807136
FILLER_0_133_106, 50.74, 369.92, 0.00807136
_10474_, 63.54, 369.92, 0.00828917
_10475_, 63.54, 369.92, 0.00828917
_10481_, 63.54, 369.92, 0.00828917
_14346_, 63.54, 369.92, 0.00828917
_14349_, 63.54, 369.92, 0.00828917
_16792_, 63.54, 369.92, 0.00828917
_16800_, 63.54, 369.92, 0.00828917
hold265, 63.54, 369.92, 0.00828917
hold347, 63.54, 369.92, 0.00828917
_10464_, 76.34, 369.92, 0.00849078
_10509_, 76.34, 369.92, 0.00849078
_10515_, 76.34, 369.92, 0.00849078
_14330_, 76.34, 369.92, 0.00849078
_14354_, 76.34, 369.92, 0.00849078
_16778_, 76.34, 369.92, 0.00849078
FILLER_0_132_144, 76.34, 369.92, 0.00849078
FILLER_0_132_152, 76.34, 369.92, 0.00849078
_14327_, 89.14, 369.92, 0.00868425
clkbuf_leaf_57_clk, 89.14, 369.92, 0.00868425
hold2039, 89.14, 369.92, 0.00868425
_10506_, 101.94, 369.92, 0.00883893
_10507_, 101.94, 369.92, 0.00883893
_14331_, 101.94, 369.92, 0.00883893
_16779_, 101.94, 369.92, 0.00883893
clkbuf_leaf_41_clk, 101.94, 369.92, 0.00883893
FILLER_0_131_196, 101.94, 369.92, 0.00883893
FILLER_0_133_218, 101.94, 369.92, 0.00883893
_10748_, 114.74, 369.92, 0.00894406
_10749_, 114.74, 369.92, 0.00894406
_10751_, 114.74, 369.92, 0.00894406
_14196_, 114.74, 369.92, 0.00894406
_14198_, 114.74, 369.92, 0.00894406
hold323, 114.74, 369.92, 0.00894406
hold660, 114.74, 369.92, 0.00894406
_10744_, 127.54, 369.92, 0.00904717
_10755_, 127.54, 369.92, 0.00904717
_10759_, 127.54, 369.92, 0.00904717
_14188_, 127.54, 369.92, 0.00904717
_14193_, 127.54, 369.92, 0.00904717
clkbuf_leaf_40_clk, 127.54, 369.92, 0.00904717
rebuffer14, 127.54, 369.92, 0.00904717
hold1569, 127.54, 369.92, 0.00904717
FILLER_0_132_271, 127.54, 369.92, 0.00904717
FILLER_0_133_267, 127.54, 369.92, 0.00904717
_10889_, 140.34, 369.92, 0.00909129
hold2069, 140.34, 369.92, 0.00909129
FILLER_0_131_281, 140.34, 369.92, 0.00909129
FILLER_0_132_298, 140.34, 369.92, 0.00909129
FILLER_0_133_301, 140.34, 369.92, 0.00909129
_10766_, 153.14, 369.92, 0.00913465
_10767_, 153.14, 369.92, 0.00913465
_14177_, 153.14, 369.92, 0.00913465
_14186_, 153.14, 369.92, 0.00913465
_14187_, 153.14, 369.92, 0.00913465
FILLER_0_132_309, 153.14, 369.92, 0.00913465
_16644_, 165.94, 369.92, 0.00917526
_12944_, 191.54, 369.92, 0.00943254
_13402_, 191.54, 369.92, 0.00943254
hold2143, 191.54, 369.92, 0.00943254
FILLER_0_132_412, 191.54, 369.92, 0.00943254
_18086_, 204.34, 369.92, 0.00964754
FILLER_0_133_440, 204.34, 369.92, 0.00964754
_15781_, 217.14, 369.92, 0.00985125
FILLER_0_132_469, 217.14, 369.92, 0.00985125
_13081_, 229.94, 369.92, 0.0100548
_13297_, 229.94, 369.92, 0.0100548
FILLER_0_132_489, 229.94, 369.92, 0.0100548
_13506_, 242.74, 369.92, 0.0102535
_16037_, 242.74, 369.92, 0.0102535
FILLER_0_132_503, 242.74, 369.92, 0.0102535
_12671_, 255.54, 369.92, 0.010441
hold2186, 255.54, 369.92, 0.010441
FILLER_0_133_550, 255.54, 369.92, 0.010441
FILLER_0_132_583, 268.34, 369.92, 0.0106211
FILLER_0_133_585, 268.34, 369.92, 0.0106211
_12250_, 281.14, 369.92, 0.0108011
_12627_, 281.14, 369.92, 0.0108011
_12638_, 281.14, 369.92, 0.0108011
_12642_, 281.14, 369.92, 0.0108011
FILLER_0_131_597, 281.14, 369.92, 0.0108011
FILLER_0_132_589, 281.14, 369.92, 0.0108011
FILLER_0_132_597, 281.14, 369.92, 0.0108011
_12255_, 293.94, 369.92, 0.0108192
FILLER_0_132_639, 293.94, 369.92, 0.0108192
_12095_, 306.74, 369.92, 0.0108269
_12275_, 306.74, 369.92, 0.0108269
_12313_, 306.74, 369.92, 0.0108269
_12603_, 306.74, 369.92, 0.0108269
_12604_, 306.74, 369.92, 0.0108269
_12605_, 306.74, 369.92, 0.0108269
FILLER_0_131_646, 306.74, 369.92, 0.0108269
FILLER_0_133_663, 306.74, 369.92, 0.0108269
_12268_, 319.54, 369.92, 0.0107833
_12269_, 319.54, 369.92, 0.0107833
_12577_, 319.54, 369.92, 0.0107833
_12578_, 319.54, 369.92, 0.0107833
_12579_, 319.54, 369.92, 0.0107833
_12591_, 319.54, 369.92, 0.0107833
FILLER_0_131_673, 319.54, 369.92, 0.0107833
FILLER_0_132_681, 319.54, 369.92, 0.0107833
_12558_, 345.14, 369.92, 0.0109957
_12559_, 345.14, 369.92, 0.0109957
FILLER_0_131_729, 345.14, 369.92, 0.0109957
FILLER_0_132_746, 345.14, 369.92, 0.0109957
_12312_, 357.94, 369.92, 0.0111723
_12322_, 357.94, 369.92, 0.0111723
_12545_, 357.94, 369.92, 0.0111723
_12554_, 357.94, 369.92, 0.0111723
FILLER_0_132_769, 357.94, 369.92, 0.0111723
FILLER_0_133_777, 357.94, 369.92, 0.0111723
_12014_, 370.74, 369.92, 0.0112664
_12289_, 370.74, 369.92, 0.0112664
_12290_, 370.74, 369.92, 0.0112664
_12532_, 370.74, 369.92, 0.0112664
_12535_, 370.74, 369.92, 0.0112664
_12544_, 370.74, 369.92, 0.0112664
FILLER_0_133_798, 370.74, 369.92, 0.0112664
_12294_, 383.54, 369.92, 0.011257
_12539_, 383.54, 369.92, 0.011257
_12788_, 383.54, 369.92, 0.011257
hold2203, 383.54, 369.92, 0.011257
FILLER_0_131_809, 383.54, 369.92, 0.011257
FILLER_0_132_813, 383.54, 369.92, 0.011257
_13518_, 396.34, 369.92, 0.0112326
_16047_, 396.34, 369.92, 0.0112326
hold2198, 396.34, 369.92, 0.0112326
FILLER_0_132_862, 396.34, 369.92, 0.0112326
_09247_, 409.14, 369.92, 0.0111915
_15023_, 409.14, 369.92, 0.0111915
_15030_, 409.14, 369.92, 0.0111915
_17401_, 409.14, 369.92, 0.0111915
clkbuf_leaf_157_clk, 409.14, 369.92, 0.0111915
FILLER_0_132_869, 409.14, 369.92, 0.0111915
FILLER_0_133_882, 409.14, 369.92, 0.0111915
_15022_, 421.94, 369.92, 0.0110884
_15024_, 421.94, 369.92, 0.0110884
hold1918, 421.94, 369.92, 0.0110884
FILLER_0_131_900, 421.94, 369.92, 0.0110884
FILLER_0_133_908, 421.94, 369.92, 0.0110884
FILLER_0_132_921, 434.74, 369.92, 0.0109845
_09242_, 447.54, 369.92, 0.0108806
_09243_, 447.54, 369.92, 0.0108806
clkbuf_leaf_155_clk, 447.54, 369.92, 0.0108806
FILLER_0_132_961, 447.54, 369.92, 0.0108806
FILLER_0_132_973, 447.54, 369.92, 0.0108806
_09228_, 460.34, 369.92, 0.0107297
_09229_, 460.34, 369.92, 0.0107297
_15040_, 460.34, 369.92, 0.0107297
_17419_, 460.34, 369.92, 0.0107297
hold540, 460.34, 369.92, 0.0107297
hold1692, 460.34, 369.92, 0.0107297
_09226_, 473.14, 369.92, 0.01057
_09227_, 473.14, 369.92, 0.01057
_15041_, 473.14, 369.92, 0.01057
hold510, 473.14, 369.92, 0.01057
FILLER_0_132_1028, 473.14, 369.92, 0.01057
_09265_, 498.137, 369.92, 0.0104547
_17400_, 498.137, 369.92, 0.0104547
clkbuf_leaf_140_clk, 498.137, 369.92, 0.0104547
hold1788, 498.137, 369.92, 0.0104547
FILLER_0_132_1082, 498.137, 369.92, 0.0104547
FILLER_0_133_1073, 498.137, 369.92, 0.0104547
_09280_, 510.334, 369.92, 0.0104575
_09281_, 510.334, 369.92, 0.0104575
hold153, 510.334, 369.92, 0.0104575
FILLER_0_133_1110, 510.334, 369.92, 0.0104575
_08830_, 522.531, 369.92, 0.0104593
_08831_, 522.531, 369.92, 0.0104593
_15261_, 522.531, 369.92, 0.0104593
FILLER_0_132_1117, 522.531, 369.92, 0.0104593
_08537_, 534.728, 369.92, 0.0104606
_08833_, 534.728, 369.92, 0.0104606
_08834_, 534.728, 369.92, 0.0104606
_08835_, 534.728, 369.92, 0.0104606
FILLER_0_132_1145, 534.728, 369.92, 0.0104606
FILLER_0_132_1149, 534.728, 369.92, 0.0104606
FILLER_0_133_1157, 534.728, 369.92, 0.0104606
hold201, 546.925, 369.92, 0.0104611
FILLER_0_132_1200, 559.122, 369.92, 0.0104611
PHY_258, 5.52, 364.48, 0.00773693
PHY_260, 5.52, 364.48, 0.00773693
output46, 5.52, 364.48, 0.00773693
FILLER_0_131_9, 5.52, 364.48, 0.00773693
PHY_259, 571.32, 364.48, 0.0109756
PHY_261, 571.32, 364.48, 0.0109756
output106, 571.32, 364.48, 0.0109756
FILLER_0_130_1217, 571.32, 364.48, 0.0109756
_10407_, 15.33, 364.48, 0.00772693
_16827_, 37.94, 364.48, 0.00788176
FILLER_0_130_80, 37.94, 364.48, 0.00788176
_10478_, 50.74, 364.48, 0.00803965
_10479_, 50.74, 364.48, 0.00803965
_16795_, 50.74, 364.48, 0.00803965
FILLER_0_130_97, 50.74, 364.48, 0.00803965
_10471_, 76.34, 364.48, 0.00834041
_14352_, 76.34, 364.48, 0.00834041
FILLER_0_131_158, 76.34, 364.48, 0.00834041
_14322_, 89.14, 364.48, 0.00849039
FILLER_0_129_169, 89.14, 364.48, 0.00849039
FILLER_0_130_189, 89.14, 364.48, 0.00849039
_10504_, 101.94, 364.48, 0.00863838
hold1437, 101.94, 364.48, 0.00863838
FILLER_0_129_196, 101.94, 364.48, 0.00863838
FILLER_0_130_221, 101.94, 364.48, 0.00863838
_16658_, 114.74, 364.48, 0.00878566
_16660_, 114.74, 364.48, 0.00878566
FILLER_0_130_248, 114.74, 364.48, 0.00878566
_10890_, 127.54, 364.48, 0.00891871
_16655_, 127.54, 364.48, 0.00891871
_18121_, 127.54, 364.48, 0.00891871
hold1568, 127.54, 364.48, 0.00891871
FILLER_0_129_259, 127.54, 364.48, 0.00891871
FILLER_0_130_265, 127.54, 364.48, 0.00891871
FILLER_0_131_271, 127.54, 364.48, 0.00891871
_10888_, 140.34, 364.48, 0.00903698
_10901_, 140.34, 364.48, 0.00903698
_16582_, 140.34, 364.48, 0.00903698
_10900_, 153.14, 364.48, 0.00914772
hold757, 153.14, 364.48, 0.00914772
FILLER_0_131_331, 153.14, 364.48, 0.00914772
_10777_, 165.94, 364.48, 0.00925773
_14181_, 165.94, 364.48, 0.00925773
FILLER_0_130_353, 165.94, 364.48, 0.00925773
FILLER_0_130_361, 165.94, 364.48, 0.00925773
FILLER_0_131_349, 165.94, 364.48, 0.00925773
clkbuf_leaf_37_clk, 191.54, 364.48, 0.00980041
FILLER_0_130_413, 191.54, 364.48, 0.00980041
FILLER_0_131_414, 191.54, 364.48, 0.00980041
_07891_, 204.34, 364.48, 0.0101886
_07892_, 204.34, 364.48, 0.0101886
_12876_, 204.34, 364.48, 0.0101886
_13437_, 204.34, 364.48, 0.0101886
hold2219, 204.34, 364.48, 0.0101886
FILLER_0_130_425, 204.34, 364.48, 0.0101886
FILLER_0_130_444, 204.34, 364.48, 0.0101886
_12658_, 217.14, 364.48, 0.0105624
_15846_, 217.14, 364.48, 0.0105624
FILLER_0_129_449, 217.14, 364.48, 0.0105624
FILLER_0_130_469, 217.14, 364.48, 0.0105624
_13002_, 229.94, 364.48, 0.0109201
_13294_, 229.94, 364.48, 0.0109201
clkbuf_5_13__f_clk, 229.94, 364.48, 0.0109201
hold93, 229.94, 364.48, 0.0109201
FILLER_0_131_500, 229.94, 364.48, 0.0109201
_12622_, 242.74, 364.48, 0.0111859
_12672_, 242.74, 364.48, 0.0111859
clkbuf_leaf_99_clk, 242.74, 364.48, 0.0111859
hold47, 242.74, 364.48, 0.0111859
FILLER_0_129_513, 242.74, 364.48, 0.0111859
FILLER_0_131_517, 242.74, 364.48, 0.0111859
_12150_, 255.54, 364.48, 0.0112735
_12809_, 255.54, 364.48, 0.0112735
_12810_, 255.54, 364.48, 0.0112735
_13472_, 255.54, 364.48, 0.0112735
hold2189, 255.54, 364.48, 0.0112735
FILLER_0_130_540, 255.54, 364.48, 0.0112735
FILLER_0_131_555, 255.54, 364.48, 0.0112735
_12151_, 268.34, 364.48, 0.0113454
_12155_, 268.34, 364.48, 0.0113454
_12247_, 268.34, 364.48, 0.0113454
_12655_, 268.34, 364.48, 0.0113454
_12656_, 268.34, 364.48, 0.0113454
FILLER_0_130_567, 268.34, 364.48, 0.0113454
_12160_, 281.14, 364.48, 0.0113734
_12161_, 281.14, 364.48, 0.0113734
_12248_, 281.14, 364.48, 0.0113734
_12625_, 281.14, 364.48, 0.0113734
_12626_, 281.14, 364.48, 0.0113734
_12657_, 281.14, 364.48, 0.0113734
FILLER_0_129_595, 281.14, 364.48, 0.0113734
FILLER_0_130_596, 281.14, 364.48, 0.0113734
FILLER_0_131_608, 281.14, 364.48, 0.0113734
_12241_, 293.94, 364.48, 0.011246
FILLER_0_130_618, 293.94, 364.48, 0.011246
FILLER_0_130_640, 293.94, 364.48, 0.011246
FILLER_0_131_638, 293.94, 364.48, 0.011246
_12272_, 306.74, 364.48, 0.011118
_12283_, 306.74, 364.48, 0.011118
_12284_, 306.74, 364.48, 0.011118
_12285_, 306.74, 364.48, 0.011118
_12314_, 306.74, 364.48, 0.011118
FILLER_0_130_645, 306.74, 364.48, 0.011118
FILLER_0_131_655, 306.74, 364.48, 0.011118
_12260_, 319.54, 364.48, 0.010929
_12270_, 319.54, 364.48, 0.010929
_12286_, 319.54, 364.48, 0.010929
_12576_, 319.54, 364.48, 0.010929
FILLER_0_129_673, 319.54, 364.48, 0.010929
FILLER_0_129_681, 319.54, 364.48, 0.010929
FILLER_0_130_683, 319.54, 364.48, 0.010929
_12527_, 345.14, 364.48, 0.0108309
_12553_, 345.14, 364.48, 0.0108309
_12555_, 345.14, 364.48, 0.0108309
FILLER_0_130_750, 345.14, 364.48, 0.0108309
FILLER_0_131_746, 345.14, 364.48, 0.0108309
_12311_, 357.94, 364.48, 0.010929
_12318_, 357.94, 364.48, 0.010929
_12319_, 357.94, 364.48, 0.010929
_12528_, 357.94, 364.48, 0.010929
_12529_, 357.94, 364.48, 0.010929
_12531_, 357.94, 364.48, 0.010929
_12533_, 357.94, 364.48, 0.010929
_12541_, 357.94, 364.48, 0.010929
_12566_, 357.94, 364.48, 0.010929
FILLER_0_129_758, 357.94, 364.48, 0.010929
FILLER_0_130_763, 357.94, 364.48, 0.010929
_12019_, 370.74, 364.48, 0.010954
_12295_, 370.74, 364.48, 0.010954
_12296_, 370.74, 364.48, 0.010954
_12530_, 370.74, 364.48, 0.010954
_12542_, 370.74, 364.48, 0.010954
_12543_, 370.74, 364.48, 0.010954
_12018_, 383.54, 364.48, 0.0109147
_12549_, 383.54, 364.48, 0.0109147
_12789_, 383.54, 364.48, 0.0109147
_12790_, 383.54, 364.48, 0.0109147
_13483_, 383.54, 364.48, 0.0109147
FILLER_0_129_815, 383.54, 364.48, 0.0109147
FILLER_0_130_809, 383.54, 364.48, 0.0109147
FILLER_0_130_832, 383.54, 364.48, 0.0109147
FILLER_0_131_822, 383.54, 364.48, 0.0109147
FILLER_0_131_828, 383.54, 364.48, 0.0109147
_12550_, 396.34, 364.48, 0.0108616
_13517_, 396.34, 364.48, 0.0108616
FILLER_0_129_836, 396.34, 364.48, 0.0108616
FILLER_0_130_842, 396.34, 364.48, 0.0108616
FILLER_0_130_860, 396.34, 364.48, 0.0108616
FILLER_0_131_861, 396.34, 364.48, 0.0108616
_09262_, 409.14, 364.48, 0.0108062
_09263_, 409.14, 364.48, 0.0108062
hold1741, 409.14, 364.48, 0.0108062
FILLER_0_130_869, 409.14, 364.48, 0.0108062
FILLER_0_130_875, 409.14, 364.48, 0.0108062
FILLER_0_130_888, 409.14, 364.48, 0.0108062
_09259_, 421.94, 364.48, 0.0107498
_17403_, 421.94, 364.48, 0.0107498
hold1653, 421.94, 364.48, 0.0107498
FILLER_0_129_892, 421.94, 364.48, 0.0107498
FILLER_0_129_897, 421.94, 364.48, 0.0107498
FILLER_0_129_905, 421.94, 364.48, 0.0107498
_09159_, 434.74, 364.48, 0.0106857
_09160_, 434.74, 364.48, 0.0106857
hold1903, 434.74, 364.48, 0.0106857
FILLER_0_130_937, 434.74, 364.48, 0.0106857
FILLER_0_131_942, 434.74, 364.48, 0.0106857
_09158_, 447.54, 364.48, 0.0106206
_17418_, 447.54, 364.48, 0.0106206
hold1596, 447.54, 364.48, 0.0106206
_09238_, 460.34, 364.48, 0.0105478
hold466, 460.34, 364.48, 0.0105478
FILLER_0_129_985, 460.34, 364.48, 0.0105478
FILLER_0_130_976, 460.34, 364.48, 0.0105478
FILLER_0_130_981, 460.34, 364.48, 0.0105478
FILLER_0_131_1001, 460.34, 364.48, 0.0105478
_09268_, 473.14, 364.48, 0.0104742
_09275_, 473.14, 364.48, 0.0104742
_17399_, 473.14, 364.48, 0.0104742
FILLER_0_129_1004, 473.14, 364.48, 0.0104742
FILLER_0_129_1009, 473.14, 364.48, 0.0104742
FILLER_0_131_1024, 473.14, 364.48, 0.0104742
_15020_, 498.137, 364.48, 0.0105162
_17392_, 498.137, 364.48, 0.0105162
FILLER_0_129_1059, 498.137, 364.48, 0.0105162
FILLER_0_129_1065, 498.137, 364.48, 0.0105162
FILLER_0_130_1065, 498.137, 364.48, 0.0105162
_17620_, 510.334, 364.48, 0.0106325
FILLER_0_131_1110, 510.334, 364.48, 0.0106325
_08824_, 522.531, 364.48, 0.0107419
_08825_, 522.531, 364.48, 0.0107419
_17617_, 522.531, 364.48, 0.0107419
clkbuf_leaf_144_clk, 522.531, 364.48, 0.0107419
hold1822, 522.531, 364.48, 0.0107419
FILLER_0_129_1117, 522.531, 364.48, 0.0107419
_08832_, 534.728, 364.48, 0.0108059
_17615_, 534.728, 364.48, 0.0108059
hold1978, 534.728, 364.48, 0.0108059
FILLER_0_129_1169, 546.925, 364.48, 0.0108625
FILLER_0_130_1193, 559.122, 364.48, 0.0109191
FILLER_0_130_1201, 559.122, 364.48, 0.0109191
PHY_254, 5.52, 359.04, 0.00780839
PHY_256, 5.52, 359.04, 0.00780839
PHY_255, 571.32, 359.04, 0.0103403
PHY_257, 571.32, 359.04, 0.0103403
FILLER_0_128_1217, 571.32, 359.04, 0.0103403
_10345_, 37.94, 359.04, 0.0080011
_16860_, 37.94, 359.04, 0.0080011
FILLER_0_127_57, 37.94, 359.04, 0.0080011
_10354_, 50.74, 359.04, 0.0081865
_10358_, 50.74, 359.04, 0.0081865
_10467_, 50.74, 359.04, 0.0081865
hold878, 50.74, 359.04, 0.0081865
FILLER_0_128_105, 50.74, 359.04, 0.0081865
FILLER_0_129_105, 50.74, 359.04, 0.0081865
_10466_, 63.54, 359.04, 0.00837071
_14353_, 63.54, 359.04, 0.00837071
clkbuf_leaf_52_clk, 63.54, 359.04, 0.00837071
hold1659, 63.54, 359.04, 0.00837071
hold2136, 63.54, 359.04, 0.00837071
FILLER_0_127_113, 63.54, 359.04, 0.00837071
FILLER_0_129_137, 63.54, 359.04, 0.00837071
_16796_, 76.34, 359.04, 0.00851101
_16797_, 76.34, 359.04, 0.00851101
hold758, 76.34, 359.04, 0.00851101
FILLER_0_128_161, 76.34, 359.04, 0.00851101
FILLER_0_129_162, 76.34, 359.04, 0.00851101
_10472_, 89.14, 359.04, 0.0086366
_10505_, 89.14, 359.04, 0.0086366
_14326_, 89.14, 359.04, 0.0086366
hold1938, 89.14, 359.04, 0.0086366
FILLER_0_127_180, 89.14, 359.04, 0.0086366
FILLER_0_128_187, 89.14, 359.04, 0.0086366
_14325_, 101.94, 359.04, 0.00876099
_14332_, 101.94, 359.04, 0.00876099
_16773_, 101.94, 359.04, 0.00876099
hold684, 101.94, 359.04, 0.00876099
FILLER_0_129_219, 101.94, 359.04, 0.00876099
_10518_, 114.74, 359.04, 0.00887745
_10891_, 114.74, 359.04, 0.00887745
FILLER_0_127_237, 114.74, 359.04, 0.00887745
FILLER_0_128_244, 114.74, 359.04, 0.00887745
FILLER_0_129_249, 114.74, 359.04, 0.00887745
_14119_, 127.54, 359.04, 0.00899349
_16587_, 127.54, 359.04, 0.00899349
hold329, 127.54, 359.04, 0.00899349
FILLER_0_128_273, 127.54, 359.04, 0.00899349
FILLER_0_129_273, 127.54, 359.04, 0.00899349
_10886_, 140.34, 359.04, 0.0091017
_14113_, 140.34, 359.04, 0.0091017
_16588_, 140.34, 359.04, 0.0091017
_16589_, 140.34, 359.04, 0.0091017
hold2089, 140.34, 359.04, 0.0091017
_10887_, 153.14, 359.04, 0.00919473
_16608_, 153.14, 359.04, 0.00919473
hold695, 153.14, 359.04, 0.00919473
FILLER_0_129_326, 153.14, 359.04, 0.00919473
_10851_, 165.94, 359.04, 0.00927991
_14141_, 165.94, 359.04, 0.00927991
hold991, 165.94, 359.04, 0.00927991
FILLER_0_128_351, 165.94, 359.04, 0.00927991
FILLER_0_129_361, 165.94, 359.04, 0.00927991
_12947_, 191.54, 359.04, 0.00970366
_15974_, 191.54, 359.04, 0.00970366
FILLER_0_128_409, 191.54, 359.04, 0.00970366
FILLER_0_128_417, 191.54, 359.04, 0.00970366
_12875_, 204.34, 359.04, 0.0100261
_12877_, 204.34, 359.04, 0.0100261
_12878_, 204.34, 359.04, 0.0100261
_13436_, 204.34, 359.04, 0.0100261
_15973_, 204.34, 359.04, 0.0100261
FILLER_0_127_420, 204.34, 359.04, 0.0100261
FILLER_0_129_439, 204.34, 359.04, 0.0100261
_12659_, 217.14, 359.04, 0.0103234
_12660_, 217.14, 359.04, 0.0103234
_13084_, 217.14, 359.04, 0.0103234
_15780_, 217.14, 359.04, 0.0103234
hold94, 217.14, 359.04, 0.0103234
FILLER_0_128_473, 217.14, 359.04, 0.0103234
_12620_, 229.94, 359.04, 0.0105228
_12621_, 229.94, 359.04, 0.0105228
_13001_, 229.94, 359.04, 0.0105228
_15909_, 229.94, 359.04, 0.0105228
ANTENNA_7, 229.94, 359.04, 0.0105228
FILLER_0_128_477, 229.94, 359.04, 0.0105228
FILLER_0_129_489, 229.94, 359.04, 0.0105228
FILLER_0_129_500, 229.94, 359.04, 0.0105228
_12079_, 242.74, 359.04, 0.0106906
_13000_, 242.74, 359.04, 0.0106906
_13365_, 242.74, 359.04, 0.0106906
_15910_, 242.74, 359.04, 0.0106906
_16006_, 242.74, 359.04, 0.0106906
FILLER_0_127_505, 242.74, 359.04, 0.0106906
_12080_, 255.54, 359.04, 0.0108286
_12081_, 255.54, 359.04, 0.0108286
_12156_, 255.54, 359.04, 0.0108286
_12154_, 268.34, 359.04, 0.010941
_12157_, 268.34, 359.04, 0.010941
_12249_, 268.34, 359.04, 0.010941
_12648_, 268.34, 359.04, 0.010941
_12654_, 268.34, 359.04, 0.010941
FILLER_0_129_573, 268.34, 359.04, 0.010941
_12649_, 281.14, 359.04, 0.0110075
_12650_, 281.14, 359.04, 0.0110075
_12651_, 281.14, 359.04, 0.0110075
_12652_, 281.14, 359.04, 0.0110075
_12653_, 281.14, 359.04, 0.0110075
FILLER_0_127_598, 281.14, 359.04, 0.0110075
FILLER_0_129_612, 281.14, 359.04, 0.0110075
_12614_, 293.94, 359.04, 0.0110334
_12615_, 293.94, 359.04, 0.0110334
_12663_, 293.94, 359.04, 0.0110334
FILLER_0_128_633, 293.94, 359.04, 0.0110334
FILLER_0_129_629, 293.94, 359.04, 0.0110334
_12096_, 306.74, 359.04, 0.011017
_12279_, 306.74, 359.04, 0.011017
_12618_, 306.74, 359.04, 0.011017
rebuffer17, 306.74, 359.04, 0.011017
FILLER_0_128_641, 306.74, 359.04, 0.011017
FILLER_0_128_657, 306.74, 359.04, 0.011017
FILLER_0_129_666, 306.74, 359.04, 0.011017
_12103_, 319.54, 359.04, 0.010853
_12258_, 319.54, 359.04, 0.010853
_12259_, 319.54, 359.04, 0.010853
_12266_, 319.54, 359.04, 0.010853
_12267_, 319.54, 359.04, 0.010853
FILLER_0_127_669, 319.54, 359.04, 0.010853
FILLER_0_127_673, 319.54, 359.04, 0.010853
FILLER_0_128_671, 319.54, 359.04, 0.010853
FILLER_0_128_693, 319.54, 359.04, 0.010853
FILLER_0_129_687, 319.54, 359.04, 0.010853
_12302_, 345.14, 359.04, 0.0107634
_12303_, 345.14, 359.04, 0.0107634
_12308_, 345.14, 359.04, 0.0107634
_12309_, 345.14, 359.04, 0.0107634
_12310_, 345.14, 359.04, 0.0107634
_12320_, 345.14, 359.04, 0.0107634
_12321_, 345.14, 359.04, 0.0107634
_12567_, 345.14, 359.04, 0.0107634
FILLER_0_128_750, 345.14, 359.04, 0.0107634
_12291_, 357.94, 359.04, 0.0107982
_12323_, 357.94, 359.04, 0.0107982
FILLER_0_129_778, 357.94, 359.04, 0.0107982
_12317_, 370.74, 359.04, 0.0108073
_16015_, 383.54, 359.04, 0.010811
hold39, 383.54, 359.04, 0.010811
hold2212, 383.54, 359.04, 0.010811
FILLER_0_127_811, 383.54, 359.04, 0.010811
FILLER_0_128_813, 383.54, 359.04, 0.010811
FILLER_0_129_823, 383.54, 359.04, 0.010811
_12909_, 396.34, 359.04, 0.0107933
_12910_, 396.34, 359.04, 0.0107933
_15960_, 396.34, 359.04, 0.0107933
hold2161, 396.34, 359.04, 0.0107933
FILLER_0_127_841, 396.34, 359.04, 0.0107933
FILLER_0_128_861, 396.34, 359.04, 0.0107933
FILLER_0_129_853, 396.34, 359.04, 0.0107933
_09251_, 409.14, 359.04, 0.010754
_17407_, 409.14, 359.04, 0.010754
hold1128, 409.14, 359.04, 0.010754
FILLER_0_127_864, 409.14, 359.04, 0.010754
_09258_, 421.94, 359.04, 0.0107069
_15028_, 421.94, 359.04, 0.0107069
_15029_, 421.94, 359.04, 0.0107069
hold1905, 421.94, 359.04, 0.0107069
FILLER_0_127_905, 421.94, 359.04, 0.0107069
FILLER_0_128_912, 421.94, 359.04, 0.0107069
FILLER_0_129_917, 421.94, 359.04, 0.0107069
_09146_, 434.74, 359.04, 0.0106586
_09147_, 434.74, 359.04, 0.0106586
_09161_, 434.74, 359.04, 0.0106586
_15078_, 434.74, 359.04, 0.0106586
_17453_, 434.74, 359.04, 0.0106586
_17459_, 434.74, 359.04, 0.0106586
hold554, 434.74, 359.04, 0.0106586
_15081_, 447.54, 359.04, 0.0105949
_17455_, 447.54, 359.04, 0.0105949
_09279_, 460.34, 359.04, 0.010524
_15010_, 460.34, 359.04, 0.010524
_17393_, 460.34, 359.04, 0.010524
hold1415, 460.34, 359.04, 0.010524
FILLER_0_127_981, 460.34, 359.04, 0.010524
_09269_, 473.14, 359.04, 0.0104433
_15013_, 473.14, 359.04, 0.0104433
_17395_, 473.14, 359.04, 0.0104433
_17398_, 473.14, 359.04, 0.0104433
clkbuf_leaf_154_clk, 473.14, 359.04, 0.0104433
FILLER_0_127_1005, 473.14, 359.04, 0.0104433
FILLER_0_127_1009, 473.14, 359.04, 0.0104433
FILLER_0_128_1013, 473.14, 359.04, 0.0104433
_09283_, 498.137, 359.04, 0.0103238
_15012_, 498.137, 359.04, 0.0103238
_15017_, 498.137, 359.04, 0.0103238
_17391_, 498.137, 359.04, 0.0103238
FILLER_0_127_1061, 498.137, 359.04, 0.0103238
FILLER_0_127_1070, 498.137, 359.04, 0.0103238
FILLER_0_128_1062, 498.137, 359.04, 0.0103238
_09282_, 510.334, 359.04, 0.0103322
hold369, 510.334, 359.04, 0.0103322
FILLER_0_128_1088, 510.334, 359.04, 0.0103322
FILLER_0_129_1104, 510.334, 359.04, 0.0103322
_15264_, 522.531, 359.04, 0.01034
_17616_, 522.531, 359.04, 0.01034
hold227, 522.531, 359.04, 0.01034
FILLER_0_127_1113, 522.531, 359.04, 0.01034
FILLER_0_127_1121, 522.531, 359.04, 0.01034
FILLER_0_128_1113, 522.531, 359.04, 0.01034
FILLER_0_128_1121, 522.531, 359.04, 0.01034
_15259_, 534.728, 359.04, 0.0103403
_15260_, 534.728, 359.04, 0.0103403
FILLER_0_128_1139, 534.728, 359.04, 0.0103403
FILLER_0_127_1166, 546.925, 359.04, 0.0103403
FILLER_0_128_1197, 559.122, 359.04, 0.0103403
PHY_250, 5.52, 353.6, 0.00791496
PHY_252, 5.52, 353.6, 0.00791496
PHY_251, 571.32, 353.6, 0.0102848
PHY_253, 571.32, 353.6, 0.0102848
FILLER_0_125_1223, 571.32, 353.6, 0.0102848
FILLER_0_126_1217, 571.32, 353.6, 0.0102848
_16857_, 15.33, 353.6, 0.00791496
FILLER_0_125_21, 15.33, 353.6, 0.00791496
FILLER_0_127_27, 15.33, 353.6, 0.00791496
_10344_, 37.94, 353.6, 0.00808886
_10355_, 37.94, 353.6, 0.00808886
_14415_, 37.94, 353.6, 0.00808886
_16853_, 37.94, 353.6, 0.00808886
_16855_, 37.94, 353.6, 0.00808886
_10477_, 50.74, 353.6, 0.00825339
_16794_, 50.74, 353.6, 0.00825339
hold979, 50.74, 353.6, 0.00825339
hold2075, 50.74, 353.6, 0.00825339
FILLER_0_127_103, 50.74, 353.6, 0.00825339
_10468_, 63.54, 353.6, 0.00840957
_14344_, 63.54, 353.6, 0.00840957
_14351_, 63.54, 353.6, 0.00840957
_16791_, 63.54, 353.6, 0.00840957
_16799_, 63.54, 353.6, 0.00840957
_10470_, 76.34, 353.6, 0.00854911
_10473_, 76.34, 353.6, 0.00854911
_14350_, 76.34, 353.6, 0.00854911
_16774_, 76.34, 353.6, 0.00854911
hold503, 76.34, 353.6, 0.00854911
_10516_, 89.14, 353.6, 0.00868042
_10517_, 89.14, 353.6, 0.00868042
_14329_, 89.14, 353.6, 0.00868042
_16777_, 89.14, 353.6, 0.00868042
_16780_, 89.14, 353.6, 0.00868042
hold428, 89.14, 353.6, 0.00868042
_10510_, 101.94, 353.6, 0.00879641
_10519_, 101.94, 353.6, 0.00879641
hold317, 101.94, 353.6, 0.00879641
FILLER_0_127_214, 101.94, 353.6, 0.00879641
_10899_, 114.74, 353.6, 0.00891146
_16583_, 114.74, 353.6, 0.00891146
FILLER_0_125_237, 114.74, 353.6, 0.00891146
FILLER_0_126_244, 114.74, 353.6, 0.00891146
_10898_, 127.54, 353.6, 0.00901921
_14111_, 127.54, 353.6, 0.00901921
_14114_, 127.54, 353.6, 0.00901921
_14118_, 127.54, 353.6, 0.00901921
FILLER_0_126_257, 127.54, 353.6, 0.00901921
FILLER_0_126_265, 127.54, 353.6, 0.00901921
FILLER_0_127_273, 127.54, 353.6, 0.00901921
_10893_, 140.34, 353.6, 0.00912449
_14120_, 140.34, 353.6, 0.00912449
FILLER_0_125_281, 140.34, 353.6, 0.00912449
FILLER_0_126_299, 140.34, 353.6, 0.00912449
_10847_, 153.14, 353.6, 0.00922939
_10848_, 153.14, 353.6, 0.00922939
_10849_, 153.14, 353.6, 0.00922939
_14133_, 153.14, 353.6, 0.00922939
_16609_, 153.14, 353.6, 0.00922939
FILLER_0_125_312, 153.14, 353.6, 0.00922939
FILLER_0_126_321, 153.14, 353.6, 0.00922939
_14137_, 165.94, 353.6, 0.00932467
_16607_, 165.94, 353.6, 0.00932467
hold1799, 165.94, 353.6, 0.00932467
FILLER_0_125_345, 165.94, 353.6, 0.00932467
FILLER_0_126_357, 165.94, 353.6, 0.00932467
FILLER_0_127_349, 165.94, 353.6, 0.00932467
_13401_, 191.54, 353.6, 0.00976194
clkbuf_5_12__f_clk, 191.54, 353.6, 0.00976194
FILLER_0_126_409, 191.54, 353.6, 0.00976194
FILLER_0_126_417, 191.54, 353.6, 0.00976194
_18085_, 204.34, 353.6, 0.0100226
FILLER_0_126_433, 204.34, 353.6, 0.0100226
FILLER_0_127_439, 204.34, 353.6, 0.0100226
_07893_, 217.14, 353.6, 0.0102712
FILLER_0_126_468, 217.14, 353.6, 0.0102712
_12670_, 229.94, 353.6, 0.0105159
_13364_, 229.94, 353.6, 0.0105159
_15845_, 229.94, 353.6, 0.0105159
hold2260, 229.94, 353.6, 0.0105159
FILLER_0_125_476, 229.94, 353.6, 0.0105159
FILLER_0_125_484, 229.94, 353.6, 0.0105159
FILLER_0_127_498, 229.94, 353.6, 0.0105159
_13293_, 242.74, 353.6, 0.0106445
FILLER_0_126_522, 242.74, 353.6, 0.0106445
FILLER_0_127_529, 242.74, 353.6, 0.0106445
_12076_, 255.54, 353.6, 0.0107729
_12077_, 255.54, 353.6, 0.0107729
_12078_, 268.34, 353.6, 0.0108927
_12153_, 268.34, 353.6, 0.0108927
_12158_, 268.34, 353.6, 0.0108927
_12159_, 268.34, 353.6, 0.0108927
_12665_, 268.34, 353.6, 0.0108927
_12666_, 268.34, 353.6, 0.0108927
FILLER_0_125_561, 268.34, 353.6, 0.0108927
FILLER_0_127_573, 268.34, 353.6, 0.0108927
_12086_, 281.14, 353.6, 0.010955
_12152_, 281.14, 353.6, 0.010955
_12280_, 281.14, 353.6, 0.010955
_12664_, 281.14, 353.6, 0.010955
_12668_, 281.14, 353.6, 0.010955
FILLER_0_125_595, 281.14, 353.6, 0.010955
FILLER_0_126_603, 281.14, 353.6, 0.010955
FILLER_0_127_611, 281.14, 353.6, 0.010955
_12281_, 293.94, 353.6, 0.010922
_12282_, 293.94, 353.6, 0.010922
_12616_, 293.94, 353.6, 0.010922
_13113_, 293.94, 353.6, 0.010922
FILLER_0_126_625, 293.94, 353.6, 0.010922
FILLER_0_127_629, 293.94, 353.6, 0.010922
_12271_, 306.74, 353.6, 0.0107967
_12278_, 306.74, 353.6, 0.0107967
_12617_, 306.74, 353.6, 0.0107967
FILLER_0_127_660, 306.74, 353.6, 0.0107967
_12112_, 319.54, 353.6, 0.0106448
_12299_, 319.54, 353.6, 0.0106448
FILLER_0_126_690, 319.54, 353.6, 0.0106448
FILLER_0_127_685, 319.54, 353.6, 0.0106448
_12301_, 345.14, 353.6, 0.0105171
_12551_, 345.14, 353.6, 0.0105171
FILLER_0_126_752, 345.14, 353.6, 0.0105171
_12287_, 357.94, 353.6, 0.0105438
_12288_, 357.94, 353.6, 0.0105438
_12293_, 357.94, 353.6, 0.0105438
FILLER_0_126_757, 357.94, 353.6, 0.0105438
_13030_, 370.74, 353.6, 0.0105293
FILLER_0_126_807, 370.74, 353.6, 0.0105293
FILLER_0_127_797, 370.74, 353.6, 0.0105293
_12791_, 383.54, 353.6, 0.0105106
_13341_, 383.54, 353.6, 0.0105106
_13482_, 383.54, 353.6, 0.0105106
FILLER_0_127_830, 383.54, 353.6, 0.0105106
_13420_, 396.34, 353.6, 0.0104894
_09250_, 409.14, 353.6, 0.0104681
_09256_, 409.14, 353.6, 0.0104681
_17404_, 409.14, 353.6, 0.0104681
FILLER_0_125_877, 409.14, 353.6, 0.0104681
FILLER_0_126_869, 409.14, 353.6, 0.0104681
FILLER_0_127_881, 409.14, 353.6, 0.0104681
_09248_, 421.94, 353.6, 0.0104393
_17408_, 421.94, 353.6, 0.0104393
_17452_, 421.94, 353.6, 0.0104393
hold1405, 421.94, 353.6, 0.0104393
FILLER_0_125_905, 421.94, 353.6, 0.0104393
FILLER_0_126_916, 421.94, 353.6, 0.0104393
_09152_, 434.74, 353.6, 0.0103956
_09153_, 434.74, 353.6, 0.0103956
_15079_, 434.74, 353.6, 0.0103956
_15082_, 434.74, 353.6, 0.0103956
_15085_, 434.74, 353.6, 0.0103956
hold736, 434.74, 353.6, 0.0103956
FILLER_0_127_940, 434.74, 353.6, 0.0103956
_09154_, 447.54, 353.6, 0.0103504
_09155_, 447.54, 353.6, 0.0103504
hold1026, 447.54, 353.6, 0.0103504
FILLER_0_126_973, 447.54, 353.6, 0.0103504
_09278_, 460.34, 353.6, 0.0103043
_15057_, 460.34, 353.6, 0.0103043
hold737, 460.34, 353.6, 0.0103043
FILLER_0_127_997, 460.34, 353.6, 0.0103043
_09192_, 473.14, 353.6, 0.0102574
_09193_, 473.14, 353.6, 0.0102574
_15060_, 473.14, 353.6, 0.0102574
hold137, 473.14, 353.6, 0.0102574
FILLER_0_126_1005, 473.14, 353.6, 0.0102574
FILLER_0_126_1027, 473.14, 353.6, 0.0102574
_09270_, 498.137, 353.6, 0.0102327
_09271_, 498.137, 353.6, 0.0102327
_15011_, 498.137, 353.6, 0.0102327
_17397_, 498.137, 353.6, 0.0102327
hold198, 498.137, 353.6, 0.0102327
_08892_, 510.334, 353.6, 0.0102483
_08893_, 510.334, 353.6, 0.0102483
FILLER_0_126_1087, 510.334, 353.6, 0.0102483
_08840_, 522.531, 353.6, 0.0102635
_15256_, 522.531, 353.6, 0.0102635
_17612_, 522.531, 353.6, 0.0102635
hold990, 522.531, 353.6, 0.0102635
FILLER_0_125_1114, 522.531, 353.6, 0.0102635
FILLER_0_125_1121, 522.531, 353.6, 0.0102635
_15258_, 534.728, 353.6, 0.010271
hold1494, 534.728, 353.6, 0.010271
FILLER_0_126_1144, 534.728, 353.6, 0.010271
FILLER_0_126_1149, 534.728, 353.6, 0.010271
_08919_, 546.925, 353.6, 0.010278
FILLER_0_125_1166, 546.925, 353.6, 0.010278
FILLER_0_125_1173, 546.925, 353.6, 0.010278
_17577_, 559.122, 353.6, 0.0102848
FILLER_0_126_1196, 559.122, 353.6, 0.0102848
PHY_246, 5.52, 348.16, 0.0080797
PHY_248, 5.52, 348.16, 0.0080797
output47, 5.52, 348.16, 0.0080797
_08910_, 571.32, 348.16, 0.0109374
PHY_247, 571.32, 348.16, 0.0109374
PHY_249, 571.32, 348.16, 0.0109374
output28, 571.32, 348.16, 0.0109374
hold724, 571.32, 348.16, 0.0109374
_16852_, 15.33, 348.16, 0.00806424
FILLER_0_124_29, 15.33, 348.16, 0.00806424
_10359_, 37.94, 348.16, 0.00824942
_14413_, 37.94, 348.16, 0.00824942
_14420_, 37.94, 348.16, 0.00824942
FILLER_0_124_63, 37.94, 348.16, 0.00824942
FILLER_0_124_73, 37.94, 348.16, 0.00824942
FILLER_0_124_81, 37.94, 348.16, 0.00824942
_10483_, 50.74, 348.16, 0.00845492
FILLER_0_124_109, 50.74, 348.16, 0.00845492
FILLER_0_125_105, 50.74, 348.16, 0.00845492
_10469_, 63.54, 348.16, 0.00866022
_10476_, 63.54, 348.16, 0.00866022
_10482_, 63.54, 348.16, 0.00866022
_14345_, 63.54, 348.16, 0.00866022
_14348_, 63.54, 348.16, 0.00866022
_16798_, 63.54, 348.16, 0.00866022
hold1468, 63.54, 348.16, 0.00866022
_10511_, 89.14, 348.16, 0.00905343
clkbuf_5_9__f_clk, 89.14, 348.16, 0.00905343
FILLER_0_124_177, 89.14, 348.16, 0.00905343
FILLER_0_124_186, 89.14, 348.16, 0.00905343
_10786_, 101.94, 348.16, 0.00915088
_10802_, 101.94, 348.16, 0.00915088
_10803_, 101.94, 348.16, 0.00915088
clkbuf_leaf_42_clk, 101.94, 348.16, 0.00915088
hold928, 101.94, 348.16, 0.00915088
FILLER_0_125_218, 101.94, 348.16, 0.00915088
_10792_, 114.74, 348.16, 0.00921255
_10793_, 114.74, 348.16, 0.00921255
_16581_, 114.74, 348.16, 0.00921255
hold117, 114.74, 348.16, 0.00921255
hold1334, 114.74, 348.16, 0.00921255
FILLER_0_124_245, 114.74, 348.16, 0.00921255
FILLER_0_125_245, 114.74, 348.16, 0.00921255
_10902_, 127.54, 348.16, 0.00926569
_10903_, 127.54, 348.16, 0.00926569
_14112_, 127.54, 348.16, 0.00926569
hold530, 127.54, 348.16, 0.00926569
FILLER_0_124_275, 127.54, 348.16, 0.00926569
_10892_, 140.34, 348.16, 0.00931774
_10894_, 140.34, 348.16, 0.00931774
_14115_, 140.34, 348.16, 0.00931774
_14117_, 140.34, 348.16, 0.00931774
_16586_, 140.34, 348.16, 0.00931774
FILLER_0_124_304, 140.34, 348.16, 0.00931774
FILLER_0_125_304, 140.34, 348.16, 0.00931774
_10860_, 153.14, 348.16, 0.00936183
_10861_, 153.14, 348.16, 0.00936183
_14142_, 153.14, 348.16, 0.00936183
_16602_, 153.14, 348.16, 0.00936183
hold595, 153.14, 348.16, 0.00936183
hold1082, 153.14, 348.16, 0.00936183
FILLER_0_124_317, 153.14, 348.16, 0.00936183
_10846_, 165.94, 348.16, 0.00939725
_10855_, 165.94, 348.16, 0.00939725
_14138_, 165.94, 348.16, 0.00939725
_14139_, 165.94, 348.16, 0.00939725
_16605_, 165.94, 348.16, 0.00939725
FILLER_0_123_337, 165.94, 348.16, 0.00939725
FILLER_0_124_352, 165.94, 348.16, 0.00939725
_12946_, 191.54, 348.16, 0.00972167
hold2175, 191.54, 348.16, 0.00972167
ANTENNA_22, 191.54, 348.16, 0.00972167
FILLER_0_124_412, 191.54, 348.16, 0.00972167
_07894_, 204.34, 348.16, 0.0100098
_07896_, 204.34, 348.16, 0.0100098
_07897_, 204.34, 348.16, 0.0100098
_15779_, 204.34, 348.16, 0.0100098
FILLER_0_125_437, 204.34, 348.16, 0.0100098
FILLER_0_125_443, 204.34, 348.16, 0.0100098
_12684_, 217.14, 348.16, 0.0102884
_13086_, 217.14, 348.16, 0.0102884
FILLER_0_124_457, 217.14, 348.16, 0.0102884
FILLER_0_124_472, 217.14, 348.16, 0.0102884
_12669_, 229.94, 348.16, 0.0103791
_13085_, 229.94, 348.16, 0.0103791
_13292_, 229.94, 348.16, 0.0103791
hold83, 229.94, 348.16, 0.0103791
FILLER_0_124_494, 229.94, 348.16, 0.0103791
_13003_, 242.74, 348.16, 0.0104555
_13363_, 242.74, 348.16, 0.0104555
clkbuf_leaf_100_clk, 242.74, 348.16, 0.0104555
FILLER_0_123_510, 242.74, 348.16, 0.0104555
FILLER_0_124_522, 242.74, 348.16, 0.0104555
_12812_, 255.54, 348.16, 0.0104891
_13470_, 255.54, 348.16, 0.0104891
hold2191, 255.54, 348.16, 0.0104891
FILLER_0_124_536, 255.54, 348.16, 0.0104891
FILLER_0_125_553, 255.54, 348.16, 0.0104891
_12082_, 268.34, 348.16, 0.010515
_12667_, 268.34, 348.16, 0.010515
_12087_, 281.14, 348.16, 0.0105269
_12141_, 281.14, 348.16, 0.0105269
_12557_, 281.14, 348.16, 0.0105269
FILLER_0_123_597, 281.14, 348.16, 0.0105269
FILLER_0_124_608, 281.14, 348.16, 0.0105269
_12091_, 293.94, 348.16, 0.0105152
FILLER_0_125_629, 293.94, 348.16, 0.0105152
_11979_, 306.74, 348.16, 0.0104937
_13134_, 306.74, 348.16, 0.0104937
FILLER_0_124_645, 306.74, 348.16, 0.0104937
FILLER_0_125_656, 306.74, 348.16, 0.0104937
FILLER_0_124_691, 319.54, 348.16, 0.010448
FILLER_0_124_749, 345.14, 348.16, 0.0105204
_12292_, 357.94, 348.16, 0.0106386
hold19, 357.94, 348.16, 0.0106386
_12388_, 370.74, 348.16, 0.0107459
_15888_, 370.74, 348.16, 0.0107459
FILLER_0_124_793, 370.74, 348.16, 0.0107459
FILLER_0_124_805, 370.74, 348.16, 0.0107459
FILLER_0_125_797, 370.74, 348.16, 0.0107459
_12785_, 383.54, 348.16, 0.010815
clkbuf_5_25__f_clk, 383.54, 348.16, 0.010815
hold2217, 383.54, 348.16, 0.010815
FILLER_0_125_834, 383.54, 348.16, 0.010815
_12851_, 396.34, 348.16, 0.0108025
clkbuf_leaf_158_clk, 396.34, 348.16, 0.0108025
FILLER_0_124_845, 396.34, 348.16, 0.0108025
_09249_, 409.14, 348.16, 0.0107403
_09257_, 409.14, 348.16, 0.0107403
_15025_, 409.14, 348.16, 0.0107403
FILLER_0_124_865, 409.14, 348.16, 0.0107403
_09245_, 421.94, 348.16, 0.0106776
_15021_, 421.94, 348.16, 0.0106776
_15031_, 421.94, 348.16, 0.0106776
_17456_, 421.94, 348.16, 0.0106776
FILLER_0_124_905, 421.94, 348.16, 0.0106776
FILLER_0_124_915, 421.94, 348.16, 0.0106776
_09156_, 434.74, 348.16, 0.0106054
hold1933, 434.74, 348.16, 0.0106054
FILLER_0_125_945, 434.74, 348.16, 0.0106054
_09196_, 447.54, 348.16, 0.0105326
_09197_, 447.54, 348.16, 0.0105326
_17434_, 447.54, 348.16, 0.0105326
FILLER_0_124_949, 447.54, 348.16, 0.0105326
FILLER_0_124_957, 447.54, 348.16, 0.0105326
FILLER_0_125_965, 447.54, 348.16, 0.0105326
_09199_, 460.34, 348.16, 0.0104522
_15058_, 460.34, 348.16, 0.0104522
_17436_, 460.34, 348.16, 0.0104522
hold1187, 460.34, 348.16, 0.0104522
FILLER_0_125_1002, 460.34, 348.16, 0.0104522
_09189_, 473.14, 348.16, 0.0103639
_17438_, 473.14, 348.16, 0.0103639
FILLER_0_124_1027, 473.14, 348.16, 0.0103639
FILLER_0_125_1084, 498.137, 348.16, 0.0103791
_08885_, 510.334, 348.16, 0.0104901
_17586_, 510.334, 348.16, 0.0104901
hold1612, 510.334, 348.16, 0.0104901
FILLER_0_124_1085, 510.334, 348.16, 0.0104901
FILLER_0_125_1100, 510.334, 348.16, 0.0104901
_08826_, 522.531, 348.16, 0.0105935
_08827_, 522.531, 348.16, 0.0105935
_08838_, 522.531, 348.16, 0.0105935
_08839_, 522.531, 348.16, 0.0105935
_08841_, 522.531, 348.16, 0.0105935
_08896_, 522.531, 348.16, 0.0105935
_08897_, 522.531, 348.16, 0.0105935
_17614_, 522.531, 348.16, 0.0105935
hold1529, 522.531, 348.16, 0.0105935
hold1818, 522.531, 348.16, 0.0105935
FILLER_0_123_1117, 522.531, 348.16, 0.0105935
FILLER_0_124_1121, 522.531, 348.16, 0.0105935
FILLER_0_125_1128, 522.531, 348.16, 0.0105935
_08836_, 534.728, 348.16, 0.0106879
_08837_, 534.728, 348.16, 0.0106879
_17573_, 534.728, 348.16, 0.0106879
hold1753, 534.728, 348.16, 0.0106879
FILLER_0_123_1149, 534.728, 348.16, 0.0106879
FILLER_0_124_1152, 534.728, 348.16, 0.0106879
_08918_, 546.925, 348.16, 0.0107746
_15211_, 546.925, 348.16, 0.0107746
hold1046, 546.925, 348.16, 0.0107746
hold1871, 546.925, 348.16, 0.0107746
FILLER_0_125_1188, 546.925, 348.16, 0.0107746
_08911_, 559.122, 348.16, 0.01086
_08917_, 559.122, 348.16, 0.01086
_15214_, 559.122, 348.16, 0.01086
_15217_, 559.122, 348.16, 0.01086
_17574_, 559.122, 348.16, 0.01086
hold958, 559.122, 348.16, 0.01086
FILLER_0_123_1192, 559.122, 348.16, 0.01086
FILLER_0_124_1193, 559.122, 348.16, 0.01086
PHY_242, 5.52, 342.72, 0.008096
PHY_244, 5.52, 342.72, 0.008096
PHY_243, 571.32, 342.72, 0.0105366
PHY_245, 571.32, 342.72, 0.0105366
hold1365, 571.32, 342.72, 0.0105366
FILLER_0_122_29, 15.33, 342.72, 0.008096
_10349_, 37.94, 342.72, 0.00824283
_14410_, 37.94, 342.72, 0.00824283
_14414_, 37.94, 342.72, 0.00824283
_14418_, 37.94, 342.72, 0.00824283
_16854_, 37.94, 342.72, 0.00824283
FILLER_0_121_65, 37.94, 342.72, 0.00824283
_10356_, 50.74, 342.72, 0.00838007
_10357_, 50.74, 342.72, 0.00838007
hold841, 50.74, 342.72, 0.00838007
FILLER_0_123_105, 50.74, 342.72, 0.00838007
_10427_, 63.54, 342.72, 0.00851638
_10436_, 63.54, 342.72, 0.00851638
hold2014, 63.54, 342.72, 0.00851638
FILLER_0_122_134, 63.54, 342.72, 0.00851638
_10432_, 76.34, 342.72, 0.00865179
hold1448, 76.34, 342.72, 0.00865179
FILLER_0_123_161, 76.34, 342.72, 0.00865179
_10787_, 89.14, 342.72, 0.0087865
FILLER_0_122_189, 89.14, 342.72, 0.0087865
FILLER_0_123_193, 89.14, 342.72, 0.0087865
_14175_, 101.94, 342.72, 0.008921
_16631_, 101.94, 342.72, 0.008921
_16636_, 101.94, 342.72, 0.008921
_16639_, 101.94, 342.72, 0.008921
_14167_, 114.74, 342.72, 0.00903391
_14172_, 114.74, 342.72, 0.00903391
FILLER_0_121_228, 114.74, 342.72, 0.00903391
FILLER_0_121_236, 114.74, 342.72, 0.00903391
_16585_, 127.54, 342.72, 0.00914647
clkbuf_leaf_43_clk, 127.54, 342.72, 0.00914647
FILLER_0_122_253, 127.54, 342.72, 0.00914647
_10885_, 140.34, 342.72, 0.00920749
_10897_, 140.34, 342.72, 0.00920749
_14121_, 140.34, 342.72, 0.00920749
_16590_, 140.34, 342.72, 0.00920749
hold977, 140.34, 342.72, 0.00920749
hold2013, 140.34, 342.72, 0.00920749
FILLER_0_123_305, 140.34, 342.72, 0.00920749
_10862_, 153.14, 342.72, 0.00925981
_10863_, 153.14, 342.72, 0.00925981
_14135_, 153.14, 342.72, 0.00925981
_16601_, 153.14, 342.72, 0.00925981
_10845_, 165.94, 342.72, 0.00930444
_10852_, 165.94, 342.72, 0.00930444
_10853_, 165.94, 342.72, 0.00930444
_14143_, 165.94, 342.72, 0.00930444
_16606_, 165.94, 342.72, 0.00930444
hold561, 165.94, 342.72, 0.00930444
hold1209, 165.94, 342.72, 0.00930444
FILLER_0_123_350, 165.94, 342.72, 0.00930444
_16036_, 191.54, 342.72, 0.0095273
hold2266, 191.54, 342.72, 0.0095273
FILLER_0_122_401, 191.54, 342.72, 0.0095273
FILLER_0_122_414, 191.54, 342.72, 0.0095273
FILLER_0_123_417, 191.54, 342.72, 0.0095273
_12881_, 204.34, 342.72, 0.00969628
_15972_, 204.34, 342.72, 0.00969628
hold2247, 204.34, 342.72, 0.00969628
FILLER_0_122_444, 204.34, 342.72, 0.00969628
_12880_, 217.14, 342.72, 0.00984322
_15844_, 217.14, 342.72, 0.00984322
hold101, 217.14, 342.72, 0.00984322
hold102, 217.14, 342.72, 0.00984322
_15908_, 229.94, 342.72, 0.0099606
FILLER_0_122_489, 229.94, 342.72, 0.0099606
FILLER_0_123_496, 229.94, 342.72, 0.0099606
_12813_, 242.74, 342.72, 0.0100669
_13362_, 242.74, 342.72, 0.0100669
_16004_, 242.74, 342.72, 0.0100669
hold51, 242.74, 342.72, 0.0100669
hold55, 242.74, 342.72, 0.0100669
_12068_, 255.54, 342.72, 0.0101492
_12815_, 255.54, 342.72, 0.0101492
_16003_, 255.54, 342.72, 0.0101492
FILLER_0_122_541, 255.54, 342.72, 0.0101492
hold2211, 268.34, 342.72, 0.0102143
FILLER_0_122_583, 268.34, 342.72, 0.0102143
_12140_, 281.14, 342.72, 0.0102744
_12220_, 281.14, 342.72, 0.0102744
_12222_, 281.14, 342.72, 0.0102744
_12680_, 281.14, 342.72, 0.0102744
FILLER_0_121_599, 281.14, 342.72, 0.0102744
FILLER_0_122_601, 281.14, 342.72, 0.0102744
_12245_, 293.94, 342.72, 0.0103029
FILLER_0_122_635, 293.94, 342.72, 0.0103029
_13129_, 306.74, 342.72, 0.0103215
FILLER_0_121_647, 306.74, 342.72, 0.0103215
FILLER_0_123_665, 306.74, 342.72, 0.0103215
_12795_, 319.54, 342.72, 0.0103292
_12796_, 319.54, 342.72, 0.0103292
_13373_, 319.54, 342.72, 0.0103292
_13480_, 319.54, 342.72, 0.0103292
_16013_, 319.54, 342.72, 0.0103292
FILLER_0_122_669, 319.54, 342.72, 0.0103292
_12573_, 345.14, 342.72, 0.0104188
_13032_, 345.14, 342.72, 0.0104188
_15886_, 345.14, 342.72, 0.0104188
hold2183, 345.14, 342.72, 0.0104188
FILLER_0_122_738, 345.14, 342.72, 0.0104188
FILLER_0_123_741, 345.14, 342.72, 0.0104188
_13339_, 357.94, 342.72, 0.0104947
FILLER_0_123_776, 357.94, 342.72, 0.0104947
_12784_, 370.74, 342.72, 0.0105704
_13343_, 370.74, 342.72, 0.0105704
_15890_, 370.74, 342.72, 0.0105704
hold37, 370.74, 342.72, 0.0105704
FILLER_0_121_785, 370.74, 342.72, 0.0105704
FILLER_0_122_781, 370.74, 342.72, 0.0105704
FILLER_0_122_798, 370.74, 342.72, 0.0105704
_12339_, 383.54, 342.72, 0.0106271
_12517_, 383.54, 342.72, 0.0106271
_13485_, 383.54, 342.72, 0.0106271
_16018_, 383.54, 342.72, 0.0106271
_16050_, 383.54, 342.72, 0.0106271
FILLER_0_121_820, 383.54, 342.72, 0.0106271
_07866_, 396.34, 342.72, 0.010652
_07867_, 396.34, 342.72, 0.010652
_12850_, 396.34, 342.72, 0.010652
_13450_, 396.34, 342.72, 0.010652
_13520_, 396.34, 342.72, 0.010652
_15986_, 396.34, 342.72, 0.010652
FILLER_0_121_841, 396.34, 342.72, 0.010652
_15026_, 409.14, 342.72, 0.0106525
_17405_, 409.14, 342.72, 0.0106525
_17410_, 409.14, 342.72, 0.0106525
hold2251, 409.14, 342.72, 0.0106525
FILLER_0_122_865, 409.14, 342.72, 0.0106525
FILLER_0_122_881, 409.14, 342.72, 0.0106525
FILLER_0_123_882, 409.14, 342.72, 0.0106525
_09254_, 421.94, 342.72, 0.0106336
hold1001, 421.94, 342.72, 0.0106336
hold1208, 421.94, 342.72, 0.0106336
FILLER_0_121_900, 421.94, 342.72, 0.0106336
FILLER_0_123_915, 421.94, 342.72, 0.0106336
_09145_, 434.74, 342.72, 0.0106135
_09157_, 434.74, 342.72, 0.0106135
_15076_, 434.74, 342.72, 0.0106135
_15080_, 434.74, 342.72, 0.0106135
_17454_, 434.74, 342.72, 0.0106135
_17460_, 434.74, 342.72, 0.0106135
FILLER_0_121_924, 434.74, 342.72, 0.0106135
FILLER_0_123_942, 434.74, 342.72, 0.0106135
_17433_, 447.54, 342.72, 0.0105766
_17435_, 447.54, 342.72, 0.0105766
clkbuf_leaf_152_clk, 447.54, 342.72, 0.0105766
FILLER_0_123_965, 447.54, 342.72, 0.0105766
_09194_, 460.34, 342.72, 0.0104783
_09198_, 460.34, 342.72, 0.0104783
_15059_, 460.34, 342.72, 0.0104783
hold1343, 460.34, 342.72, 0.0104783
_09188_, 473.14, 342.72, 0.0103789
_15056_, 473.14, 342.72, 0.0103789
_15062_, 473.14, 342.72, 0.0103789
_17432_, 473.14, 342.72, 0.0103789
clkbuf_leaf_153_clk, 473.14, 342.72, 0.0103789
hold1629, 473.14, 342.72, 0.0103789
_17590_, 498.137, 342.72, 0.0103263
FILLER_0_121_1060, 498.137, 342.72, 0.0103263
FILLER_0_123_1077, 498.137, 342.72, 0.0103263
_08884_, 510.334, 342.72, 0.0104113
_15227_, 510.334, 342.72, 0.0104113
_15231_, 510.334, 342.72, 0.0104113
_17584_, 510.334, 342.72, 0.0104113
hold1213, 510.334, 342.72, 0.0104113
FILLER_0_121_1089, 510.334, 342.72, 0.0104113
FILLER_0_122_1085, 510.334, 342.72, 0.0104113
_17619_, 522.531, 342.72, 0.0104885
clkbuf_leaf_145_clk, 522.531, 342.72, 0.0104885
FILLER_0_121_1121, 522.531, 342.72, 0.0104885
FILLER_0_122_1113, 522.531, 342.72, 0.0104885
_15257_, 534.728, 342.72, 0.0105122
_15263_, 534.728, 342.72, 0.0105122
_17576_, 534.728, 342.72, 0.0105122
hold2038, 534.728, 342.72, 0.0105122
FILLER_0_122_1157, 534.728, 342.72, 0.0105122
_08912_, 546.925, 342.72, 0.0105282
_08913_, 546.925, 342.72, 0.0105282
_08923_, 546.925, 342.72, 0.0105282
_15213_, 546.925, 342.72, 0.0105282
_15216_, 546.925, 342.72, 0.0105282
_17571_, 546.925, 342.72, 0.0105282
hold1507, 546.925, 342.72, 0.0105282
FILLER_0_121_1169, 546.925, 342.72, 0.0105282
_08916_, 559.122, 342.72, 0.0105361
_08921_, 559.122, 342.72, 0.0105361
_08922_, 559.122, 342.72, 0.0105361
_17572_, 559.122, 342.72, 0.0105361
FILLER_0_121_1201, 559.122, 342.72, 0.0105361
FILLER_0_122_1195, 559.122, 342.72, 0.0105361
PHY_238, 5.52, 337.28, 0.00821747
PHY_240, 5.52, 337.28, 0.00821747
PHY_239, 571.32, 337.28, 0.0106941
PHY_241, 571.32, 337.28, 0.0106941
FILLER_0_119_1217, 571.32, 337.28, 0.0106941
FILLER_0_120_1217, 571.32, 337.28, 0.0106941
_16859_, 15.33, 337.28, 0.00821747
FILLER_0_120_29, 15.33, 337.28, 0.00821747
FILLER_0_121_27, 15.33, 337.28, 0.00821747
_16851_, 37.94, 337.28, 0.00844023
hold899, 37.94, 337.28, 0.00844023
hold1710, 37.94, 337.28, 0.00844023
_10362_, 50.74, 337.28, 0.00866034
_16814_, 50.74, 337.28, 0.00866034
clkbuf_5_8__f_clk, 50.74, 337.28, 0.00866034
hold961, 50.74, 337.28, 0.00866034
FILLER_0_119_89, 50.74, 337.28, 0.00866034
FILLER_0_121_104, 50.74, 337.28, 0.00866034
_10426_, 63.54, 337.28, 0.00879219
_10433_, 63.54, 337.28, 0.00879219
_10437_, 63.54, 337.28, 0.00879219
_14366_, 63.54, 337.28, 0.00879219
_14370_, 63.54, 337.28, 0.00879219
_16819_, 63.54, 337.28, 0.00879219
hold291, 63.54, 337.28, 0.00879219
_14367_, 76.34, 337.28, 0.00891372
_14372_, 76.34, 337.28, 0.00891372
_16811_, 76.34, 337.28, 0.00891372
hold923, 76.34, 337.28, 0.00891372
_10442_, 89.14, 337.28, 0.00902734
FILLER_0_120_190, 89.14, 337.28, 0.00902734
FILLER_0_121_193, 89.14, 337.28, 0.00902734
_10799_, 101.94, 337.28, 0.00914073
FILLER_0_119_205, 101.94, 337.28, 0.00914073
_10800_, 114.74, 337.28, 0.00925393
_14166_, 114.74, 337.28, 0.00925393
_14168_, 114.74, 337.28, 0.00925393
_16632_, 114.74, 337.28, 0.00925393
hold502, 114.74, 337.28, 0.00925393
FILLER_0_119_233, 114.74, 337.28, 0.00925393
FILLER_0_120_233, 114.74, 337.28, 0.00925393
_10801_, 127.54, 337.28, 0.00935718
_10895_, 127.54, 337.28, 0.00935718
_14116_, 127.54, 337.28, 0.00935718
_16584_, 127.54, 337.28, 0.00935718
hold992, 127.54, 337.28, 0.00935718
hold2054, 127.54, 337.28, 0.00935718
_10884_, 140.34, 337.28, 0.00945171
_10896_, 140.34, 337.28, 0.00945171
hold1819, 140.34, 337.28, 0.00945171
_13111_, 153.14, 337.28, 0.00954533
_14134_, 153.14, 337.28, 0.00954533
FILLER_0_120_333, 153.14, 337.28, 0.00954533
FILLER_0_121_321, 153.14, 337.28, 0.00954533
FILLER_0_121_327, 153.14, 337.28, 0.00954533
_16610_, 165.94, 337.28, 0.0095878
clkbuf_leaf_35_clk, 165.94, 337.28, 0.0095878
FILLER_0_120_356, 165.94, 337.28, 0.0095878
_13505_, 191.54, 337.28, 0.010006
_16035_, 191.54, 337.28, 0.010006
_18084_, 191.54, 337.28, 0.010006
clkbuf_leaf_36_clk, 191.54, 337.28, 0.010006
hold2156, 191.54, 337.28, 0.010006
FILLER_0_121_413, 191.54, 337.28, 0.010006
_07899_, 204.34, 337.28, 0.0103676
_13435_, 204.34, 337.28, 0.0103676
FILLER_0_121_439, 204.34, 337.28, 0.0103676
_07898_, 217.14, 337.28, 0.010726
_12682_, 217.14, 337.28, 0.010726
_12683_, 217.14, 337.28, 0.010726
_15971_, 217.14, 337.28, 0.010726
FILLER_0_120_448, 217.14, 337.28, 0.010726
FILLER_0_121_467, 217.14, 337.28, 0.010726
_13004_, 229.94, 337.28, 0.0110447
_13291_, 229.94, 337.28, 0.0110447
_15843_, 229.94, 337.28, 0.0110447
_15907_, 229.94, 337.28, 0.0110447
FILLER_0_121_489, 229.94, 337.28, 0.0110447
_12067_, 242.74, 337.28, 0.0113371
_12070_, 242.74, 337.28, 0.0113371
_12219_, 242.74, 337.28, 0.0113371
_13087_, 242.74, 337.28, 0.0113371
hold77, 242.74, 337.28, 0.0113371
_12069_, 255.54, 337.28, 0.0116033
_12071_, 255.54, 337.28, 0.0116033
_12072_, 255.54, 337.28, 0.0116033
_12224_, 255.54, 337.28, 0.0116033
_12814_, 255.54, 337.28, 0.0116033
_13469_, 255.54, 337.28, 0.0116033
FILLER_0_119_537, 255.54, 337.28, 0.0116033
_12679_, 268.34, 337.28, 0.0118237
_12690_, 268.34, 337.28, 0.0118237
_12691_, 268.34, 337.28, 0.0118237
_12692_, 268.34, 337.28, 0.0118237
FILLER_0_119_561, 268.34, 337.28, 0.0118237
FILLER_0_121_581, 268.34, 337.28, 0.0118237
_12217_, 281.14, 337.28, 0.011934
_12218_, 281.14, 337.28, 0.011934
_12225_, 281.14, 337.28, 0.011934
_12226_, 281.14, 337.28, 0.011934
_12244_, 281.14, 337.28, 0.011934
_12676_, 281.14, 337.28, 0.011934
_12678_, 281.14, 337.28, 0.011934
_12681_, 281.14, 337.28, 0.011934
_12227_, 293.94, 337.28, 0.0117177
_12674_, 293.94, 337.28, 0.0117177
_12675_, 293.94, 337.28, 0.0117177
_12677_, 293.94, 337.28, 0.0117177
_12689_, 293.94, 337.28, 0.0117177
_13125_, 293.94, 337.28, 0.0117177
FILLER_0_121_635, 293.94, 337.28, 0.0117177
_12792_, 306.74, 337.28, 0.0113848
_13366_, 306.74, 337.28, 0.0113848
_13399_, 306.74, 337.28, 0.0113848
_15917_, 306.74, 337.28, 0.0113848
FILLER_0_120_645, 306.74, 337.28, 0.0113848
FILLER_0_121_668, 306.74, 337.28, 0.0113848
_12990_, 319.54, 337.28, 0.0110265
_13076_, 319.54, 337.28, 0.0110265
clkbuf_leaf_102_clk, 319.54, 337.28, 0.0110265
hold65, 319.54, 337.28, 0.0110265
hold2227, 319.54, 337.28, 0.0110265
FILLER_0_119_673, 319.54, 337.28, 0.0110265
_13515_, 345.14, 337.28, 0.0107184
clkbuf_leaf_163_clk, 345.14, 337.28, 0.0107184
_12113_, 357.94, 337.28, 0.0107977
_12331_, 357.94, 337.28, 0.0107977
_12343_, 357.94, 337.28, 0.0107977
_12344_, 357.94, 337.28, 0.0107977
_12002_, 370.74, 337.28, 0.0108567
_12003_, 370.74, 337.28, 0.0108567
_12510_, 370.74, 337.28, 0.0108567
_13027_, 370.74, 337.28, 0.0108567
FILLER_0_120_800, 370.74, 337.28, 0.0108567
_12513_, 383.54, 337.28, 0.0108813
_12516_, 383.54, 337.28, 0.0108813
hold2202, 383.54, 337.28, 0.0108813
FILLER_0_120_825, 383.54, 337.28, 0.0108813
_13071_, 396.34, 337.28, 0.0108945
_13307_, 396.34, 337.28, 0.0108945
_18098_, 396.34, 337.28, 0.0108945
hold84, 396.34, 337.28, 0.0108945
hold85, 396.34, 337.28, 0.0108945
_09255_, 409.14, 337.28, 0.0108779
_12515_, 409.14, 337.28, 0.0108779
_09244_, 421.94, 337.28, 0.0107895
FILLER_0_120_914, 421.94, 337.28, 0.0107895
_09150_, 434.74, 337.28, 0.0107008
_15083_, 434.74, 337.28, 0.0107008
hold1305, 434.74, 337.28, 0.0107008
FILLER_0_120_925, 434.74, 337.28, 0.0107008
_09144_, 447.54, 337.28, 0.0106112
_09195_, 447.54, 337.28, 0.0106112
_15086_, 447.54, 337.28, 0.0106112
hold2058, 447.54, 337.28, 0.0106112
FILLER_0_119_947, 447.54, 337.28, 0.0106112
_09191_, 460.34, 337.28, 0.0105205
_09202_, 460.34, 337.28, 0.0105205
_15054_, 460.34, 337.28, 0.0105205
_09187_, 473.14, 337.28, 0.0104275
_09200_, 473.14, 337.28, 0.0104275
_09201_, 473.14, 337.28, 0.0104275
_15063_, 473.14, 337.28, 0.0104275
clkbuf_5_28__f_clk, 473.14, 337.28, 0.0104275
hold1432, 473.14, 337.28, 0.0104275
FILLER_0_120_1025, 473.14, 337.28, 0.0104275
_08848_, 498.137, 337.28, 0.010382
_15248_, 498.137, 337.28, 0.010382
hold787, 498.137, 337.28, 0.010382
hold921, 498.137, 337.28, 0.010382
FILLER_0_120_1081, 498.137, 337.28, 0.010382
_08894_, 510.334, 337.28, 0.0105174
_15225_, 510.334, 337.28, 0.0105174
clkbuf_5_29__f_clk, 510.334, 337.28, 0.0105174
_17613_, 522.531, 337.28, 0.010567
FILLER_0_120_1137, 522.531, 337.28, 0.010567
_15262_, 534.728, 337.28, 0.0106098
FILLER_0_120_1145, 534.728, 337.28, 0.0106098
_08908_, 546.925, 337.28, 0.0106525
_08909_, 546.925, 337.28, 0.0106525
_08915_, 546.925, 337.28, 0.0106525
hold1729, 546.925, 337.28, 0.0106525
FILLER_0_119_1165, 546.925, 337.28, 0.0106525
FILLER_0_120_1173, 546.925, 337.28, 0.0106525
_08920_, 559.122, 337.28, 0.0106941
_15212_, 559.122, 337.28, 0.0106941
clkbuf_leaf_146_clk, 559.122, 337.28, 0.0106941
FILLER_0_120_1201, 559.122, 337.28, 0.0106941
FILLER_0_121_1214, 559.122, 337.28, 0.0106941
PHY_234, 5.52, 331.84, 0.00815659
PHY_236, 5.52, 331.84, 0.00815659
_08905_, 571.32, 331.84, 0.0102788
PHY_235, 571.32, 331.84, 0.0102788
PHY_237, 571.32, 331.84, 0.0102788
hold379, 571.32, 331.84, 0.0102788
_16856_, 15.33, 331.84, 0.00815659
_10348_, 37.94, 331.84, 0.00830154
_10363_, 37.94, 331.84, 0.00830154
_14411_, 37.94, 331.84, 0.00830154
FILLER_0_117_69, 37.94, 331.84, 0.00830154
FILLER_0_118_61, 37.94, 331.84, 0.00830154
FILLER_0_118_79, 37.94, 331.84, 0.00830154
FILLER_0_119_81, 37.94, 331.84, 0.00830154
FILLER_0_117_96, 50.74, 331.84, 0.00845131
_10430_, 63.54, 331.84, 0.00860108
_14373_, 63.54, 331.84, 0.00860108
_14375_, 63.54, 331.84, 0.00860108
_16816_, 63.54, 331.84, 0.00860108
hold130, 63.54, 331.84, 0.00860108
FILLER_0_118_133, 63.54, 331.84, 0.00860108
_10440_, 76.34, 331.84, 0.00874271
_10443_, 76.34, 331.84, 0.00874271
_14368_, 76.34, 331.84, 0.00874271
FILLER_0_117_152, 76.34, 331.84, 0.00874271
FILLER_0_118_165, 76.34, 331.84, 0.00874271
FILLER_0_119_158, 76.34, 331.84, 0.00874271
_10877_, 89.14, 331.84, 0.00888374
clkbuf_leaf_47_clk, 89.14, 331.84, 0.00888374
FILLER_0_118_173, 89.14, 331.84, 0.00888374
FILLER_0_118_191, 89.14, 331.84, 0.00888374
_10798_, 101.94, 331.84, 0.00898036
_14169_, 101.94, 331.84, 0.00898036
_14176_, 101.94, 331.84, 0.00898036
_16633_, 101.94, 331.84, 0.00898036
_16640_, 101.94, 331.84, 0.00898036
FILLER_0_118_197, 101.94, 331.84, 0.00898036
FILLER_0_119_218, 101.94, 331.84, 0.00898036
_10784_, 114.74, 331.84, 0.00906222
_10785_, 114.74, 331.84, 0.00906222
_10795_, 114.74, 331.84, 0.00906222
_14171_, 114.74, 331.84, 0.00906222
_16635_, 114.74, 331.84, 0.00906222
hold985, 114.74, 331.84, 0.00906222
FILLER_0_117_231, 114.74, 331.84, 0.00906222
FILLER_0_118_244, 114.74, 331.84, 0.00906222
hold650, 127.54, 331.84, 0.00913568
_16615_, 140.34, 331.84, 0.00920862
FILLER_0_117_281, 140.34, 331.84, 0.00920862
FILLER_0_118_301, 140.34, 331.84, 0.00920862
_10840_, 153.14, 331.84, 0.00927447
_14149_, 153.14, 331.84, 0.00927447
_16612_, 153.14, 331.84, 0.00927447
hold1583, 153.14, 331.84, 0.00927447
FILLER_0_117_310, 153.14, 331.84, 0.00927447
FILLER_0_118_321, 153.14, 331.84, 0.00927447
FILLER_0_119_329, 153.14, 331.84, 0.00927447
_10836_, 165.94, 331.84, 0.00933234
_10837_, 165.94, 331.84, 0.00933234
_14148_, 165.94, 331.84, 0.00933234
_16614_, 165.94, 331.84, 0.00933234
_16616_, 165.94, 331.84, 0.00933234
hold664, 165.94, 331.84, 0.00933234
FILLER_0_117_337, 165.94, 331.84, 0.00933234
FILLER_0_118_339, 165.94, 331.84, 0.00933234
_12695_, 191.54, 331.84, 0.00961955
_12696_, 191.54, 331.84, 0.00961955
_13504_, 191.54, 331.84, 0.00961955
FILLER_0_118_394, 191.54, 331.84, 0.00961955
FILLER_0_118_409, 191.54, 331.84, 0.00961955
FILLER_0_118_417, 191.54, 331.84, 0.00961955
_12883_, 204.34, 331.84, 0.00985933
_15778_, 204.34, 331.84, 0.00985933
_18083_, 204.34, 331.84, 0.00985933
FILLER_0_118_433, 204.34, 331.84, 0.00985933
FILLER_0_119_433, 204.34, 331.84, 0.00985933
_13322_, 217.14, 331.84, 0.0100826
_13433_, 217.14, 331.84, 0.0100826
_13434_, 217.14, 331.84, 0.0100826
FILLER_0_118_460, 217.14, 331.84, 0.0100826
_12693_, 229.94, 331.84, 0.0102993
_12694_, 229.94, 331.84, 0.0102993
FILLER_0_118_477, 229.94, 331.84, 0.0102993
FILLER_0_119_501, 229.94, 331.84, 0.0102993
FILLER_0_117_505, 242.74, 331.84, 0.0103398
FILLER_0_117_513, 242.74, 331.84, 0.0103398
FILLER_0_118_523, 242.74, 331.84, 0.0103398
_12223_, 255.54, 331.84, 0.0103803
FILLER_0_119_552, 255.54, 331.84, 0.0103803
_12216_, 268.34, 331.84, 0.0104176
FILLER_0_118_581, 268.34, 331.84, 0.0104176
FILLER_0_119_577, 268.34, 331.84, 0.0104176
_12073_, 281.14, 331.84, 0.0104505
_12214_, 281.14, 331.84, 0.0104505
_12215_, 281.14, 331.84, 0.0104505
_12221_, 281.14, 331.84, 0.0104505
_12246_, 281.14, 331.84, 0.0104505
FILLER_0_118_609, 281.14, 331.84, 0.0104505
FILLER_0_119_603, 281.14, 331.84, 0.0104505
_12688_, 293.94, 331.84, 0.010413
FILLER_0_118_633, 293.94, 331.84, 0.010413
_12991_, 306.74, 331.84, 0.0103669
FILLER_0_117_653, 306.74, 331.84, 0.0103669
FILLER_0_118_641, 306.74, 331.84, 0.0103669
FILLER_0_119_664, 306.74, 331.84, 0.0103669
_12571_, 319.54, 331.84, 0.0103173
_13302_, 319.54, 331.84, 0.0103173
_15853_, 319.54, 331.84, 0.0103173
FILLER_0_118_669, 319.54, 331.84, 0.0103173
FILLER_0_118_695, 319.54, 331.84, 0.0103173
_13445_, 345.14, 331.84, 0.0103503
FILLER_0_118_752, 345.14, 331.84, 0.0103503
FILLER_0_119_749, 345.14, 331.84, 0.0103503
_12340_, 357.94, 331.84, 0.0104511
_12347_, 357.94, 331.84, 0.0104511
_12509_, 357.94, 331.84, 0.0104511
FILLER_0_117_766, 357.94, 331.84, 0.0104511
FILLER_0_118_769, 357.94, 331.84, 0.0104511
FILLER_0_118_777, 357.94, 331.84, 0.0104511
_12001_, 370.74, 331.84, 0.0105366
_12512_, 370.74, 331.84, 0.0105366
_12984_, 370.74, 331.84, 0.0105366
_15922_, 370.74, 331.84, 0.0105366
hold46, 370.74, 331.84, 0.0105366
FILLER_0_118_795, 370.74, 331.84, 0.0105366
FILLER_0_118_807, 370.74, 331.84, 0.0105366
_13510_, 383.54, 331.84, 0.0105177
_15858_, 383.54, 331.84, 0.0105177
FILLER_0_118_813, 383.54, 331.84, 0.0105177
_12514_, 396.34, 331.84, 0.0104837
_13519_, 396.34, 331.84, 0.0104837
_15794_, 396.34, 331.84, 0.0104837
FILLER_0_117_841, 396.34, 331.84, 0.0104837
FILLER_0_118_863, 396.34, 331.84, 0.0104837
FILLER_0_119_889, 409.14, 331.84, 0.0104398
_09163_, 421.94, 331.84, 0.0103959
_17451_, 421.94, 331.84, 0.0103959
hold651, 421.94, 331.84, 0.0103959
FILLER_0_117_905, 421.94, 331.84, 0.0103959
FILLER_0_118_905, 421.94, 331.84, 0.0103959
FILLER_0_118_913, 421.94, 331.84, 0.0103959
_09151_, 434.74, 331.84, 0.0103443
_09162_, 434.74, 331.84, 0.0103443
_15077_, 434.74, 331.84, 0.0103443
_15084_, 434.74, 331.84, 0.0103443
_17458_, 434.74, 331.84, 0.0103443
hold672, 434.74, 331.84, 0.0103443
FILLER_0_117_933, 434.74, 331.84, 0.0103443
FILLER_0_119_941, 434.74, 331.84, 0.0103443
_09148_, 447.54, 331.84, 0.0102842
_09203_, 447.54, 331.84, 0.0102842
_15055_, 447.54, 331.84, 0.0102842
_17431_, 447.54, 331.84, 0.0102842
hold1271, 447.54, 331.84, 0.0102842
FILLER_0_117_953, 447.54, 331.84, 0.0102842
FILLER_0_119_965, 447.54, 331.84, 0.0102842
FILLER_0_119_971, 447.54, 331.84, 0.0102842
_09190_, 460.34, 331.84, 0.010216
_15061_, 460.34, 331.84, 0.010216
_15064_, 460.34, 331.84, 0.010216
_17439_, 460.34, 331.84, 0.010216
_17440_, 460.34, 331.84, 0.010216
hold968, 460.34, 331.84, 0.010216
hold1462, 460.34, 331.84, 0.010216
FILLER_0_119_996, 460.34, 331.84, 0.010216
_09184_, 473.14, 331.84, 0.0101319
hold312, 473.14, 331.84, 0.0101319
hold413, 473.14, 331.84, 0.0101319
FILLER_0_117_1012, 473.14, 331.84, 0.0101319
_08846_, 498.137, 331.84, 0.0101433
_15251_, 498.137, 331.84, 0.0101433
_15252_, 498.137, 331.84, 0.0101433
_17585_, 498.137, 331.84, 0.0101433
clkbuf_leaf_149_clk, 498.137, 331.84, 0.0101433
_08887_, 510.334, 331.84, 0.0101913
_08895_, 510.334, 331.84, 0.0101913
_15226_, 510.334, 331.84, 0.0101913
_15230_, 510.334, 331.84, 0.0101913
_17583_, 510.334, 331.84, 0.0101913
_17589_, 510.334, 331.84, 0.0101913
_08829_, 522.531, 331.84, 0.0102251
_08886_, 522.531, 331.84, 0.0102251
_17618_, 522.531, 331.84, 0.0102251
hold907, 522.531, 331.84, 0.0102251
FILLER_0_117_1121, 522.531, 331.84, 0.0102251
_08828_, 534.728, 331.84, 0.0102513
_08842_, 534.728, 331.84, 0.0102513
_17578_, 534.728, 331.84, 0.0102513
hold1452, 534.728, 331.84, 0.0102513
hold1772, 534.728, 331.84, 0.0102513
_08914_, 546.925, 331.84, 0.0102693
_15210_, 546.925, 331.84, 0.0102693
_17575_, 546.925, 331.84, 0.0102693
hold1071, 546.925, 331.84, 0.0102693
FILLER_0_117_1165, 546.925, 331.84, 0.0102693
FILLER_0_119_1190, 546.925, 331.84, 0.0102693
_08906_, 559.122, 331.84, 0.010278
_08907_, 559.122, 331.84, 0.010278
_15219_, 559.122, 331.84, 0.010278
_15220_, 559.122, 331.84, 0.010278
_17579_, 559.122, 331.84, 0.010278
hold367, 559.122, 331.84, 0.010278
FILLER_0_118_1200, 559.122, 331.84, 0.010278
top_130, 5.52, 326.4, 0.00813646
PHY_230, 5.52, 326.4, 0.00813646
PHY_232, 5.52, 326.4, 0.00813646
PHY_231, 571.32, 326.4, 0.0104999
PHY_233, 571.32, 326.4, 0.0104999
output3, 571.32, 326.4, 0.0104999
ANTENNA_4, 571.32, 326.4, 0.0104999
_14388_, 37.94, 326.4, 0.00827902
_14392_, 37.94, 326.4, 0.00827902
_14396_, 37.94, 326.4, 0.00827902
_16834_, 37.94, 326.4, 0.00827902
hold813, 37.94, 326.4, 0.00827902
FILLER_0_116_61, 37.94, 326.4, 0.00827902
_10396_, 50.74, 326.4, 0.00841169
_10431_, 50.74, 326.4, 0.00841169
_16817_, 50.74, 326.4, 0.00841169
hold1067, 50.74, 326.4, 0.00841169
FILLER_0_116_96, 50.74, 326.4, 0.00841169
FILLER_0_117_104, 50.74, 326.4, 0.00841169
_10434_, 63.54, 326.4, 0.00853631
_10441_, 63.54, 326.4, 0.00853631
_14371_, 63.54, 326.4, 0.00853631
hold1490, 63.54, 326.4, 0.00853631
FILLER_0_116_132, 63.54, 326.4, 0.00853631
FILLER_0_117_139, 63.54, 326.4, 0.00853631
_10428_, 76.34, 326.4, 0.00865983
_16812_, 76.34, 326.4, 0.00865983
hold1163, 76.34, 326.4, 0.00865983
hold1737, 76.34, 326.4, 0.00865983
FILLER_0_117_164, 76.34, 326.4, 0.00865983
_10864_, 89.14, 326.4, 0.00877501
_10872_, 89.14, 326.4, 0.00877501
_14126_, 89.14, 326.4, 0.00877501
_16594_, 89.14, 326.4, 0.00877501
_16600_, 89.14, 326.4, 0.00877501
hold2129, 89.14, 326.4, 0.00877501
_10789_, 101.94, 326.4, 0.00887481
_10873_, 101.94, 326.4, 0.00887481
_16638_, 101.94, 326.4, 0.00887481
hold969, 101.94, 326.4, 0.00887481
hold1892, 101.94, 326.4, 0.00887481
_10788_, 114.74, 326.4, 0.00896606
_10796_, 114.74, 326.4, 0.00896606
_10797_, 114.74, 326.4, 0.00896606
_14173_, 114.74, 326.4, 0.00896606
_16634_, 114.74, 326.4, 0.00896606
_16637_, 114.74, 326.4, 0.00896606
FILLER_0_116_233, 114.74, 326.4, 0.00896606
_10790_, 127.54, 326.4, 0.00904232
_10794_, 127.54, 326.4, 0.00904232
_14170_, 127.54, 326.4, 0.00904232
hold1081, 127.54, 326.4, 0.00904232
FILLER_0_117_269, 127.54, 326.4, 0.00904232
FILLER_0_117_277, 127.54, 326.4, 0.00904232
_10834_, 140.34, 326.4, 0.00911745
_10835_, 140.34, 326.4, 0.00911745
FILLER_0_115_293, 140.34, 326.4, 0.00911745
FILLER_0_116_290, 140.34, 326.4, 0.00911745
FILLER_0_116_301, 140.34, 326.4, 0.00911745
_10831_, 153.14, 326.4, 0.00919218
_10841_, 153.14, 326.4, 0.00919218
_14146_, 153.14, 326.4, 0.00919218
hold534, 153.14, 326.4, 0.00919218
hold722, 153.14, 326.4, 0.00919218
_10833_, 165.94, 326.4, 0.00926531
_14150_, 165.94, 326.4, 0.00926531
_16611_, 165.94, 326.4, 0.00926531
FILLER_0_116_348, 165.94, 326.4, 0.00926531
FILLER_0_116_359, 165.94, 326.4, 0.00926531
_12706_, 191.54, 326.4, 0.00957446
_12707_, 191.54, 326.4, 0.00957446
_13503_, 191.54, 326.4, 0.00957446
FILLER_0_115_400, 191.54, 326.4, 0.00957446
FILLER_0_116_413, 191.54, 326.4, 0.00957446
_07900_, 204.34, 326.4, 0.00981298
_07901_, 204.34, 326.4, 0.00981298
FILLER_0_117_441, 204.34, 326.4, 0.00981298
_12882_, 217.14, 326.4, 0.0100451
_13290_, 217.14, 326.4, 0.0100451
clkbuf_leaf_31_clk, 217.14, 326.4, 0.0100451
FILLER_0_117_461, 217.14, 326.4, 0.0100451
_13499_, 229.94, 326.4, 0.0102213
_15906_, 229.94, 326.4, 0.0102213
hold88, 229.94, 326.4, 0.0102213
FILLER_0_116_488, 229.94, 326.4, 0.0102213
FILLER_0_117_497, 229.94, 326.4, 0.0102213
_12064_, 242.74, 326.4, 0.0103784
_13005_, 242.74, 326.4, 0.0103784
_13361_, 242.74, 326.4, 0.0103784
_13466_, 242.74, 326.4, 0.0103784
hold62, 242.74, 326.4, 0.0103784
FILLER_0_115_509, 242.74, 326.4, 0.0103784
_12066_, 255.54, 326.4, 0.0105206
_12816_, 255.54, 326.4, 0.0105206
hold2224, 255.54, 326.4, 0.0105206
_12701_, 268.34, 326.4, 0.0106387
FILLER_0_116_580, 268.34, 326.4, 0.0106387
FILLER_0_117_585, 268.34, 326.4, 0.0106387
_12230_, 281.14, 326.4, 0.0107557
_12231_, 281.14, 326.4, 0.0107557
_12702_, 281.14, 326.4, 0.0107557
FILLER_0_117_606, 281.14, 326.4, 0.0107557
_12232_, 293.94, 326.4, 0.0108202
_12238_, 293.94, 326.4, 0.0108202
_12240_, 293.94, 326.4, 0.0108202
_12703_, 293.94, 326.4, 0.0108202
FILLER_0_116_625, 293.94, 326.4, 0.0108202
FILLER_0_116_633, 293.94, 326.4, 0.0108202
_13112_, 306.74, 326.4, 0.0108327
_15874_, 306.74, 326.4, 0.0108327
max_cap118, 306.74, 326.4, 0.0108327
ANTENNA_3, 306.74, 326.4, 0.0108327
FILLER_0_115_647, 306.74, 326.4, 0.0108327
FILLER_0_117_663, 306.74, 326.4, 0.0108327
_12572_, 319.54, 326.4, 0.0106822
_13326_, 319.54, 326.4, 0.0106822
_18093_, 319.54, 326.4, 0.0106822
hold24, 319.54, 326.4, 0.0106822
FILLER_0_116_673, 319.54, 326.4, 0.0106822
_12012_, 345.14, 326.4, 0.0105028
_12345_, 345.14, 326.4, 0.0105028
_12518_, 345.14, 326.4, 0.0105028
_12519_, 345.14, 326.4, 0.0105028
_12522_, 345.14, 326.4, 0.0105028
FILLER_0_115_729, 345.14, 326.4, 0.0105028
FILLER_0_116_730, 345.14, 326.4, 0.0105028
_12342_, 357.94, 326.4, 0.0105663
_12348_, 357.94, 326.4, 0.0105663
_12349_, 357.94, 326.4, 0.0105663
_12505_, 357.94, 326.4, 0.0105663
_12506_, 357.94, 326.4, 0.0105663
_12508_, 357.94, 326.4, 0.0105663
_12511_, 357.94, 326.4, 0.0105663
_12520_, 357.94, 326.4, 0.0105663
_12521_, 357.94, 326.4, 0.0105663
_13477_, 383.54, 326.4, 0.0105645
_13487_, 383.54, 326.4, 0.0105645
_16049_, 383.54, 326.4, 0.0105645
clkbuf_leaf_162_clk, 383.54, 326.4, 0.0105645
FILLER_0_115_812, 383.54, 326.4, 0.0105645
FILLER_0_117_830, 383.54, 326.4, 0.0105645
_12526_, 396.34, 326.4, 0.0105152
hold2262, 396.34, 326.4, 0.0105152
FILLER_0_115_836, 396.34, 326.4, 0.0105152
_09164_, 409.14, 326.4, 0.0104587
_09165_, 409.14, 326.4, 0.0104587
_17446_, 409.14, 326.4, 0.0104587
_17450_, 409.14, 326.4, 0.0104587
FILLER_0_116_869, 409.14, 326.4, 0.0104587
FILLER_0_117_883, 409.14, 326.4, 0.0104587
_09172_, 421.94, 326.4, 0.0103875
_09173_, 421.94, 326.4, 0.0103875
_15068_, 421.94, 326.4, 0.0103875
_15075_, 421.94, 326.4, 0.0103875
_17457_, 421.94, 326.4, 0.0103875
hold873, 421.94, 326.4, 0.0103875
FILLER_0_115_903, 421.94, 326.4, 0.0103875
FILLER_0_116_910, 421.94, 326.4, 0.0103875
_09149_, 434.74, 326.4, 0.0103079
_09178_, 434.74, 326.4, 0.0103079
_09179_, 434.74, 326.4, 0.0103079
hold1091, 434.74, 326.4, 0.0103079
FILLER_0_116_925, 434.74, 326.4, 0.0103079
FILLER_0_117_945, 434.74, 326.4, 0.0103079
_09293_, 447.54, 326.4, 0.0102273
_14976_, 447.54, 326.4, 0.0102273
_17437_, 447.54, 326.4, 0.0102273
hold1287, 447.54, 326.4, 0.0102273
FILLER_0_116_973, 447.54, 326.4, 0.0102273
FILLER_0_117_964, 447.54, 326.4, 0.0102273
_09185_, 460.34, 326.4, 0.0101371
FILLER_0_116_993, 460.34, 326.4, 0.0101371
_09186_, 473.14, 326.4, 0.0100467
_17604_, 473.14, 326.4, 0.0100467
FILLER_0_116_1011, 473.14, 326.4, 0.0100467
_08844_, 498.137, 326.4, 0.0100371
_08889_, 498.137, 326.4, 0.0100371
_15243_, 498.137, 326.4, 0.0100371
_15246_, 498.137, 326.4, 0.0100371
FILLER_0_116_1060, 498.137, 326.4, 0.0100371
FILLER_0_116_1068, 498.137, 326.4, 0.0100371
FILLER_0_116_1074, 498.137, 326.4, 0.0100371
FILLER_0_117_1080, 498.137, 326.4, 0.0100371
_08888_, 510.334, 326.4, 0.0101229
_08898_, 510.334, 326.4, 0.0101229
_08899_, 510.334, 326.4, 0.0101229
_15224_, 510.334, 326.4, 0.0101229
hold389, 510.334, 326.4, 0.0101229
hold1793, 510.334, 326.4, 0.0101229
FILLER_0_116_1088, 510.334, 326.4, 0.0101229
FILLER_0_116_1093, 510.334, 326.4, 0.0101229
FILLER_0_116_1106, 510.334, 326.4, 0.0101229
_15254_, 522.531, 326.4, 0.0102068
_17611_, 522.531, 326.4, 0.0102068
FILLER_0_116_1125, 522.531, 326.4, 0.0102068
_08843_, 534.728, 326.4, 0.0102822
_15255_, 534.728, 326.4, 0.0102822
FILLER_0_116_1144, 534.728, 326.4, 0.0102822
FILLER_0_117_1157, 534.728, 326.4, 0.0102822
_15215_, 546.925, 326.4, 0.0103573
_15218_, 546.925, 326.4, 0.0103573
_17580_, 559.122, 326.4, 0.010432
FILLER_0_116_1197, 559.122, 326.4, 0.010432
PHY_226, 5.52, 320.96, 0.00814757
PHY_228, 5.52, 320.96, 0.00814757
_08904_, 571.32, 320.96, 0.00988801
PHY_227, 571.32, 320.96, 0.00988801
PHY_229, 571.32, 320.96, 0.00988801
FILLER_0_113_1217, 571.32, 320.96, 0.00988801
FILLER_0_114_1217, 571.32, 320.96, 0.00988801
FILLER_0_114_1223, 571.32, 320.96, 0.00988801
_10387_, 37.94, 320.96, 0.00830962
_10388_, 37.94, 320.96, 0.00830962
_10397_, 37.94, 320.96, 0.00830962
_14390_, 37.94, 320.96, 0.00830962
_14397_, 37.94, 320.96, 0.00830962
_16832_, 37.94, 320.96, 0.00830962
_16839_, 37.94, 320.96, 0.00830962
FILLER_0_113_60, 37.94, 320.96, 0.00830962
_10386_, 50.74, 320.96, 0.0084565
_10400_, 50.74, 320.96, 0.0084565
_10401_, 50.74, 320.96, 0.0084565
_16813_, 50.74, 320.96, 0.0084565
hold1530, 50.74, 320.96, 0.0084565
hold1927, 50.74, 320.96, 0.0084565
FILLER_0_113_94, 50.74, 320.96, 0.0084565
FILLER_0_115_107, 50.74, 320.96, 0.0084565
_10429_, 63.54, 320.96, 0.0085946
_10438_, 63.54, 320.96, 0.0085946
_16818_, 63.54, 320.96, 0.0085946
clkbuf_leaf_48_clk, 63.54, 320.96, 0.0085946
hold306, 63.54, 320.96, 0.0085946
FILLER_0_114_135, 63.54, 320.96, 0.0085946
FILLER_0_115_127, 63.54, 320.96, 0.0085946
_10865_, 76.34, 320.96, 0.00868968
_14374_, 76.34, 320.96, 0.00868968
_14376_, 76.34, 320.96, 0.00868968
FILLER_0_115_156, 76.34, 320.96, 0.00868968
_14128_, 89.14, 320.96, 0.00878419
_14132_, 89.14, 320.96, 0.00878419
_16596_, 89.14, 320.96, 0.00878419
hold1727, 89.14, 320.96, 0.00878419
_10876_, 101.94, 320.96, 0.00887076
_14174_, 101.94, 320.96, 0.00887076
FILLER_0_115_215, 101.94, 320.96, 0.00887076
_10791_, 114.74, 320.96, 0.00895689
FILLER_0_114_237, 114.74, 320.96, 0.00895689
FILLER_0_114_248, 114.74, 320.96, 0.00895689
FILLER_0_115_272, 127.54, 320.96, 0.00904282
_16617_, 140.34, 320.96, 0.00912875
hold517, 140.34, 320.96, 0.00912875
FILLER_0_113_281, 140.34, 320.96, 0.00912875
FILLER_0_114_301, 140.34, 320.96, 0.00912875
FILLER_0_115_301, 140.34, 320.96, 0.00912875
_10830_, 153.14, 320.96, 0.00920705
_14144_, 153.14, 320.96, 0.00920705
_14151_, 153.14, 320.96, 0.00920705
FILLER_0_114_309, 153.14, 320.96, 0.00920705
FILLER_0_115_327, 153.14, 320.96, 0.00920705
_10842_, 165.94, 320.96, 0.00928301
_10843_, 165.94, 320.96, 0.00928301
_14145_, 165.94, 320.96, 0.00928301
hold701, 165.94, 320.96, 0.00928301
_12885_, 191.54, 320.96, 0.00966598
_18082_, 191.54, 320.96, 0.00966598
hold2269, 191.54, 320.96, 0.00966598
hold2270, 191.54, 320.96, 0.00966598
FILLER_0_113_393, 191.54, 320.96, 0.00966598
FILLER_0_114_413, 191.54, 320.96, 0.00966598
FILLER_0_115_408, 191.54, 320.96, 0.00966598
_12705_, 204.34, 320.96, 0.00994902
_12884_, 204.34, 320.96, 0.00994902
_15777_, 204.34, 320.96, 0.00994902
_15970_, 204.34, 320.96, 0.00994902
FILLER_0_113_420, 204.34, 320.96, 0.00994902
_12704_, 217.14, 320.96, 0.010107
_12887_, 217.14, 320.96, 0.010107
_15842_, 217.14, 320.96, 0.010107
FILLER_0_114_465, 217.14, 320.96, 0.010107
_13079_, 229.94, 320.96, 0.0102465
_13088_, 229.94, 320.96, 0.0102465
_13089_, 229.94, 320.96, 0.0102465
FILLER_0_113_477, 229.94, 320.96, 0.0102465
FILLER_0_114_485, 229.94, 320.96, 0.0102465
_12228_, 242.74, 320.96, 0.0103651
_12233_, 242.74, 320.96, 0.0103651
_12817_, 242.74, 320.96, 0.0103651
_16002_, 242.74, 320.96, 0.0103651
FILLER_0_114_518, 242.74, 320.96, 0.0103651
_12065_, 255.54, 320.96, 0.0104601
_12229_, 255.54, 320.96, 0.0104601
_13471_, 255.54, 320.96, 0.0104601
_16005_, 255.54, 320.96, 0.0104601
clkbuf_leaf_101_clk, 255.54, 320.96, 0.0104601
FILLER_0_114_533, 255.54, 320.96, 0.0104601
FILLER_0_115_556, 255.54, 320.96, 0.0104601
_12074_, 268.34, 320.96, 0.0104901
_12075_, 268.34, 320.96, 0.0104901
_12234_, 268.34, 320.96, 0.0104901
_13467_, 268.34, 320.96, 0.0104901
hold105, 268.34, 320.96, 0.0104901
_12236_, 281.14, 320.96, 0.010498
_12242_, 281.14, 320.96, 0.010498
_12243_, 281.14, 320.96, 0.010498
FILLER_0_113_590, 281.14, 320.96, 0.010498
FILLER_0_115_612, 281.14, 320.96, 0.010498
_12237_, 293.94, 320.96, 0.0104549
_12673_, 293.94, 320.96, 0.0104549
_12698_, 293.94, 320.96, 0.0104549
_12699_, 293.94, 320.96, 0.0104549
_12700_, 293.94, 320.96, 0.0104549
FILLER_0_113_617, 293.94, 320.96, 0.0104549
FILLER_0_113_626, 293.94, 320.96, 0.0104549
FILLER_0_114_616, 293.94, 320.96, 0.0104549
FILLER_0_114_640, 293.94, 320.96, 0.0104549
_13048_, 306.74, 320.96, 0.0103527
_07878_, 319.54, 320.96, 0.0102461
FILLER_0_113_669, 319.54, 320.96, 0.0102461
FILLER_0_115_684, 319.54, 320.96, 0.0102461
_12010_, 345.14, 320.96, 0.0102141
_12011_, 345.14, 320.96, 0.0102141
_12346_, 345.14, 320.96, 0.0102141
_13484_, 345.14, 320.96, 0.0102141
hold2180, 345.14, 320.96, 0.0102141
FILLER_0_115_750, 345.14, 320.96, 0.0102141
_12341_, 357.94, 320.96, 0.0102735
_12350_, 357.94, 320.96, 0.0102735
_12352_, 357.94, 320.96, 0.0102735
_12507_, 357.94, 320.96, 0.0102735
FILLER_0_113_760, 357.94, 320.96, 0.0102735
FILLER_0_114_757, 357.94, 320.96, 0.0102735
FILLER_0_115_778, 357.94, 320.96, 0.0102735
_13379_, 370.74, 320.96, 0.0102856
wire115, 370.74, 320.96, 0.0102856
FILLER_0_113_781, 370.74, 320.96, 0.0102856
FILLER_0_114_800, 370.74, 320.96, 0.0102856
_12525_, 383.54, 320.96, 0.0102972
_12780_, 383.54, 320.96, 0.0102972
_12781_, 383.54, 320.96, 0.0102972
_12783_, 383.54, 320.96, 0.0102972
_16020_, 383.54, 320.96, 0.0102972
hold2201, 383.54, 320.96, 0.0102972
FILLER_0_113_809, 383.54, 320.96, 0.0102972
FILLER_0_113_821, 383.54, 320.96, 0.0102972
_17442_, 409.14, 320.96, 0.0102681
FILLER_0_114_865, 409.14, 320.96, 0.0102681
_09180_, 421.94, 320.96, 0.0102465
_15065_, 421.94, 320.96, 0.0102465
_15067_, 421.94, 320.96, 0.0102465
_15071_, 421.94, 320.96, 0.0102465
_17443_, 421.94, 320.96, 0.0102465
clkbuf_leaf_159_clk, 421.94, 320.96, 0.0102465
hold1206, 421.94, 320.96, 0.0102465
FILLER_0_113_893, 421.94, 320.96, 0.0102465
FILLER_0_114_909, 421.94, 320.96, 0.0102465
_09182_, 434.74, 320.96, 0.0101682
_17386_, 434.74, 320.96, 0.0101682
FILLER_0_113_925, 434.74, 320.96, 0.0101682
FILLER_0_115_943, 434.74, 320.96, 0.0101682
_09292_, 447.54, 320.96, 0.0100825
_09300_, 447.54, 320.96, 0.0100825
_14999_, 447.54, 320.96, 0.0100825
_15005_, 447.54, 320.96, 0.0100825
hold1240, 447.54, 320.96, 0.0100825
FILLER_0_114_962, 447.54, 320.96, 0.0100825
_09302_, 460.34, 320.96, 0.00999384
_09303_, 460.34, 320.96, 0.00999384
_15000_, 460.34, 320.96, 0.00999384
hold730, 460.34, 320.96, 0.00999384
FILLER_0_114_984, 460.34, 320.96, 0.00999384
_08856_, 473.14, 320.96, 0.00990405
_08857_, 473.14, 320.96, 0.00990405
_17601_, 473.14, 320.96, 0.00990405
FILLER_0_113_1003, 473.14, 320.96, 0.00990405
FILLER_0_113_1009, 473.14, 320.96, 0.00990405
FILLER_0_115_1021, 473.14, 320.96, 0.00990405
_08859_, 498.137, 320.96, 0.00983537
_17610_, 498.137, 320.96, 0.00983537
hold788, 498.137, 320.96, 0.00983537
hold1655, 498.137, 320.96, 0.00983537
hold2023, 498.137, 320.96, 0.00983537
_15221_, 510.334, 320.96, 0.0098555
_15228_, 510.334, 320.96, 0.0098555
_15229_, 510.334, 320.96, 0.0098555
FILLER_0_114_1100, 510.334, 320.96, 0.0098555
FILLER_0_114_1110, 510.334, 320.96, 0.0098555
FILLER_0_115_1110, 510.334, 320.96, 0.0098555
_08890_, 522.531, 320.96, 0.00987352
_17566_, 522.531, 320.96, 0.00987352
hold1775, 522.531, 320.96, 0.00987352
FILLER_0_114_1118, 522.531, 320.96, 0.00987352
_08932_, 534.728, 320.96, 0.00988413
_08933_, 534.728, 320.96, 0.00988413
_15205_, 534.728, 320.96, 0.00988413
_17569_, 534.728, 320.96, 0.00988413
hold1248, 534.728, 320.96, 0.00988413
hold1522, 534.728, 320.96, 0.00988413
FILLER_0_114_1145, 534.728, 320.96, 0.00988413
FILLER_0_114_1155, 534.728, 320.96, 0.00988413
_08930_, 546.925, 320.96, 0.00988647
_08931_, 546.925, 320.96, 0.00988647
_15206_, 546.925, 320.96, 0.00988647
hold1126, 546.925, 320.96, 0.00988647
FILLER_0_113_1170, 546.925, 320.96, 0.00988647
FILLER_0_114_1168, 546.925, 320.96, 0.00988647
_08940_, 559.122, 320.96, 0.00988777
_08941_, 559.122, 320.96, 0.00988777
_15201_, 559.122, 320.96, 0.00988777
hold1088, 559.122, 320.96, 0.00988777
FILLER_0_114_1200, 559.122, 320.96, 0.00988777
FILLER_0_115_1213, 559.122, 320.96, 0.00988777
PHY_222, 5.52, 315.52, 0.0081078
PHY_224, 5.52, 315.52, 0.0081078
PHY_223, 571.32, 315.52, 0.00980588
PHY_225, 571.32, 315.52, 0.00980588
_16836_, 15.33, 315.52, 0.0081078
FILLER_0_111_21, 15.33, 315.52, 0.0081078
FILLER_0_112_29, 15.33, 315.52, 0.0081078
FILLER_0_113_27, 15.33, 315.52, 0.0081078
hold856, 37.94, 315.52, 0.00822803
FILLER_0_112_78, 37.94, 315.52, 0.00822803
_10435_, 50.74, 315.52, 0.00835317
_10439_, 50.74, 315.52, 0.00835317
_14369_, 50.74, 315.52, 0.00835317
_16815_, 50.74, 315.52, 0.00835317
FILLER_0_112_97, 50.74, 315.52, 0.00835317
FILLER_0_113_103, 50.74, 315.52, 0.00835317
_10425_, 63.54, 315.52, 0.00847059
FILLER_0_112_134, 63.54, 315.52, 0.00847059
FILLER_0_113_133, 63.54, 315.52, 0.00847059
_10424_, 76.34, 315.52, 0.00858781
_16820_, 76.34, 315.52, 0.00858781
hold1408, 76.34, 315.52, 0.00858781
FILLER_0_113_158, 76.34, 315.52, 0.00858781
_10871_, 89.14, 315.52, 0.00869718
FILLER_0_111_172, 89.14, 315.52, 0.00869718
FILLER_0_111_180, 89.14, 315.52, 0.00869718
FILLER_0_112_185, 89.14, 315.52, 0.00869718
FILLER_0_112_193, 89.14, 315.52, 0.00869718
_16591_, 101.94, 315.52, 0.00880634
FILLER_0_111_203, 101.94, 315.52, 0.00880634
FILLER_0_112_197, 101.94, 315.52, 0.00880634
FILLER_0_113_220, 101.94, 315.52, 0.00880634
_10807_, 114.74, 315.52, 0.0089084
_10882_, 114.74, 315.52, 0.0089084
hold431, 114.74, 315.52, 0.0089084
FILLER_0_111_237, 114.74, 315.52, 0.0089084
FILLER_0_112_237, 114.74, 315.52, 0.0089084
_10806_, 127.54, 315.52, 0.00900954
_14164_, 127.54, 315.52, 0.00900954
_16630_, 127.54, 315.52, 0.00900954
hold671, 127.54, 315.52, 0.00900954
hold2046, 127.54, 315.52, 0.00900954
FILLER_0_112_267, 127.54, 315.52, 0.00900954
FILLER_0_113_273, 127.54, 315.52, 0.00900954
_10804_, 140.34, 315.52, 0.00910222
_10816_, 140.34, 315.52, 0.00910222
_14165_, 140.34, 315.52, 0.00910222
_16618_, 140.34, 315.52, 0.00910222
hold1944, 140.34, 315.52, 0.00910222
FILLER_0_112_303, 140.34, 315.52, 0.00910222
_14152_, 153.14, 315.52, 0.00918668
_16613_, 153.14, 315.52, 0.00918668
hold335, 153.14, 315.52, 0.00918668
FILLER_0_112_324, 153.14, 315.52, 0.00918668
FILLER_0_113_333, 153.14, 315.52, 0.00918668
_10824_, 165.94, 315.52, 0.00926336
_10827_, 165.94, 315.52, 0.00926336
_14153_, 165.94, 315.52, 0.00926336
_16619_, 165.94, 315.52, 0.00926336
_16620_, 165.94, 315.52, 0.00926336
hold2062, 165.94, 315.52, 0.00926336
FILLER_0_111_337, 165.94, 315.52, 0.00926336
FILLER_0_113_349, 165.94, 315.52, 0.00926336
_13501_, 191.54, 315.52, 0.00962713
_13502_, 191.54, 315.52, 0.00962713
FILLER_0_112_410, 191.54, 315.52, 0.00962713
_07903_, 204.34, 315.52, 0.00992923
_13432_, 204.34, 315.52, 0.00992923
_15969_, 204.34, 315.52, 0.00992923
FILLER_0_112_421, 204.34, 315.52, 0.00992923
FILLER_0_113_444, 204.34, 315.52, 0.00992923
_07902_, 217.14, 315.52, 0.0102148
_18081_, 217.14, 315.52, 0.0102148
FILLER_0_112_472, 217.14, 315.52, 0.0102148
_12713_, 229.94, 315.52, 0.0104831
_12714_, 229.94, 315.52, 0.0104831
_15841_, 229.94, 315.52, 0.0104831
hold74, 229.94, 315.52, 0.0104831
FILLER_0_113_500, 229.94, 315.52, 0.0104831
_12061_, 242.74, 315.52, 0.0105725
_12062_, 242.74, 315.52, 0.0105725
_13006_, 242.74, 315.52, 0.0105725
_13468_, 242.74, 315.52, 0.0105725
hold2237, 242.74, 315.52, 0.0105725
FILLER_0_112_524, 242.74, 315.52, 0.0105725
FILLER_0_113_526, 242.74, 315.52, 0.0105725
_16001_, 255.54, 315.52, 0.0106423
_12060_, 268.34, 315.52, 0.0107019
_12063_, 268.34, 315.52, 0.0107019
_12709_, 268.34, 315.52, 0.0107019
_12710_, 268.34, 315.52, 0.0107019
_12711_, 268.34, 315.52, 0.0107019
_12818_, 268.34, 315.52, 0.0107019
hold89, 268.34, 315.52, 0.0107019
FILLER_0_111_564, 268.34, 315.52, 0.0107019
FILLER_0_113_572, 268.34, 315.52, 0.0107019
_12235_, 281.14, 315.52, 0.0107227
FILLER_0_113_613, 281.14, 315.52, 0.0107227
_12697_, 293.94, 315.52, 0.0107331
_12708_, 293.94, 315.52, 0.0107331
_12712_, 293.94, 315.52, 0.0107331
FILLER_0_112_625, 293.94, 315.52, 0.0107331
FILLER_0_112_633, 293.94, 315.52, 0.0107331
_13110_, 306.74, 315.52, 0.0106364
_13114_, 306.74, 315.52, 0.0106364
_13351_, 306.74, 315.52, 0.0106364
FILLER_0_111_641, 306.74, 315.52, 0.0106364
FILLER_0_112_641, 306.74, 315.52, 0.0106364
FILLER_0_112_645, 306.74, 315.52, 0.0106364
FILLER_0_112_666, 306.74, 315.52, 0.0106364
FILLER_0_113_661, 306.74, 315.52, 0.0106364
_13377_, 319.54, 315.52, 0.0103915
FILLER_0_111_669, 319.54, 315.52, 0.0103915
FILLER_0_112_695, 319.54, 315.52, 0.0103915
_11965_, 345.14, 315.52, 0.0101829
hold48, 345.14, 315.52, 0.0101829
FILLER_0_112_748, 345.14, 315.52, 0.0101829
_12332_, 357.94, 315.52, 0.0101852
_12353_, 357.94, 315.52, 0.0101852
_12481_, 357.94, 315.52, 0.0101852
FILLER_0_111_756, 357.94, 315.52, 0.0101852
FILLER_0_113_773, 357.94, 315.52, 0.0101852
FILLER_0_112_805, 370.74, 315.52, 0.0101724
_12782_, 383.54, 315.52, 0.0101597
_12846_, 383.54, 315.52, 0.0101597
_13486_, 383.54, 315.52, 0.0101597
_16019_, 383.54, 315.52, 0.0101597
FILLER_0_111_809, 383.54, 315.52, 0.0101597
_12490_, 396.34, 315.52, 0.0101284
_12847_, 396.34, 315.52, 0.0101284
_13452_, 396.34, 315.52, 0.0101284
_15988_, 396.34, 315.52, 0.0101284
_09181_, 409.14, 315.52, 0.0100761
_09170_, 421.94, 315.52, 0.0100236
_15072_, 421.94, 315.52, 0.0100236
hold818, 421.94, 315.52, 0.0100236
FILLER_0_111_893, 421.94, 315.52, 0.0100236
FILLER_0_112_893, 421.94, 315.52, 0.0100236
FILLER_0_112_915, 421.94, 315.52, 0.0100236
FILLER_0_113_917, 421.94, 315.52, 0.0100236
_09183_, 434.74, 315.52, 0.00997015
_15066_, 434.74, 315.52, 0.00997015
_17382_, 434.74, 315.52, 0.00997015
hold607, 434.74, 315.52, 0.00997015
FILLER_0_112_938, 434.74, 315.52, 0.00997015
FILLER_0_113_943, 434.74, 315.52, 0.00997015
_09301_, 447.54, 315.52, 0.00990875
_15001_, 447.54, 315.52, 0.00990875
_17381_, 447.54, 315.52, 0.00990875
FILLER_0_112_966, 447.54, 315.52, 0.00990875
_09290_, 460.34, 315.52, 0.00983988
_09291_, 460.34, 315.52, 0.00983988
_15006_, 460.34, 315.52, 0.00983988
hold326, 460.34, 315.52, 0.00983988
FILLER_0_112_995, 460.34, 315.52, 0.00983988
_08851_, 473.14, 315.52, 0.00976993
_08853_, 473.14, 315.52, 0.00976993
_08863_, 473.14, 315.52, 0.00976993
_17606_, 473.14, 315.52, 0.00976993
_17607_, 473.14, 315.52, 0.00976993
_08845_, 498.137, 315.52, 0.0097245
_08858_, 498.137, 315.52, 0.0097245
_15253_, 498.137, 315.52, 0.0097245
_17588_, 498.137, 315.52, 0.0097245
FILLER_0_112_1062, 498.137, 315.52, 0.0097245
_15222_, 510.334, 315.52, 0.00975643
_17581_, 510.334, 315.52, 0.00975643
_17587_, 510.334, 315.52, 0.00975643
hold1544, 510.334, 315.52, 0.00975643
FILLER_0_112_1086, 510.334, 315.52, 0.00975643
FILLER_0_112_1093, 510.334, 315.52, 0.00975643
FILLER_0_112_1099, 510.334, 315.52, 0.00975643
_08891_, 522.531, 315.52, 0.00977421
_08900_, 522.531, 315.52, 0.00977421
_15223_, 522.531, 315.52, 0.00977421
hold963, 522.531, 315.52, 0.00977421
FILLER_0_111_1114, 522.531, 315.52, 0.00977421
FILLER_0_113_1136, 522.531, 315.52, 0.00977421
_08926_, 534.728, 315.52, 0.00979093
_08927_, 534.728, 315.52, 0.00979093
_15199_, 534.728, 315.52, 0.00979093
_15208_, 534.728, 315.52, 0.00979093
FILLER_0_112_1144, 534.728, 315.52, 0.00979093
FILLER_0_112_1155, 534.728, 315.52, 0.00979093
FILLER_0_113_1162, 534.728, 315.52, 0.00979093
_17562_, 546.925, 315.52, 0.0098052
_17567_, 546.925, 315.52, 0.0098052
FILLER_0_111_1165, 546.925, 315.52, 0.0098052
FILLER_0_111_1173, 546.925, 315.52, 0.0098052
FILLER_0_112_1166, 546.925, 315.52, 0.0098052
_08928_, 559.122, 315.52, 0.00980588
hold847, 559.122, 315.52, 0.00980588
PHY_218, 5.52, 310.08, 0.00823998
PHY_220, 5.52, 310.08, 0.00823998
output14, 5.52, 310.08, 0.00823998
PHY_219, 571.32, 310.08, 0.00973572
PHY_221, 571.32, 310.08, 0.00973572
output81, 571.32, 310.08, 0.00973572
FILLER_0_110_1217, 571.32, 310.08, 0.00973572
_16837_, 15.33, 310.08, 0.00819689
FILLER_0_110_29, 15.33, 310.08, 0.00819689
clkbuf_leaf_50_clk, 37.94, 310.08, 0.00830836
hold824, 37.94, 310.08, 0.00830836
FILLER_0_110_77, 37.94, 310.08, 0.00830836
_14398_, 50.74, 310.08, 0.00841988
hold1467, 50.74, 310.08, 0.00841988
FILLER_0_111_101, 50.74, 310.08, 0.00841988
FILLER_0_111_109, 50.74, 310.08, 0.00841988
_09948_, 63.54, 310.08, 0.00853069
FILLER_0_110_133, 63.54, 310.08, 0.00853069
FILLER_0_111_137, 63.54, 310.08, 0.00853069
_16597_, 76.34, 310.08, 0.0086413
FILLER_0_110_153, 76.34, 310.08, 0.0086413
_10866_, 89.14, 310.08, 0.00874479
_10867_, 89.14, 310.08, 0.00874479
_10870_, 89.14, 310.08, 0.00874479
_14129_, 89.14, 310.08, 0.00874479
_14131_, 89.14, 310.08, 0.00874479
hold547, 89.14, 310.08, 0.00874479
hold1272, 89.14, 310.08, 0.00874479
_10883_, 101.94, 310.08, 0.00884628
_14123_, 101.94, 310.08, 0.00884628
_16598_, 101.94, 310.08, 0.00884628
FILLER_0_110_221, 101.94, 310.08, 0.00884628
FILLER_0_111_219, 101.94, 310.08, 0.00884628
_10868_, 114.74, 310.08, 0.00894031
_10879_, 114.74, 310.08, 0.00894031
_14122_, 114.74, 310.08, 0.00894031
_14160_, 114.74, 310.08, 0.00894031
_16629_, 114.74, 310.08, 0.00894031
hold1512, 114.74, 310.08, 0.00894031
FILLER_0_110_245, 114.74, 310.08, 0.00894031
_10805_, 127.54, 310.08, 0.00902419
_10814_, 127.54, 310.08, 0.00902419
_10815_, 127.54, 310.08, 0.00902419
_10817_, 127.54, 310.08, 0.00902419
_10819_, 127.54, 310.08, 0.00902419
_14158_, 127.54, 310.08, 0.00902419
_16625_, 127.54, 310.08, 0.00902419
FILLER_0_110_273, 127.54, 310.08, 0.00902419
FILLER_0_111_271, 127.54, 310.08, 0.00902419
_10828_, 140.34, 310.08, 0.00909971
_16624_, 140.34, 310.08, 0.00909971
clkbuf_leaf_44_clk, 140.34, 310.08, 0.00909971
_10838_, 153.14, 310.08, 0.00912515
_10839_, 153.14, 310.08, 0.00912515
_14088_, 153.14, 310.08, 0.00912515
_14147_, 153.14, 310.08, 0.00912515
hold1033, 153.14, 310.08, 0.00912515
FILLER_0_109_312, 153.14, 310.08, 0.00912515
FILLER_0_111_333, 153.14, 310.08, 0.00912515
_10904_, 165.94, 310.08, 0.00914774
_10916_, 165.94, 310.08, 0.00914774
FILLER_0_110_360, 165.94, 310.08, 0.00914774
_12721_, 191.54, 310.08, 0.00930524
_13500_, 191.54, 310.08, 0.00930524
FILLER_0_110_416, 191.54, 310.08, 0.00930524
_13430_, 204.34, 310.08, 0.00943786
_15775_, 204.34, 310.08, 0.00943786
_15776_, 204.34, 310.08, 0.00943786
_12886_, 217.14, 310.08, 0.00956787
_13422_, 217.14, 310.08, 0.00956787
_13431_, 217.14, 310.08, 0.00956787
FILLER_0_110_455, 217.14, 310.08, 0.00956787
FILLER_0_110_467, 217.14, 310.08, 0.00956787
_13007_, 229.94, 310.08, 0.0096914
_13289_, 229.94, 310.08, 0.0096914
_13360_, 229.94, 310.08, 0.0096914
_15905_, 229.94, 310.08, 0.0096914
FILLER_0_111_493, 229.94, 310.08, 0.0096914
_13288_, 242.74, 310.08, 0.00979942
FILLER_0_110_529, 242.74, 310.08, 0.00979942
_11985_, 255.54, 310.08, 0.00990517
_12167_, 255.54, 310.08, 0.00990517
_12811_, 255.54, 310.08, 0.00990517
FILLER_0_110_545, 255.54, 310.08, 0.00990517
FILLER_0_111_546, 255.54, 310.08, 0.00990517
FILLER_0_111_556, 255.54, 310.08, 0.00990517
_12059_, 268.34, 310.08, 0.00999354
FILLER_0_110_582, 268.34, 310.08, 0.00999354
_12055_, 281.14, 310.08, 0.0100799
_12139_, 281.14, 310.08, 0.0100799
_12168_, 281.14, 310.08, 0.0100799
_12170_, 281.14, 310.08, 0.0100799
FILLER_0_109_592, 281.14, 310.08, 0.0100799
FILLER_0_110_589, 281.14, 310.08, 0.0100799
FILLER_0_110_605, 281.14, 310.08, 0.0100799
FILLER_0_110_613, 281.14, 310.08, 0.0100799
FILLER_0_111_611, 281.14, 310.08, 0.0100799
_12172_, 293.94, 310.08, 0.0101044
_12239_, 293.94, 310.08, 0.0101044
_12405_, 293.94, 310.08, 0.0101044
FILLER_0_110_621, 293.94, 310.08, 0.0101044
FILLER_0_110_635, 293.94, 310.08, 0.0101044
FILLER_0_111_661, 306.74, 310.08, 0.01008
_12986_, 319.54, 310.08, 0.0100557
_13049_, 319.54, 310.08, 0.0100557
_13050_, 319.54, 310.08, 0.0100557
_13378_, 319.54, 310.08, 0.0100557
_15921_, 319.54, 310.08, 0.0100557
FILLER_0_110_681, 319.54, 310.08, 0.0100557
FILLER_0_110_693, 319.54, 310.08, 0.0100557
_07874_, 345.14, 310.08, 0.010149
FILLER_0_110_745, 345.14, 310.08, 0.010149
FILLER_0_111_748, 345.14, 310.08, 0.010149
_12351_, 357.94, 310.08, 0.0102691
_12355_, 357.94, 310.08, 0.0102691
_12482_, 357.94, 310.08, 0.0102691
FILLER_0_109_753, 357.94, 310.08, 0.0102691
FILLER_0_110_753, 357.94, 310.08, 0.0102691
FILLER_0_110_757, 357.94, 310.08, 0.0102691
_12006_, 370.74, 310.08, 0.0103692
_12484_, 370.74, 310.08, 0.0103692
_12486_, 370.74, 310.08, 0.0103692
_12496_, 370.74, 310.08, 0.0103692
_12982_, 370.74, 310.08, 0.0103692
FILLER_0_110_788, 370.74, 310.08, 0.0103692
_07852_, 383.54, 310.08, 0.010447
_12492_, 383.54, 310.08, 0.010447
hold53, 383.54, 310.08, 0.010447
hold2233, 383.54, 310.08, 0.010447
FILLER_0_110_833, 383.54, 310.08, 0.010447
FILLER_0_111_822, 383.54, 310.08, 0.010447
_07863_, 396.34, 310.08, 0.0103818
_13069_, 396.34, 310.08, 0.0103818
_15796_, 396.34, 310.08, 0.0103818
_18100_, 396.34, 310.08, 0.0103818
hold71, 396.34, 310.08, 0.0103818
FILLER_0_109_849, 396.34, 310.08, 0.0103818
FILLER_0_111_855, 396.34, 310.08, 0.0103818
_09171_, 409.14, 310.08, 0.0102925
_17447_, 409.14, 310.08, 0.0102925
hold2215, 409.14, 310.08, 0.0102925
FILLER_0_110_877, 409.14, 310.08, 0.0102925
FILLER_0_111_885, 409.14, 310.08, 0.0102925
_15069_, 421.94, 310.08, 0.0101908
_17441_, 421.94, 310.08, 0.0101908
FILLER_0_110_915, 421.94, 310.08, 0.0101908
_17384_, 434.74, 310.08, 0.0100818
hold1672, 434.74, 310.08, 0.0100818
FILLER_0_109_928, 434.74, 310.08, 0.0100818
FILLER_0_111_943, 434.74, 310.08, 0.0100818
_09296_, 447.54, 310.08, 0.00996525
_15003_, 447.54, 310.08, 0.00996525
_17387_, 447.54, 310.08, 0.00996525
hold1479, 447.54, 310.08, 0.00996525
FILLER_0_110_949, 447.54, 310.08, 0.00996525
FILLER_0_110_975, 460.34, 310.08, 0.00984066
FILLER_0_111_1000, 460.34, 310.08, 0.00984066
_08850_, 473.14, 310.08, 0.00971607
_15250_, 473.14, 310.08, 0.00971607
hold1959, 473.14, 310.08, 0.00971607
FILLER_0_110_1005, 473.14, 310.08, 0.00971607
_08794_, 498.137, 310.08, 0.00961978
_15281_, 498.137, 310.08, 0.00961978
FILLER_0_109_1058, 498.137, 310.08, 0.00961978
FILLER_0_109_1065, 498.137, 310.08, 0.00961978
FILLER_0_111_1077, 498.137, 310.08, 0.00961978
_08901_, 510.334, 310.08, 0.0096486
_08902_, 510.334, 310.08, 0.0096486
_08903_, 510.334, 310.08, 0.0096486
_17582_, 510.334, 310.08, 0.0096486
FILLER_0_110_1085, 510.334, 310.08, 0.0096486
_08939_, 522.531, 310.08, 0.00967007
_08943_, 522.531, 310.08, 0.00967007
FILLER_0_109_1121, 522.531, 310.08, 0.00967007
FILLER_0_110_1129, 522.531, 310.08, 0.00967007
_08938_, 534.728, 310.08, 0.00969114
_15202_, 534.728, 310.08, 0.00969114
hold1499, 534.728, 310.08, 0.00969114
hold1735, 534.728, 310.08, 0.00969114
FILLER_0_110_1144, 534.728, 310.08, 0.00969114
_08925_, 546.925, 310.08, 0.00971089
_08929_, 546.925, 310.08, 0.00971089
_15207_, 546.925, 310.08, 0.00971089
_17568_, 546.925, 310.08, 0.00971089
FILLER_0_110_1181, 546.925, 310.08, 0.00971089
PHY_214, 5.52, 304.64, 0.00808362
PHY_216, 5.52, 304.64, 0.00808362
PHY_215, 571.32, 304.64, 0.00977502
PHY_217, 571.32, 304.64, 0.00977502
FILLER_0_107_1217, 571.32, 304.64, 0.00977502
FILLER_0_108_1217, 571.32, 304.64, 0.00977502
FILLER_0_108_29, 15.33, 304.64, 0.00808362
_10385_, 37.94, 304.64, 0.00825473
_14389_, 37.94, 304.64, 0.00825473
_14393_, 37.94, 304.64, 0.00825473
_16835_, 37.94, 304.64, 0.00825473
_16840_, 37.94, 304.64, 0.00825473
hold957, 37.94, 304.64, 0.00825473
_09949_, 50.74, 304.64, 0.00841058
_10384_, 50.74, 304.64, 0.00841058
_10394_, 50.74, 304.64, 0.00841058
_10395_, 50.74, 304.64, 0.00841058
_17051_, 50.74, 304.64, 0.00841058
hold1770, 50.74, 304.64, 0.00841058
FILLER_0_108_99, 50.74, 304.64, 0.00841058
FILLER_0_109_108, 50.74, 304.64, 0.00841058
_09962_, 63.54, 304.64, 0.00855794
_14633_, 63.54, 304.64, 0.00855794
_14640_, 63.54, 304.64, 0.00855794
hold485, 63.54, 304.64, 0.00855794
hold1795, 63.54, 304.64, 0.00855794
_09950_, 76.34, 304.64, 0.00870369
_09951_, 76.34, 304.64, 0.00870369
hold295, 76.34, 304.64, 0.00870369
FILLER_0_109_164, 76.34, 304.64, 0.00870369
_16595_, 89.14, 304.64, 0.0088485
_16599_, 89.14, 304.64, 0.0088485
clkbuf_leaf_46_clk, 89.14, 304.64, 0.0088485
FILLER_0_108_170, 89.14, 304.64, 0.0088485
_10869_, 101.94, 304.64, 0.00893944
_10874_, 101.94, 304.64, 0.00893944
_14127_, 101.94, 304.64, 0.00893944
_14130_, 101.94, 304.64, 0.00893944
_16593_, 101.94, 304.64, 0.00893944
hold835, 101.94, 304.64, 0.00893944
FILLER_0_107_205, 101.94, 304.64, 0.00893944
FILLER_0_108_217, 101.94, 304.64, 0.00893944
_14125_, 114.74, 304.64, 0.009022
hold1219, 114.74, 304.64, 0.009022
FILLER_0_107_225, 114.74, 304.64, 0.009022
FILLER_0_107_233, 114.74, 304.64, 0.009022
_10818_, 127.54, 304.64, 0.0091039
_14155_, 127.54, 304.64, 0.0091039
_14159_, 127.54, 304.64, 0.0091039
_16623_, 127.54, 304.64, 0.0091039
hold1658, 127.54, 304.64, 0.0091039
FILLER_0_109_274, 127.54, 304.64, 0.0091039
_10812_, 140.34, 304.64, 0.00917583
_10829_, 140.34, 304.64, 0.00917583
hold299, 140.34, 304.64, 0.00917583
FILLER_0_108_305, 140.34, 304.64, 0.00917583
FILLER_0_109_304, 140.34, 304.64, 0.00917583
_14089_, 153.14, 304.64, 0.00924684
clkbuf_leaf_34_clk, 153.14, 304.64, 0.00924684
FILLER_0_108_321, 153.14, 304.64, 0.00924684
FILLER_0_109_333, 153.14, 304.64, 0.00924684
_10915_, 165.94, 304.64, 0.00927828
_10917_, 165.94, 304.64, 0.00927828
_16575_, 165.94, 304.64, 0.00927828
hold814, 165.94, 304.64, 0.00927828
FILLER_0_108_355, 165.94, 304.64, 0.00927828
_12727_, 191.54, 304.64, 0.00964154
_12889_, 191.54, 304.64, 0.00964154
_15968_, 191.54, 304.64, 0.00964154
hold2264, 191.54, 304.64, 0.00964154
FILLER_0_107_393, 191.54, 304.64, 0.00964154
FILLER_0_108_410, 191.54, 304.64, 0.00964154
FILLER_0_109_408, 191.54, 304.64, 0.00964154
_12719_, 204.34, 304.64, 0.009957
_12720_, 204.34, 304.64, 0.009957
_12888_, 204.34, 304.64, 0.009957
clkbuf_leaf_32_clk, 204.34, 304.64, 0.009957
FILLER_0_108_430, 204.34, 304.64, 0.009957
FILLER_0_109_438, 204.34, 304.64, 0.009957
_13010_, 217.14, 304.64, 0.0101088
FILLER_0_108_459, 217.14, 304.64, 0.0101088
FILLER_0_108_471, 217.14, 304.64, 0.0101088
_13009_, 229.94, 304.64, 0.0102567
_13358_, 229.94, 304.64, 0.0102567
hold2216, 229.94, 304.64, 0.0102567
FILLER_0_108_497, 229.94, 304.64, 0.0102567
FILLER_0_109_497, 229.94, 304.64, 0.0102567
_12162_, 242.74, 304.64, 0.0103942
_12820_, 242.74, 304.64, 0.0103942
_12821_, 242.74, 304.64, 0.0103942
_12822_, 242.74, 304.64, 0.0103942
_15999_, 242.74, 304.64, 0.0103942
FILLER_0_107_505, 242.74, 304.64, 0.0103942
FILLER_0_108_513, 242.74, 304.64, 0.0103942
FILLER_0_109_529, 242.74, 304.64, 0.0103942
_11986_, 255.54, 304.64, 0.0105046
_12053_, 255.54, 304.64, 0.0105046
hold2257, 255.54, 304.64, 0.0105046
FILLER_0_109_552, 255.54, 304.64, 0.0105046
_12050_, 268.34, 304.64, 0.0105456
_12432_, 268.34, 304.64, 0.0105456
FILLER_0_107_567, 268.34, 304.64, 0.0105456
FILLER_0_108_565, 268.34, 304.64, 0.0105456
FILLER_0_108_573, 268.34, 304.64, 0.0105456
FILLER_0_108_581, 268.34, 304.64, 0.0105456
FILLER_0_109_585, 268.34, 304.64, 0.0105456
_12054_, 281.14, 304.64, 0.0105693
_12163_, 281.14, 304.64, 0.0105693
_12165_, 281.14, 304.64, 0.0105693
_12169_, 281.14, 304.64, 0.0105693
FILLER_0_107_588, 281.14, 304.64, 0.0105693
FILLER_0_108_589, 281.14, 304.64, 0.0105693
FILLER_0_108_598, 281.14, 304.64, 0.0105693
FILLER_0_109_610, 281.14, 304.64, 0.0105693
_12166_, 293.94, 304.64, 0.010534
_12171_, 293.94, 304.64, 0.010534
_12406_, 293.94, 304.64, 0.010534
_12410_, 293.94, 304.64, 0.010534
_12411_, 293.94, 304.64, 0.010534
FILLER_0_108_615, 293.94, 304.64, 0.010534
FILLER_0_108_621, 293.94, 304.64, 0.010534
FILLER_0_109_629, 293.94, 304.64, 0.010534
_13131_, 306.74, 304.64, 0.0104026
_13325_, 306.74, 304.64, 0.0104026
_15873_, 306.74, 304.64, 0.0104026
FILLER_0_108_657, 306.74, 304.64, 0.0104026
FILLER_0_109_664, 306.74, 304.64, 0.0104026
_13344_, 319.54, 304.64, 0.010247
hold2135, 319.54, 304.64, 0.010247
FILLER_0_109_694, 319.54, 304.64, 0.010247
_15786_, 345.14, 304.64, 0.0103245
_12324_, 357.94, 304.64, 0.0105623
_12325_, 357.94, 304.64, 0.0105623
_12329_, 357.94, 304.64, 0.0105623
_12330_, 357.94, 304.64, 0.0105623
_12333_, 357.94, 304.64, 0.0105623
_12338_, 357.94, 304.64, 0.0105623
_12354_, 357.94, 304.64, 0.0105623
_12483_, 357.94, 304.64, 0.0105623
_12495_, 357.94, 304.64, 0.0105623
_12005_, 370.74, 304.64, 0.0107127
_12007_, 370.74, 304.64, 0.0107127
_12327_, 370.74, 304.64, 0.0107127
_12337_, 370.74, 304.64, 0.0107127
_12488_, 370.74, 304.64, 0.0107127
_15924_, 370.74, 304.64, 0.0107127
_13381_, 383.54, 304.64, 0.010687
_15860_, 383.54, 304.64, 0.010687
FILLER_0_109_834, 383.54, 304.64, 0.010687
_07862_, 396.34, 304.64, 0.0106491
_12491_, 396.34, 304.64, 0.0106491
_13309_, 396.34, 304.64, 0.0106491
clkbuf_leaf_160_clk, 396.34, 304.64, 0.0106491
hold72, 396.34, 304.64, 0.0106491
FILLER_0_107_844, 396.34, 304.64, 0.0106491
FILLER_0_108_858, 396.34, 304.64, 0.0106491
_17448_, 409.14, 304.64, 0.0105439
FILLER_0_109_890, 409.14, 304.64, 0.0105439
_09174_, 421.94, 304.64, 0.0104315
_09177_, 421.94, 304.64, 0.0104315
_15070_, 421.94, 304.64, 0.0104315
_15073_, 421.94, 304.64, 0.0104315
_17445_, 421.94, 304.64, 0.0104315
hold831, 421.94, 304.64, 0.0104315
_09167_, 434.74, 304.64, 0.0103108
_15074_, 434.74, 304.64, 0.0103108
clkbuf_leaf_151_clk, 434.74, 304.64, 0.0103108
hold294, 434.74, 304.64, 0.0103108
_09295_, 447.54, 304.64, 0.0101465
FILLER_0_107_953, 447.54, 304.64, 0.0101465
FILLER_0_107_960, 447.54, 304.64, 0.0101465
_09289_, 460.34, 304.64, 0.00998201
_15002_, 460.34, 304.64, 0.00998201
_15007_, 460.34, 304.64, 0.00998201
hold1837, 460.34, 304.64, 0.00998201
FILLER_0_108_975, 460.34, 304.64, 0.00998201
FILLER_0_108_990, 460.34, 304.64, 0.00998201
_08790_, 473.14, 304.64, 0.00981644
_08791_, 473.14, 304.64, 0.00981644
_17637_, 473.14, 304.64, 0.00981644
clkbuf_leaf_150_clk, 473.14, 304.64, 0.00981644
hold1920, 473.14, 304.64, 0.00981644
_08788_, 498.137, 304.64, 0.00967197
_15278_, 498.137, 304.64, 0.00967197
_17632_, 498.137, 304.64, 0.00967197
hold1707, 498.137, 304.64, 0.00967197
hold1721, 498.137, 304.64, 0.00967197
clkbuf_leaf_148_clk, 510.334, 304.64, 0.0097422
FILLER_0_108_1085, 510.334, 304.64, 0.0097422
_17561_, 522.531, 304.64, 0.00976438
_17563_, 522.531, 304.64, 0.00976438
FILLER_0_107_1115, 522.531, 304.64, 0.00976438
FILLER_0_108_1117, 522.531, 304.64, 0.00976438
_08942_, 534.728, 304.64, 0.00977305
_15200_, 534.728, 304.64, 0.00977305
_17570_, 534.728, 304.64, 0.00977305
FILLER_0_107_1145, 534.728, 304.64, 0.00977305
_08924_, 546.925, 304.64, 0.00977453
_15204_, 546.925, 304.64, 0.00977453
_15209_, 546.925, 304.64, 0.00977453
hold224, 546.925, 304.64, 0.00977453
hold686, 559.122, 304.64, 0.00977502
FILLER_0_108_1201, 559.122, 304.64, 0.00977502
PHY_210, 5.52, 299.2, 0.00800923
PHY_212, 5.52, 299.2, 0.00800923
_15269_, 571.32, 299.2, 0.00946449
PHY_211, 571.32, 299.2, 0.00946449
PHY_213, 571.32, 299.2, 0.00946449
hold513, 571.32, 299.2, 0.00946449
FILLER_0_107_27, 15.33, 299.2, 0.00800923
FILLER_0_106_76, 37.94, 299.2, 0.00815526
_09963_, 50.74, 299.2, 0.00830129
_17058_, 50.74, 299.2, 0.00830129
FILLER_0_106_97, 50.74, 299.2, 0.00830129
FILLER_0_107_102, 50.74, 299.2, 0.00830129
_09953_, 63.54, 299.2, 0.00844001
_17056_, 63.54, 299.2, 0.00844001
_17057_, 63.54, 299.2, 0.00844001
FILLER_0_106_136, 63.54, 299.2, 0.00844001
_09952_, 76.34, 299.2, 0.0085643
_14639_, 76.34, 299.2, 0.0085643
hold487, 76.34, 299.2, 0.0085643
FILLER_0_107_162, 76.34, 299.2, 0.0085643
_10875_, 89.14, 299.2, 0.00868769
FILLER_0_105_181, 89.14, 299.2, 0.00868769
FILLER_0_106_190, 89.14, 299.2, 0.00868769
_10118_, 101.94, 299.2, 0.00881087
_14124_, 101.94, 299.2, 0.00881087
_16592_, 101.94, 299.2, 0.00881087
clkbuf_leaf_45_clk, 101.94, 299.2, 0.00881087
FILLER_0_106_197, 101.94, 299.2, 0.00881087
FILLER_0_107_213, 101.94, 299.2, 0.00881087
FILLER_0_107_219, 101.94, 299.2, 0.00881087
_10878_, 114.74, 299.2, 0.00888057
_10880_, 114.74, 299.2, 0.00888057
hold1325, 114.74, 299.2, 0.00888057
FILLER_0_106_243, 114.74, 299.2, 0.00888057
FILLER_0_107_244, 114.74, 299.2, 0.00888057
_10813_, 127.54, 299.2, 0.00894934
_16626_, 127.54, 299.2, 0.00894934
FILLER_0_106_265, 127.54, 299.2, 0.00894934
_10930_, 140.34, 299.2, 0.0090108
_14161_, 140.34, 299.2, 0.0090108
_16567_, 140.34, 299.2, 0.0090108
_16580_, 153.14, 299.2, 0.00906472
hold1332, 153.14, 299.2, 0.00906472
hold1679, 153.14, 299.2, 0.00906472
_14100_, 165.94, 299.2, 0.00911051
_14104_, 165.94, 299.2, 0.00911051
_14105_, 165.94, 299.2, 0.00911051
_14110_, 165.94, 299.2, 0.00911051
_16574_, 165.94, 299.2, 0.00911051
FILLER_0_106_360, 165.94, 299.2, 0.00911051
_07906_, 191.54, 299.2, 0.0094488
_12890_, 191.54, 299.2, 0.0094488
_12891_, 191.54, 299.2, 0.0094488
_15967_, 191.54, 299.2, 0.0094488
FILLER_0_105_393, 191.54, 299.2, 0.0094488
FILLER_0_105_401, 191.54, 299.2, 0.0094488
FILLER_0_106_397, 191.54, 299.2, 0.0094488
FILLER_0_107_405, 191.54, 299.2, 0.0094488
_07904_, 204.34, 299.2, 0.00972623
_07905_, 204.34, 299.2, 0.00972623
_15840_, 204.34, 299.2, 0.00972623
hold2196, 204.34, 299.2, 0.00972623
FILLER_0_107_445, 204.34, 299.2, 0.00972623
_13091_, 217.14, 299.2, 0.00997903
_15903_, 217.14, 299.2, 0.00997903
hold45, 217.14, 299.2, 0.00997903
hold191, 217.14, 299.2, 0.00997903
hold192, 217.14, 299.2, 0.00997903
FILLER_0_106_463, 217.14, 299.2, 0.00997903
FILLER_0_107_461, 217.14, 299.2, 0.00997903
_12052_, 229.94, 299.2, 0.0101946
_13355_, 229.94, 299.2, 0.0101946
_13388_, 229.94, 299.2, 0.0101946
hold44, 229.94, 299.2, 0.0101946
FILLER_0_107_491, 229.94, 299.2, 0.0101946
_12051_, 242.74, 299.2, 0.0103908
_12489_, 242.74, 299.2, 0.0103908
clkbuf_leaf_30_clk, 242.74, 299.2, 0.0103908
FILLER_0_105_511, 242.74, 299.2, 0.0103908
FILLER_0_106_508, 242.74, 299.2, 0.0103908
_12048_, 255.54, 299.2, 0.0104912
_12049_, 255.54, 299.2, 0.0104912
_12819_, 255.54, 299.2, 0.0104912
_15904_, 255.54, 299.2, 0.0104912
hold2206, 255.54, 299.2, 0.0104912
_12434_, 268.34, 299.2, 0.010565
_12435_, 268.34, 299.2, 0.010565
_13324_, 268.34, 299.2, 0.010565
_15872_, 268.34, 299.2, 0.010565
hold60, 268.34, 299.2, 0.010565
FILLER_0_105_569, 268.34, 299.2, 0.010565
FILLER_0_106_563, 268.34, 299.2, 0.010565
_12164_, 281.14, 299.2, 0.0106202
_12414_, 281.14, 299.2, 0.0106202
hold21, 281.14, 299.2, 0.0106202
FILLER_0_105_595, 281.14, 299.2, 0.0106202
FILLER_0_106_597, 281.14, 299.2, 0.0106202
FILLER_0_107_605, 281.14, 299.2, 0.0106202
FILLER_0_107_613, 281.14, 299.2, 0.0106202
_12211_, 293.94, 299.2, 0.0106481
_12409_, 293.94, 299.2, 0.0106481
_12437_, 293.94, 299.2, 0.0106481
FILLER_0_106_636, 293.94, 299.2, 0.0106481
_12412_, 306.74, 299.2, 0.010587
_12723_, 306.74, 299.2, 0.010587
_12993_, 306.74, 299.2, 0.010587
_13133_, 306.74, 299.2, 0.010587
_13310_, 306.74, 299.2, 0.010587
FILLER_0_106_655, 306.74, 299.2, 0.010587
FILLER_0_107_660, 306.74, 299.2, 0.010587
_11960_, 319.54, 299.2, 0.0103165
_12123_, 319.54, 299.2, 0.0103165
_13036_, 319.54, 299.2, 0.0103165
_13333_, 319.54, 299.2, 0.0103165
_13410_, 319.54, 299.2, 0.0103165
clkbuf_leaf_164_clk, 319.54, 299.2, 0.0103165
FILLER_0_105_669, 319.54, 299.2, 0.0103165
FILLER_0_106_671, 319.54, 299.2, 0.0103165
FILLER_0_106_694, 319.54, 299.2, 0.0103165
_13449_, 345.14, 299.2, 0.00998304
_15985_, 345.14, 299.2, 0.00998304
FILLER_0_105_729, 345.14, 299.2, 0.00998304
FILLER_0_106_746, 345.14, 299.2, 0.00998304
FILLER_0_107_752, 345.14, 299.2, 0.00998304
_12004_, 357.94, 299.2, 0.0100234
_12114_, 357.94, 299.2, 0.0100234
_12120_, 357.94, 299.2, 0.0100234
_12124_, 357.94, 299.2, 0.0100234
_12328_, 357.94, 299.2, 0.0100234
_12336_, 357.94, 299.2, 0.0100234
_12485_, 357.94, 299.2, 0.0100234
_12487_, 370.74, 299.2, 0.0100229
_12497_, 370.74, 299.2, 0.0100229
clkbuf_leaf_161_clk, 370.74, 299.2, 0.0100229
FILLER_0_105_785, 370.74, 299.2, 0.0100229
FILLER_0_106_786, 370.74, 299.2, 0.0100229
FILLER_0_106_802, 370.74, 299.2, 0.0100229
FILLER_0_107_796, 370.74, 299.2, 0.0100229
_11999_, 383.54, 299.2, 0.00998061
FILLER_0_106_832, 383.54, 299.2, 0.00998061
FILLER_0_107_832, 383.54, 299.2, 0.00998061
_07865_, 396.34, 299.2, 0.00993291
_12500_, 396.34, 299.2, 0.00993291
_13308_, 396.34, 299.2, 0.00993291
_15795_, 396.34, 299.2, 0.00993291
FILLER_0_105_841, 396.34, 299.2, 0.00993291
FILLER_0_106_856, 396.34, 299.2, 0.00993291
FILLER_0_106_862, 396.34, 299.2, 0.00993291
_09169_, 409.14, 299.2, 0.00987837
_17444_, 409.14, 299.2, 0.00987837
hold2220, 409.14, 299.2, 0.00987837
FILLER_0_107_880, 409.14, 299.2, 0.00987837
_09168_, 421.94, 299.2, 0.00981154
_09175_, 421.94, 299.2, 0.00981154
_09176_, 421.94, 299.2, 0.00981154
_17449_, 421.94, 299.2, 0.00981154
hold1346, 421.94, 299.2, 0.00981154
FILLER_0_106_917, 421.94, 299.2, 0.00981154
_09166_, 434.74, 299.2, 0.00973644
_09297_, 434.74, 299.2, 0.00973644
_17390_, 434.74, 299.2, 0.00973644
hold854, 434.74, 299.2, 0.00973644
FILLER_0_105_921, 434.74, 299.2, 0.00973644
FILLER_0_106_937, 434.74, 299.2, 0.00973644
FILLER_0_107_937, 434.74, 299.2, 0.00973644
FILLER_0_107_943, 434.74, 299.2, 0.00973644
_09287_, 447.54, 299.2, 0.00965331
_15008_, 447.54, 299.2, 0.00965331
_15009_, 447.54, 299.2, 0.00965331
_17385_, 447.54, 299.2, 0.00965331
_17388_, 447.54, 299.2, 0.00965331
hold613, 447.54, 299.2, 0.00965331
hold1145, 447.54, 299.2, 0.00965331
FILLER_0_107_968, 447.54, 299.2, 0.00965331
_09288_, 460.34, 299.2, 0.00955444
_09298_, 460.34, 299.2, 0.00955444
_09299_, 460.34, 299.2, 0.00955444
_17383_, 460.34, 299.2, 0.00955444
hold1153, 460.34, 299.2, 0.00955444
_17634_, 473.14, 299.2, 0.00944735
_08795_, 498.137, 299.2, 0.00937326
_08800_, 498.137, 299.2, 0.00937326
_08801_, 498.137, 299.2, 0.00937326
_15284_, 498.137, 299.2, 0.00937326
hold1842, 498.137, 299.2, 0.00937326
_08772_, 510.334, 299.2, 0.00941207
_08773_, 510.334, 299.2, 0.00941207
_17641_, 510.334, 299.2, 0.00941207
_17646_, 510.334, 299.2, 0.00941207
hold1943, 510.334, 299.2, 0.00941207
FILLER_0_106_1085, 510.334, 299.2, 0.00941207
FILLER_0_107_1102, 510.334, 299.2, 0.00941207
_08777_, 522.531, 299.2, 0.00943648
_15291_, 522.531, 299.2, 0.00943648
_17644_, 522.531, 299.2, 0.00943648
hold1586, 522.531, 299.2, 0.00943648
FILLER_0_105_1117, 522.531, 299.2, 0.00943648
FILLER_0_106_1121, 522.531, 299.2, 0.00943648
_08776_, 534.728, 299.2, 0.00945329
_17564_, 534.728, 299.2, 0.00945329
hold1498, 534.728, 299.2, 0.00945329
FILLER_0_106_1157, 534.728, 299.2, 0.00945329
FILLER_0_107_1153, 534.728, 299.2, 0.00945329
_08934_, 546.925, 299.2, 0.00946263
_08935_, 546.925, 299.2, 0.00946263
_08936_, 546.925, 299.2, 0.00946263
_08937_, 546.925, 299.2, 0.00946263
_15203_, 546.925, 299.2, 0.00946263
_17565_, 546.925, 299.2, 0.00946263
hold223, 546.925, 299.2, 0.00946263
FILLER_0_105_1169, 546.925, 299.2, 0.00946263
hold1058, 559.122, 299.2, 0.0094638
FILLER_0_105_1201, 559.122, 299.2, 0.0094638
FILLER_0_106_1200, 559.122, 299.2, 0.0094638
FILLER_0_106_1205, 559.122, 299.2, 0.0094638
FILLER_0_106_1213, 559.122, 299.2, 0.0094638
PHY_206, 5.52, 293.76, 0.008138
PHY_208, 5.52, 293.76, 0.008138
output31, 5.52, 293.76, 0.008138
PHY_207, 571.32, 293.76, 0.00949994
PHY_209, 571.32, 293.76, 0.00949994
hold237, 571.32, 293.76, 0.00949994
FILLER_0_104_21, 15.33, 293.76, 0.00807761
_16970_, 37.94, 293.76, 0.00816034
FILLER_0_104_77, 37.94, 293.76, 0.00816034
_10128_, 50.74, 293.76, 0.00829637
_10129_, 50.74, 293.76, 0.00829637
hold1328, 50.74, 293.76, 0.00829637
FILLER_0_104_89, 50.74, 293.76, 0.00829637
FILLER_0_105_105, 50.74, 293.76, 0.00829637
_09947_, 63.54, 293.76, 0.00843148
_09954_, 63.54, 293.76, 0.00843148
_09955_, 63.54, 293.76, 0.00843148
clkbuf_leaf_49_clk, 63.54, 293.76, 0.00843148
FILLER_0_103_117, 63.54, 293.76, 0.00843148
_10106_, 76.34, 293.76, 0.00852522
_10107_, 76.34, 293.76, 0.00852522
_10122_, 76.34, 293.76, 0.00852522
_10123_, 76.34, 293.76, 0.00852522
_14638_, 76.34, 293.76, 0.00852522
_16971_, 76.34, 293.76, 0.00852522
hold190, 76.34, 293.76, 0.00852522
FILLER_0_104_144, 76.34, 293.76, 0.00852522
FILLER_0_104_152, 76.34, 293.76, 0.00852522
FILLER_0_105_160, 76.34, 293.76, 0.00852522
_10119_, 89.14, 293.76, 0.00861035
_14549_, 89.14, 293.76, 0.00861035
_16973_, 89.14, 293.76, 0.00861035
hold209, 89.14, 293.76, 0.00861035
hold1701, 89.14, 293.76, 0.00861035
FILLER_0_105_191, 89.14, 293.76, 0.00861035
_10104_, 101.94, 293.76, 0.00868696
_10881_, 101.94, 293.76, 0.00868696
hold1171, 101.94, 293.76, 0.00868696
hold1333, 101.94, 293.76, 0.00868696
FILLER_0_105_216, 101.94, 293.76, 0.00868696
_10811_, 114.74, 293.76, 0.00876216
_16627_, 114.74, 293.76, 0.00876216
FILLER_0_104_227, 114.74, 293.76, 0.00876216
_14156_, 127.54, 293.76, 0.00883007
_14157_, 127.54, 293.76, 0.00883007
_14162_, 127.54, 293.76, 0.00883007
hold556, 127.54, 293.76, 0.00883007
hold619, 127.54, 293.76, 0.00883007
FILLER_0_105_272, 127.54, 293.76, 0.00883007
_10924_, 140.34, 293.76, 0.00889637
_10931_, 140.34, 293.76, 0.00889637
_10939_, 140.34, 293.76, 0.00889637
_14096_, 140.34, 293.76, 0.00889637
_14099_, 140.34, 293.76, 0.00889637
_16563_, 140.34, 293.76, 0.00889637
hold1002, 140.34, 293.76, 0.00889637
FILLER_0_103_289, 140.34, 293.76, 0.00889637
FILLER_0_104_283, 140.34, 293.76, 0.00889637
_10905_, 153.14, 293.76, 0.00895408
_10925_, 153.14, 293.76, 0.00895408
_10938_, 153.14, 293.76, 0.00895408
_14092_, 153.14, 293.76, 0.00895408
hold726, 153.14, 293.76, 0.00895408
hold2043, 153.14, 293.76, 0.00895408
_07907_, 191.54, 293.76, 0.00938574
_18079_, 191.54, 293.76, 0.00938574
_18080_, 191.54, 293.76, 0.00938574
FILLER_0_103_393, 191.54, 293.76, 0.00938574
FILLER_0_103_401, 191.54, 293.76, 0.00938574
FILLER_0_104_415, 191.54, 293.76, 0.00938574
_12718_, 204.34, 293.76, 0.00967883
_13429_, 204.34, 293.76, 0.00967883
_15774_, 204.34, 293.76, 0.00967883
FILLER_0_104_445, 204.34, 293.76, 0.00967883
FILLER_0_105_443, 204.34, 293.76, 0.00967883
_13090_, 217.14, 293.76, 0.00996759
_13286_, 217.14, 293.76, 0.00996759
_13287_, 217.14, 293.76, 0.00996759
_15839_, 217.14, 293.76, 0.00996759
FILLER_0_104_467, 217.14, 293.76, 0.00996759
_12619_, 229.94, 293.76, 0.0102406
_12724_, 229.94, 293.76, 0.0102406
_12725_, 229.94, 293.76, 0.0102406
_12726_, 229.94, 293.76, 0.0102406
ANTENNA_15, 229.94, 293.76, 0.0102406
FILLER_0_103_480, 229.94, 293.76, 0.0102406
FILLER_0_104_477, 229.94, 293.76, 0.0102406
_13464_, 242.74, 293.76, 0.0102953
_16000_, 242.74, 293.76, 0.0102953
FILLER_0_104_513, 242.74, 293.76, 0.0102953
FILLER_0_104_526, 242.74, 293.76, 0.0102953
_13359_, 255.54, 293.76, 0.0103387
_13465_, 255.54, 293.76, 0.0103387
FILLER_0_104_557, 255.54, 293.76, 0.0103387
FILLER_0_105_548, 255.54, 293.76, 0.0103387
FILLER_0_105_554, 255.54, 293.76, 0.0103387
_12436_, 268.34, 293.76, 0.0103817
_13008_, 268.34, 293.76, 0.0103817
_13051_, 268.34, 293.76, 0.0103817
FILLER_0_104_579, 268.34, 293.76, 0.0103817
_12413_, 281.14, 293.76, 0.0104136
_12425_, 281.14, 293.76, 0.0104136
FILLER_0_104_601, 281.14, 293.76, 0.0104136
FILLER_0_105_608, 281.14, 293.76, 0.0104136
_12177_, 293.94, 293.76, 0.0104015
_12213_, 293.94, 293.76, 0.0104015
_12408_, 293.94, 293.76, 0.0104015
_12717_, 293.94, 293.76, 0.0104015
FILLER_0_103_617, 293.94, 293.76, 0.0104015
FILLER_0_104_618, 293.94, 293.76, 0.0104015
FILLER_0_105_628, 293.94, 293.76, 0.0104015
_12407_, 306.74, 293.76, 0.0101943
_12418_, 306.74, 293.76, 0.0101943
_13130_, 306.74, 293.76, 0.0101943
FILLER_0_105_661, 306.74, 293.76, 0.0101943
_13311_, 319.54, 293.76, 0.00995117
_13455_, 319.54, 293.76, 0.00995117
FILLER_0_103_673, 319.54, 293.76, 0.00995117
_13019_, 345.14, 293.76, 0.009772
FILLER_0_103_729, 345.14, 293.76, 0.009772
FILLER_0_104_749, 345.14, 293.76, 0.009772
FILLER_0_105_751, 345.14, 293.76, 0.009772
FILLER_0_105_778, 357.94, 293.76, 0.00982554
_12000_, 370.74, 293.76, 0.00987908
_12335_, 370.74, 293.76, 0.00987908
_12498_, 370.74, 293.76, 0.00987908
_12499_, 370.74, 293.76, 0.00987908
_12983_, 370.74, 293.76, 0.00987908
FILLER_0_103_785, 370.74, 293.76, 0.00987908
FILLER_0_104_781, 370.74, 293.76, 0.00987908
FILLER_0_105_795, 370.74, 293.76, 0.00987908
_12334_, 383.54, 293.76, 0.00984368
_15859_, 383.54, 293.76, 0.00984368
FILLER_0_103_811, 383.54, 293.76, 0.00984368
FILLER_0_105_831, 383.54, 293.76, 0.00984368
_07864_, 396.34, 293.76, 0.00979098
_18099_, 396.34, 293.76, 0.00979098
hold68, 396.34, 293.76, 0.00979098
hold69, 396.34, 293.76, 0.00979098
FILLER_0_104_847, 396.34, 293.76, 0.00979098
FILLER_0_104_862, 396.34, 293.76, 0.00979098
_13451_, 409.14, 293.76, 0.00970883
FILLER_0_105_890, 409.14, 293.76, 0.00970883
FILLER_0_104_917, 421.94, 293.76, 0.00962651
_09284_, 434.74, 293.76, 0.00954418
_09285_, 434.74, 293.76, 0.00954418
_17389_, 434.74, 293.76, 0.00954418
FILLER_0_104_925, 434.74, 293.76, 0.00954418
FILLER_0_104_934, 434.74, 293.76, 0.00954418
_09286_, 447.54, 293.76, 0.00945432
_09294_, 447.54, 293.76, 0.00945432
_15004_, 447.54, 293.76, 0.00945432
FILLER_0_104_972, 447.54, 293.76, 0.00945432
FILLER_0_105_1001, 460.34, 293.76, 0.00936384
_08796_, 473.14, 293.76, 0.00927335
_08797_, 473.14, 293.76, 0.00927335
_15280_, 473.14, 293.76, 0.00927335
FILLER_0_104_1029, 473.14, 293.76, 0.00927335
_15276_, 498.137, 293.76, 0.00924769
FILLER_0_103_1061, 498.137, 293.76, 0.00924769
FILLER_0_105_1080, 498.137, 293.76, 0.00924769
_08782_, 510.334, 293.76, 0.00931118
_08783_, 510.334, 293.76, 0.00931118
_15288_, 510.334, 293.76, 0.00931118
_15293_, 510.334, 293.76, 0.00931118
FILLER_0_104_1085, 510.334, 293.76, 0.00931118
FILLER_0_104_1096, 510.334, 293.76, 0.00931118
FILLER_0_105_1109, 510.334, 293.76, 0.00931118
_17645_, 522.531, 293.76, 0.00937393
FILLER_0_103_1121, 522.531, 293.76, 0.00937393
FILLER_0_104_1117, 522.531, 293.76, 0.00937393
_08774_, 534.728, 293.76, 0.00942991
_08775_, 534.728, 293.76, 0.00942991
_15292_, 534.728, 293.76, 0.00942991
hold1545, 534.728, 293.76, 0.00942991
hold1817, 534.728, 293.76, 0.00942991
_08813_, 546.925, 293.76, 0.00948439
_08823_, 546.925, 293.76, 0.00948439
_15271_, 546.925, 293.76, 0.00948439
clkbuf_leaf_147_clk, 546.925, 293.76, 0.00948439
FILLER_0_105_1177, 546.925, 293.76, 0.00948439
_08816_, 559.122, 293.76, 0.00949944
_08817_, 559.122, 293.76, 0.00949944
_08820_, 559.122, 293.76, 0.00949944
_08821_, 559.122, 293.76, 0.00949944
_15267_, 559.122, 293.76, 0.00949944
_17622_, 559.122, 293.76, 0.00949944
_17624_, 559.122, 293.76, 0.00949944
PHY_202, 5.52, 288.32, 0.00790315
PHY_204, 5.52, 288.32, 0.00790315
_08809_, 571.32, 288.32, 0.00956514
PHY_203, 571.32, 288.32, 0.00956514
PHY_205, 571.32, 288.32, 0.00956514
output20, 571.32, 288.32, 0.00956514
_10125_, 37.94, 288.32, 0.0080507
_10138_, 37.94, 288.32, 0.0080507
_14536_, 37.94, 288.32, 0.0080507
_14543_, 37.94, 288.32, 0.0080507
_16968_, 37.94, 288.32, 0.0080507
hold853, 37.94, 288.32, 0.0080507
hold889, 37.94, 288.32, 0.0080507
FILLER_0_101_60, 37.94, 288.32, 0.0080507
_10135_, 50.74, 288.32, 0.00818939
_14538_, 50.74, 288.32, 0.00818939
_14541_, 50.74, 288.32, 0.00818939
_16965_, 50.74, 288.32, 0.00818939
hold484, 50.74, 288.32, 0.00818939
FILLER_0_101_91, 50.74, 288.32, 0.00818939
FILLER_0_103_101, 50.74, 288.32, 0.00818939
FILLER_0_103_109, 50.74, 288.32, 0.00818939
_14637_, 63.54, 288.32, 0.0083199
_14641_, 63.54, 288.32, 0.0083199
_17055_, 63.54, 288.32, 0.0083199
_17059_, 63.54, 288.32, 0.0083199
hold1857, 63.54, 288.32, 0.0083199
FILLER_0_103_140, 63.54, 288.32, 0.0083199
_09946_, 76.34, 288.32, 0.00843535
_16979_, 76.34, 288.32, 0.00843535
hold754, 76.34, 288.32, 0.00843535
FILLER_0_102_144, 76.34, 288.32, 0.00843535
_10114_, 89.14, 288.32, 0.00854295
_10115_, 89.14, 288.32, 0.00854295
_14545_, 89.14, 288.32, 0.00854295
_14553_, 89.14, 288.32, 0.00854295
_14554_, 89.14, 288.32, 0.00854295
_16975_, 89.14, 288.32, 0.00854295
_16980_, 89.14, 288.32, 0.00854295
FILLER_0_101_177, 89.14, 288.32, 0.00854295
_10105_, 101.94, 288.32, 0.00863537
FILLER_0_103_221, 101.94, 288.32, 0.00863537
_10810_, 114.74, 288.32, 0.00872759
_16621_, 114.74, 288.32, 0.00872759
FILLER_0_102_248, 114.74, 288.32, 0.00872759
_10820_, 127.54, 288.32, 0.00881252
_10821_, 127.54, 288.32, 0.00881252
_10822_, 127.54, 288.32, 0.00881252
_10823_, 127.54, 288.32, 0.00881252
_14163_, 127.54, 288.32, 0.00881252
_16622_, 127.54, 288.32, 0.00881252
_16628_, 127.54, 288.32, 0.00881252
_10808_, 140.34, 288.32, 0.00888223
_16570_, 140.34, 288.32, 0.00888223
hold1032, 140.34, 288.32, 0.00888223
hold318, 153.14, 288.32, 0.00894409
FILLER_0_103_330, 153.14, 288.32, 0.00894409
FILLER_0_102_357, 165.94, 288.32, 0.00900547
FILLER_0_103_361, 165.94, 288.32, 0.00900547
_15773_, 191.54, 288.32, 0.00954024
FILLER_0_102_415, 191.54, 288.32, 0.00954024
_15966_, 204.34, 288.32, 0.0100135
FILLER_0_101_429, 204.34, 288.32, 0.0100135
FILLER_0_102_433, 204.34, 288.32, 0.0100135
FILLER_0_103_437, 204.34, 288.32, 0.0100135
FILLER_0_103_445, 204.34, 288.32, 0.0100135
_07908_, 217.14, 288.32, 0.0104728
_12729_, 217.14, 288.32, 0.0104728
_12892_, 217.14, 288.32, 0.0104728
_13092_, 217.14, 288.32, 0.0104728
FILLER_0_101_459, 217.14, 288.32, 0.0104728
_12438_, 229.94, 288.32, 0.0109156
_12730_, 229.94, 288.32, 0.0109156
_12731_, 229.94, 288.32, 0.0109156
hold109, 229.94, 288.32, 0.0109156
FILLER_0_101_487, 229.94, 288.32, 0.0109156
FILLER_0_102_496, 229.94, 288.32, 0.0109156
_12173_, 242.74, 288.32, 0.0111106
_12735_, 242.74, 288.32, 0.0111106
_12736_, 242.74, 288.32, 0.0111106
_13356_, 242.74, 288.32, 0.0111106
FILLER_0_101_513, 242.74, 288.32, 0.0111106
FILLER_0_102_529, 242.74, 288.32, 0.0111106
_12022_, 255.54, 288.32, 0.0110726
_13357_, 255.54, 288.32, 0.0110726
_13463_, 255.54, 288.32, 0.0110726
hold2184, 255.54, 288.32, 0.0110726
FILLER_0_103_553, 255.54, 288.32, 0.0110726
_12020_, 268.34, 288.32, 0.0110111
_13011_, 268.34, 288.32, 0.0110111
hold56, 268.34, 288.32, 0.0110111
FILLER_0_101_561, 268.34, 288.32, 0.0110111
_12045_, 281.14, 288.32, 0.0109376
_12047_, 281.14, 288.32, 0.0109376
_12176_, 281.14, 288.32, 0.0109376
FILLER_0_102_601, 281.14, 288.32, 0.0109376
FILLER_0_103_609, 281.14, 288.32, 0.0109376
_12174_, 293.94, 288.32, 0.0107918
_12415_, 293.94, 288.32, 0.0107918
_12416_, 293.94, 288.32, 0.0107918
_12419_, 293.94, 288.32, 0.0107918
_12420_, 293.94, 288.32, 0.0107918
FILLER_0_102_618, 293.94, 288.32, 0.0107918
_12212_, 306.74, 288.32, 0.0105905
_12417_, 306.74, 288.32, 0.0105905
_12423_, 306.74, 288.32, 0.0105905
_12424_, 306.74, 288.32, 0.0105905
_15870_, 306.74, 288.32, 0.0105905
FILLER_0_101_654, 306.74, 288.32, 0.0105905
FILLER_0_102_654, 306.74, 288.32, 0.0105905
FILLER_0_102_662, 306.74, 288.32, 0.0105905
_11973_, 319.54, 288.32, 0.0101818
_12979_, 319.54, 288.32, 0.0101818
_13321_, 319.54, 288.32, 0.0101818
hold26, 319.54, 288.32, 0.0101818
FILLER_0_101_673, 319.54, 288.32, 0.0101818
_11997_, 345.14, 288.32, 0.00981794
_12125_, 345.14, 288.32, 0.00981794
FILLER_0_102_737, 345.14, 288.32, 0.00981794
FILLER_0_102_750, 345.14, 288.32, 0.00981794
FILLER_0_103_742, 345.14, 288.32, 0.00981794
_12356_, 357.94, 288.32, 0.00990553
_12472_, 357.94, 288.32, 0.00990553
_13421_, 357.94, 288.32, 0.00990553
fanout119, 357.94, 288.32, 0.00990553
FILLER_0_101_759, 357.94, 288.32, 0.00990553
FILLER_0_102_763, 357.94, 288.32, 0.00990553
_11998_, 370.74, 288.32, 0.0099471
_15892_, 370.74, 288.32, 0.0099471
_15923_, 370.74, 288.32, 0.0099471
hold43, 370.74, 288.32, 0.0099471
FILLER_0_101_785, 370.74, 288.32, 0.0099471
_13025_, 383.54, 288.32, 0.00995626
_13346_, 383.54, 288.32, 0.00995626
_13380_, 383.54, 288.32, 0.00995626
hold40, 383.54, 288.32, 0.00995626
FILLER_0_102_827, 383.54, 288.32, 0.00995626
FILLER_0_102_835, 383.54, 288.32, 0.00995626
FILLER_0_103_835, 383.54, 288.32, 0.00995626
_12501_, 396.34, 288.32, 0.00995466
_12502_, 396.34, 288.32, 0.00995466
_12849_, 396.34, 288.32, 0.00995466
_13070_, 396.34, 288.32, 0.00995466
_15987_, 396.34, 288.32, 0.00995466
hold2205, 396.34, 288.32, 0.00995466
FILLER_0_101_849, 396.34, 288.32, 0.00995466
FILLER_0_102_917, 421.94, 288.32, 0.00970724
hold894, 434.74, 288.32, 0.00958353
FILLER_0_102_925, 434.74, 288.32, 0.00958353
FILLER_0_102_933, 434.74, 288.32, 0.00958353
FILLER_0_103_945, 434.74, 288.32, 0.00958353
_08167_, 447.54, 288.32, 0.00945933
_15629_, 447.54, 288.32, 0.00945933
FILLER_0_101_953, 447.54, 288.32, 0.00945933
_08170_, 460.34, 288.32, 0.00933473
hold911, 460.34, 288.32, 0.00933473
FILLER_0_102_981, 460.34, 288.32, 0.00933473
FILLER_0_103_1001, 460.34, 288.32, 0.00933473
_08792_, 473.14, 288.32, 0.00920941
_08793_, 473.14, 288.32, 0.00920941
_17636_, 473.14, 288.32, 0.00920941
FILLER_0_102_1008, 473.14, 288.32, 0.00920941
FILLER_0_103_1021, 473.14, 288.32, 0.00920941
_15279_, 498.137, 288.32, 0.00915637
hold1061, 498.137, 288.32, 0.00915637
hold1101, 498.137, 288.32, 0.00915637
FILLER_0_102_1082, 498.137, 288.32, 0.00915637
_08779_, 510.334, 288.32, 0.00923501
_15290_, 510.334, 288.32, 0.00923501
hold1560, 510.334, 288.32, 0.00923501
FILLER_0_102_1099, 510.334, 288.32, 0.00923501
_08769_, 522.531, 288.32, 0.00931281
_15295_, 522.531, 288.32, 0.00931281
_17648_, 522.531, 288.32, 0.00931281
FILLER_0_101_1121, 522.531, 288.32, 0.00931281
FILLER_0_102_1124, 522.531, 288.32, 0.00931281
_08768_, 534.728, 288.32, 0.00938351
_17626_, 534.728, 288.32, 0.00938351
FILLER_0_102_1139, 534.728, 288.32, 0.00938351
FILLER_0_103_1157, 534.728, 288.32, 0.00938351
_08812_, 546.925, 288.32, 0.00944722
_08822_, 546.925, 288.32, 0.00944722
hold271, 546.925, 288.32, 0.00944722
hold2088, 546.925, 288.32, 0.00944722
FILLER_0_103_1188, 546.925, 288.32, 0.00944722
_17628_, 559.122, 288.32, 0.00950957
FILLER_0_102_1193, 559.122, 288.32, 0.00950957
FILLER_0_102_1201, 559.122, 288.32, 0.00950957
PHY_198, 5.52, 282.88, 0.00779611
PHY_200, 5.52, 282.88, 0.00779611
_15272_, 571.32, 282.88, 0.00900625
PHY_199, 571.32, 282.88, 0.00900625
PHY_201, 571.32, 282.88, 0.00900625
hold644, 571.32, 282.88, 0.00900625
_10124_, 37.94, 282.88, 0.00789468
_10136_, 37.94, 282.88, 0.00789468
_10142_, 37.94, 282.88, 0.00789468
_14537_, 37.94, 282.88, 0.00789468
hold1031, 37.94, 282.88, 0.00789468
hold1392, 37.94, 282.88, 0.00789468
FILLER_0_100_75, 37.94, 282.88, 0.00789468
_10134_, 50.74, 282.88, 0.00799143
_14535_, 50.74, 282.88, 0.00799143
_16962_, 50.74, 282.88, 0.00799143
hold1306, 50.74, 282.88, 0.00799143
FILLER_0_100_85, 50.74, 282.88, 0.00799143
FILLER_0_100_93, 50.74, 282.88, 0.00799143
FILLER_0_100_99, 50.74, 282.88, 0.00799143
FILLER_0_100_107, 50.74, 282.88, 0.00799143
FILLER_0_101_100, 50.74, 282.88, 0.00799143
FILLER_0_101_109, 50.74, 282.88, 0.00799143
FILLER_0_100_130, 63.54, 282.88, 0.00808022
FILLER_0_101_133, 63.54, 282.88, 0.00808022
FILLER_0_101_161, 76.34, 282.88, 0.008169
_10110_, 89.14, 282.88, 0.00825779
_10112_, 89.14, 282.88, 0.00825779
_14547_, 89.14, 282.88, 0.00825779
hold2074, 89.14, 282.88, 0.00825779
FILLER_0_100_189, 89.14, 282.88, 0.00825779
_10093_, 114.74, 282.88, 0.00843311
FILLER_0_99_225, 114.74, 282.88, 0.00843311
FILLER_0_99_233, 114.74, 282.88, 0.00843311
FILLER_0_100_245, 114.74, 282.88, 0.00843311
FILLER_0_101_249, 114.74, 282.88, 0.00843311
_10809_, 127.54, 282.88, 0.00852056
_10927_, 140.34, 282.88, 0.00860779
_10943_, 140.34, 282.88, 0.00860779
_14098_, 140.34, 282.88, 0.00860779
_16569_, 140.34, 282.88, 0.00860779
hold1086, 140.34, 282.88, 0.00860779
FILLER_0_99_291, 140.34, 282.88, 0.00860779
FILLER_0_100_289, 140.34, 282.88, 0.00860779
_10926_, 153.14, 282.88, 0.00868685
_10942_, 153.14, 282.88, 0.00868685
_16573_, 153.14, 282.88, 0.00868685
hold221, 153.14, 282.88, 0.00868685
FILLER_0_100_323, 153.14, 282.88, 0.00868685
_10906_, 165.94, 282.88, 0.0087579
_10911_, 165.94, 282.88, 0.0087579
_10918_, 165.94, 282.88, 0.0087579
_14109_, 165.94, 282.88, 0.0087579
hold1152, 165.94, 282.88, 0.0087579
hold1276, 165.94, 282.88, 0.0087579
_18077_, 191.54, 282.88, 0.00915749
hold2017, 191.54, 282.88, 0.00915749
FILLER_0_99_401, 191.54, 282.88, 0.00915749
FILLER_0_100_392, 191.54, 282.88, 0.00915749
_07910_, 204.34, 282.88, 0.00947468
_12893_, 204.34, 282.88, 0.00947468
_12894_, 204.34, 282.88, 0.00947468
_13428_, 204.34, 282.88, 0.00947468
_15771_, 204.34, 282.88, 0.00947468
_18078_, 204.34, 282.88, 0.00947468
hold2214, 204.34, 282.88, 0.00947468
hold2265, 204.34, 282.88, 0.00947468
FILLER_0_100_433, 204.34, 282.88, 0.00947468
_15772_, 217.14, 282.88, 0.00975756
_15838_, 217.14, 282.88, 0.00975756
hold110, 217.14, 282.88, 0.00975756
hold2213, 217.14, 282.88, 0.00975756
FILLER_0_99_452, 217.14, 282.88, 0.00975756
_12734_, 229.94, 282.88, 0.0100142
_13093_, 229.94, 282.88, 0.0100142
_13285_, 229.94, 282.88, 0.0100142
_15837_, 229.94, 282.88, 0.0100142
_15901_, 229.94, 282.88, 0.0100142
hold42, 229.94, 282.88, 0.0100142
FILLER_0_99_475, 229.94, 282.88, 0.0100142
FILLER_0_100_480, 229.94, 282.88, 0.0100142
_12042_, 242.74, 282.88, 0.0102344
_13012_, 242.74, 282.88, 0.0102344
_15998_, 242.74, 282.88, 0.0102344
clkbuf_leaf_29_clk, 242.74, 282.88, 0.0102344
hold2241, 242.74, 282.88, 0.0102344
_12021_, 255.54, 282.88, 0.0103895
_12043_, 255.54, 282.88, 0.0103895
_12044_, 255.54, 282.88, 0.0103895
_12823_, 255.54, 282.88, 0.0103895
_12824_, 255.54, 282.88, 0.0103895
_15902_, 255.54, 282.88, 0.0103895
FILLER_0_100_542, 255.54, 282.88, 0.0103895
FILLER_0_101_556, 255.54, 282.88, 0.0103895
_11963_, 268.34, 282.88, 0.0105132
_12024_, 268.34, 282.88, 0.0105132
rebuffer1, 268.34, 282.88, 0.0105132
FILLER_0_100_580, 268.34, 282.88, 0.0105132
FILLER_0_101_580, 268.34, 282.88, 0.0105132
_12116_, 281.14, 282.88, 0.0105669
_12138_, 281.14, 282.88, 0.0105669
clkbuf_0_clk, 281.14, 282.88, 0.0105669
ANTENNA_2, 281.14, 282.88, 0.0105669
FILLER_0_100_589, 281.14, 282.88, 0.0105669
FILLER_0_101_610, 281.14, 282.88, 0.0105669
_12422_, 293.94, 282.88, 0.0104698
_12429_, 293.94, 282.88, 0.0104698
_12431_, 293.94, 282.88, 0.0104698
_12448_, 293.94, 282.88, 0.0104698
FILLER_0_99_621, 293.94, 282.88, 0.0104698
FILLER_0_101_629, 293.94, 282.88, 0.0104698
FILLER_0_101_637, 293.94, 282.88, 0.0104698
_12421_, 306.74, 282.88, 0.0101543
_13054_, 306.74, 282.88, 0.0101543
FILLER_0_100_662, 306.74, 282.88, 0.0101543
FILLER_0_101_662, 306.74, 282.88, 0.0101543
_11967_, 319.54, 282.88, 0.00983408
_12980_, 319.54, 282.88, 0.00983408
_12981_, 319.54, 282.88, 0.00983408
_15925_, 319.54, 282.88, 0.00983408
FILLER_0_101_683, 319.54, 282.88, 0.00983408
_11996_, 345.14, 282.88, 0.00953756
_12475_, 345.14, 282.88, 0.00953756
_12778_, 345.14, 282.88, 0.00953756
_13312_, 345.14, 282.88, 0.00953756
_16021_, 345.14, 282.88, 0.00953756
hold2193, 345.14, 282.88, 0.00953756
FILLER_0_100_731, 345.14, 282.88, 0.00953756
FILLER_0_100_751, 345.14, 282.88, 0.00953756
FILLER_0_101_750, 345.14, 282.88, 0.00953756
_12128_, 357.94, 282.88, 0.00957018
_12358_, 357.94, 282.88, 0.00957018
_12473_, 357.94, 282.88, 0.00957018
_12476_, 357.94, 282.88, 0.00957018
_13127_, 357.94, 282.88, 0.00957018
FILLER_0_101_768, 357.94, 282.88, 0.00957018
_12326_, 370.74, 282.88, 0.00953871
FILLER_0_99_781, 370.74, 282.88, 0.00953871
FILLER_0_99_785, 370.74, 282.88, 0.00953871
FILLER_0_100_803, 370.74, 282.88, 0.00953871
_12503_, 383.54, 282.88, 0.00950278
_12504_, 383.54, 282.88, 0.00950278
_13444_, 383.54, 282.88, 0.00950278
_16051_, 383.54, 282.88, 0.00950278
FILLER_0_100_813, 383.54, 282.88, 0.00950278
FILLER_0_101_832, 383.54, 282.88, 0.00950278
_12848_, 396.34, 282.88, 0.00944751
_13056_, 396.34, 282.88, 0.00944751
FILLER_0_99_837, 396.34, 282.88, 0.00944751
FILLER_0_99_841, 396.34, 282.88, 0.00944751
FILLER_0_100_844, 396.34, 282.88, 0.00944751
hold2160, 409.14, 282.88, 0.00938424
FILLER_0_101_889, 409.14, 282.88, 0.00938424
_17950_, 421.94, 282.88, 0.00931608
FILLER_0_100_917, 421.94, 282.88, 0.00931608
FILLER_0_101_909, 421.94, 282.88, 0.00931608
_08164_, 434.74, 282.88, 0.00924083
_08165_, 434.74, 282.88, 0.00924083
_08182_, 434.74, 282.88, 0.00924083
_15622_, 434.74, 282.88, 0.00924083
_15630_, 434.74, 282.88, 0.00924083
FILLER_0_99_921, 434.74, 282.88, 0.00924083
FILLER_0_99_932, 434.74, 282.88, 0.00924083
_17945_, 447.54, 282.88, 0.00916458
_17947_, 447.54, 282.88, 0.00916458
_17949_, 447.54, 282.88, 0.00916458
hold912, 447.54, 282.88, 0.00916458
FILLER_0_101_963, 447.54, 282.88, 0.00916458
_08171_, 460.34, 282.88, 0.00906652
_08174_, 460.34, 282.88, 0.00906652
_15627_, 460.34, 282.88, 0.00906652
hold1732, 460.34, 282.88, 0.00906652
FILLER_0_101_1002, 460.34, 282.88, 0.00906652
_17639_, 473.14, 282.88, 0.00896733
FILLER_0_100_1028, 473.14, 282.88, 0.00896733
FILLER_0_101_1021, 473.14, 282.88, 0.00896733
_08798_, 498.137, 282.88, 0.00890446
_08802_, 498.137, 282.88, 0.00890446
_08803_, 498.137, 282.88, 0.00890446
_15277_, 498.137, 282.88, 0.00890446
_17643_, 498.137, 282.88, 0.00890446
FILLER_0_100_1080, 498.137, 282.88, 0.00890446
FILLER_0_101_1079, 498.137, 282.88, 0.00890446
_08766_, 510.334, 282.88, 0.00894033
_08767_, 510.334, 282.88, 0.00894033
_08778_, 510.334, 282.88, 0.00894033
_17649_, 510.334, 282.88, 0.00894033
hold1994, 510.334, 282.88, 0.00894033
FILLER_0_99_1089, 510.334, 282.88, 0.00894033
FILLER_0_99_1097, 510.334, 282.88, 0.00894033
_08771_, 522.531, 282.88, 0.00896833
_08781_, 522.531, 282.88, 0.00896833
_15287_, 522.531, 282.88, 0.00896833
_15289_, 522.531, 282.88, 0.00896833
_15296_, 522.531, 282.88, 0.00896833
_15297_, 522.531, 282.88, 0.00896833
_17642_, 522.531, 282.88, 0.00896833
_08780_, 534.728, 282.88, 0.00898684
_15294_, 534.728, 282.88, 0.00898684
_17621_, 534.728, 282.88, 0.00898684
hold1146, 534.728, 282.88, 0.00898684
hold1988, 534.728, 282.88, 0.00898684
FILLER_0_100_1143, 534.728, 282.88, 0.00898684
_15265_, 546.925, 282.88, 0.00899726
_15266_, 546.925, 282.88, 0.00899726
FILLER_0_99_1173, 546.925, 282.88, 0.00899726
_08808_, 559.122, 282.88, 0.00900556
_15273_, 559.122, 282.88, 0.00900556
_17623_, 559.122, 282.88, 0.00900556
hold1894, 559.122, 282.88, 0.00900556
FILLER_0_100_1193, 559.122, 282.88, 0.00900556
FILLER_0_100_1201, 559.122, 282.88, 0.00900556
FILLER_0_100_1205, 559.122, 282.88, 0.00900556
FILLER_0_100_1213, 559.122, 282.88, 0.00900556
FILLER_0_101_1204, 559.122, 282.88, 0.00900556
FILLER_0_101_1211, 559.122, 282.88, 0.00900556
PHY_194, 5.52, 277.44, 0.00774197
PHY_196, 5.52, 277.44, 0.00774197
_08804_, 571.32, 277.44, 0.00882937
_15268_, 571.32, 277.44, 0.00882937
PHY_195, 571.32, 277.44, 0.00882937
PHY_197, 571.32, 277.44, 0.00882937
_14534_, 37.94, 277.44, 0.00786573
_16967_, 37.94, 277.44, 0.00786573
FILLER_0_98_79, 37.94, 277.44, 0.00786573
_10126_, 50.74, 277.44, 0.00798219
_10127_, 50.74, 277.44, 0.00798219
_10140_, 50.74, 277.44, 0.00798219
_10141_, 50.74, 277.44, 0.00798219
hold1610, 50.74, 277.44, 0.00798219
FILLER_0_97_96, 50.74, 277.44, 0.00798219
FILLER_0_98_93, 50.74, 277.44, 0.00798219
_09958_, 63.54, 277.44, 0.00809731
_09959_, 63.54, 277.44, 0.00809731
_14635_, 63.54, 277.44, 0.00809731
_17053_, 63.54, 277.44, 0.00809731
FILLER_0_97_113, 63.54, 277.44, 0.00809731
FILLER_0_98_137, 63.54, 277.44, 0.00809731
_10111_, 76.34, 277.44, 0.00820475
_16976_, 76.34, 277.44, 0.00820475
hold1212, 76.34, 277.44, 0.00820475
FILLER_0_98_149, 76.34, 277.44, 0.00820475
FILLER_0_99_165, 76.34, 277.44, 0.00820475
_10121_, 89.14, 277.44, 0.00830438
_14546_, 89.14, 277.44, 0.00830438
_14550_, 89.14, 277.44, 0.00830438
_14551_, 89.14, 277.44, 0.00830438
_16972_, 89.14, 277.44, 0.00830438
hold1654, 89.14, 277.44, 0.00830438
FILLER_0_98_192, 89.14, 277.44, 0.00830438
_16986_, 101.94, 277.44, 0.00839571
_16989_, 101.94, 277.44, 0.00839571
hold1712, 101.94, 277.44, 0.00839571
FILLER_0_98_209, 101.94, 277.44, 0.00839571
FILLER_0_99_220, 101.94, 277.44, 0.00839571
_10085_, 114.74, 277.44, 0.00847238
_10092_, 114.74, 277.44, 0.00847238
_14561_, 114.74, 277.44, 0.00847238
_16988_, 114.74, 277.44, 0.00847238
hold1682, 114.74, 277.44, 0.00847238
hold1674, 127.54, 277.44, 0.00854089
FILLER_0_98_273, 127.54, 277.44, 0.00854089
FILLER_0_99_269, 127.54, 277.44, 0.00854089
FILLER_0_99_277, 127.54, 277.44, 0.00854089
_10928_, 140.34, 277.44, 0.00860891
_14090_, 140.34, 277.44, 0.00860891
_16561_, 140.34, 277.44, 0.00860891
_16568_, 140.34, 277.44, 0.00860891
clkbuf_leaf_16_clk, 140.34, 277.44, 0.00860891
_10907_, 153.14, 277.44, 0.00862118
_10919_, 153.14, 277.44, 0.00862118
_10941_, 153.14, 277.44, 0.00862118
_14091_, 153.14, 277.44, 0.00862118
_14103_, 153.14, 277.44, 0.00862118
_16579_, 153.14, 277.44, 0.00862118
hold455, 153.14, 277.44, 0.00862118
FILLER_0_98_309, 153.14, 277.44, 0.00862118
FILLER_0_98_320, 153.14, 277.44, 0.00862118
_16577_, 165.94, 277.44, 0.00862489
_07911_, 191.54, 277.44, 0.00877501
_10920_, 191.54, 277.44, 0.00877501
_12895_, 191.54, 277.44, 0.00877501
hold1304, 191.54, 277.44, 0.00877501
FILLER_0_98_415, 191.54, 277.44, 0.00877501
_07909_, 204.34, 277.44, 0.00892203
_13427_, 204.34, 277.44, 0.00892203
clkbuf_leaf_26_clk, 204.34, 277.44, 0.00892203
FILLER_0_98_424, 204.34, 277.44, 0.00892203
FILLER_0_99_437, 204.34, 277.44, 0.00892203
FILLER_0_98_465, 217.14, 277.44, 0.00902655
FILLER_0_98_473, 217.14, 277.44, 0.00902655
_13013_, 229.94, 277.44, 0.00913107
_13284_, 229.94, 277.44, 0.00913107
_12825_, 242.74, 277.44, 0.00923155
_12826_, 242.74, 277.44, 0.00923155
_15997_, 242.74, 277.44, 0.00923155
FILLER_0_97_505, 242.74, 277.44, 0.00923155
FILLER_0_98_517, 242.74, 277.44, 0.00923155
_11971_, 255.54, 277.44, 0.00931627
_12206_, 255.54, 277.44, 0.00931627
_12207_, 255.54, 277.44, 0.00931627
_13462_, 255.54, 277.44, 0.00931627
max_cap122, 255.54, 277.44, 0.00931627
hold2190, 255.54, 277.44, 0.00931627
FILLER_0_99_556, 255.54, 277.44, 0.00931627
_11972_, 268.34, 277.44, 0.00937168
_12439_, 268.34, 277.44, 0.00937168
max_cap121, 268.34, 277.44, 0.00937168
FILLER_0_98_561, 268.34, 277.44, 0.00937168
FILLER_0_99_583, 268.34, 277.44, 0.00937168
_12046_, 281.14, 277.44, 0.0093942
_12115_, 281.14, 277.44, 0.0093942
_12175_, 281.14, 277.44, 0.0093942
_12204_, 281.14, 277.44, 0.0093942
_12205_, 281.14, 277.44, 0.0093942
_12430_, 281.14, 277.44, 0.0093942
FILLER_0_97_597, 281.14, 277.44, 0.0093942
FILLER_0_98_589, 281.14, 277.44, 0.0093942
_12208_, 293.94, 277.44, 0.00934621
_12209_, 293.94, 277.44, 0.00934621
_12426_, 293.94, 277.44, 0.00934621
_12427_, 293.94, 277.44, 0.00934621
FILLER_0_98_621, 293.94, 277.44, 0.00934621
FILLER_0_98_632, 293.94, 277.44, 0.00934621
_12396_, 306.74, 277.44, 0.00925507
_12428_, 306.74, 277.44, 0.00925507
_12433_, 306.74, 277.44, 0.00925507
FILLER_0_98_648, 306.74, 277.44, 0.00925507
FILLER_0_99_667, 306.74, 277.44, 0.00925507
_11995_, 345.14, 277.44, 0.00904989
_12127_, 345.14, 277.44, 0.00904989
_12474_, 345.14, 277.44, 0.00904989
_12779_, 345.14, 277.44, 0.00904989
_13489_, 345.14, 277.44, 0.00904989
FILLER_0_98_749, 345.14, 277.44, 0.00904989
_12357_, 357.94, 277.44, 0.00908887
_12459_, 357.94, 277.44, 0.00908887
_13488_, 357.94, 277.44, 0.00908887
FILLER_0_98_757, 357.94, 277.44, 0.00908887
FILLER_0_98_765, 357.94, 277.44, 0.00908887
FILLER_0_99_773, 357.94, 277.44, 0.00908887
_15891_, 370.74, 277.44, 0.0091098
FILLER_0_98_782, 370.74, 277.44, 0.0091098
_12494_, 383.54, 277.44, 0.00912039
_13345_, 383.54, 277.44, 0.00912039
_13521_, 383.54, 277.44, 0.00912039
_16052_, 383.54, 277.44, 0.00912039
hold35, 383.54, 277.44, 0.00912039
FILLER_0_97_811, 383.54, 277.44, 0.00912039
FILLER_0_98_832, 383.54, 277.44, 0.00912039
FILLER_0_99_829, 383.54, 277.44, 0.00912039
_13055_, 396.34, 277.44, 0.00910968
_13522_, 396.34, 277.44, 0.00910968
_15869_, 396.34, 277.44, 0.00910968
ANTENNA_25, 396.34, 277.44, 0.00910968
FILLER_0_98_839, 396.34, 277.44, 0.00910968
_11949_, 409.14, 277.44, 0.00908311
_13529_, 409.14, 277.44, 0.00908311
_16058_, 409.14, 277.44, 0.00908311
FILLER_0_97_870, 409.14, 277.44, 0.00908311
FILLER_0_98_881, 409.14, 277.44, 0.00908311
FILLER_0_98_890, 409.14, 277.44, 0.00908311
_11948_, 421.94, 277.44, 0.00904908
hold1574, 421.94, 277.44, 0.00904908
hold1930, 421.94, 277.44, 0.00904908
FILLER_0_98_917, 421.94, 277.44, 0.00904908
_08180_, 434.74, 277.44, 0.00901382
_08181_, 434.74, 277.44, 0.00901382
_08183_, 434.74, 277.44, 0.00901382
_15621_, 434.74, 277.44, 0.00901382
clkbuf_leaf_178_clk, 434.74, 277.44, 0.00901382
hold350, 434.74, 277.44, 0.00901382
hold1996, 434.74, 277.44, 0.00901382
_08166_, 447.54, 277.44, 0.00893303
_17941_, 447.54, 277.44, 0.00893303
FILLER_0_97_953, 447.54, 277.44, 0.00893303
FILLER_0_97_1004, 473.14, 277.44, 0.00875661
FILLER_0_98_1029, 473.14, 277.44, 0.00875661
hold1606, 498.137, 277.44, 0.00870686
FILLER_0_97_1060, 498.137, 277.44, 0.00870686
FILLER_0_97_1065, 498.137, 277.44, 0.00870686
_08298_, 510.334, 277.44, 0.00874485
_08765_, 510.334, 277.44, 0.00874485
_17650_, 510.334, 277.44, 0.00874485
hold1859, 510.334, 277.44, 0.00874485
FILLER_0_98_1105, 510.334, 277.44, 0.00874485
_08764_, 522.531, 277.44, 0.00877524
_17647_, 522.531, 277.44, 0.00877524
hold1127, 522.531, 277.44, 0.00877524
FILLER_0_97_1117, 522.531, 277.44, 0.00877524
_08770_, 534.728, 277.44, 0.0087982
_17625_, 534.728, 277.44, 0.0087982
FILLER_0_98_1149, 534.728, 277.44, 0.0087982
FILLER_0_99_1158, 534.728, 277.44, 0.0087982
_08807_, 546.925, 277.44, 0.0088142
_08814_, 546.925, 277.44, 0.0088142
_08815_, 546.925, 277.44, 0.0088142
_15270_, 546.925, 277.44, 0.0088142
hold1198, 546.925, 277.44, 0.0088142
FILLER_0_98_1189, 546.925, 277.44, 0.0088142
FILLER_0_99_1189, 546.925, 277.44, 0.0088142
_08805_, 559.122, 277.44, 0.00882894
_08818_, 559.122, 277.44, 0.00882894
_08819_, 559.122, 277.44, 0.00882894
_15275_, 559.122, 277.44, 0.00882894
_17627_, 559.122, 277.44, 0.00882894
_17630_, 559.122, 277.44, 0.00882894
PHY_190, 5.52, 272, 0.00778509
PHY_192, 5.52, 272, 0.00778509
output86, 5.52, 272, 0.00778509
_08810_, 571.32, 272, 0.00866742
_08811_, 571.32, 272, 0.00866742
PHY_191, 571.32, 272, 0.00866742
PHY_193, 571.32, 272, 0.00866742
input1, 571.32, 272, 0.00866742
FILLER_0_95_1217, 571.32, 272, 0.00866742
_10003_, 15.33, 272, 0.00773716
FILLER_0_95_15, 15.33, 272, 0.00773716
_10130_, 37.94, 272, 0.00779261
_10131_, 37.94, 272, 0.00779261
_14540_, 37.94, 272, 0.00779261
_14542_, 37.94, 272, 0.00779261
FILLER_0_95_69, 37.94, 272, 0.00779261
FILLER_0_96_61, 37.94, 272, 0.00779261
FILLER_0_96_71, 37.94, 272, 0.00779261
FILLER_0_97_80, 37.94, 272, 0.00779261
_16969_, 50.74, 272, 0.00789538
hold1049, 50.74, 272, 0.00789538
hold1516, 50.74, 272, 0.00789538
FILLER_0_97_108, 50.74, 272, 0.00789538
_09944_, 63.54, 272, 0.00799003
_09945_, 63.54, 272, 0.00799003
_09956_, 63.54, 272, 0.00799003
_14642_, 63.54, 272, 0.00799003
_17060_, 63.54, 272, 0.00799003
hold734, 63.54, 272, 0.00799003
FILLER_0_95_113, 63.54, 272, 0.00799003
FILLER_0_96_125, 63.54, 272, 0.00799003
FILLER_0_97_129, 63.54, 272, 0.00799003
_10113_, 76.34, 272, 0.00807626
_16977_, 76.34, 272, 0.00807626
_17054_, 76.34, 272, 0.00807626
hold2155, 76.34, 272, 0.00807626
FILLER_0_96_149, 76.34, 272, 0.00807626
FILLER_0_97_158, 76.34, 272, 0.00807626
_10090_, 89.14, 272, 0.00814756
_10091_, 89.14, 272, 0.00814756
_10120_, 89.14, 272, 0.00814756
_14562_, 89.14, 272, 0.00814756
FILLER_0_96_175, 89.14, 272, 0.00814756
_10086_, 101.94, 272, 0.00821802
_10087_, 101.94, 272, 0.00821802
_14564_, 101.94, 272, 0.00821802
_16990_, 101.94, 272, 0.00821802
hold1893, 101.94, 272, 0.00821802
FILLER_0_96_213, 101.94, 272, 0.00821802
FILLER_0_97_220, 101.94, 272, 0.00821802
_10084_, 114.74, 272, 0.00828029
_10088_, 114.74, 272, 0.00828029
_14563_, 114.74, 272, 0.00828029
_14565_, 114.74, 272, 0.00828029
hold1853, 114.74, 272, 0.00828029
FILLER_0_95_225, 114.74, 272, 0.00828029
_10929_, 127.54, 272, 0.00834125
FILLER_0_96_277, 127.54, 272, 0.00834125
FILLER_0_97_266, 127.54, 272, 0.00834125
FILLER_0_97_274, 127.54, 272, 0.00834125
_10935_, 140.34, 272, 0.00840201
_10936_, 140.34, 272, 0.00840201
_14097_, 140.34, 272, 0.00840201
_16562_, 140.34, 272, 0.00840201
hold217, 140.34, 272, 0.00840201
FILLER_0_96_285, 140.34, 272, 0.00840201
FILLER_0_97_301, 140.34, 272, 0.00840201
_10934_, 153.14, 272, 0.00845461
_10940_, 153.14, 272, 0.00845461
_14094_, 153.14, 272, 0.00845461
_16565_, 153.14, 272, 0.00845461
hold1759, 153.14, 272, 0.00845461
FILLER_0_95_309, 153.14, 272, 0.00845461
FILLER_0_97_329, 153.14, 272, 0.00845461
clkbuf_leaf_25_clk, 165.94, 272, 0.00849898
FILLER_0_96_337, 165.94, 272, 0.00849898
FILLER_0_97_361, 165.94, 272, 0.00849898
_15965_, 191.54, 272, 0.00868388
FILLER_0_96_413, 191.54, 272, 0.00868388
FILLER_0_97_405, 191.54, 272, 0.00868388
_12927_, 204.34, 272, 0.00885855
_15929_, 204.34, 272, 0.00885855
hold2164, 204.34, 272, 0.00885855
FILLER_0_96_421, 204.34, 272, 0.00885855
FILLER_0_97_442, 204.34, 272, 0.00885855
_18073_, 217.14, 272, 0.00900628
FILLER_0_95_449, 217.14, 272, 0.00900628
FILLER_0_96_473, 217.14, 272, 0.00900628
_07918_, 229.94, 272, 0.0091426
_12766_, 229.94, 272, 0.0091426
hold2235, 229.94, 272, 0.0091426
FILLER_0_96_489, 229.94, 272, 0.0091426
FILLER_0_97_497, 229.94, 272, 0.0091426
FILLER_0_96_521, 242.74, 272, 0.00925769
FILLER_0_96_529, 242.74, 272, 0.00925769
_11957_, 255.54, 272, 0.00937279
_11984_, 255.54, 272, 0.00937279
_12040_, 255.54, 272, 0.00937279
_11953_, 268.34, 272, 0.00941293
_11956_, 268.34, 272, 0.00941293
_11970_, 268.34, 272, 0.00941293
_13106_, 268.34, 272, 0.00941293
FILLER_0_95_561, 268.34, 272, 0.00941293
FILLER_0_95_569, 268.34, 272, 0.00941293
FILLER_0_96_560, 268.34, 272, 0.00941293
_11993_, 281.14, 272, 0.00938672
_12383_, 281.14, 272, 0.00938672
_12210_, 293.94, 272, 0.00930342
FILLER_0_97_629, 293.94, 272, 0.00930342
FILLER_0_97_667, 306.74, 272, 0.00917219
_13116_, 319.54, 272, 0.00904096
_18101_, 319.54, 272, 0.00904096
FILLER_0_96_693, 319.54, 272, 0.00904096
FILLER_0_97_685, 319.54, 272, 0.00904096
_12126_, 345.14, 272, 0.00887248
_13453_, 345.14, 272, 0.00887248
FILLER_0_96_745, 345.14, 272, 0.00887248
FILLER_0_97_741, 345.14, 272, 0.00887248
_12134_, 357.94, 272, 0.00890509
FILLER_0_95_756, 357.94, 272, 0.00890509
FILLER_0_95_762, 357.94, 272, 0.00890509
FILLER_0_96_753, 357.94, 272, 0.00890509
FILLER_0_97_777, 357.94, 272, 0.00890509
_13026_, 370.74, 272, 0.00893267
FILLER_0_95_781, 370.74, 272, 0.00893267
FILLER_0_96_805, 370.74, 272, 0.00893267
FILLER_0_97_797, 370.74, 272, 0.00893267
_12493_, 383.54, 272, 0.00895592
_13523_, 383.54, 272, 0.00895592
clkbuf_leaf_167_clk, 383.54, 272, 0.00895592
hold2238, 383.54, 272, 0.00895592
FILLER_0_95_821, 383.54, 272, 0.00895592
_12479_, 396.34, 272, 0.00892138
_12480_, 396.34, 272, 0.00892138
_13320_, 396.34, 272, 0.00892138
_13524_, 396.34, 272, 0.00892138
FILLER_0_96_863, 396.34, 272, 0.00892138
_16059_, 409.14, 272, 0.00888177
FILLER_0_95_876, 409.14, 272, 0.00888177
FILLER_0_96_869, 409.14, 272, 0.00888177
_11944_, 421.94, 272, 0.00883507
_13530_, 421.94, 272, 0.00883507
_16060_, 421.94, 272, 0.00883507
_17942_, 421.94, 272, 0.00883507
hold1805, 421.94, 272, 0.00883507
FILLER_0_96_914, 421.94, 272, 0.00883507
FILLER_0_97_908, 421.94, 272, 0.00883507
_08168_, 434.74, 272, 0.00877322
_08169_, 434.74, 272, 0.00877322
_15628_, 434.74, 272, 0.00877322
hold363, 434.74, 272, 0.00877322
FILLER_0_97_946, 434.74, 272, 0.00877322
_08175_, 447.54, 272, 0.00871027
_15625_, 447.54, 272, 0.00871027
_15626_, 447.54, 272, 0.00871027
_17946_, 447.54, 272, 0.00871027
FILLER_0_95_947, 447.54, 272, 0.00871027
FILLER_0_95_953, 447.54, 272, 0.00871027
FILLER_0_96_971, 447.54, 272, 0.00871027
_08172_, 460.34, 272, 0.00863965
hold910, 460.34, 272, 0.00863965
_08284_, 473.14, 272, 0.00856831
_08289_, 473.14, 272, 0.00856831
FILLER_0_95_1009, 473.14, 272, 0.00856831
FILLER_0_96_1025, 473.14, 272, 0.00856831
FILLER_0_97_1021, 473.14, 272, 0.00856831
_08299_, 498.137, 272, 0.00856627
_08302_, 498.137, 272, 0.00856627
_08303_, 498.137, 272, 0.00856627
_15555_, 498.137, 272, 0.00856627
_17881_, 498.137, 272, 0.00856627
FILLER_0_95_1065, 498.137, 272, 0.00856627
_15557_, 510.334, 272, 0.00862845
clkbuf_leaf_181_clk, 510.334, 272, 0.00862845
hold1605, 510.334, 272, 0.00862845
FILLER_0_97_1109, 510.334, 272, 0.00862845
FILLER_0_95_1113, 522.531, 272, 0.0086418
_08875_, 534.728, 272, 0.00865514
_08878_, 534.728, 272, 0.00865514
_17629_, 534.728, 272, 0.00865514
FILLER_0_95_1143, 534.728, 272, 0.00865514
FILLER_0_97_1157, 534.728, 272, 0.00865514
_08806_, 546.925, 272, 0.00866132
_15274_, 546.925, 272, 0.00866132
hold919, 546.925, 272, 0.00866132
FILLER_0_95_1170, 546.925, 272, 0.00866132
_13241_, 559.122, 272, 0.00866664
hold1199, 559.122, 272, 0.00866664
FILLER_0_96_1197, 559.122, 272, 0.00866664
FILLER_0_96_1205, 559.122, 272, 0.00866664
_17031_, 5.52, 266.56, 0.0076479
PHY_186, 5.52, 266.56, 0.0076479
PHY_188, 5.52, 266.56, 0.0076479
FILLER_0_94_3, 5.52, 266.56, 0.0076479
PHY_187, 571.32, 266.56, 0.00863428
PHY_189, 571.32, 266.56, 0.00863428
FILLER_0_93_1224, 571.32, 266.56, 0.00863428
FILLER_0_94_1217, 571.32, 266.56, 0.00863428
hold1684, 15.33, 266.56, 0.00764247
_09998_, 37.94, 266.56, 0.00779157
_14533_, 37.94, 266.56, 0.00779157
_16966_, 37.94, 266.56, 0.00779157
hold1852, 37.94, 266.56, 0.00779157
hold2022, 37.94, 266.56, 0.00779157
_10132_, 50.74, 266.56, 0.0079362
_10133_, 50.74, 266.56, 0.0079362
_14539_, 50.74, 266.56, 0.0079362
FILLER_0_94_85, 50.74, 266.56, 0.0079362
FILLER_0_95_102, 50.74, 266.56, 0.0079362
_17052_, 63.54, 266.56, 0.00808022
clkbuf_leaf_13_clk, 63.54, 266.56, 0.00808022
FILLER_0_93_113, 63.54, 266.56, 0.00808022
_09960_, 76.34, 266.56, 0.00816982
_09961_, 76.34, 266.56, 0.00816982
_14636_, 76.34, 266.56, 0.00816982
hold1736, 76.34, 266.56, 0.00816982
FILLER_0_93_147, 76.34, 266.56, 0.00816982
FILLER_0_94_164, 76.34, 266.56, 0.00816982
FILLER_0_95_161, 76.34, 266.56, 0.00816982
_10108_, 89.14, 266.56, 0.00825828
_14544_, 89.14, 266.56, 0.00825828
clkbuf_leaf_15_clk, 89.14, 266.56, 0.00825828
hold967, 89.14, 266.56, 0.00825828
FILLER_0_94_172, 89.14, 266.56, 0.00825828
FILLER_0_94_193, 89.14, 266.56, 0.00825828
hold2123, 101.94, 266.56, 0.0082912
FILLER_0_94_197, 101.94, 266.56, 0.0082912
FILLER_0_95_214, 101.94, 266.56, 0.0082912
_10089_, 114.74, 266.56, 0.00832358
_14557_, 114.74, 266.56, 0.00832358
FILLER_0_93_225, 114.74, 266.56, 0.00832358
FILLER_0_94_248, 114.74, 266.56, 0.00832358
_10937_, 127.54, 266.56, 0.00835558
_16564_, 127.54, 266.56, 0.00835558
FILLER_0_94_265, 127.54, 266.56, 0.00835558
FILLER_0_95_267, 127.54, 266.56, 0.00835558
_14093_, 140.34, 266.56, 0.00838027
_14095_, 140.34, 266.56, 0.00838027
_16566_, 140.34, 266.56, 0.00838027
FILLER_0_93_281, 140.34, 266.56, 0.00838027
FILLER_0_93_289, 140.34, 266.56, 0.00838027
_10932_, 153.14, 266.56, 0.00839749
hold538, 153.14, 266.56, 0.00839749
FILLER_0_94_309, 153.14, 266.56, 0.00839749
FILLER_0_94_333, 153.14, 266.56, 0.00839749
FILLER_0_95_331, 153.14, 266.56, 0.00839749
_09924_, 165.94, 266.56, 0.00841401
_09925_, 165.94, 266.56, 0.00841401
_09940_, 165.94, 266.56, 0.00841401
_14654_, 165.94, 266.56, 0.00841401
_17070_, 165.94, 266.56, 0.00841401
hold782, 165.94, 266.56, 0.00841401
hold786, 165.94, 266.56, 0.00841401
_12972_, 191.54, 266.56, 0.00872295
_13387_, 191.54, 266.56, 0.00872295
_15764_, 191.54, 266.56, 0.00872295
FILLER_0_94_392, 191.54, 266.56, 0.00872295
FILLER_0_94_408, 191.54, 266.56, 0.00872295
_12971_, 204.34, 266.56, 0.00901931
_12973_, 204.34, 266.56, 0.00901931
_13386_, 204.34, 266.56, 0.00901931
_15961_, 204.34, 266.56, 0.00901931
hold2141, 204.34, 266.56, 0.00901931
FILLER_0_93_426, 204.34, 266.56, 0.00901931
_12858_, 217.14, 266.56, 0.00928902
_12902_, 217.14, 266.56, 0.00928902
_13423_, 217.14, 266.56, 0.00928902
_15767_, 217.14, 266.56, 0.00928902
_12597_, 229.94, 266.56, 0.00954053
_12761_, 229.94, 266.56, 0.00954053
_12767_, 229.94, 266.56, 0.00954053
_15833_, 229.94, 266.56, 0.00954053
FILLER_0_93_477, 229.94, 266.56, 0.00954053
FILLER_0_94_477, 229.94, 266.56, 0.00954053
FILLER_0_95_500, 229.94, 266.56, 0.00954053
_12038_, 242.74, 266.56, 0.00961359
_15993_, 242.74, 266.56, 0.00961359
hold63, 242.74, 266.56, 0.00961359
_11962_, 255.54, 266.56, 0.00966533
_12039_, 255.54, 266.56, 0.00966533
rebuffer15, 255.54, 266.56, 0.00966533
hold2174, 255.54, 266.56, 0.00966533
ANTENNA_1, 255.54, 266.56, 0.00966533
FILLER_0_94_548, 255.54, 266.56, 0.00966533
FILLER_0_95_553, 255.54, 266.56, 0.00966533
_11955_, 268.34, 266.56, 0.00967515
_11982_, 268.34, 266.56, 0.00967515
_11983_, 268.34, 266.56, 0.00967515
_12121_, 268.34, 266.56, 0.00967515
_12685_, 268.34, 266.56, 0.00967515
_12762_, 268.34, 266.56, 0.00967515
_12764_, 268.34, 266.56, 0.00967515
rebuffer10, 268.34, 266.56, 0.00967515
FILLER_0_94_572, 268.34, 266.56, 0.00967515
_12034_, 281.14, 266.56, 0.00964029
_12122_, 281.14, 266.56, 0.00964029
_12376_, 281.14, 266.56, 0.00964029
_12382_, 281.14, 266.56, 0.00964029
_12563_, 281.14, 266.56, 0.00964029
max_cap123, 281.14, 266.56, 0.00964029
FILLER_0_93_588, 281.14, 266.56, 0.00964029
_12182_, 293.94, 266.56, 0.00950658
_12201_, 293.94, 266.56, 0.00950658
_12404_, 293.94, 266.56, 0.00950658
_12443_, 293.94, 266.56, 0.00950658
FILLER_0_94_628, 293.94, 266.56, 0.00950658
_12377_, 306.74, 266.56, 0.0093043
_12394_, 306.74, 266.56, 0.0093043
_12397_, 306.74, 266.56, 0.0093043
_12398_, 306.74, 266.56, 0.0093043
_13132_, 306.74, 266.56, 0.0093043
FILLER_0_95_665, 306.74, 266.56, 0.0093043
_11961_, 319.54, 266.56, 0.00904038
_13057_, 319.54, 266.56, 0.00904038
_15868_, 319.54, 266.56, 0.00904038
hold28, 319.54, 266.56, 0.00904038
FILLER_0_94_680, 319.54, 266.56, 0.00904038
FILLER_0_94_693, 319.54, 266.56, 0.00904038
FILLER_0_95_685, 319.54, 266.56, 0.00904038
FILLER_0_95_694, 319.54, 266.56, 0.00904038
_12129_, 345.14, 266.56, 0.00886318
_12130_, 357.94, 266.56, 0.0089981
_12364_, 357.94, 266.56, 0.0089981
_12446_, 357.94, 266.56, 0.0089981
_12447_, 357.94, 266.56, 0.0089981
_12460_, 357.94, 266.56, 0.0089981
_12461_, 357.94, 266.56, 0.0089981
_12462_, 357.94, 266.56, 0.0089981
_12466_, 370.74, 266.56, 0.0090618
FILLER_0_94_807, 370.74, 266.56, 0.0090618
_13348_, 383.54, 266.56, 0.00902138
_16053_, 383.54, 266.56, 0.00902138
hold2263, 383.54, 266.56, 0.00902138
FILLER_0_93_810, 383.54, 266.56, 0.00902138
FILLER_0_94_825, 383.54, 266.56, 0.00902138
FILLER_0_95_829, 383.54, 266.56, 0.00902138
_13060_, 396.34, 266.56, 0.00896372
_15865_, 396.34, 266.56, 0.00896372
FILLER_0_93_841, 396.34, 266.56, 0.00896372
FILLER_0_94_850, 396.34, 266.56, 0.00896372
FILLER_0_94_863, 396.34, 266.56, 0.00896372
_11945_, 409.14, 266.56, 0.00889086
_11946_, 409.14, 266.56, 0.00889086
_11947_, 409.14, 266.56, 0.00889086
_13531_, 409.14, 266.56, 0.00889086
hold2171, 409.14, 266.56, 0.00889086
FILLER_0_94_877, 409.14, 266.56, 0.00889086
_17948_, 421.94, 266.56, 0.00881222
FILLER_0_94_914, 421.94, 266.56, 0.00881222
FILLER_0_95_908, 421.94, 266.56, 0.00881222
_08154_, 447.54, 266.56, 0.00864073
_08173_, 447.54, 266.56, 0.00864073
_08178_, 447.54, 266.56, 0.00864073
_08179_, 447.54, 266.56, 0.00864073
_17943_, 447.54, 266.56, 0.00864073
hold1364, 447.54, 266.56, 0.00864073
FILLER_0_94_949, 447.54, 266.56, 0.00864073
_15624_, 460.34, 266.56, 0.00854659
_08285_, 473.14, 266.56, 0.00845227
_17888_, 473.14, 266.56, 0.00845227
_17890_, 473.14, 266.56, 0.00845227
FILLER_0_93_1005, 473.14, 266.56, 0.00845227
FILLER_0_94_1005, 473.14, 266.56, 0.00845227
FILLER_0_94_1013, 473.14, 266.56, 0.00845227
FILLER_0_95_1017, 473.14, 266.56, 0.00845227
_08286_, 498.137, 266.56, 0.00842074
_17883_, 498.137, 266.56, 0.00842074
_17886_, 498.137, 266.56, 0.00842074
FILLER_0_93_1065, 498.137, 266.56, 0.00842074
FILLER_0_94_1065, 498.137, 266.56, 0.00842074
_08292_, 510.334, 266.56, 0.00848419
_08867_, 510.334, 266.56, 0.00848419
_17599_, 510.334, 266.56, 0.00848419
hold1585, 510.334, 266.56, 0.00848419
FILLER_0_93_1094, 510.334, 266.56, 0.00848419
FILLER_0_95_1104, 510.334, 266.56, 0.00848419
_08866_, 522.531, 266.56, 0.00854
_08879_, 522.531, 266.56, 0.00854
_15241_, 522.531, 266.56, 0.00854
_17593_, 522.531, 266.56, 0.00854
_15198_, 534.728, 266.56, 0.00858849
hold1838, 534.728, 266.56, 0.00858849
hold2018, 534.728, 266.56, 0.00858849
_15298_, 546.925, 266.56, 0.00863428
clkbuf_leaf_182_clk, 546.925, 266.56, 0.00863428
FILLER_0_93_1171, 546.925, 266.56, 0.00863428
FILLER_0_94_1201, 559.122, 266.56, 0.00863428
FILLER_0_95_1209, 559.122, 266.56, 0.00863428
_17040_, 5.52, 261.12, 0.00749224
PHY_182, 5.52, 261.12, 0.00749224
PHY_184, 5.52, 261.12, 0.00749224
FILLER_0_92_3, 5.52, 261.12, 0.00749224
FILLER_0_93_3, 5.52, 261.12, 0.00749224
PHY_183, 571.32, 261.12, 0.00831382
PHY_185, 571.32, 261.12, 0.00831382
FILLER_0_92_1222, 571.32, 261.12, 0.00831382
_09985_, 15.33, 261.12, 0.00748679
_10002_, 15.33, 261.12, 0.00748679
_14620_, 15.33, 261.12, 0.00748679
hold1575, 15.33, 261.12, 0.00748679
FILLER_0_92_11, 15.33, 261.12, 0.00748679
FILLER_0_92_17, 15.33, 261.12, 0.00748679
FILLER_0_92_23, 15.33, 261.12, 0.00748679
_14610_, 37.94, 261.12, 0.00759541
_17035_, 37.94, 261.12, 0.00759541
_10035_, 50.74, 261.12, 0.00770121
_10040_, 50.74, 261.12, 0.00770121
_10041_, 50.74, 261.12, 0.00770121
_17015_, 50.74, 261.12, 0.00770121
FILLER_0_91_89, 50.74, 261.12, 0.00770121
FILLER_0_92_85, 50.74, 261.12, 0.00770121
FILLER_0_92_93, 50.74, 261.12, 0.00770121
FILLER_0_92_106, 50.74, 261.12, 0.00770121
_09957_, 63.54, 261.12, 0.0077993
_10034_, 63.54, 261.12, 0.0077993
_14632_, 63.54, 261.12, 0.0077993
_14634_, 63.54, 261.12, 0.0077993
hold1367, 63.54, 261.12, 0.0077993
hold1538, 63.54, 261.12, 0.0077993
FILLER_0_92_121, 63.54, 261.12, 0.0077993
FILLER_0_92_134, 63.54, 261.12, 0.0077993
_10109_, 76.34, 261.12, 0.00789375
_10117_, 76.34, 261.12, 0.00789375
_14548_, 76.34, 261.12, 0.00789375
_14552_, 76.34, 261.12, 0.00789375
_16974_, 76.34, 261.12, 0.00789375
_16978_, 76.34, 261.12, 0.00789375
_10095_, 89.14, 261.12, 0.00797325
_10103_, 89.14, 261.12, 0.00797325
_10116_, 89.14, 261.12, 0.00797325
_14555_, 89.14, 261.12, 0.00797325
_16987_, 89.14, 261.12, 0.00797325
hold2087, 89.14, 261.12, 0.00797325
FILLER_0_91_169, 89.14, 261.12, 0.00797325
FILLER_0_91_177, 89.14, 261.12, 0.00797325
FILLER_0_93_182, 89.14, 261.12, 0.00797325
_10096_, 101.94, 261.12, 0.00804253
_10097_, 101.94, 261.12, 0.00804253
_10102_, 101.94, 261.12, 0.00804253
_14559_, 101.94, 261.12, 0.00804253
_14560_, 101.94, 261.12, 0.00804253
_16984_, 101.94, 261.12, 0.00804253
hold1140, 101.94, 261.12, 0.00804253
hold1185, 101.94, 261.12, 0.00804253
_10099_, 114.74, 261.12, 0.00810271
_10100_, 114.74, 261.12, 0.00810271
_10101_, 114.74, 261.12, 0.00810271
_14558_, 114.74, 261.12, 0.00810271
_16982_, 114.74, 261.12, 0.00810271
FILLER_0_91_231, 114.74, 261.12, 0.00810271
FILLER_0_92_249, 114.74, 261.12, 0.00810271
hold1611, 127.54, 261.12, 0.00815498
FILLER_0_93_274, 127.54, 261.12, 0.00815498
_10933_, 140.34, 261.12, 0.00820675
FILLER_0_92_297, 140.34, 261.12, 0.00820675
FILLER_0_92_303, 140.34, 261.12, 0.00820675
_09930_, 153.14, 261.12, 0.00825831
_09931_, 153.14, 261.12, 0.00825831
_09941_, 153.14, 261.12, 0.00825831
_17067_, 153.14, 261.12, 0.00825831
FILLER_0_92_309, 153.14, 261.12, 0.00825831
FILLER_0_93_327, 153.14, 261.12, 0.00825831
_09927_, 165.94, 261.12, 0.00830212
_14646_, 165.94, 261.12, 0.00830212
_17062_, 165.94, 261.12, 0.00830212
_17069_, 165.94, 261.12, 0.00830212
hold1330, 165.94, 261.12, 0.00830212
_15930_, 191.54, 261.12, 0.00875074
FILLER_0_92_416, 191.54, 261.12, 0.00875074
_12903_, 204.34, 261.12, 0.00916019
_12974_, 204.34, 261.12, 0.00916019
FILLER_0_93_436, 204.34, 261.12, 0.00916019
_07919_, 217.14, 261.12, 0.00956417
_12900_, 217.14, 261.12, 0.00956417
_12901_, 217.14, 261.12, 0.00956417
FILLER_0_91_454, 217.14, 261.12, 0.00956417
FILLER_0_92_469, 217.14, 261.12, 0.00956417
_12756_, 229.94, 261.12, 0.00995878
_12758_, 229.94, 261.12, 0.00995878
_13096_, 229.94, 261.12, 0.00995878
_13097_, 229.94, 261.12, 0.00995878
hold64, 229.94, 261.12, 0.00995878
hold2223, 229.94, 261.12, 0.00995878
_11952_, 242.74, 261.12, 0.0102115
_12833_, 242.74, 261.12, 0.0102115
_12834_, 242.74, 261.12, 0.0102115
_13280_, 242.74, 261.12, 0.0102115
_13458_, 242.74, 261.12, 0.0102115
rebuffer13, 242.74, 261.12, 0.0102115
hold78, 242.74, 261.12, 0.0102115
FILLER_0_92_508, 242.74, 261.12, 0.0102115
FILLER_0_92_526, 242.74, 261.12, 0.0102115
_07849_, 255.54, 261.12, 0.0104256
_07850_, 255.54, 261.12, 0.0104256
_12035_, 255.54, 261.12, 0.0104256
_12037_, 255.54, 261.12, 0.0104256
_12184_, 255.54, 261.12, 0.0104256
_12185_, 255.54, 261.12, 0.0104256
rebuffer4, 255.54, 261.12, 0.0104256
FILLER_0_92_533, 255.54, 261.12, 0.0104256
_12041_, 268.34, 261.12, 0.0105758
_12186_, 268.34, 261.12, 0.0105758
_12188_, 268.34, 261.12, 0.0105758
_12192_, 268.34, 261.12, 0.0105758
_12765_, 268.34, 261.12, 0.0105758
rebuffer9, 268.34, 261.12, 0.0105758
rebuffer12, 268.34, 261.12, 0.0105758
FILLER_0_92_562, 268.34, 261.12, 0.0105758
FILLER_0_92_572, 268.34, 261.12, 0.0105758
_12180_, 281.14, 261.12, 0.0105932
_12181_, 281.14, 261.12, 0.0105932
_12187_, 281.14, 261.12, 0.0105932
_12194_, 281.14, 261.12, 0.0105932
_12198_, 281.14, 261.12, 0.0105932
_12749_, 281.14, 261.12, 0.0105932
_12750_, 281.14, 261.12, 0.0105932
_12752_, 281.14, 261.12, 0.0105932
_12755_, 281.14, 261.12, 0.0105932
_12179_, 293.94, 261.12, 0.0104002
_12183_, 293.94, 261.12, 0.0104002
_12199_, 293.94, 261.12, 0.0104002
_12202_, 293.94, 261.12, 0.0104002
_12203_, 293.94, 261.12, 0.0104002
_12391_, 293.94, 261.12, 0.0104002
FILLER_0_91_624, 293.94, 261.12, 0.0104002
FILLER_0_92_622, 293.94, 261.12, 0.0104002
FILLER_0_92_630, 293.94, 261.12, 0.0104002
FILLER_0_92_636, 293.94, 261.12, 0.0104002
_12385_, 306.74, 261.12, 0.0101211
_12386_, 306.74, 261.12, 0.0101211
_12393_, 306.74, 261.12, 0.0101211
_12395_, 306.74, 261.12, 0.0101211
_12399_, 306.74, 261.12, 0.0101211
_12400_, 306.74, 261.12, 0.0101211
_12402_, 306.74, 261.12, 0.0101211
_12403_, 306.74, 261.12, 0.0101211
_13058_, 319.54, 261.12, 0.00946023
_13059_, 319.54, 261.12, 0.00946023
_13319_, 319.54, 261.12, 0.00946023
_15866_, 319.54, 261.12, 0.00946023
hold49, 319.54, 261.12, 0.00946023
FILLER_0_92_675, 319.54, 261.12, 0.00946023
FILLER_0_92_694, 319.54, 261.12, 0.00946023
_12117_, 345.14, 261.12, 0.00892699
_12119_, 345.14, 261.12, 0.00892699
_12360_, 345.14, 261.12, 0.00892699
_12374_, 345.14, 261.12, 0.00892699
_12449_, 345.14, 261.12, 0.00892699
FILLER_0_91_729, 345.14, 261.12, 0.00892699
FILLER_0_92_729, 345.14, 261.12, 0.00892699
FILLER_0_92_737, 345.14, 261.12, 0.00892699
FILLER_0_92_745, 345.14, 261.12, 0.00892699
FILLER_0_92_751, 345.14, 261.12, 0.00892699
FILLER_0_93_741, 345.14, 261.12, 0.00892699
_12133_, 357.94, 261.12, 0.00903047
_12362_, 357.94, 261.12, 0.00903047
_12451_, 357.94, 261.12, 0.00903047
_12453_, 357.94, 261.12, 0.00903047
_13137_, 357.94, 261.12, 0.00903047
ANTENNA_9, 357.94, 261.12, 0.00903047
FILLER_0_92_757, 357.94, 261.12, 0.00903047
_07853_, 370.74, 261.12, 0.00901052
_12132_, 370.74, 261.12, 0.00901052
_12463_, 370.74, 261.12, 0.00901052
_12464_, 370.74, 261.12, 0.00901052
_12465_, 370.74, 261.12, 0.00901052
_13022_, 370.74, 261.12, 0.00901052
_13124_, 370.74, 261.12, 0.00901052
FILLER_0_92_794, 370.74, 261.12, 0.00901052
FILLER_0_93_801, 370.74, 261.12, 0.00901052
hold38, 383.54, 261.12, 0.00894552
_13061_, 396.34, 261.12, 0.00887536
_13316_, 396.34, 261.12, 0.00887536
FILLER_0_92_847, 396.34, 261.12, 0.00887536
FILLER_0_92_857, 396.34, 261.12, 0.00887536
_17957_, 409.14, 261.12, 0.00880181
FILLER_0_91_865, 409.14, 261.12, 0.00880181
FILLER_0_91_873, 409.14, 261.12, 0.00880181
FILLER_0_92_865, 409.14, 261.12, 0.00880181
FILLER_0_93_889, 409.14, 261.12, 0.00880181
_15641_, 421.94, 261.12, 0.00872115
_17960_, 421.94, 261.12, 0.00872115
_08155_, 434.74, 261.12, 0.00863323
_17955_, 434.74, 261.12, 0.00863323
FILLER_0_92_920, 434.74, 261.12, 0.00863323
FILLER_0_93_938, 434.74, 261.12, 0.00863323
_08176_, 447.54, 261.12, 0.00853803
_08177_, 447.54, 261.12, 0.00853803
_15620_, 447.54, 261.12, 0.00853803
_15623_, 447.54, 261.12, 0.00853803
_17944_, 447.54, 261.12, 0.00853803
hold1809, 447.54, 261.12, 0.00853803
FILLER_0_91_948, 447.54, 261.12, 0.00853803
FILLER_0_92_965, 447.54, 261.12, 0.00853803
hold1808, 460.34, 261.12, 0.00843265
FILLER_0_92_977, 460.34, 261.12, 0.00843265
clkbuf_leaf_179_clk, 473.14, 261.12, 0.00832676
FILLER_0_91_1009, 473.14, 261.12, 0.00832676
FILLER_0_92_1025, 473.14, 261.12, 0.00832676
FILLER_0_93_1021, 473.14, 261.12, 0.00832676
_08293_, 498.137, 261.12, 0.00821153
_15560_, 498.137, 261.12, 0.00821153
_17887_, 498.137, 261.12, 0.00821153
hold1060, 498.137, 261.12, 0.00821153
hold1607, 498.137, 261.12, 0.00821153
FILLER_0_93_1073, 498.137, 261.12, 0.00821153
_08290_, 510.334, 261.12, 0.00824603
_08873_, 510.334, 261.12, 0.00824603
_17596_, 510.334, 261.12, 0.00824603
hold1621, 510.334, 261.12, 0.00824603
FILLER_0_92_1101, 510.334, 261.12, 0.00824603
_08872_, 522.531, 261.12, 0.00827291
_15232_, 522.531, 261.12, 0.00827291
_15235_, 522.531, 261.12, 0.00827291
_15238_, 522.531, 261.12, 0.00827291
_17595_, 522.531, 261.12, 0.00827291
hold1167, 522.531, 261.12, 0.00827291
hold1690, 522.531, 261.12, 0.00827291
FILLER_0_91_1121, 522.531, 261.12, 0.00827291
FILLER_0_92_1131, 522.531, 261.12, 0.00827291
_08874_, 534.728, 261.12, 0.00828972
_15237_, 534.728, 261.12, 0.00828972
hold1664, 534.728, 261.12, 0.00828972
FILLER_0_92_1144, 534.728, 261.12, 0.00828972
FILLER_0_92_1149, 534.728, 261.12, 0.00828972
FILLER_0_92_1160, 534.728, 261.12, 0.00828972
FILLER_0_93_1155, 534.728, 261.12, 0.00828972
_08758_, 546.925, 261.12, 0.00830566
_08759_, 546.925, 261.12, 0.00830566
_15301_, 546.925, 261.12, 0.00830566
_17653_, 546.925, 261.12, 0.00830566
hold678, 546.925, 261.12, 0.00830566
FILLER_0_92_1190, 546.925, 261.12, 0.00830566
_08744_, 559.122, 261.12, 0.00831382
_08745_, 559.122, 261.12, 0.00831382
_08760_, 559.122, 261.12, 0.00831382
_08761_, 559.122, 261.12, 0.00831382
_15300_, 559.122, 261.12, 0.00831382
_17652_, 559.122, 261.12, 0.00831382
hold690, 559.122, 261.12, 0.00831382
FILLER_0_92_1201, 559.122, 261.12, 0.00831382
FILLER_0_93_1216, 559.122, 261.12, 0.00831382
_17039_, 5.52, 255.68, 0.0074661
PHY_178, 5.52, 255.68, 0.0074661
PHY_180, 5.52, 255.68, 0.0074661
output22, 5.52, 255.68, 0.0074661
PHY_179, 571.32, 255.68, 0.0080661
PHY_181, 571.32, 255.68, 0.0080661
output76, 571.32, 255.68, 0.0080661
_09986_, 15.33, 255.68, 0.00742182
_09987_, 15.33, 255.68, 0.00742182
_14619_, 15.33, 255.68, 0.00742182
FILLER_0_90_25, 15.33, 255.68, 0.00742182
_09994_, 37.94, 255.68, 0.0074589
_09995_, 37.94, 255.68, 0.0074589
_14615_, 37.94, 255.68, 0.0074589
_17034_, 37.94, 255.68, 0.0074589
hold1023, 37.94, 255.68, 0.0074589
FILLER_0_90_76, 37.94, 255.68, 0.0074589
_14593_, 50.74, 255.68, 0.00753253
_17012_, 50.74, 255.68, 0.00753253
FILLER_0_89_97, 50.74, 255.68, 0.00753253
FILLER_0_90_85, 50.74, 255.68, 0.00753253
FILLER_0_90_111, 50.74, 255.68, 0.00753253
_14589_, 63.54, 255.68, 0.00759888
_14592_, 63.54, 255.68, 0.00759888
_17014_, 63.54, 255.68, 0.00759888
FILLER_0_90_119, 63.54, 255.68, 0.00759888
_10027_, 76.34, 255.68, 0.00765776
_10042_, 76.34, 255.68, 0.00765776
hold1180, 76.34, 255.68, 0.00765776
hold2076, 76.34, 255.68, 0.00765776
FILLER_0_90_155, 76.34, 255.68, 0.00765776
FILLER_0_90_167, 76.34, 255.68, 0.00765776
_16981_, 89.14, 255.68, 0.00771522
_16985_, 89.14, 255.68, 0.00771522
FILLER_0_89_181, 89.14, 255.68, 0.00771522
_10094_, 101.94, 255.68, 0.00775851
_14556_, 101.94, 255.68, 0.00775851
_16983_, 101.94, 255.68, 0.00775851
hold2103, 101.94, 255.68, 0.00775851
_09897_, 114.74, 255.68, 0.00779378
_10098_, 114.74, 255.68, 0.00779378
hold1665, 114.74, 255.68, 0.00779378
FILLER_0_89_237, 114.74, 255.68, 0.00779378
FILLER_0_90_243, 114.74, 255.68, 0.00779378
_09898_, 127.54, 255.68, 0.00782813
_14669_, 127.54, 255.68, 0.00782813
hold1588, 127.54, 255.68, 0.00782813
FILLER_0_90_256, 127.54, 255.68, 0.00782813
FILLER_0_91_273, 127.54, 255.68, 0.00782813
_09890_, 140.34, 255.68, 0.00786159
_09891_, 140.34, 255.68, 0.00786159
_09902_, 140.34, 255.68, 0.00786159
_09903_, 140.34, 255.68, 0.00786159
_17081_, 140.34, 255.68, 0.00786159
hold931, 140.34, 255.68, 0.00786159
_09942_, 153.14, 255.68, 0.00788657
_09943_, 153.14, 255.68, 0.00788657
_14651_, 153.14, 255.68, 0.00788657
_14673_, 153.14, 255.68, 0.00788657
FILLER_0_91_321, 153.14, 255.68, 0.00788657
FILLER_0_91_327, 153.14, 255.68, 0.00788657
FILLER_0_90_357, 165.94, 255.68, 0.00791077
_15766_, 191.54, 255.68, 0.00807401
hold142, 191.54, 255.68, 0.00807401
hold1447, 191.54, 255.68, 0.00807401
FILLER_0_90_410, 191.54, 255.68, 0.00807401
_07914_, 204.34, 255.68, 0.00821188
FILLER_0_89_421, 204.34, 255.68, 0.00821188
FILLER_0_90_445, 204.34, 255.68, 0.00821188
FILLER_0_91_441, 204.34, 255.68, 0.00821188
_07916_, 217.14, 255.68, 0.00834566
_07917_, 217.14, 255.68, 0.00834566
_13424_, 217.14, 255.68, 0.00834566
_15768_, 217.14, 255.68, 0.00834566
_15962_, 217.14, 255.68, 0.00834566
_18074_, 217.14, 255.68, 0.00834566
_12757_, 229.94, 255.68, 0.00844718
_15834_, 229.94, 255.68, 0.00844718
hold79, 229.94, 255.68, 0.00844718
FILLER_0_90_477, 229.94, 255.68, 0.00844718
FILLER_0_91_500, 229.94, 255.68, 0.00844718
max_cap120, 242.74, 255.68, 0.0085166
FILLER_0_91_525, 242.74, 255.68, 0.0085166
_07848_, 255.54, 255.68, 0.00856107
_12029_, 255.54, 255.68, 0.00856107
_12036_, 255.54, 255.68, 0.00856107
_12190_, 255.54, 255.68, 0.00856107
FILLER_0_91_553, 255.54, 255.68, 0.00856107
_11958_, 268.34, 255.68, 0.00856824
_12030_, 268.34, 255.68, 0.00856824
_12191_, 268.34, 255.68, 0.00856824
_12763_, 268.34, 255.68, 0.00856824
FILLER_0_90_581, 268.34, 255.68, 0.00856824
_12193_, 281.14, 255.68, 0.00851229
_12197_, 281.14, 255.68, 0.00851229
_12751_, 281.14, 255.68, 0.00851229
_12753_, 281.14, 255.68, 0.00851229
_12754_, 281.14, 255.68, 0.00851229
_12200_, 293.94, 255.68, 0.00842648
_12401_, 293.94, 255.68, 0.00842648
hold844, 293.94, 255.68, 0.00842648
FILLER_0_89_617, 293.94, 255.68, 0.00842648
FILLER_0_90_633, 293.94, 255.68, 0.00842648
_12392_, 306.74, 255.68, 0.00831131
FILLER_0_90_641, 306.74, 255.68, 0.00831131
FILLER_0_90_645, 306.74, 255.68, 0.00831131
FILLER_0_90_666, 306.74, 255.68, 0.00831131
_13318_, 319.54, 255.68, 0.00817681
_15867_, 319.54, 255.68, 0.00817681
_12118_, 345.14, 255.68, 0.00823178
_12372_, 345.14, 255.68, 0.00823178
_12373_, 345.14, 255.68, 0.00823178
_12375_, 345.14, 255.68, 0.00823178
_12379_, 345.14, 255.68, 0.00823178
_12384_, 345.14, 255.68, 0.00823178
_12390_, 345.14, 255.68, 0.00823178
_12975_, 345.14, 255.68, 0.00823178
FILLER_0_90_738, 345.14, 255.68, 0.00823178
_11969_, 357.94, 255.68, 0.00828117
_11989_, 357.94, 255.68, 0.00828117
_12359_, 357.94, 255.68, 0.00828117
_12361_, 357.94, 255.68, 0.00828117
_12363_, 357.94, 255.68, 0.00828117
_11992_, 370.74, 255.68, 0.00828899
_12131_, 370.74, 255.68, 0.00828899
_15894_, 370.74, 255.68, 0.00828899
FILLER_0_89_785, 370.74, 255.68, 0.00828899
FILLER_0_90_786, 370.74, 255.68, 0.00828899
FILLER_0_91_798, 370.74, 255.68, 0.00828899
_12471_, 383.54, 255.68, 0.00826981
_16054_, 383.54, 255.68, 0.00826981
FILLER_0_89_819, 383.54, 255.68, 0.00826981
FILLER_0_91_822, 383.54, 255.68, 0.00826981
FILLER_0_91_832, 383.54, 255.68, 0.00826981
_11951_, 396.34, 255.68, 0.00823705
_13525_, 396.34, 255.68, 0.00823705
hold2240, 396.34, 255.68, 0.00823705
FILLER_0_89_841, 396.34, 255.68, 0.00823705
FILLER_0_90_860, 396.34, 255.68, 0.00823705
_08150_, 409.14, 255.68, 0.00819868
_08151_, 409.14, 255.68, 0.00819868
hold1221, 409.14, 255.68, 0.00819868
FILLER_0_90_881, 409.14, 255.68, 0.00819868
_08144_, 421.94, 255.68, 0.00815938
_08145_, 421.94, 255.68, 0.00815938
_15638_, 421.94, 255.68, 0.00815938
_17959_, 421.94, 255.68, 0.00815938
hold277, 421.94, 255.68, 0.00815938
hold298, 421.94, 255.68, 0.00815938
FILLER_0_89_893, 421.94, 255.68, 0.00815938
FILLER_0_90_910, 421.94, 255.68, 0.00815938
_08146_, 434.74, 255.68, 0.00811142
_08147_, 434.74, 255.68, 0.00811142
_15631_, 434.74, 255.68, 0.00811142
_15636_, 434.74, 255.68, 0.00811142
_15640_, 434.74, 255.68, 0.00811142
hold1441, 434.74, 255.68, 0.00811142
hold1913, 434.74, 255.68, 0.00811142
_08156_, 447.54, 255.68, 0.00805969
_15635_, 447.54, 255.68, 0.00805969
_08192_, 460.34, 255.68, 0.00800758
_17934_, 460.34, 255.68, 0.00800758
FILLER_0_89_981, 460.34, 255.68, 0.00800758
FILLER_0_90_975, 460.34, 255.68, 0.00800758
FILLER_0_91_1001, 460.34, 255.68, 0.00800758
_08196_, 473.14, 255.68, 0.00794819
_08301_, 473.14, 255.68, 0.00794819
_17882_, 473.14, 255.68, 0.00794819
hold1105, 473.14, 255.68, 0.00794819
FILLER_0_89_1005, 473.14, 255.68, 0.00794819
FILLER_0_90_1022, 473.14, 255.68, 0.00794819
FILLER_0_90_1028, 473.14, 255.68, 0.00794819
_08291_, 498.137, 255.68, 0.00792217
_15561_, 498.137, 255.68, 0.00792217
FILLER_0_89_1060, 498.137, 255.68, 0.00792217
FILLER_0_90_1083, 498.137, 255.68, 0.00792217
_17597_, 510.334, 255.68, 0.00796322
FILLER_0_90_1093, 510.334, 255.68, 0.00796322
FILLER_0_91_1105, 510.334, 255.68, 0.00796322
_08870_, 522.531, 255.68, 0.00799751
_15239_, 522.531, 255.68, 0.00799751
_17592_, 522.531, 255.68, 0.00799751
hold1622, 522.531, 255.68, 0.00799751
FILLER_0_89_1114, 522.531, 255.68, 0.00799751
FILLER_0_90_1129, 522.531, 255.68, 0.00799751
_08880_, 534.728, 255.68, 0.00802421
_08881_, 534.728, 255.68, 0.00802421
_15234_, 534.728, 255.68, 0.00802421
_17657_, 534.728, 255.68, 0.00802421
FILLER_0_90_1145, 534.728, 255.68, 0.00802421
FILLER_0_90_1161, 534.728, 255.68, 0.00802421
_08750_, 546.925, 255.68, 0.0080436
_08751_, 546.925, 255.68, 0.0080436
_15305_, 546.925, 255.68, 0.0080436
_17660_, 546.925, 255.68, 0.0080436
hold1427, 546.925, 255.68, 0.0080436
FILLER_0_89_1169, 546.925, 255.68, 0.0080436
FILLER_0_91_1188, 546.925, 255.68, 0.0080436
_15308_, 559.122, 255.68, 0.00805519
hold1556, 559.122, 255.68, 0.00805519
FILLER_0_90_1216, 559.122, 255.68, 0.00805519
PHY_174, 5.52, 250.24, 0.00722776
PHY_176, 5.52, 250.24, 0.00722776
PHY_175, 571.32, 250.24, 0.00776106
PHY_177, 571.32, 250.24, 0.00776106
FILLER_0_87_1223, 571.32, 250.24, 0.00776106
FILLER_0_88_1217, 571.32, 250.24, 0.00776106
_09992_, 15.33, 250.24, 0.00722776
_09993_, 15.33, 250.24, 0.00722776
_10001_, 15.33, 250.24, 0.00722776
_14612_, 15.33, 250.24, 0.00722776
_14616_, 15.33, 250.24, 0.00722776
_17032_, 15.33, 250.24, 0.00722776
FILLER_0_87_11, 15.33, 250.24, 0.00722776
FILLER_0_88_15, 15.33, 250.24, 0.00722776
_09996_, 37.94, 250.24, 0.00729713
_14614_, 37.94, 250.24, 0.00729713
_14618_, 37.94, 250.24, 0.00729713
_17038_, 37.94, 250.24, 0.00729713
hold1851, 37.94, 250.24, 0.00729713
_14590_, 50.74, 250.24, 0.00736451
hold1576, 50.74, 250.24, 0.00736451
FILLER_0_89_104, 50.74, 250.24, 0.00736451
_10036_, 63.54, 250.24, 0.00743122
_10037_, 63.54, 250.24, 0.00743122
_10043_, 63.54, 250.24, 0.00743122
_17019_, 63.54, 250.24, 0.00743122
hold751, 63.54, 250.24, 0.00743122
FILLER_0_88_126, 63.54, 250.24, 0.00743122
FILLER_0_88_137, 63.54, 250.24, 0.00743122
_10026_, 76.34, 250.24, 0.00748972
_14597_, 76.34, 250.24, 0.00748972
_17011_, 76.34, 250.24, 0.00748972
FILLER_0_89_161, 76.34, 250.24, 0.00748972
_14532_, 89.14, 250.24, 0.00754069
FILLER_0_88_185, 89.14, 250.24, 0.00754069
FILLER_0_88_193, 89.14, 250.24, 0.00754069
FILLER_0_89_190, 89.14, 250.24, 0.00754069
_09896_, 114.74, 250.24, 0.00763913
_09899_, 114.74, 250.24, 0.00763913
_17083_, 114.74, 250.24, 0.00763913
FILLER_0_87_237, 114.74, 250.24, 0.00763913
_14667_, 127.54, 250.24, 0.00768085
_14670_, 127.54, 250.24, 0.00768085
_17087_, 127.54, 250.24, 0.00768085
hold2045, 127.54, 250.24, 0.00768085
hold2006, 140.34, 250.24, 0.00771461
FILLER_0_88_298, 140.34, 250.24, 0.00771461
_09935_, 153.14, 250.24, 0.00774786
_14645_, 153.14, 250.24, 0.00774786
_14649_, 153.14, 250.24, 0.00774786
_17061_, 153.14, 250.24, 0.00774786
_17065_, 153.14, 250.24, 0.00774786
hold1192, 153.14, 250.24, 0.00774786
FILLER_0_89_322, 153.14, 250.24, 0.00774786
_09928_, 165.94, 250.24, 0.0077658
_09929_, 165.94, 250.24, 0.0077658
_14648_, 165.94, 250.24, 0.0077658
_14652_, 165.94, 250.24, 0.0077658
_17068_, 165.94, 250.24, 0.0077658
hold1008, 165.94, 250.24, 0.0077658
_07915_, 191.54, 250.24, 0.00793808
_07920_, 191.54, 250.24, 0.00793808
_15769_, 191.54, 250.24, 0.00793808
_18075_, 204.34, 250.24, 0.00809737
clkbuf_leaf_27_clk, 204.34, 250.24, 0.00809737
hold2250, 204.34, 250.24, 0.00809737
FILLER_0_89_443, 204.34, 250.24, 0.00809737
_12746_, 217.14, 250.24, 0.00819645
_15770_, 217.14, 250.24, 0.00819645
FILLER_0_87_453, 217.14, 250.24, 0.00819645
FILLER_0_88_467, 217.14, 250.24, 0.00819645
_07895_, 229.94, 250.24, 0.00822333
_12739_, 229.94, 250.24, 0.00822333
_13095_, 229.94, 250.24, 0.00822333
_13281_, 229.94, 250.24, 0.00822333
hold91, 229.94, 250.24, 0.00822333
hold2249, 229.94, 250.24, 0.00822333
FILLER_0_89_493, 229.94, 250.24, 0.00822333
FILLER_0_89_501, 229.94, 250.24, 0.00822333
_15994_, 242.74, 250.24, 0.00821112
FILLER_0_88_509, 242.74, 250.24, 0.00821112
_12027_, 255.54, 250.24, 0.00818784
_12028_, 255.54, 250.24, 0.00818784
_12196_, 255.54, 250.24, 0.00818784
_12831_, 255.54, 250.24, 0.00818784
hold2197, 255.54, 250.24, 0.00818784
FILLER_0_87_538, 255.54, 250.24, 0.00818784
FILLER_0_89_556, 255.54, 250.24, 0.00818784
FILLER_0_87_561, 268.34, 250.24, 0.00812683
FILLER_0_87_569, 268.34, 250.24, 0.00812683
FILLER_0_88_585, 268.34, 250.24, 0.00812683
_11954_, 281.14, 250.24, 0.00806581
_12770_, 281.14, 250.24, 0.00806581
_13016_, 281.14, 250.24, 0.00806581
FILLER_0_89_601, 281.14, 250.24, 0.00806581
_15898_, 293.94, 250.24, 0.00798372
FILLER_0_88_637, 293.94, 250.24, 0.00798372
_13014_, 306.74, 250.24, 0.00788804
_13015_, 306.74, 250.24, 0.00788804
_15899_, 306.74, 250.24, 0.00788804
hold160, 306.74, 250.24, 0.00788804
FILLER_0_88_652, 306.74, 250.24, 0.00788804
FILLER_0_89_668, 306.74, 250.24, 0.00788804
_12365_, 319.54, 250.24, 0.0077664
FILLER_0_87_679, 319.54, 250.24, 0.0077664
FILLER_0_88_693, 319.54, 250.24, 0.0077664
_12368_, 345.14, 250.24, 0.00775791
_12370_, 345.14, 250.24, 0.00775791
_12389_, 345.14, 250.24, 0.00775791
wire114, 345.14, 250.24, 0.00775791
_11968_, 357.94, 250.24, 0.007863
_12452_, 357.94, 250.24, 0.007863
_12977_, 357.94, 250.24, 0.007863
_13384_, 357.94, 250.24, 0.007863
FILLER_0_88_753, 357.94, 250.24, 0.007863
FILLER_0_88_779, 357.94, 250.24, 0.007863
FILLER_0_89_775, 357.94, 250.24, 0.007863
_11991_, 370.74, 250.24, 0.00795509
_12978_, 370.74, 250.24, 0.00795509
_15926_, 370.74, 250.24, 0.00795509
hold58, 370.74, 250.24, 0.00795509
FILLER_0_88_787, 370.74, 250.24, 0.00795509
_12445_, 383.54, 250.24, 0.00802403
_12458_, 383.54, 250.24, 0.00802403
_12470_, 383.54, 250.24, 0.00802403
_16055_, 383.54, 250.24, 0.00802403
FILLER_0_88_813, 383.54, 250.24, 0.00802403
FILLER_0_89_835, 383.54, 250.24, 0.00802403
_11950_, 396.34, 250.24, 0.00807437
_13526_, 396.34, 250.24, 0.00807437
_13527_, 396.34, 250.24, 0.00807437
_16056_, 396.34, 250.24, 0.00807437
_16057_, 396.34, 250.24, 0.00807437
_13528_, 409.14, 250.24, 0.00810379
_17953_, 409.14, 250.24, 0.00810379
clkbuf_leaf_168_clk, 409.14, 250.24, 0.00810379
FILLER_0_87_871, 409.14, 250.24, 0.00810379
FILLER_0_88_865, 409.14, 250.24, 0.00810379
FILLER_0_88_869, 409.14, 250.24, 0.00810379
_08158_, 421.94, 250.24, 0.00808374
_08159_, 421.94, 250.24, 0.00808374
_08160_, 421.94, 250.24, 0.00808374
_15634_, 421.94, 250.24, 0.00808374
_17958_, 421.94, 250.24, 0.00808374
hold984, 421.94, 250.24, 0.00808374
FILLER_0_88_910, 421.94, 250.24, 0.00808374
FILLER_0_89_909, 421.94, 250.24, 0.00808374
_08148_, 434.74, 250.24, 0.00805528
_08149_, 434.74, 250.24, 0.00805528
_08157_, 434.74, 250.24, 0.00805528
_15639_, 434.74, 250.24, 0.00805528
_17954_, 434.74, 250.24, 0.00805528
_17956_, 434.74, 250.24, 0.00805528
FILLER_0_87_929, 434.74, 250.24, 0.00805528
FILLER_0_88_928, 434.74, 250.24, 0.00805528
_08189_, 447.54, 250.24, 0.00801185
clkbuf_leaf_177_clk, 447.54, 250.24, 0.00801185
hold1832, 447.54, 250.24, 0.00801185
hold1995, 447.54, 250.24, 0.00801185
FILLER_0_88_974, 447.54, 250.24, 0.00801185
_08193_, 460.34, 250.24, 0.00791316
_08197_, 460.34, 250.24, 0.00791316
_17936_, 460.34, 250.24, 0.00791316
hold2031, 460.34, 250.24, 0.00791316
FILLER_0_89_989, 460.34, 250.24, 0.00791316
_08195_, 473.14, 250.24, 0.00780647
_15613_, 473.14, 250.24, 0.00780647
_15614_, 473.14, 250.24, 0.00780647
_15615_, 473.14, 250.24, 0.00780647
_17935_, 473.14, 250.24, 0.00780647
hold1520, 473.14, 250.24, 0.00780647
_08272_, 498.137, 250.24, 0.00771725
_08273_, 498.137, 250.24, 0.00771725
_08278_, 498.137, 250.24, 0.00771725
_08279_, 498.137, 250.24, 0.00771725
_17896_, 498.137, 250.24, 0.00771725
hold254, 498.137, 250.24, 0.00771725
FILLER_0_88_1058, 498.137, 250.24, 0.00771725
_08871_, 510.334, 250.24, 0.007735
hold974, 510.334, 250.24, 0.007735
hold1836, 510.334, 250.24, 0.007735
FILLER_0_88_1088, 510.334, 250.24, 0.007735
FILLER_0_88_1105, 510.334, 250.24, 0.007735
FILLER_0_89_1101, 510.334, 250.24, 0.007735
FILLER_0_89_1107, 510.334, 250.24, 0.007735
_08876_, 522.531, 250.24, 0.00775157
_15242_, 522.531, 250.24, 0.00775157
_17600_, 522.531, 250.24, 0.00775157
hold268, 522.531, 250.24, 0.00775157
hold1215, 522.531, 250.24, 0.00775157
_08869_, 534.728, 250.24, 0.00776002
_17651_, 534.728, 250.24, 0.00776002
hold829, 534.728, 250.24, 0.00776002
FILLER_0_88_1139, 534.728, 250.24, 0.00776002
FILLER_0_88_1149, 534.728, 250.24, 0.00776002
_08762_, 546.925, 250.24, 0.00776106
_08763_, 546.925, 250.24, 0.00776106
_15299_, 546.925, 250.24, 0.00776106
hold1243, 546.925, 250.24, 0.00776106
FILLER_0_87_1201, 559.122, 250.24, 0.00776106
_17036_, 5.52, 244.8, 0.00711987
PHY_170, 5.52, 244.8, 0.00711987
PHY_172, 5.52, 244.8, 0.00711987
FILLER_0_86_3, 5.52, 244.8, 0.00711987
FILLER_0_87_3, 5.52, 244.8, 0.00711987
PHY_171, 571.32, 244.8, 0.00766351
PHY_173, 571.32, 244.8, 0.00766351
FILLER_0_86_1218, 571.32, 244.8, 0.00766351
hold1210, 15.33, 244.8, 0.00711441
_09988_, 37.94, 244.8, 0.00718885
_09989_, 37.94, 244.8, 0.00718885
FILLER_0_86_61, 37.94, 244.8, 0.00718885
FILLER_0_86_81, 37.94, 244.8, 0.00718885
_10030_, 50.74, 244.8, 0.00726873
_10031_, 50.74, 244.8, 0.00726873
_17017_, 50.74, 244.8, 0.00726873
hold470, 50.74, 244.8, 0.00726873
FILLER_0_85_98, 50.74, 244.8, 0.00726873
FILLER_0_87_105, 50.74, 244.8, 0.00726873
_10024_, 63.54, 244.8, 0.00734062
_14588_, 63.54, 244.8, 0.00734062
_14595_, 63.54, 244.8, 0.00734062
FILLER_0_85_123, 63.54, 244.8, 0.00734062
FILLER_0_87_137, 63.54, 244.8, 0.00734062
_10028_, 76.34, 244.8, 0.00741021
_14594_, 76.34, 244.8, 0.00741021
_14596_, 76.34, 244.8, 0.00741021
hold906, 76.34, 244.8, 0.00741021
FILLER_0_87_160, 76.34, 244.8, 0.00741021
_10065_, 89.14, 244.8, 0.00747873
_17000_, 89.14, 244.8, 0.00747873
hold1970, 89.14, 244.8, 0.00747873
FILLER_0_86_176, 89.14, 244.8, 0.00747873
_10066_, 101.94, 244.8, 0.00753942
_10067_, 101.94, 244.8, 0.00753942
_16999_, 101.94, 244.8, 0.00753942
hold339, 101.94, 244.8, 0.00753942
hold819, 101.94, 244.8, 0.00753942
FILLER_0_86_205, 101.94, 244.8, 0.00753942
FILLER_0_87_217, 101.94, 244.8, 0.00753942
_17084_, 114.74, 244.8, 0.00759161
clkbuf_leaf_17_clk, 127.54, 244.8, 0.0076367
FILLER_0_87_273, 127.54, 244.8, 0.0076367
_09887_, 140.34, 244.8, 0.00763255
_14675_, 140.34, 244.8, 0.00763255
_17089_, 140.34, 244.8, 0.00763255
FILLER_0_87_305, 140.34, 244.8, 0.00763255
_09934_, 153.14, 244.8, 0.00762092
_09939_, 153.14, 244.8, 0.00762092
hold1424, 153.14, 244.8, 0.00762092
FILLER_0_85_316, 153.14, 244.8, 0.00762092
_09937_, 165.94, 244.8, 0.00760835
_17064_, 165.94, 244.8, 0.00760835
hold1812, 165.94, 244.8, 0.00760835
FILLER_0_86_353, 165.94, 244.8, 0.00760835
_12899_, 191.54, 244.8, 0.00774459
FILLER_0_86_413, 191.54, 244.8, 0.00774459
FILLER_0_87_417, 191.54, 244.8, 0.00774459
_12744_, 204.34, 244.8, 0.00789846
_12745_, 204.34, 244.8, 0.00789846
_13425_, 204.34, 244.8, 0.00789846
_15963_, 204.34, 244.8, 0.00789846
ANTENNA_11, 204.34, 244.8, 0.00789846
FILLER_0_86_421, 204.34, 244.8, 0.00789846
FILLER_0_86_433, 204.34, 244.8, 0.00789846
FILLER_0_86_446, 204.34, 244.8, 0.00789846
_07912_, 217.14, 244.8, 0.00801967
_07913_, 217.14, 244.8, 0.00801967
_12879_, 217.14, 244.8, 0.00801967
_13426_, 217.14, 244.8, 0.00801967
_15964_, 217.14, 244.8, 0.00801967
_18076_, 217.14, 244.8, 0.00801967
FILLER_0_85_449, 217.14, 244.8, 0.00801967
_15835_, 229.94, 244.8, 0.00809749
clkbuf_leaf_28_clk, 229.94, 244.8, 0.00809749
hold90, 229.94, 244.8, 0.00809749
FILLER_0_86_477, 229.94, 244.8, 0.00809749
_12189_, 242.74, 244.8, 0.00811382
_12832_, 242.74, 244.8, 0.00811382
_13459_, 242.74, 244.8, 0.00811382
_13497_, 242.74, 244.8, 0.00811382
_16029_, 242.74, 244.8, 0.00811382
FILLER_0_86_502, 242.74, 244.8, 0.00811382
FILLER_0_86_527, 242.74, 244.8, 0.00811382
FILLER_0_87_517, 242.74, 244.8, 0.00811382
_12829_, 255.54, 244.8, 0.00811332
FILLER_0_85_533, 255.54, 244.8, 0.00811332
FILLER_0_85_543, 255.54, 244.8, 0.00811332
FILLER_0_86_557, 255.54, 244.8, 0.00811332
FILLER_0_87_550, 255.54, 244.8, 0.00811332
_11978_, 268.34, 244.8, 0.00811024
_12023_, 268.34, 244.8, 0.00811024
_13094_, 268.34, 244.8, 0.00811024
_15836_, 268.34, 244.8, 0.00811024
rebuffer16, 268.34, 244.8, 0.00811024
hold54, 268.34, 244.8, 0.00811024
FILLER_0_86_569, 268.34, 244.8, 0.00811024
_12025_, 281.14, 244.8, 0.00806409
_12026_, 281.14, 244.8, 0.00806409
_12033_, 281.14, 244.8, 0.00806409
_12836_, 281.14, 244.8, 0.00806409
_13103_, 281.14, 244.8, 0.00806409
_13109_, 281.14, 244.8, 0.00806409
rebuffer5, 281.14, 244.8, 0.00806409
rebuffer7, 281.14, 244.8, 0.00806409
ANTENNA_18, 281.14, 244.8, 0.00806409
FILLER_0_87_610, 281.14, 244.8, 0.00806409
_12827_, 293.94, 244.8, 0.00789803
_13352_, 293.94, 244.8, 0.00789803
hold2200, 293.94, 244.8, 0.00789803
FILLER_0_85_617, 293.94, 244.8, 0.00789803
FILLER_0_86_639, 293.94, 244.8, 0.00789803
_13353_, 306.74, 244.8, 0.00772431
_15900_, 306.74, 244.8, 0.00772431
hold108, 306.74, 244.8, 0.00772431
FILLER_0_85_650, 306.74, 244.8, 0.00772431
FILLER_0_86_645, 306.74, 244.8, 0.00772431
_12771_, 319.54, 244.8, 0.00753246
_12837_, 319.54, 244.8, 0.00753246
_13354_, 319.54, 244.8, 0.00753246
FILLER_0_86_696, 319.54, 244.8, 0.00753246
hold30, 345.14, 244.8, 0.00738682
FILLER_0_85_729, 345.14, 244.8, 0.00738682
FILLER_0_87_750, 345.14, 244.8, 0.00738682
_11975_, 357.94, 244.8, 0.0074491
_11988_, 357.94, 244.8, 0.0074491
_15927_, 357.94, 244.8, 0.0074491
hold57, 357.94, 244.8, 0.0074491
FILLER_0_85_759, 357.94, 244.8, 0.0074491
_11990_, 370.74, 244.8, 0.00748496
_13021_, 370.74, 244.8, 0.00748496
_13383_, 370.74, 244.8, 0.00748496
FILLER_0_86_796, 370.74, 244.8, 0.00748496
_12444_, 383.54, 244.8, 0.00751267
_12457_, 383.54, 244.8, 0.00751267
hold23, 383.54, 244.8, 0.00751267
hold2254, 383.54, 244.8, 0.00751267
FILLER_0_86_809, 383.54, 244.8, 0.00751267
FILLER_0_86_821, 383.54, 244.8, 0.00751267
FILLER_0_87_828, 383.54, 244.8, 0.00751267
FILLER_0_86_857, 396.34, 244.8, 0.00752523
_17951_, 409.14, 244.8, 0.0075378
FILLER_0_85_877, 409.14, 244.8, 0.0075378
FILLER_0_86_865, 409.14, 244.8, 0.0075378
FILLER_0_86_869, 409.14, 244.8, 0.0075378
_08161_, 421.94, 244.8, 0.00754324
_15633_, 421.94, 244.8, 0.00754324
_17952_, 421.94, 244.8, 0.00754324
hold248, 421.94, 244.8, 0.00754324
hold1681, 421.94, 244.8, 0.00754324
FILLER_0_86_913, 421.94, 244.8, 0.00754324
FILLER_0_87_906, 421.94, 244.8, 0.00754324
_08153_, 434.74, 244.8, 0.00754018
FILLER_0_86_921, 434.74, 244.8, 0.00754018
FILLER_0_86_937, 434.74, 244.8, 0.00754018
FILLER_0_86_946, 434.74, 244.8, 0.00754018
_08152_, 447.54, 244.8, 0.0075369
_15637_, 447.54, 244.8, 0.0075369
_17933_, 447.54, 244.8, 0.0075369
_17938_, 447.54, 244.8, 0.0075369
_08188_, 460.34, 244.8, 0.00751907
_08198_, 460.34, 244.8, 0.00751907
_15617_, 460.34, 244.8, 0.00751907
_17931_, 460.34, 244.8, 0.00751907
hold2007, 460.34, 244.8, 0.00751907
hold2115, 460.34, 244.8, 0.00751907
FILLER_0_85_977, 460.34, 244.8, 0.00751907
_08202_, 473.14, 244.8, 0.00749249
_15610_, 473.14, 244.8, 0.00749249
_17900_, 473.14, 244.8, 0.00749249
hold1790, 473.14, 244.8, 0.00749249
FILLER_0_86_1027, 473.14, 244.8, 0.00749249
FILLER_0_87_1018, 473.14, 244.8, 0.00749249
FILLER_0_87_1026, 473.14, 244.8, 0.00749249
_17893_, 498.137, 244.8, 0.00754255
_17899_, 498.137, 244.8, 0.00754255
_08266_, 510.334, 244.8, 0.00761361
_08267_, 510.334, 244.8, 0.00761361
_15568_, 510.334, 244.8, 0.00761361
_15571_, 510.334, 244.8, 0.00761361
_17594_, 510.334, 244.8, 0.00761361
clkbuf_leaf_180_clk, 510.334, 244.8, 0.00761361
FILLER_0_87_1101, 510.334, 244.8, 0.00761361
FILLER_0_87_1109, 510.334, 244.8, 0.00761361
_08865_, 522.531, 244.8, 0.00763738
_08883_, 522.531, 244.8, 0.00763738
_15236_, 522.531, 244.8, 0.00763738
_17591_, 522.531, 244.8, 0.00763738
_17598_, 522.531, 244.8, 0.00763738
FILLER_0_85_1115, 522.531, 244.8, 0.00763738
_08749_, 534.728, 244.8, 0.00764707
_08868_, 534.728, 244.8, 0.00764707
_15240_, 534.728, 244.8, 0.00764707
hold658, 534.728, 244.8, 0.00764707
FILLER_0_85_1148, 534.728, 244.8, 0.00764707
FILLER_0_86_1152, 534.728, 244.8, 0.00764707
FILLER_0_86_1162, 534.728, 244.8, 0.00764707
FILLER_0_87_1157, 534.728, 244.8, 0.00764707
_08748_, 546.925, 244.8, 0.00765571
_15306_, 546.925, 244.8, 0.00765571
hold882, 546.925, 244.8, 0.00765571
FILLER_0_86_1168, 546.925, 244.8, 0.00765571
_08754_, 559.122, 244.8, 0.00766351
_08755_, 559.122, 244.8, 0.00766351
_15303_, 559.122, 244.8, 0.00766351
_17655_, 559.122, 244.8, 0.00766351
hold409, 559.122, 244.8, 0.00766351
FILLER_0_86_1193, 559.122, 244.8, 0.00766351
PHY_166, 5.52, 239.36, 0.00708378
PHY_168, 5.52, 239.36, 0.00708378
clkbuf_leaf_11_clk, 5.52, 239.36, 0.00708378
FILLER_0_84_3, 5.52, 239.36, 0.00708378
PHY_167, 571.32, 239.36, 0.00744993
PHY_169, 571.32, 239.36, 0.00744993
FILLER_0_84_1221, 571.32, 239.36, 0.00744993
FILLER_0_84_77, 37.94, 239.36, 0.00714098
FILLER_0_85_81, 37.94, 239.36, 0.00714098
_10039_, 50.74, 239.36, 0.00725024
_14598_, 50.74, 239.36, 0.00725024
_17013_, 50.74, 239.36, 0.00725024
_17020_, 50.74, 239.36, 0.00725024
FILLER_0_83_89, 50.74, 239.36, 0.00725024
FILLER_0_85_106, 50.74, 239.36, 0.00725024
_10029_, 63.54, 239.36, 0.00734494
_10032_, 63.54, 239.36, 0.00734494
_10033_, 63.54, 239.36, 0.00734494
_10038_, 63.54, 239.36, 0.00734494
_14591_, 63.54, 239.36, 0.00734494
_17018_, 63.54, 239.36, 0.00734494
hold1010, 63.54, 239.36, 0.00734494
hold2120, 63.54, 239.36, 0.00734494
FILLER_0_83_126, 63.54, 239.36, 0.00734494
_10082_, 76.34, 239.36, 0.00743052
clkbuf_leaf_14_clk, 76.34, 239.36, 0.00743052
hold995, 76.34, 239.36, 0.00743052
FILLER_0_83_151, 76.34, 239.36, 0.00743052
FILLER_0_85_162, 76.34, 239.36, 0.00743052
_10064_, 89.14, 239.36, 0.00747105
_14574_, 89.14, 239.36, 0.00747105
_16991_, 89.14, 239.36, 0.00747105
_16998_, 89.14, 239.36, 0.00747105
FILLER_0_85_194, 89.14, 239.36, 0.00747105
_14575_, 101.94, 239.36, 0.00749694
_16996_, 101.94, 239.36, 0.00749694
hold1820, 101.94, 239.36, 0.00749694
FILLER_0_83_197, 101.94, 239.36, 0.00749694
FILLER_0_83_205, 101.94, 239.36, 0.00749694
_09889_, 114.74, 239.36, 0.00751504
_09892_, 114.74, 239.36, 0.00751504
_09893_, 114.74, 239.36, 0.00751504
_10072_, 114.74, 239.36, 0.00751504
_14672_, 114.74, 239.36, 0.00751504
_17086_, 114.74, 239.36, 0.00751504
hold1458, 114.74, 239.36, 0.00751504
FILLER_0_83_237, 114.74, 239.36, 0.00751504
FILLER_0_84_237, 114.74, 239.36, 0.00751504
_09888_, 127.54, 239.36, 0.00752454
_14674_, 127.54, 239.36, 0.00752454
_17090_, 127.54, 239.36, 0.00752454
hold1382, 127.54, 239.36, 0.00752454
hold1508, 127.54, 239.36, 0.00752454
hold1630, 127.54, 239.36, 0.00752454
FILLER_0_84_275, 127.54, 239.36, 0.00752454
_09885_, 140.34, 239.36, 0.00752504
_09886_, 140.34, 239.36, 0.00752504
_14676_, 140.34, 239.36, 0.00752504
hold1409, 140.34, 239.36, 0.00752504
FILLER_0_83_281, 140.34, 239.36, 0.00752504
_09932_, 153.14, 239.36, 0.00752444
_09933_, 153.14, 239.36, 0.00752444
_09938_, 153.14, 239.36, 0.00752444
_14647_, 153.14, 239.36, 0.00752444
_17066_, 153.14, 239.36, 0.00752444
clkbuf_leaf_24_clk, 153.14, 239.36, 0.00752444
FILLER_0_83_313, 153.14, 239.36, 0.00752444
FILLER_0_84_309, 153.14, 239.36, 0.00752444
FILLER_0_84_317, 153.14, 239.36, 0.00752444
FILLER_0_85_323, 153.14, 239.36, 0.00752444
_09813_, 165.94, 239.36, 0.00747504
_14650_, 165.94, 239.36, 0.00747504
_17126_, 165.94, 239.36, 0.00747504
hold1929, 165.94, 239.36, 0.00747504
_09807_, 191.54, 239.36, 0.00754697
_12970_, 191.54, 239.36, 0.00754697
_17129_, 191.54, 239.36, 0.00754697
hold716, 191.54, 239.36, 0.00754697
FILLER_0_84_391, 191.54, 239.36, 0.00754697
FILLER_0_84_406, 191.54, 239.36, 0.00754697
FILLER_0_84_414, 191.54, 239.36, 0.00754697
FILLER_0_85_417, 191.54, 239.36, 0.00754697
_12898_, 204.34, 239.36, 0.00766563
_12908_, 204.34, 239.36, 0.00766563
_12948_, 204.34, 239.36, 0.00766563
_12969_, 204.34, 239.36, 0.00766563
hold2169, 204.34, 239.36, 0.00766563
FILLER_0_85_441, 204.34, 239.36, 0.00766563
_12897_, 217.14, 239.36, 0.00774635
FILLER_0_84_456, 217.14, 239.36, 0.00774635
FILLER_0_84_467, 217.14, 239.36, 0.00774635
_12896_, 229.94, 239.36, 0.0078243
_13063_, 229.94, 239.36, 0.0078243
_13282_, 229.94, 239.36, 0.0078243
FILLER_0_84_486, 229.94, 239.36, 0.0078243
FILLER_0_84_501, 229.94, 239.36, 0.0078243
_12737_, 242.74, 239.36, 0.00788226
_12738_, 242.74, 239.36, 0.00788226
_12830_, 242.74, 239.36, 0.00788226
hold2259, 242.74, 239.36, 0.00788226
FILLER_0_84_519, 242.74, 239.36, 0.00788226
_12195_, 255.54, 239.36, 0.00792862
_13283_, 255.54, 239.36, 0.00792862
_13460_, 255.54, 239.36, 0.00792862
_15995_, 255.54, 239.36, 0.00792862
hold2179, 255.54, 239.36, 0.00792862
FILLER_0_84_553, 255.54, 239.36, 0.00792862
_11976_, 268.34, 239.36, 0.00795446
_11977_, 268.34, 239.36, 0.00795446
_13108_, 268.34, 239.36, 0.00795446
rebuffer2, 268.34, 239.36, 0.00795446
FILLER_0_83_561, 268.34, 239.36, 0.00795446
FILLER_0_84_569, 268.34, 239.36, 0.00795446
FILLER_0_85_581, 268.34, 239.36, 0.00795446
_12835_, 281.14, 239.36, 0.00793453
_12904_, 281.14, 239.36, 0.00793453
_13102_, 281.14, 239.36, 0.00793453
_13107_, 281.14, 239.36, 0.00793453
FILLER_0_83_587, 281.14, 239.36, 0.00793453
FILLER_0_84_602, 281.14, 239.36, 0.00793453
FILLER_0_84_612, 281.14, 239.36, 0.00793453
FILLER_0_85_613, 281.14, 239.36, 0.00793453
_12178_, 293.94, 239.36, 0.00785189
_12740_, 293.94, 239.36, 0.00785189
_15996_, 293.94, 239.36, 0.00785189
clkbuf_leaf_233_clk, 293.94, 239.36, 0.00785189
ANTENNA_13, 293.94, 239.36, 0.00785189
FILLER_0_84_620, 293.94, 239.36, 0.00785189
_12741_, 306.74, 239.36, 0.00769826
_12773_, 306.74, 239.36, 0.00769826
_16024_, 306.74, 239.36, 0.00769826
FILLER_0_84_651, 306.74, 239.36, 0.00769826
FILLER_0_84_659, 306.74, 239.36, 0.00769826
FILLER_0_85_668, 306.74, 239.36, 0.00769826
_12772_, 319.54, 239.36, 0.00741139
_13492_, 319.54, 239.36, 0.00741139
hold2187, 319.54, 239.36, 0.00741139
FILLER_0_84_693, 319.54, 239.36, 0.00741139
_13020_, 345.14, 239.36, 0.00720442
_13350_, 345.14, 239.36, 0.00720442
_15896_, 345.14, 239.36, 0.00720442
FILLER_0_84_751, 345.14, 239.36, 0.00720442
clkbuf_leaf_166_clk, 357.94, 239.36, 0.00727709
FILLER_0_83_765, 357.94, 239.36, 0.00727709
FILLER_0_84_769, 357.94, 239.36, 0.00727709
_12776_, 370.74, 239.36, 0.00730886
_15895_, 370.74, 239.36, 0.00730886
hold2232, 370.74, 239.36, 0.00730886
FILLER_0_84_804, 370.74, 239.36, 0.00730886
FILLER_0_85_797, 370.74, 239.36, 0.00730886
_13349_, 383.54, 239.36, 0.00732253
FILLER_0_85_832, 383.54, 239.36, 0.00732253
_12919_, 396.34, 239.36, 0.00733603
_12920_, 396.34, 239.36, 0.00733603
_15955_, 396.34, 239.36, 0.00733603
FILLER_0_83_841, 396.34, 239.36, 0.00733603
FILLER_0_84_840, 396.34, 239.36, 0.00733603
_08162_, 409.14, 239.36, 0.00733297
_08163_, 409.14, 239.36, 0.00733297
_15632_, 409.14, 239.36, 0.00733297
hold2134, 409.14, 239.36, 0.00733297
FILLER_0_84_864, 409.14, 239.36, 0.00733297
_17921_, 421.94, 239.36, 0.00732442
FILLER_0_83_897, 421.94, 239.36, 0.00732442
FILLER_0_84_913, 421.94, 239.36, 0.00732442
_08220_, 434.74, 239.36, 0.00730875
_17925_, 434.74, 239.36, 0.00730875
hold296, 434.74, 239.36, 0.00730875
FILLER_0_84_921, 434.74, 239.36, 0.00730875
FILLER_0_84_933, 434.74, 239.36, 0.00730875
FILLER_0_85_944, 434.74, 239.36, 0.00730875
_08199_, 447.54, 239.36, 0.00728526
_08221_, 447.54, 239.36, 0.00728526
_15612_, 447.54, 239.36, 0.00728526
hold1394, 447.54, 239.36, 0.00728526
FILLER_0_84_970, 447.54, 239.36, 0.00728526
FILLER_0_85_965, 447.54, 239.36, 0.00728526
FILLER_0_85_971, 447.54, 239.36, 0.00728526
_08203_, 460.34, 239.36, 0.00726065
_15609_, 460.34, 239.36, 0.00726065
FILLER_0_85_996, 460.34, 239.36, 0.00726065
FILLER_0_83_1004, 473.14, 239.36, 0.00723393
FILLER_0_84_1029, 473.14, 239.36, 0.00723393
FILLER_0_84_1080, 498.137, 239.36, 0.00726589
_08877_, 510.334, 239.36, 0.00732458
_15574_, 510.334, 239.36, 0.00732458
hold1224, 510.334, 239.36, 0.00732458
FILLER_0_83_1087, 510.334, 239.36, 0.00732458
FILLER_0_84_1089, 510.334, 239.36, 0.00732458
_08864_, 522.531, 239.36, 0.00738242
_08882_, 522.531, 239.36, 0.00738242
_15233_, 522.531, 239.36, 0.00738242
FILLER_0_83_1116, 522.531, 239.36, 0.00738242
FILLER_0_85_1124, 522.531, 239.36, 0.00738242
_17658_, 534.728, 239.36, 0.00743969
clkbuf_leaf_183_clk, 534.728, 239.36, 0.00743969
FILLER_0_83_1145, 534.728, 239.36, 0.00743969
FILLER_0_84_1141, 534.728, 239.36, 0.00743969
_08752_, 546.925, 239.36, 0.00744839
_15304_, 546.925, 239.36, 0.00744839
_17659_, 546.925, 239.36, 0.00744839
_08746_, 559.122, 239.36, 0.00744993
_08756_, 559.122, 239.36, 0.00744993
_15307_, 559.122, 239.36, 0.00744993
hold1372, 559.122, 239.36, 0.00744993
hold1395, 559.122, 239.36, 0.00744993
PHY_162, 5.52, 233.92, 0.00695618
PHY_164, 5.52, 233.92, 0.00695618
output94, 5.52, 233.92, 0.00695618
PHY_163, 571.32, 233.92, 0.00712158
PHY_165, 571.32, 233.92, 0.00712158
output54, 571.32, 233.92, 0.00712158
FILLER_0_82_1217, 571.32, 233.92, 0.00712158
_10017_, 37.94, 233.92, 0.0069133
_10020_, 37.94, 233.92, 0.0069133
_10021_, 37.94, 233.92, 0.0069133
_17024_, 37.94, 233.92, 0.0069133
FILLER_0_81_57, 37.94, 233.92, 0.0069133
FILLER_0_82_65, 37.94, 233.92, 0.0069133
FILLER_0_83_81, 37.94, 233.92, 0.0069133
_10016_, 50.74, 233.92, 0.00694857
hold1517, 50.74, 233.92, 0.00694857
FILLER_0_82_109, 50.74, 233.92, 0.00694857
_10025_, 63.54, 233.92, 0.00698312
_17016_, 63.54, 233.92, 0.00698312
_09980_, 76.34, 233.92, 0.00701034
_10069_, 76.34, 233.92, 0.00701034
_10083_, 76.34, 233.92, 0.00701034
FILLER_0_81_149, 76.34, 233.92, 0.00701034
FILLER_0_83_159, 76.34, 233.92, 0.00701034
_10068_, 89.14, 233.92, 0.00703691
_14567_, 89.14, 233.92, 0.00703691
_14576_, 89.14, 233.92, 0.00703691
FILLER_0_82_177, 89.14, 233.92, 0.00703691
_10073_, 101.94, 233.92, 0.00706286
_14572_, 101.94, 233.92, 0.00706286
_16994_, 101.94, 233.92, 0.00706286
hold971, 101.94, 233.92, 0.00706286
FILLER_0_83_219, 101.94, 233.92, 0.00706286
_14668_, 114.74, 233.92, 0.00708083
_17088_, 114.74, 233.92, 0.00708083
FILLER_0_82_242, 114.74, 233.92, 0.00708083
_09894_, 127.54, 233.92, 0.00709155
_09895_, 127.54, 233.92, 0.00709155
_14671_, 127.54, 233.92, 0.00709155
_17085_, 127.54, 233.92, 0.00709155
hold1587, 127.54, 233.92, 0.00709155
_09884_, 140.34, 233.92, 0.00709406
_14666_, 140.34, 233.92, 0.00709406
FILLER_0_82_285, 140.34, 233.92, 0.00709406
FILLER_0_82_300, 140.34, 233.92, 0.00709406
FILLER_0_83_294, 140.34, 233.92, 0.00709406
_09907_, 153.14, 233.92, 0.00709436
_17063_, 153.14, 233.92, 0.00709436
FILLER_0_81_313, 153.14, 233.92, 0.00709436
FILLER_0_82_309, 153.14, 233.92, 0.00709436
FILLER_0_82_333, 153.14, 233.92, 0.00709436
_09808_, 165.94, 233.92, 0.00708735
_09809_, 165.94, 233.92, 0.00708735
_09823_, 165.94, 233.92, 0.00708735
_14644_, 165.94, 233.92, 0.00708735
_09806_, 191.54, 233.92, 0.00712838
_13389_, 191.54, 233.92, 0.00712838
_14719_, 191.54, 233.92, 0.00712838
hold1570, 191.54, 233.92, 0.00712838
FILLER_0_82_407, 191.54, 233.92, 0.00712838
_15931_, 204.34, 233.92, 0.00717796
_15938_, 204.34, 233.92, 0.00717796
FILLER_0_83_443, 204.34, 233.92, 0.00717796
_15937_, 217.14, 233.92, 0.00720655
hold2176, 217.14, 233.92, 0.00720655
_13390_, 229.94, 233.92, 0.00721953
_16030_, 229.94, 233.92, 0.00721953
hold2165, 229.94, 233.92, 0.00721953
FILLER_0_82_489, 229.94, 233.92, 0.00721953
FILLER_0_83_497, 229.94, 233.92, 0.00721953
_12732_, 242.74, 233.92, 0.00721493
_13498_, 242.74, 233.92, 0.00721493
hold2267, 242.74, 233.92, 0.00721493
FILLER_0_81_513, 242.74, 233.92, 0.00721493
FILLER_0_82_523, 242.74, 233.92, 0.00721493
FILLER_0_83_529, 242.74, 233.92, 0.00721493
_12747_, 255.54, 233.92, 0.00720267
_12768_, 255.54, 233.92, 0.00720267
clkbuf_leaf_235_clk, 255.54, 233.92, 0.00720267
hold2182, 255.54, 233.92, 0.00720267
FILLER_0_82_553, 255.54, 233.92, 0.00720267
_12907_, 268.34, 233.92, 0.00714068
rebuffer3, 268.34, 233.92, 0.00714068
rebuffer8, 268.34, 233.92, 0.00714068
rebuffer18, 268.34, 233.92, 0.00714068
FILLER_0_82_564, 268.34, 233.92, 0.00714068
FILLER_0_82_583, 268.34, 233.92, 0.00714068
_12906_, 281.14, 233.92, 0.0070454
_13062_, 281.14, 233.92, 0.0070454
FILLER_0_83_608, 281.14, 233.92, 0.0070454
_12828_, 293.94, 233.92, 0.00693651
_13461_, 293.94, 233.92, 0.00693651
FILLER_0_82_640, 293.94, 233.92, 0.00693651
_13033_, 306.74, 233.92, 0.00682544
_13065_, 306.74, 233.92, 0.00682544
_15885_, 306.74, 233.92, 0.00682544
hold2151, 306.74, 233.92, 0.00682544
FILLER_0_81_641, 306.74, 233.92, 0.00682544
FILLER_0_83_661, 306.74, 233.92, 0.00682544
_13457_, 319.54, 233.92, 0.00667765
FILLER_0_81_669, 319.54, 233.92, 0.00667765
FILLER_0_82_687, 319.54, 233.92, 0.00667765
FILLER_0_83_694, 319.54, 233.92, 0.00667765
FILLER_0_82_749, 345.14, 233.92, 0.0066125
_12774_, 357.94, 233.92, 0.00669534
_13313_, 357.94, 233.92, 0.00669534
_13314_, 357.94, 233.92, 0.00669534
_16023_, 357.94, 233.92, 0.00669534
hold81, 357.94, 233.92, 0.00669534
hold82, 357.94, 233.92, 0.00669534
FILLER_0_83_777, 357.94, 233.92, 0.00669534
_12777_, 370.74, 233.92, 0.00675012
_13490_, 370.74, 233.92, 0.00675012
_16022_, 370.74, 233.92, 0.00675012
hold2243, 370.74, 233.92, 0.00675012
FILLER_0_81_792, 370.74, 233.92, 0.00675012
FILLER_0_82_805, 370.74, 233.92, 0.00675012
hold2139, 383.54, 233.92, 0.00678629
FILLER_0_83_831, 383.54, 233.92, 0.00678629
_13415_, 396.34, 233.92, 0.00681755
FILLER_0_82_849, 396.34, 233.92, 0.00681755
_08209_, 409.14, 233.92, 0.00684865
FILLER_0_81_865, 409.14, 233.92, 0.00684865
FILLER_0_81_873, 409.14, 233.92, 0.00684865
FILLER_0_83_888, 409.14, 233.92, 0.00684865
_08210_, 421.94, 233.92, 0.00687953
_08211_, 421.94, 233.92, 0.00687953
_08222_, 421.94, 233.92, 0.00687953
_08223_, 421.94, 233.92, 0.00687953
_15599_, 421.94, 233.92, 0.00687953
hold241, 421.94, 233.92, 0.00687953
FILLER_0_81_901, 421.94, 233.92, 0.00687953
FILLER_0_82_918, 421.94, 233.92, 0.00687953
_08214_, 434.74, 233.92, 0.00690896
_08215_, 434.74, 233.92, 0.00690896
_15603_, 434.74, 233.92, 0.00690896
_17922_, 434.74, 233.92, 0.00690896
hold1423, 434.74, 233.92, 0.00690896
FILLER_0_81_924, 434.74, 233.92, 0.00690896
FILLER_0_81_930, 434.74, 233.92, 0.00690896
_08200_, 447.54, 233.92, 0.0069302
FILLER_0_81_953, 447.54, 233.92, 0.0069302
FILLER_0_82_963, 447.54, 233.92, 0.0069302
FILLER_0_82_971, 447.54, 233.92, 0.0069302
FILLER_0_83_973, 447.54, 233.92, 0.0069302
_08187_, 460.34, 233.92, 0.00695122
_15619_, 460.34, 233.92, 0.00695122
_17939_, 460.34, 233.92, 0.00695122
_17940_, 460.34, 233.92, 0.00695122
hold1923, 460.34, 233.92, 0.00695122
FILLER_0_82_977, 460.34, 233.92, 0.00695122
_08186_, 473.14, 233.92, 0.00695715
_08190_, 473.14, 233.92, 0.00695715
_08191_, 473.14, 233.92, 0.00695715
_15616_, 473.14, 233.92, 0.00695715
_15618_, 473.14, 233.92, 0.00695715
_17897_, 473.14, 233.92, 0.00695715
hold904, 473.14, 233.92, 0.00695715
FILLER_0_82_1025, 473.14, 233.92, 0.00695715
FILLER_0_83_1021, 473.14, 233.92, 0.00695715
_08275_, 498.137, 233.92, 0.00699572
_08282_, 498.137, 233.92, 0.00699572
_08283_, 498.137, 233.92, 0.00699572
_15566_, 498.137, 233.92, 0.00699572
_17891_, 498.137, 233.92, 0.00699572
hold285, 498.137, 233.92, 0.00699572
FILLER_0_82_1069, 498.137, 233.92, 0.00699572
FILLER_0_83_1077, 498.137, 233.92, 0.00699572
_15567_, 510.334, 233.92, 0.00702893
_17892_, 510.334, 233.92, 0.00702893
hold1715, 510.334, 233.92, 0.00702893
FILLER_0_82_1137, 522.531, 233.92, 0.0070547
_08753_, 534.728, 233.92, 0.00708046
_17656_, 534.728, 233.92, 0.00708046
FILLER_0_82_1145, 534.728, 233.92, 0.00708046
FILLER_0_82_1149, 534.728, 233.92, 0.00708046
_08747_, 546.925, 233.92, 0.00709927
_17654_, 546.925, 233.92, 0.00709927
hold1766, 546.925, 233.92, 0.00709927
FILLER_0_81_1169, 546.925, 233.92, 0.00709927
FILLER_0_82_1174, 546.925, 233.92, 0.00709927
_08757_, 559.122, 233.92, 0.00711062
_15302_, 559.122, 233.92, 0.00711062
FILLER_0_82_1199, 559.122, 233.92, 0.00711062
PHY_158, 5.52, 228.48, 0.00673355
PHY_160, 5.52, 228.48, 0.00673355
PHY_159, 571.32, 228.48, 0.00673609
PHY_161, 571.32, 228.48, 0.00673609
FILLER_0_80_1217, 571.32, 228.48, 0.00673609
_10059_, 15.33, 228.48, 0.00673355
FILLER_0_80_29, 15.33, 228.48, 0.00673355
_14577_, 37.94, 228.48, 0.00682467
_17022_, 37.94, 228.48, 0.00682467
clkbuf_leaf_10_clk, 37.94, 228.48, 0.00682467
FILLER_0_80_59, 37.94, 228.48, 0.00682467
_14599_, 50.74, 228.48, 0.00685992
_17023_, 50.74, 228.48, 0.00685992
hold1156, 50.74, 228.48, 0.00685992
hold2008, 50.74, 228.48, 0.00685992
FILLER_0_79_85, 50.74, 228.48, 0.00685992
FILLER_0_80_99, 50.74, 228.48, 0.00685992
FILLER_0_81_103, 50.74, 228.48, 0.00685992
_09976_, 63.54, 228.48, 0.00688509
_09977_, 63.54, 228.48, 0.00688509
_09981_, 63.54, 228.48, 0.00688509
_14625_, 63.54, 228.48, 0.00688509
FILLER_0_81_137, 63.54, 228.48, 0.00688509
_09971_, 76.34, 228.48, 0.00690946
_17042_, 76.34, 228.48, 0.00690946
_17047_, 76.34, 228.48, 0.00690946
hold1634, 76.34, 228.48, 0.00690946
FILLER_0_80_164, 76.34, 228.48, 0.00690946
FILLER_0_81_162, 76.34, 228.48, 0.00690946
_09970_, 89.14, 228.48, 0.00691891
_14566_, 89.14, 228.48, 0.00691891
hold929, 89.14, 228.48, 0.00691891
FILLER_0_80_189, 89.14, 228.48, 0.00691891
_10076_, 101.94, 228.48, 0.00692573
_10077_, 101.94, 228.48, 0.00692573
_14570_, 101.94, 228.48, 0.00692573
FILLER_0_80_197, 101.94, 228.48, 0.00692573
FILLER_0_80_205, 101.94, 228.48, 0.00692573
_09901_, 114.74, 228.48, 0.00693196
_14569_, 114.74, 228.48, 0.00693196
_17082_, 114.74, 228.48, 0.00693196
FILLER_0_80_238, 114.74, 228.48, 0.00693196
FILLER_0_80_248, 114.74, 228.48, 0.00693196
_09900_, 127.54, 228.48, 0.00693074
FILLER_0_80_277, 127.54, 228.48, 0.00693074
FILLER_0_81_270, 127.54, 228.48, 0.00693074
_09908_, 140.34, 228.48, 0.00692929
_09909_, 140.34, 228.48, 0.00692929
_14659_, 140.34, 228.48, 0.00692929
_17078_, 140.34, 228.48, 0.00692929
hold1459, 140.34, 228.48, 0.00692929
FILLER_0_79_285, 140.34, 228.48, 0.00692929
_17076_, 153.14, 228.48, 0.00691965
_17079_, 153.14, 228.48, 0.00691965
hold725, 153.14, 228.48, 0.00691965
FILLER_0_81_332, 153.14, 228.48, 0.00691965
_09822_, 165.94, 228.48, 0.00689532
_09906_, 165.94, 228.48, 0.00689532
_17128_, 165.94, 228.48, 0.00689532
FILLER_0_80_354, 165.94, 228.48, 0.00689532
FILLER_0_81_349, 165.94, 228.48, 0.00689532
_09816_, 191.54, 228.48, 0.00689974
_09817_, 191.54, 228.48, 0.00689974
_14714_, 191.54, 228.48, 0.00689974
hold1025, 191.54, 228.48, 0.00689974
FILLER_0_80_417, 191.54, 228.48, 0.00689974
FILLER_0_81_417, 191.54, 228.48, 0.00689974
_12955_, 204.34, 228.48, 0.00693497
_12956_, 204.34, 228.48, 0.00693497
_13396_, 204.34, 228.48, 0.00693497
hold2152, 204.34, 228.48, 0.00693497
FILLER_0_80_421, 204.34, 228.48, 0.00693497
FILLER_0_80_446, 204.34, 228.48, 0.00693497
FILLER_0_81_444, 204.34, 228.48, 0.00693497
_12953_, 217.14, 228.48, 0.00695898
_12954_, 217.14, 228.48, 0.00695898
_12958_, 217.14, 228.48, 0.00695898
_13395_, 217.14, 228.48, 0.00695898
_15939_, 217.14, 228.48, 0.00695898
FILLER_0_79_449, 217.14, 228.48, 0.00695898
_12733_, 229.94, 228.48, 0.0069631
_12967_, 229.94, 228.48, 0.0069631
_13397_, 229.94, 228.48, 0.0069631
hold2158, 229.94, 228.48, 0.0069631
FILLER_0_80_497, 229.94, 228.48, 0.0069631
_12748_, 242.74, 228.48, 0.00695608
_12759_, 242.74, 228.48, 0.00695608
_12760_, 242.74, 228.48, 0.00695608
_13495_, 242.74, 228.48, 0.00695608
_16026_, 242.74, 228.48, 0.00695608
hold2181, 242.74, 228.48, 0.00695608
FILLER_0_79_505, 242.74, 228.48, 0.00695608
FILLER_0_79_515, 242.74, 228.48, 0.00695608
_12769_, 255.54, 228.48, 0.00692577
_16025_, 255.54, 228.48, 0.00692577
hold2245, 255.54, 228.48, 0.00692577
_07847_, 268.34, 228.48, 0.00687632
_11980_, 268.34, 228.48, 0.00687632
_11981_, 268.34, 228.48, 0.00687632
FILLER_0_80_577, 268.34, 228.48, 0.00687632
FILLER_0_80_585, 268.34, 228.48, 0.00687632
FILLER_0_81_573, 268.34, 228.48, 0.00687632
_12032_, 281.14, 228.48, 0.00680377
_12380_, 281.14, 228.48, 0.00680377
rebuffer6, 281.14, 228.48, 0.00680377
FILLER_0_79_593, 281.14, 228.48, 0.00680377
FILLER_0_80_612, 281.14, 228.48, 0.00680377
FILLER_0_81_606, 281.14, 228.48, 0.00680377
_12742_, 293.94, 228.48, 0.00668002
_12743_, 293.94, 228.48, 0.00668002
_16028_, 293.94, 228.48, 0.00668002
FILLER_0_79_617, 293.94, 228.48, 0.00668002
FILLER_0_79_626, 293.94, 228.48, 0.00668002
_13034_, 306.74, 228.48, 0.00654061
_13338_, 306.74, 228.48, 0.00654061
_13496_, 306.74, 228.48, 0.00654061
FILLER_0_80_645, 306.74, 228.48, 0.00654061
FILLER_0_80_658, 306.74, 228.48, 0.00654061
_07855_, 319.54, 228.48, 0.00639752
_13342_, 319.54, 228.48, 0.00639752
clkbuf_leaf_232_clk, 319.54, 228.48, 0.00639752
FILLER_0_80_688, 319.54, 228.48, 0.00639752
FILLER_0_81_685, 319.54, 228.48, 0.00639752
_12454_, 345.14, 228.48, 0.00634378
_12467_, 345.14, 228.48, 0.00634378
_13067_, 345.14, 228.48, 0.00634378
hold103, 345.14, 228.48, 0.00634378
hold104, 345.14, 228.48, 0.00634378
FILLER_0_81_741, 345.14, 228.48, 0.00634378
_12775_, 357.94, 228.48, 0.00645327
_13491_, 357.94, 228.48, 0.00645327
_15863_, 357.94, 228.48, 0.00645327
FILLER_0_81_779, 357.94, 228.48, 0.00645327
_13040_, 370.74, 228.48, 0.00654868
_15881_, 370.74, 228.48, 0.00654868
_18062_, 370.74, 228.48, 0.00654868
FILLER_0_79_785, 370.74, 228.48, 0.00654868
FILLER_0_80_801, 370.74, 228.48, 0.00654868
_13039_, 383.54, 228.48, 0.00662324
_13334_, 383.54, 228.48, 0.00662324
_18068_, 383.54, 228.48, 0.00662324
hold582, 383.54, 228.48, 0.00662324
ANTENNA_23, 383.54, 228.48, 0.00662324
_07928_, 396.34, 228.48, 0.00668532
_15756_, 396.34, 228.48, 0.00668532
hold555, 396.34, 228.48, 0.00668532
FILLER_0_79_837, 396.34, 228.48, 0.00668532
FILLER_0_79_841, 396.34, 228.48, 0.00668532
FILLER_0_80_857, 396.34, 228.48, 0.00668532
_17927_, 409.14, 228.48, 0.00674651
_17928_, 409.14, 228.48, 0.00674651
clkbuf_leaf_169_clk, 409.14, 228.48, 0.00674651
FILLER_0_80_865, 409.14, 228.48, 0.00674651
_08207_, 421.94, 228.48, 0.00675373
_15605_, 421.94, 228.48, 0.00675373
hold823, 421.94, 228.48, 0.00675373
hold1631, 421.94, 228.48, 0.00675373
_08205_, 434.74, 228.48, 0.00675952
_08213_, 434.74, 228.48, 0.00675952
_15600_, 434.74, 228.48, 0.00675952
_17930_, 434.74, 228.48, 0.00675952
FILLER_0_79_928, 434.74, 228.48, 0.00675952
FILLER_0_80_937, 434.74, 228.48, 0.00675952
FILLER_0_81_938, 434.74, 228.48, 0.00675952
FILLER_0_81_944, 434.74, 228.48, 0.00675952
_08201_, 447.54, 228.48, 0.00675765
_15598_, 447.54, 228.48, 0.00675765
_15604_, 447.54, 228.48, 0.00675765
_17932_, 447.54, 228.48, 0.00675765
hold2004, 447.54, 228.48, 0.00675765
hold2113, 447.54, 228.48, 0.00675765
FILLER_0_80_963, 447.54, 228.48, 0.00675765
_08184_, 460.34, 228.48, 0.00674542
_08185_, 460.34, 228.48, 0.00674542
_15611_, 460.34, 228.48, 0.00674542
_17937_, 460.34, 228.48, 0.00674542
hold1094, 460.34, 228.48, 0.00674542
FILLER_0_80_995, 460.34, 228.48, 0.00674542
hold407, 473.14, 228.48, 0.00672504
FILLER_0_81_1026, 473.14, 228.48, 0.00672504
_17895_, 498.137, 228.48, 0.00671952
FILLER_0_80_1059, 498.137, 228.48, 0.00671952
_08274_, 510.334, 228.48, 0.00672811
_08280_, 510.334, 228.48, 0.00672811
_08281_, 510.334, 228.48, 0.00672811
_15570_, 510.334, 228.48, 0.00672811
_08226_, 522.531, 228.48, 0.00673592
_08227_, 522.531, 228.48, 0.00673592
_17919_, 522.531, 228.48, 0.00673592
hold1433, 522.531, 228.48, 0.00673592
FILLER_0_79_1113, 522.531, 228.48, 0.00673592
FILLER_0_80_1117, 522.531, 228.48, 0.00673592
FILLER_0_80_1130, 522.531, 228.48, 0.00673592
_15590_, 534.728, 228.48, 0.00673609
FILLER_0_80_1143, 534.728, 228.48, 0.00673609
FILLER_0_79_1168, 546.925, 228.48, 0.00673609
FILLER_0_80_1197, 559.122, 228.48, 0.00673609
_17003_, 5.52, 223.04, 0.0066497
PHY_154, 5.52, 223.04, 0.0066497
PHY_156, 5.52, 223.04, 0.0066497
FILLER_0_79_3, 5.52, 223.04, 0.0066497
PHY_155, 571.32, 223.04, 0.00651798
PHY_157, 571.32, 223.04, 0.00651798
FILLER_0_78_1217, 571.32, 223.04, 0.00651798
_10058_, 15.33, 223.04, 0.00664424
_14580_, 15.33, 223.04, 0.00664424
_17005_, 15.33, 223.04, 0.00664424
_17010_, 15.33, 223.04, 0.00664424
hold185, 15.33, 223.04, 0.00664424
FILLER_0_79_27, 15.33, 223.04, 0.00664424
_10009_, 37.94, 223.04, 0.00672786
_10060_, 37.94, 223.04, 0.00672786
_14601_, 37.94, 223.04, 0.00672786
_14603_, 37.94, 223.04, 0.00672786
hold1003, 37.94, 223.04, 0.00672786
FILLER_0_77_57, 37.94, 223.04, 0.00672786
FILLER_0_77_65, 37.94, 223.04, 0.00672786
FILLER_0_78_81, 37.94, 223.04, 0.00672786
FILLER_0_79_75, 37.94, 223.04, 0.00672786
_10018_, 50.74, 223.04, 0.00682721
_10019_, 50.74, 223.04, 0.00682721
_14602_, 50.74, 223.04, 0.00682721
_14609_, 50.74, 223.04, 0.00682721
clkbuf_5_2__f_clk, 50.74, 223.04, 0.00682721
FILLER_0_78_85, 50.74, 223.04, 0.00682721
_10004_, 63.54, 223.04, 0.00683772
_17044_, 63.54, 223.04, 0.00683772
_17048_, 63.54, 223.04, 0.00683772
hold863, 63.54, 223.04, 0.00683772
_09968_, 76.34, 223.04, 0.00683335
_09969_, 76.34, 223.04, 0.00683335
_14621_, 76.34, 223.04, 0.00683335
_14623_, 76.34, 223.04, 0.00683335
_14628_, 76.34, 223.04, 0.00683335
_14629_, 76.34, 223.04, 0.00683335
hold1059, 76.34, 223.04, 0.00683335
hold1997, 76.34, 223.04, 0.00683335
FILLER_0_78_166, 76.34, 223.04, 0.00683335
_10080_, 89.14, 223.04, 0.00682497
_10081_, 89.14, 223.04, 0.00682497
_14568_, 89.14, 223.04, 0.00682497
_16997_, 89.14, 223.04, 0.00682497
FILLER_0_77_181, 89.14, 223.04, 0.00682497
_10075_, 101.94, 223.04, 0.00680885
_14573_, 101.94, 223.04, 0.00680885
_16993_, 101.94, 223.04, 0.00680885
hold1922, 101.94, 223.04, 0.00680885
hold2040, 101.94, 223.04, 0.00680885
FILLER_0_78_208, 101.94, 223.04, 0.00680885
FILLER_0_79_221, 101.94, 223.04, 0.00680885
_10074_, 114.74, 223.04, 0.00678418
_10078_, 114.74, 223.04, 0.00678418
hold825, 114.74, 223.04, 0.00678418
hold2000, 114.74, 223.04, 0.00678418
FILLER_0_78_247, 114.74, 223.04, 0.00678418
_17072_, 127.54, 223.04, 0.00675807
FILLER_0_77_262, 127.54, 223.04, 0.00675807
FILLER_0_78_265, 127.54, 223.04, 0.00675807
FILLER_0_79_276, 127.54, 223.04, 0.00675807
_09916_, 140.34, 223.04, 0.00672488
_14657_, 140.34, 223.04, 0.00672488
_14663_, 140.34, 223.04, 0.00672488
hold887, 140.34, 223.04, 0.00672488
hold1789, 140.34, 223.04, 0.00672488
FILLER_0_78_300, 140.34, 223.04, 0.00672488
FILLER_0_79_298, 140.34, 223.04, 0.00672488
_09912_, 153.14, 223.04, 0.00669009
_09913_, 153.14, 223.04, 0.00669009
_14661_, 153.14, 223.04, 0.00669009
_14664_, 153.14, 223.04, 0.00669009
hold267, 153.14, 223.04, 0.00669009
FILLER_0_78_309, 153.14, 223.04, 0.00669009
_09804_, 165.94, 223.04, 0.00665404
_09805_, 165.94, 223.04, 0.00665404
_09818_, 165.94, 223.04, 0.00665404
_09819_, 165.94, 223.04, 0.00665404
_17121_, 165.94, 223.04, 0.00665404
FILLER_0_77_337, 165.94, 223.04, 0.00665404
hold1183, 204.34, 223.04, 0.00660292
_12957_, 217.14, 223.04, 0.00659882
_12968_, 217.14, 223.04, 0.00659882
_15932_, 217.14, 223.04, 0.00659882
FILLER_0_78_457, 217.14, 223.04, 0.00659882
FILLER_0_78_472, 217.14, 223.04, 0.00659882
FILLER_0_79_494, 229.94, 223.04, 0.00657769
_13494_, 242.74, 223.04, 0.00655657
_16027_, 242.74, 223.04, 0.00655657
FILLER_0_78_525, 242.74, 223.04, 0.00655657
_13493_, 255.54, 223.04, 0.00652416
_12905_, 268.34, 223.04, 0.00649158
_13150_, 268.34, 223.04, 0.00649158
_13249_, 268.34, 223.04, 0.00649158
_13250_, 268.34, 223.04, 0.00649158
_15805_, 268.34, 223.04, 0.00649158
rebuffer11, 268.34, 223.04, 0.00649158
FILLER_0_77_566, 268.34, 223.04, 0.00649158
FILLER_0_78_569, 268.34, 223.04, 0.00649158
_12031_, 281.14, 223.04, 0.00642391
_13120_, 281.14, 223.04, 0.00642391
_13123_, 281.14, 223.04, 0.00642391
_13142_, 281.14, 223.04, 0.00642391
FILLER_0_77_589, 281.14, 223.04, 0.00642391
FILLER_0_78_589, 281.14, 223.04, 0.00642391
FILLER_0_78_598, 281.14, 223.04, 0.00642391
_12381_, 293.94, 223.04, 0.00633117
_15804_, 293.94, 223.04, 0.00633117
hold2177, 293.94, 223.04, 0.00633117
FILLER_0_78_633, 293.94, 223.04, 0.00633117
_13028_, 306.74, 223.04, 0.00618852
_15889_, 306.74, 223.04, 0.00618852
hold2145, 306.74, 223.04, 0.00618852
FILLER_0_78_641, 306.74, 223.04, 0.00618852
FILLER_0_78_645, 306.74, 223.04, 0.00618852
FILLER_0_78_653, 306.74, 223.04, 0.00618852
FILLER_0_79_662, 306.74, 223.04, 0.00618852
_12440_, 319.54, 223.04, 0.00602571
_13023_, 319.54, 223.04, 0.00602571
_13456_, 319.54, 223.04, 0.00602571
_15992_, 319.54, 223.04, 0.00602571
hold2142, 319.54, 223.04, 0.00602571
FILLER_0_77_682, 319.54, 223.04, 0.00602571
FILLER_0_79_688, 319.54, 223.04, 0.00602571
_07858_, 345.14, 223.04, 0.00592915
_07859_, 345.14, 223.04, 0.00592915
_12455_, 345.14, 223.04, 0.00592915
_13066_, 345.14, 223.04, 0.00592915
_15862_, 345.14, 223.04, 0.00592915
hold2225, 345.14, 223.04, 0.00592915
FILLER_0_78_734, 345.14, 223.04, 0.00592915
FILLER_0_78_742, 345.14, 223.04, 0.00592915
FILLER_0_79_775, 357.94, 223.04, 0.0060017
_07941_, 370.74, 223.04, 0.00607425
_15755_, 370.74, 223.04, 0.00607425
FILLER_0_78_793, 370.74, 223.04, 0.00607425
FILLER_0_78_807, 370.74, 223.04, 0.00607425
_07929_, 383.54, 223.04, 0.00614643
_07940_, 383.54, 223.04, 0.00614643
_15761_, 383.54, 223.04, 0.00614643
FILLER_0_79_825, 383.54, 223.04, 0.00614643
_07938_, 396.34, 223.04, 0.00621802
_07939_, 396.34, 223.04, 0.00621802
_18063_, 396.34, 223.04, 0.00621802
FILLER_0_77_841, 396.34, 223.04, 0.00621802
FILLER_0_78_837, 396.34, 223.04, 0.00621802
FILLER_0_79_863, 396.34, 223.04, 0.00621802
_08208_, 409.14, 223.04, 0.00628208
_17929_, 409.14, 223.04, 0.00628208
hold512, 409.14, 223.04, 0.00628208
FILLER_0_78_864, 409.14, 223.04, 0.00628208
_08206_, 421.94, 223.04, 0.00633827
_15606_, 421.94, 223.04, 0.00633827
_15607_, 421.94, 223.04, 0.00633827
_17924_, 421.94, 223.04, 0.00633827
_15602_, 434.74, 223.04, 0.00638671
_17926_, 434.74, 223.04, 0.00638671
hold215, 434.74, 223.04, 0.00638671
FILLER_0_77_920, 434.74, 223.04, 0.00638671
_08204_, 447.54, 223.04, 0.00642739
_08212_, 447.54, 223.04, 0.00642739
_08218_, 447.54, 223.04, 0.00642739
_15601_, 447.54, 223.04, 0.00642739
_15608_, 447.54, 223.04, 0.00642739
hold463, 447.54, 223.04, 0.00642739
FILLER_0_77_949, 447.54, 223.04, 0.00642739
FILLER_0_78_972, 447.54, 223.04, 0.00642739
_08311_, 460.34, 223.04, 0.00646649
_17877_, 460.34, 223.04, 0.00646649
FILLER_0_77_976, 460.34, 223.04, 0.00646649
FILLER_0_78_981, 460.34, 223.04, 0.00646649
FILLER_0_78_994, 460.34, 223.04, 0.00646649
_08304_, 473.14, 223.04, 0.0064983
_08305_, 473.14, 223.04, 0.0064983
_08310_, 473.14, 223.04, 0.0064983
_17880_, 473.14, 223.04, 0.0064983
clkbuf_leaf_176_clk, 473.14, 223.04, 0.0064983
hold850, 473.14, 223.04, 0.0064983
FILLER_0_77_1009, 473.14, 223.04, 0.0064983
FILLER_0_78_1012, 473.14, 223.04, 0.0064983
FILLER_0_78_1029, 473.14, 223.04, 0.0064983
_08230_, 498.137, 223.04, 0.00649276
_08233_, 498.137, 223.04, 0.00649276
_17914_, 510.334, 223.04, 0.00650832
FILLER_0_77_1088, 510.334, 223.04, 0.00650832
FILLER_0_78_1089, 510.334, 223.04, 0.00650832
FILLER_0_78_1105, 510.334, 223.04, 0.00650832
_08225_, 522.531, 223.04, 0.00651711
_17920_, 522.531, 223.04, 0.00651711
hold331, 522.531, 223.04, 0.00651711
hold404, 522.531, 223.04, 0.00651711
_08224_, 534.728, 223.04, 0.00651798
_15596_, 534.728, 223.04, 0.00651798
hold396, 534.728, 223.04, 0.00651798
FILLER_0_78_1149, 534.728, 223.04, 0.00651798
FILLER_0_77_1166, 546.925, 223.04, 0.00651798
FILLER_0_78_1196, 559.122, 223.04, 0.00651798
PHY_150, 5.52, 217.6, 0.00650718
PHY_152, 5.52, 217.6, 0.00650718
output53, 5.52, 217.6, 0.00650718
FILLER_0_77_9, 5.52, 217.6, 0.00650718
PHY_151, 571.32, 217.6, 0.0066927
PHY_153, 571.32, 217.6, 0.0066927
output19, 571.32, 217.6, 0.0066927
FILLER_0_76_1217, 571.32, 217.6, 0.0066927
_10045_, 15.33, 217.6, 0.00649717
_14587_, 15.33, 217.6, 0.00649717
_17006_, 15.33, 217.6, 0.00649717
FILLER_0_75_15, 15.33, 217.6, 0.00649717
FILLER_0_76_15, 15.33, 217.6, 0.00649717
_10011_, 37.94, 217.6, 0.00658582
_14606_, 37.94, 217.6, 0.00658582
_14607_, 37.94, 217.6, 0.00658582
_17027_, 37.94, 217.6, 0.00658582
_17028_, 37.94, 217.6, 0.00658582
hold1935, 37.94, 217.6, 0.00658582
FILLER_0_75_57, 37.94, 217.6, 0.00658582
FILLER_0_76_59, 37.94, 217.6, 0.00658582
_10005_, 50.74, 217.6, 0.00667494
_10010_, 50.74, 217.6, 0.00667494
_17030_, 50.74, 217.6, 0.00667494
hold1412, 50.74, 217.6, 0.00667494
FILLER_0_76_88, 50.74, 217.6, 0.00667494
_17043_, 63.54, 217.6, 0.00675598
hold634, 63.54, 217.6, 0.00675598
FILLER_0_75_121, 63.54, 217.6, 0.00675598
FILLER_0_76_115, 63.54, 217.6, 0.00675598
FILLER_0_77_136, 63.54, 217.6, 0.00675598
_09978_, 76.34, 217.6, 0.00682942
hold609, 76.34, 217.6, 0.00682942
_16992_, 89.14, 217.6, 0.00690213
clkbuf_5_3__f_clk, 89.14, 217.6, 0.00690213
FILLER_0_75_181, 89.14, 217.6, 0.00690213
_10070_, 101.94, 217.6, 0.00689163
_10079_, 101.94, 217.6, 0.00689163
_14571_, 101.94, 217.6, 0.00689163
_16995_, 101.94, 217.6, 0.00689163
clkbuf_leaf_18_clk, 101.94, 217.6, 0.00689163
FILLER_0_76_200, 101.94, 217.6, 0.00689163
FILLER_0_77_214, 101.94, 217.6, 0.00689163
FILLER_0_76_242, 114.74, 217.6, 0.00682971
_09917_, 127.54, 217.6, 0.00676779
_09920_, 127.54, 217.6, 0.00676779
_09921_, 127.54, 217.6, 0.00676779
_17074_, 127.54, 217.6, 0.00676779
FILLER_0_76_298, 140.34, 217.6, 0.0066982
_09919_, 153.14, 217.6, 0.00662861
_14658_, 153.14, 217.6, 0.00662861
_17073_, 153.14, 217.6, 0.00662861
hold1411, 153.14, 217.6, 0.00662861
FILLER_0_75_311, 153.14, 217.6, 0.00662861
FILLER_0_76_321, 153.14, 217.6, 0.00662861
FILLER_0_77_330, 153.14, 217.6, 0.00662861
_09918_, 165.94, 217.6, 0.00655106
_14713_, 165.94, 217.6, 0.00655106
_17123_, 165.94, 217.6, 0.00655106
_17130_, 165.94, 217.6, 0.00655106
_09880_, 191.54, 217.6, 0.00649813
_09881_, 191.54, 217.6, 0.00649813
_14679_, 191.54, 217.6, 0.00649813
_17096_, 191.54, 217.6, 0.00649813
clkbuf_leaf_22_clk, 191.54, 217.6, 0.00649813
hold576, 191.54, 217.6, 0.00649813
FILLER_0_77_417, 191.54, 217.6, 0.00649813
_09865_, 204.34, 217.6, 0.0064842
_09872_, 204.34, 217.6, 0.0064842
_14687_, 204.34, 217.6, 0.0064842
_17095_, 204.34, 217.6, 0.0064842
_17100_, 204.34, 217.6, 0.0064842
FILLER_0_76_421, 204.34, 217.6, 0.0064842
FILLER_0_77_439, 204.34, 217.6, 0.0064842
_09864_, 217.14, 217.6, 0.00645547
_09874_, 217.14, 217.6, 0.00645547
hold1184, 217.14, 217.6, 0.00645547
hold1302, 217.14, 217.6, 0.00645547
FILLER_0_77_497, 229.94, 217.6, 0.00642527
_13101_, 242.74, 217.6, 0.00639507
_13105_, 242.74, 217.6, 0.00639507
FILLER_0_75_505, 242.74, 217.6, 0.00639507
FILLER_0_76_513, 242.74, 217.6, 0.00639507
_13140_, 255.54, 217.6, 0.00634439
_13247_, 255.54, 217.6, 0.00634439
_15803_, 255.54, 217.6, 0.00634439
_15806_, 255.54, 217.6, 0.00634439
FILLER_0_75_532, 255.54, 217.6, 0.00634439
FILLER_0_77_553, 255.54, 217.6, 0.00634439
_13153_, 268.34, 217.6, 0.00625044
_13154_, 268.34, 217.6, 0.00625044
_18123_, 268.34, 217.6, 0.00625044
FILLER_0_75_561, 268.34, 217.6, 0.00625044
FILLER_0_76_573, 268.34, 217.6, 0.00625044
_13122_, 281.14, 217.6, 0.0061295
_13139_, 281.14, 217.6, 0.0061295
_13141_, 281.14, 217.6, 0.0061295
_13143_, 281.14, 217.6, 0.0061295
FILLER_0_76_589, 281.14, 217.6, 0.0061295
_13138_, 293.94, 217.6, 0.00599639
_13144_, 293.94, 217.6, 0.00599639
_13248_, 293.94, 217.6, 0.00599639
FILLER_0_76_637, 293.94, 217.6, 0.00599639
FILLER_0_77_640, 293.94, 217.6, 0.00599639
_13029_, 306.74, 217.6, 0.00585974
_13347_, 306.74, 217.6, 0.00585974
_15893_, 306.74, 217.6, 0.00585974
clkbuf_leaf_230_clk, 306.74, 217.6, 0.00585974
FILLER_0_75_641, 306.74, 217.6, 0.00585974
FILLER_0_75_649, 306.74, 217.6, 0.00585974
FILLER_0_76_645, 306.74, 217.6, 0.00585974
_13024_, 319.54, 217.6, 0.00567014
_15991_, 319.54, 217.6, 0.00567014
_18104_, 319.54, 217.6, 0.00567014
_12468_, 345.14, 217.6, 0.00560317
_12842_, 345.14, 217.6, 0.00560317
_12843_, 345.14, 217.6, 0.00560317
_13454_, 345.14, 217.6, 0.00560317
_15990_, 345.14, 217.6, 0.00560317
_07935_, 357.94, 217.6, 0.00572288
_15753_, 357.94, 217.6, 0.00572288
_15758_, 357.94, 217.6, 0.00572288
_18065_, 357.94, 217.6, 0.00572288
FILLER_0_76_778, 357.94, 217.6, 0.00572288
FILLER_0_77_778, 357.94, 217.6, 0.00572288
_07934_, 370.74, 217.6, 0.00583307
_07942_, 370.74, 217.6, 0.00583307
_07943_, 370.74, 217.6, 0.00583307
_18061_, 370.74, 217.6, 0.00583307
hold205, 370.74, 217.6, 0.00583307
hold1220, 370.74, 217.6, 0.00583307
FILLER_0_75_788, 370.74, 217.6, 0.00583307
FILLER_0_76_793, 370.74, 217.6, 0.00583307
FILLER_0_77_797, 370.74, 217.6, 0.00583307
_15754_, 383.54, 217.6, 0.00593451
_18066_, 383.54, 217.6, 0.00593451
clkbuf_leaf_170_clk, 383.54, 217.6, 0.00593451
FILLER_0_77_831, 383.54, 217.6, 0.00593451
_07933_, 396.34, 217.6, 0.00598864
_07936_, 396.34, 217.6, 0.00598864
_07937_, 396.34, 217.6, 0.00598864
_15757_, 396.34, 217.6, 0.00598864
_18064_, 396.34, 217.6, 0.00598864
FILLER_0_76_862, 396.34, 217.6, 0.00598864
hold682, 409.14, 217.6, 0.00603489
FILLER_0_77_888, 409.14, 217.6, 0.00603489
_08216_, 421.94, 217.6, 0.00608062
_08217_, 421.94, 217.6, 0.00608062
FILLER_0_75_893, 421.94, 217.6, 0.00608062
FILLER_0_76_913, 421.94, 217.6, 0.00608062
FILLER_0_77_909, 421.94, 217.6, 0.00608062
_08219_, 434.74, 217.6, 0.00612595
_17923_, 434.74, 217.6, 0.00612595
hold1722, 434.74, 217.6, 0.00612595
FILLER_0_76_921, 434.74, 217.6, 0.00612595
FILLER_0_77_940, 434.74, 217.6, 0.00612595
FILLER_0_76_970, 447.54, 217.6, 0.00616349
_17875_, 460.34, 217.6, 0.00620103
FILLER_0_75_986, 460.34, 217.6, 0.00620103
_08314_, 473.14, 217.6, 0.00623147
_15550_, 473.14, 217.6, 0.00623147
_15553_, 473.14, 217.6, 0.00623147
hold849, 473.14, 217.6, 0.00623147
FILLER_0_76_1017, 473.14, 217.6, 0.00623147
FILLER_0_76_1027, 473.14, 217.6, 0.00623147
_15587_, 498.137, 217.6, 0.00635066
_15593_, 498.137, 217.6, 0.00635066
_15594_, 498.137, 217.6, 0.00635066
hold946, 498.137, 217.6, 0.00635066
hold2112, 498.137, 217.6, 0.00635066
FILLER_0_77_1080, 498.137, 217.6, 0.00635066
_08237_, 510.334, 217.6, 0.00643732
_15591_, 510.334, 217.6, 0.00643732
hold784, 510.334, 217.6, 0.00643732
FILLER_0_76_1089, 510.334, 217.6, 0.00643732
FILLER_0_76_1093, 510.334, 217.6, 0.00643732
FILLER_0_76_1105, 510.334, 217.6, 0.00643732
_08236_, 522.531, 217.6, 0.00652313
_15597_, 522.531, 217.6, 0.00652313
_17913_, 522.531, 217.6, 0.00652313
clkbuf_leaf_184_clk, 522.531, 217.6, 0.00652313
FILLER_0_75_1121, 522.531, 217.6, 0.00652313
FILLER_0_76_1134, 522.531, 217.6, 0.00652313
FILLER_0_77_1127, 522.531, 217.6, 0.00652313
_08238_, 534.728, 217.6, 0.00656582
_08239_, 534.728, 217.6, 0.00656582
FILLER_0_76_1143, 534.728, 217.6, 0.00656582
FILLER_0_76_1197, 559.122, 217.6, 0.00665041
PHY_146, 5.52, 212.16, 0.00630756
PHY_148, 5.52, 212.16, 0.00630756
PHY_147, 571.32, 212.16, 0.00603325
PHY_149, 571.32, 212.16, 0.00603325
FILLER_0_74_1217, 571.32, 212.16, 0.00603325
_10053_, 15.33, 212.16, 0.00630756
_14583_, 15.33, 212.16, 0.00630756
FILLER_0_74_15, 15.33, 212.16, 0.00630756
_10008_, 37.94, 212.16, 0.006353
FILLER_0_73_69, 37.94, 212.16, 0.006353
FILLER_0_74_80, 37.94, 212.16, 0.006353
_10007_, 50.74, 212.16, 0.00639851
_14608_, 50.74, 212.16, 0.00639851
_17029_, 50.74, 212.16, 0.00639851
clkbuf_leaf_9_clk, 50.74, 212.16, 0.00639851
FILLER_0_73_86, 50.74, 212.16, 0.00639851
FILLER_0_74_97, 50.74, 212.16, 0.00639851
FILLER_0_75_109, 50.74, 212.16, 0.00639851
_09966_, 63.54, 212.16, 0.00639717
_09967_, 63.54, 212.16, 0.00639717
_09979_, 63.54, 212.16, 0.00639717
_10006_, 63.54, 212.16, 0.00639717
_14624_, 63.54, 212.16, 0.00639717
_17049_, 63.54, 212.16, 0.00639717
FILLER_0_74_132, 63.54, 212.16, 0.00639717
hold181, 76.34, 212.16, 0.00638771
FILLER_0_75_162, 76.34, 212.16, 0.00638771
_09972_, 89.14, 212.16, 0.00637773
_10071_, 89.14, 212.16, 0.00637773
_11617_, 89.14, 212.16, 0.00637773
_14627_, 89.14, 212.16, 0.00637773
hold135, 89.14, 212.16, 0.00637773
FILLER_0_74_185, 89.14, 212.16, 0.00637773
FILLER_0_75_192, 89.14, 212.16, 0.00637773
_11616_, 101.94, 212.16, 0.00636642
_16222_, 101.94, 212.16, 0.00636642
hold890, 101.94, 212.16, 0.00636642
FILLER_0_74_197, 101.94, 212.16, 0.00636642
FILLER_0_75_221, 101.94, 212.16, 0.00636642
_11620_, 114.74, 212.16, 0.0063473
_13712_, 114.74, 212.16, 0.0063473
hold386, 114.74, 212.16, 0.0063473
FILLER_0_74_241, 114.74, 212.16, 0.0063473
FILLER_0_74_249, 114.74, 212.16, 0.0063473
_09834_, 127.54, 212.16, 0.00632731
_17080_, 127.54, 212.16, 0.00632731
hold1899, 127.54, 212.16, 0.00632731
FILLER_0_75_273, 127.54, 212.16, 0.00632731
_09905_, 140.34, 212.16, 0.0062995
_09914_, 140.34, 212.16, 0.0062995
_09915_, 140.34, 212.16, 0.0062995
_14655_, 140.34, 212.16, 0.0062995
_14660_, 140.34, 212.16, 0.0062995
_14665_, 140.34, 212.16, 0.0062995
hold1877, 140.34, 212.16, 0.0062995
_14656_, 153.14, 212.16, 0.00626833
_14662_, 153.14, 212.16, 0.00626833
_17077_, 153.14, 212.16, 0.00626833
hold1888, 153.14, 212.16, 0.00626833
FILLER_0_74_312, 153.14, 212.16, 0.00626833
_09910_, 165.94, 212.16, 0.00622922
_17127_, 165.94, 212.16, 0.00622922
clkbuf_leaf_21_clk, 165.94, 212.16, 0.00622922
hold1289, 165.94, 212.16, 0.00622922
FILLER_0_73_337, 165.94, 212.16, 0.00622922
FILLER_0_75_352, 165.94, 212.16, 0.00622922
_09873_, 191.54, 212.16, 0.00606562
_14683_, 191.54, 212.16, 0.00606562
_17092_, 191.54, 212.16, 0.00606562
_17098_, 191.54, 212.16, 0.00606562
_09875_, 204.34, 212.16, 0.00598114
_09879_, 204.34, 212.16, 0.00598114
_14682_, 204.34, 212.16, 0.00598114
_14685_, 204.34, 212.16, 0.00598114
hold1182, 204.34, 212.16, 0.00598114
FILLER_0_74_432, 204.34, 212.16, 0.00598114
_09878_, 217.14, 212.16, 0.00589535
hold1386, 217.14, 212.16, 0.00589535
FILLER_0_73_449, 217.14, 212.16, 0.00589535
FILLER_0_74_465, 217.14, 212.16, 0.00589535
FILLER_0_74_473, 217.14, 212.16, 0.00589535
FILLER_0_74_501, 229.94, 212.16, 0.00580885
_13100_, 242.74, 212.16, 0.00572235
_15801_, 242.74, 212.16, 0.00572235
_13244_, 255.54, 212.16, 0.00562655
_13245_, 255.54, 212.16, 0.00562655
_13152_, 268.34, 212.16, 0.00552848
_13156_, 268.34, 212.16, 0.00552848
FILLER_0_73_561, 268.34, 212.16, 0.00552848
FILLER_0_74_583, 268.34, 212.16, 0.00552848
_13121_, 281.14, 212.16, 0.005426
_13151_, 281.14, 212.16, 0.005426
FILLER_0_74_637, 293.94, 212.16, 0.00532064
_12840_, 319.54, 212.16, 0.00510991
_12841_, 319.54, 212.16, 0.00510991
_12911_, 319.54, 212.16, 0.00510991
hold2132, 319.54, 212.16, 0.00510991
FILLER_0_73_669, 319.54, 212.16, 0.00510991
FILLER_0_74_693, 319.54, 212.16, 0.00510991
_12456_, 345.14, 212.16, 0.00517894
FILLER_0_73_725, 345.14, 212.16, 0.00517894
FILLER_0_74_752, 345.14, 212.16, 0.00517894
_18070_, 357.94, 212.16, 0.00529621
FILLER_0_73_765, 357.94, 212.16, 0.00529621
FILLER_0_74_757, 357.94, 212.16, 0.00529621
_15763_, 370.74, 212.16, 0.00540639
_18069_, 370.74, 212.16, 0.00540639
hold443, 370.74, 212.16, 0.00540639
_07926_, 383.54, 212.16, 0.00550877
_07927_, 383.54, 212.16, 0.00550877
_15759_, 383.54, 212.16, 0.00550877
_18067_, 383.54, 212.16, 0.00550877
hold780, 383.54, 212.16, 0.00550877
FILLER_0_75_826, 383.54, 212.16, 0.00550877
_07932_, 396.34, 212.16, 0.00560296
_15760_, 396.34, 212.16, 0.00560296
hold177, 396.34, 212.16, 0.00560296
hold1077, 396.34, 212.16, 0.00560296
_16398_, 409.14, 212.16, 0.00569572
FILLER_0_74_869, 409.14, 212.16, 0.00569572
FILLER_0_75_885, 409.14, 212.16, 0.00569572
_08328_, 421.94, 212.16, 0.00578139
_11268_, 421.94, 212.16, 0.00578139
_13905_, 421.94, 212.16, 0.00578139
_17868_, 421.94, 212.16, 0.00578139
hold1013, 421.94, 212.16, 0.00578139
FILLER_0_74_900, 421.94, 212.16, 0.00578139
FILLER_0_75_909, 421.94, 212.16, 0.00578139
_08329_, 434.74, 212.16, 0.00585883
_08336_, 434.74, 212.16, 0.00585883
_08337_, 434.74, 212.16, 0.00585883
_15536_, 434.74, 212.16, 0.00585883
hold1097, 434.74, 212.16, 0.00585883
FILLER_0_74_942, 434.74, 212.16, 0.00585883
FILLER_0_75_942, 434.74, 212.16, 0.00585883
_08331_, 447.54, 212.16, 0.00593492
_08338_, 447.54, 212.16, 0.00593492
_08339_, 447.54, 212.16, 0.00593492
_15532_, 447.54, 212.16, 0.00593492
_15535_, 447.54, 212.16, 0.00593492
_17863_, 447.54, 212.16, 0.00593492
clkbuf_leaf_175_clk, 447.54, 212.16, 0.00593492
hold354, 447.54, 212.16, 0.00593492
FILLER_0_74_950, 447.54, 212.16, 0.00593492
_08315_, 460.34, 212.16, 0.00595686
_08330_, 460.34, 212.16, 0.00595686
_15548_, 460.34, 212.16, 0.00595686
_17879_, 460.34, 212.16, 0.00595686
FILLER_0_74_976, 460.34, 212.16, 0.00595686
FILLER_0_74_993, 460.34, 212.16, 0.00595686
FILLER_0_75_993, 460.34, 212.16, 0.00595686
FILLER_0_75_999, 460.34, 212.16, 0.00595686
_08306_, 473.14, 212.16, 0.00597112
_08307_, 473.14, 212.16, 0.00597112
_15543_, 473.14, 212.16, 0.00597112
_15552_, 473.14, 212.16, 0.00597112
hold388, 473.14, 212.16, 0.00597112
FILLER_0_73_1005, 473.14, 212.16, 0.00597112
_08232_, 498.137, 212.16, 0.00600601
_08241_, 498.137, 212.16, 0.00600601
_17912_, 498.137, 212.16, 0.00600601
_08240_, 510.334, 212.16, 0.00602251
_15589_, 510.334, 212.16, 0.00602251
_17915_, 510.334, 212.16, 0.00602251
_08229_, 522.531, 212.16, 0.00603187
_15588_, 522.531, 212.16, 0.00603187
_15592_, 522.531, 212.16, 0.00603187
_15595_, 522.531, 212.16, 0.00603187
_17918_, 522.531, 212.16, 0.00603187
hold139, 522.531, 212.16, 0.00603187
FILLER_0_73_1121, 522.531, 212.16, 0.00603187
_08228_, 534.728, 212.16, 0.00603325
_08242_, 534.728, 212.16, 0.00603325
hold405, 534.728, 212.16, 0.00603325
hold406, 534.728, 212.16, 0.00603325
FILLER_0_74_1201, 559.122, 212.16, 0.00603325
_17008_, 5.52, 206.72, 0.00612908
PHY_142, 5.52, 206.72, 0.00612908
PHY_144, 5.52, 206.72, 0.00612908
FILLER_0_72_3, 5.52, 206.72, 0.00612908
PHY_143, 571.32, 206.72, 0.00576136
PHY_145, 571.32, 206.72, 0.00576136
FILLER_0_72_1217, 571.32, 206.72, 0.00576136
_10048_, 15.33, 206.72, 0.00612365
_10049_, 15.33, 206.72, 0.00612365
hold1329, 15.33, 206.72, 0.00612365
FILLER_0_71_15, 15.33, 206.72, 0.00612365
_10013_, 37.94, 206.72, 0.00615506
_10022_, 37.94, 206.72, 0.00615506
_10023_, 37.94, 206.72, 0.00615506
_10051_, 37.94, 206.72, 0.00615506
_14581_, 37.94, 206.72, 0.00615506
_14600_, 37.94, 206.72, 0.00615506
_17021_, 37.94, 206.72, 0.00615506
hold1757, 37.94, 206.72, 0.00615506
FILLER_0_71_63, 37.94, 206.72, 0.00615506
FILLER_0_71_69, 37.94, 206.72, 0.00615506
_10012_, 50.74, 206.72, 0.00618382
_14605_, 50.74, 206.72, 0.00618382
_17025_, 50.74, 206.72, 0.00618382
hold427, 50.74, 206.72, 0.00618382
hold707, 50.74, 206.72, 0.00618382
_10014_, 63.54, 206.72, 0.0062041
_14630_, 63.54, 206.72, 0.0062041
_17045_, 63.54, 206.72, 0.0062041
_09965_, 76.34, 206.72, 0.0062169
_09973_, 76.34, 206.72, 0.0062169
_09983_, 76.34, 206.72, 0.0062169
_14626_, 76.34, 206.72, 0.0062169
_17046_, 76.34, 206.72, 0.0062169
_17050_, 76.34, 206.72, 0.0062169
hold194, 76.34, 206.72, 0.0062169
_16224_, 89.14, 206.72, 0.00621416
_16225_, 89.14, 206.72, 0.00621416
hold424, 89.14, 206.72, 0.00621416
hold2056, 89.14, 206.72, 0.00621416
_11621_, 101.94, 206.72, 0.00619619
_13714_, 101.94, 206.72, 0.00619619
_13715_, 101.94, 206.72, 0.00619619
_16223_, 101.94, 206.72, 0.00619619
hold127, 101.94, 206.72, 0.00619619
FILLER_0_72_208, 101.94, 206.72, 0.00619619
_11618_, 114.74, 206.72, 0.00617004
_13713_, 114.74, 206.72, 0.00617004
_17115_, 114.74, 206.72, 0.00617004
_17119_, 114.74, 206.72, 0.00617004
hold393, 114.74, 206.72, 0.00617004
_09826_, 127.54, 206.72, 0.00612883
_09835_, 127.54, 206.72, 0.00612883
_14704_, 127.54, 206.72, 0.00612883
_14708_, 127.54, 206.72, 0.00612883
_17113_, 127.54, 206.72, 0.00612883
hold2102, 127.54, 206.72, 0.00612883
_09838_, 140.34, 206.72, 0.00607925
_09904_, 140.34, 206.72, 0.00607925
_14702_, 140.34, 206.72, 0.00607925
_17071_, 140.34, 206.72, 0.00607925
_17075_, 140.34, 206.72, 0.00607925
hold1942, 140.34, 206.72, 0.00607925
_09911_, 153.14, 206.72, 0.00601442
_09922_, 153.14, 206.72, 0.00601442
_09923_, 153.14, 206.72, 0.00601442
hold1620, 153.14, 206.72, 0.00601442
FILLER_0_73_332, 153.14, 206.72, 0.00601442
FILLER_0_72_358, 165.94, 206.72, 0.00594842
_09868_, 191.54, 206.72, 0.00581802
_09869_, 191.54, 206.72, 0.00581802
FILLER_0_72_417, 191.54, 206.72, 0.00581802
_14680_, 204.34, 206.72, 0.00575319
_17093_, 204.34, 206.72, 0.00575319
FILLER_0_72_433, 204.34, 206.72, 0.00575319
FILLER_0_73_442, 204.34, 206.72, 0.00575319
FILLER_0_72_469, 217.14, 206.72, 0.00568111
FILLER_0_73_498, 229.94, 206.72, 0.00560902
FILLER_0_72_525, 242.74, 206.72, 0.00553694
_13164_, 255.54, 206.72, 0.00546485
clkbuf_leaf_236_clk, 255.54, 206.72, 0.00546485
FILLER_0_72_545, 255.54, 206.72, 0.00546485
FILLER_0_73_553, 255.54, 206.72, 0.00546485
_13147_, 268.34, 206.72, 0.00534184
_13155_, 268.34, 206.72, 0.00534184
_13158_, 268.34, 206.72, 0.00534184
_13159_, 268.34, 206.72, 0.00534184
_13160_, 268.34, 206.72, 0.00534184
_13161_, 268.34, 206.72, 0.00534184
FILLER_0_71_567, 268.34, 206.72, 0.00534184
_13157_, 281.14, 206.72, 0.00519893
FILLER_0_73_605, 281.14, 206.72, 0.00519893
FILLER_0_73_613, 281.14, 206.72, 0.00519893
_12912_, 306.74, 206.72, 0.00490922
_15959_, 306.74, 206.72, 0.00490922
FILLER_0_72_641, 306.74, 206.72, 0.00490922
FILLER_0_72_657, 306.74, 206.72, 0.00490922
_13419_, 319.54, 206.72, 0.0047515
_15953_, 319.54, 206.72, 0.0047515
FILLER_0_71_673, 319.54, 206.72, 0.0047515
FILLER_0_72_693, 319.54, 206.72, 0.0047515
_12913_, 345.14, 206.72, 0.00479873
_13865_, 345.14, 206.72, 0.00479873
hold2147, 345.14, 206.72, 0.00479873
FILLER_0_72_733, 345.14, 206.72, 0.00479873
FILLER_0_72_748, 345.14, 206.72, 0.00479873
_07924_, 357.94, 206.72, 0.00500025
_07925_, 357.94, 206.72, 0.00500025
_11288_, 357.94, 206.72, 0.00500025
clkbuf_5_19__f_clk, 357.94, 206.72, 0.00500025
hold1497, 357.94, 206.72, 0.00500025
FILLER_0_71_757, 357.94, 206.72, 0.00500025
FILLER_0_72_769, 357.94, 206.72, 0.00500025
FILLER_0_73_776, 357.94, 206.72, 0.00500025
_15762_, 370.74, 206.72, 0.00511436
FILLER_0_73_797, 370.74, 206.72, 0.00511436
_07930_, 383.54, 206.72, 0.00522829
_07931_, 383.54, 206.72, 0.00522829
FILLER_0_73_822, 383.54, 206.72, 0.00522829
FILLER_0_73_832, 383.54, 206.72, 0.00522829
_13904_, 396.34, 206.72, 0.00534183
_11269_, 409.14, 206.72, 0.00545518
_11273_, 409.14, 206.72, 0.00545518
_13906_, 409.14, 206.72, 0.00545518
_13908_, 409.14, 206.72, 0.00545518
_16396_, 409.14, 206.72, 0.00545518
clkbuf_leaf_171_clk, 409.14, 206.72, 0.00545518
hold572, 409.14, 206.72, 0.00545518
FILLER_0_72_869, 409.14, 206.72, 0.00545518
_11272_, 421.94, 206.72, 0.00551479
_11274_, 421.94, 206.72, 0.00551479
_11275_, 421.94, 206.72, 0.00551479
_17864_, 421.94, 206.72, 0.00551479
hold1616, 421.94, 206.72, 0.00551479
hold1883, 421.94, 206.72, 0.00551479
FILLER_0_73_906, 421.94, 206.72, 0.00551479
_15540_, 434.74, 206.72, 0.00556563
FILLER_0_72_920, 434.74, 206.72, 0.00556563
_17867_, 447.54, 206.72, 0.00561629
hold1553, 447.54, 206.72, 0.00561629
FILLER_0_71_953, 447.54, 206.72, 0.00561629
FILLER_0_72_974, 447.54, 206.72, 0.00561629
_08309_, 460.34, 206.72, 0.00565936
_17878_, 460.34, 206.72, 0.00565936
hold898, 460.34, 206.72, 0.00565936
FILLER_0_73_997, 460.34, 206.72, 0.00565936
_08308_, 473.14, 206.72, 0.00569465
_08317_, 473.14, 206.72, 0.00569465
_17874_, 473.14, 206.72, 0.00569465
FILLER_0_71_1005, 473.14, 206.72, 0.00569465
FILLER_0_72_1029, 473.14, 206.72, 0.00569465
_08244_, 498.137, 206.72, 0.00573867
_08250_, 498.137, 206.72, 0.00573867
_08251_, 498.137, 206.72, 0.00573867
_15583_, 498.137, 206.72, 0.00573867
hold1435, 498.137, 206.72, 0.00573867
_08234_, 510.334, 206.72, 0.00575368
_08235_, 510.334, 206.72, 0.00575368
_08259_, 510.334, 206.72, 0.00575368
_17903_, 510.334, 206.72, 0.00575368
FILLER_0_72_1088, 510.334, 206.72, 0.00575368
FILLER_0_72_1093, 510.334, 206.72, 0.00575368
FILLER_0_72_1102, 510.334, 206.72, 0.00575368
FILLER_0_73_1110, 510.334, 206.72, 0.00575368
_08243_, 522.531, 206.72, 0.00576136
_08258_, 522.531, 206.72, 0.00576136
_17911_, 522.531, 206.72, 0.00576136
hold1286, 522.531, 206.72, 0.00576136
FILLER_0_71_1114, 522.531, 206.72, 0.00576136
FILLER_0_72_1132, 522.531, 206.72, 0.00576136
FILLER_0_72_1139, 534.728, 206.72, 0.00576136
FILLER_0_71_1169, 546.925, 206.72, 0.00576136
FILLER_0_72_1197, 559.122, 206.72, 0.00576136
_17009_, 5.52, 201.28, 0.00598335
PHY_138, 5.52, 201.28, 0.00598335
PHY_140, 5.52, 201.28, 0.00598335
top_128, 571.32, 201.28, 0.00559439
PHY_139, 571.32, 201.28, 0.00559439
PHY_141, 571.32, 201.28, 0.00559439
FILLER_0_69_1221, 571.32, 201.28, 0.00559439
FILLER_0_70_1217, 571.32, 201.28, 0.00559439
_10047_, 15.33, 201.28, 0.00597791
_10063_, 15.33, 201.28, 0.00597791
_14578_, 15.33, 201.28, 0.00597791
_14586_, 15.33, 201.28, 0.00597791
_17001_, 15.33, 201.28, 0.00597791
hold1949, 15.33, 201.28, 0.00597791
_10050_, 37.94, 201.28, 0.00598614
_10056_, 37.94, 201.28, 0.00598614
_17026_, 37.94, 201.28, 0.00598614
hold1251, 37.94, 201.28, 0.00598614
hold1966, 37.94, 201.28, 0.00598614
FILLER_0_70_75, 37.94, 201.28, 0.00598614
_10015_, 50.74, 201.28, 0.00599766
_14604_, 50.74, 201.28, 0.00599766
FILLER_0_71_107, 50.74, 201.28, 0.00599766
_09974_, 63.54, 201.28, 0.00600879
_09975_, 63.54, 201.28, 0.00600879
FILLER_0_70_133, 63.54, 201.28, 0.00600879
FILLER_0_71_128, 63.54, 201.28, 0.00600879
FILLER_0_71_139, 63.54, 201.28, 0.00600879
_17041_, 76.34, 201.28, 0.00601952
clkbuf_leaf_5_clk, 76.34, 201.28, 0.00601952
FILLER_0_70_141, 76.34, 201.28, 0.00601952
_09964_, 89.14, 201.28, 0.00598629
_09982_, 89.14, 201.28, 0.00598629
_11614_, 89.14, 201.28, 0.00598629
_11615_, 89.14, 201.28, 0.00598629
_14622_, 89.14, 201.28, 0.00598629
_14631_, 89.14, 201.28, 0.00598629
FILLER_0_69_173, 89.14, 201.28, 0.00598629
FILLER_0_70_193, 89.14, 201.28, 0.00598629
FILLER_0_71_185, 89.14, 201.28, 0.00598629
_11619_, 101.94, 201.28, 0.00595176
hold765, 101.94, 201.28, 0.00595176
FILLER_0_71_212, 101.94, 201.28, 0.00595176
_09827_, 114.74, 201.28, 0.00591652
_13718_, 114.74, 201.28, 0.00591652
FILLER_0_70_245, 114.74, 201.28, 0.00591652
FILLER_0_71_240, 114.74, 201.28, 0.00591652
_09839_, 127.54, 201.28, 0.00588089
FILLER_0_70_265, 127.54, 201.28, 0.00588089
_09828_, 140.34, 201.28, 0.00584505
FILLER_0_69_281, 140.34, 201.28, 0.00584505
FILLER_0_69_292, 140.34, 201.28, 0.00584505
FILLER_0_70_300, 140.34, 201.28, 0.00584505
FILLER_0_71_299, 140.34, 201.28, 0.00584505
hold2033, 153.14, 201.28, 0.00580893
_09772_, 165.94, 201.28, 0.00577232
_09773_, 165.94, 201.28, 0.00577232
_09780_, 165.94, 201.28, 0.00577232
_09781_, 165.94, 201.28, 0.00577232
_17142_, 165.94, 201.28, 0.00577232
_17148_, 165.94, 201.28, 0.00577232
hold794, 165.94, 201.28, 0.00577232
FILLER_0_71_349, 165.94, 201.28, 0.00577232
_09866_, 191.54, 201.28, 0.00574866
_09867_, 191.54, 201.28, 0.00574866
_09883_, 191.54, 201.28, 0.00574866
_14677_, 191.54, 201.28, 0.00574866
_14686_, 191.54, 201.28, 0.00574866
_17091_, 191.54, 201.28, 0.00574866
clkbuf_5_6__f_clk, 191.54, 201.28, 0.00574866
hold1403, 191.54, 201.28, 0.00574866
hold1670, 191.54, 201.28, 0.00574866
FILLER_0_70_401, 191.54, 201.28, 0.00574866
_14681_, 204.34, 201.28, 0.00567613
_17094_, 204.34, 201.28, 0.00567613
hold1754, 204.34, 201.28, 0.00567613
FILLER_0_70_429, 204.34, 201.28, 0.00567613
FILLER_0_71_444, 204.34, 201.28, 0.00567613
_17097_, 217.14, 201.28, 0.00559582
FILLER_0_70_472, 217.14, 201.28, 0.00559582
FILLER_0_71_497, 229.94, 201.28, 0.00550844
_13253_, 242.74, 201.28, 0.00542105
FILLER_0_70_525, 242.74, 201.28, 0.00542105
_13162_, 255.54, 201.28, 0.00533349
_13163_, 255.54, 201.28, 0.00533349
_13165_, 255.54, 201.28, 0.00533349
_15810_, 255.54, 201.28, 0.00533349
_13254_, 268.34, 201.28, 0.00521573
_15807_, 268.34, 201.28, 0.00521573
FILLER_0_70_577, 268.34, 201.28, 0.00521573
FILLER_0_70_585, 268.34, 201.28, 0.00521573
_13145_, 281.14, 201.28, 0.00506964
_13148_, 281.14, 201.28, 0.00506964
_13251_, 281.14, 201.28, 0.00506964
_13252_, 281.14, 201.28, 0.00506964
_15802_, 281.14, 201.28, 0.00506964
FILLER_0_70_589, 281.14, 201.28, 0.00506964
_13099_, 293.94, 201.28, 0.00482986
_13246_, 293.94, 201.28, 0.00482986
FILLER_0_70_634, 293.94, 201.28, 0.00482986
_11333_, 306.74, 201.28, 0.00458971
_16366_, 306.74, 201.28, 0.00458971
hold1093, 306.74, 201.28, 0.00458971
FILLER_0_70_645, 306.74, 201.28, 0.00458971
FILLER_0_70_652, 306.74, 201.28, 0.00458971
FILLER_0_70_660, 306.74, 201.28, 0.00458971
FILLER_0_71_665, 306.74, 201.28, 0.00458971
_12923_, 319.54, 201.28, 0.00434177
_12924_, 319.54, 201.28, 0.00434177
_11338_, 345.14, 201.28, 0.00428151
_13418_, 345.14, 201.28, 0.00428151
hold507, 345.14, 201.28, 0.00428151
FILLER_0_71_749, 345.14, 201.28, 0.00428151
_11289_, 357.94, 201.28, 0.00447427
_16382_, 357.94, 201.28, 0.00447427
clkbuf_leaf_226_clk, 357.94, 201.28, 0.00447427
_11300_, 370.74, 201.28, 0.00461407
_16384_, 370.74, 201.28, 0.00461407
hold1782, 370.74, 201.28, 0.00461407
FILLER_0_69_781, 370.74, 201.28, 0.00461407
_11286_, 383.54, 201.28, 0.00474603
_11287_, 383.54, 201.28, 0.00474603
_13893_, 383.54, 201.28, 0.00474603
_16389_, 383.54, 201.28, 0.00474603
hold256, 383.54, 201.28, 0.00474603
FILLER_0_71_833, 383.54, 201.28, 0.00474603
_11271_, 396.34, 201.28, 0.0048698
_11276_, 396.34, 201.28, 0.0048698
_11277_, 396.34, 201.28, 0.0048698
_16394_, 396.34, 201.28, 0.0048698
_16397_, 396.34, 201.28, 0.0048698
FILLER_0_69_841, 396.34, 201.28, 0.0048698
FILLER_0_70_841, 396.34, 201.28, 0.0048698
_11270_, 409.14, 201.28, 0.00497876
_16392_, 409.14, 201.28, 0.00497876
_16395_, 409.14, 201.28, 0.00497876
hold1987, 409.14, 201.28, 0.00497876
FILLER_0_70_872, 409.14, 201.28, 0.00497876
_11280_, 421.94, 201.28, 0.00507281
_11281_, 421.94, 201.28, 0.00507281
hold776, 421.94, 201.28, 0.00507281
FILLER_0_69_903, 421.94, 201.28, 0.00507281
FILLER_0_70_896, 421.94, 201.28, 0.00507281
_08324_, 434.74, 201.28, 0.00516593
_08325_, 434.74, 201.28, 0.00516593
_15542_, 434.74, 201.28, 0.00516593
hold527, 434.74, 201.28, 0.00516593
FILLER_0_70_940, 434.74, 201.28, 0.00516593
FILLER_0_71_942, 434.74, 201.28, 0.00516593
_08334_, 447.54, 201.28, 0.00525797
_15539_, 447.54, 201.28, 0.00525797
_17865_, 447.54, 201.28, 0.00525797
hold252, 447.54, 201.28, 0.00525797
hold541, 447.54, 201.28, 0.00525797
FILLER_0_70_948, 447.54, 201.28, 0.00525797
FILLER_0_71_965, 447.54, 201.28, 0.00525797
_15551_, 460.34, 201.28, 0.0053415
_17876_, 460.34, 201.28, 0.0053415
FILLER_0_70_981, 460.34, 201.28, 0.0053415
FILLER_0_71_990, 460.34, 201.28, 0.0053415
FILLER_0_71_997, 460.34, 201.28, 0.0053415
_08312_, 473.14, 201.28, 0.00541778
_08319_, 473.14, 201.28, 0.00541778
_08320_, 473.14, 201.28, 0.00541778
_15549_, 473.14, 201.28, 0.00541778
_17872_, 473.14, 201.28, 0.00541778
hold387, 473.14, 201.28, 0.00541778
FILLER_0_69_1009, 473.14, 201.28, 0.00541778
FILLER_0_70_1021, 473.14, 201.28, 0.00541778
_15586_, 498.137, 201.28, 0.00553998
hold1580, 498.137, 201.28, 0.00553998
FILLER_0_69_1061, 498.137, 201.28, 0.00553998
FILLER_0_69_1065, 498.137, 201.28, 0.00553998
_17905_, 510.334, 201.28, 0.00559371
clkbuf_leaf_185_clk, 510.334, 201.28, 0.00559371
FILLER_0_70_1086, 510.334, 201.28, 0.00559371
_08254_, 522.531, 201.28, 0.00559439
hold1898, 522.531, 201.28, 0.00559439
FILLER_0_69_1115, 522.531, 201.28, 0.00559439
FILLER_0_70_1145, 534.728, 201.28, 0.00559439
FILLER_0_69_1169, 546.925, 201.28, 0.00559439
FILLER_0_70_1197, 559.122, 201.28, 0.00559439
PHY_134, 5.52, 195.84, 0.00591155
PHY_136, 5.52, 195.84, 0.00591155
output87, 5.52, 195.84, 0.00591155
FILLER_0_69_9, 5.52, 195.84, 0.00591155
PHY_135, 571.32, 195.84, 0.00538316
PHY_137, 571.32, 195.84, 0.00538316
FILLER_0_68_1217, 571.32, 195.84, 0.00538316
FILLER_0_68_77, 37.94, 195.84, 0.00583966
_11689_, 50.74, 195.84, 0.00585452
_16188_, 50.74, 195.84, 0.00585452
hold497, 50.74, 195.84, 0.00585452
FILLER_0_68_85, 50.74, 195.84, 0.00585452
FILLER_0_68_95, 50.74, 195.84, 0.00585452
FILLER_0_68_103, 50.74, 195.84, 0.00585452
FILLER_0_69_104, 50.74, 195.84, 0.00585452
_11687_, 63.54, 195.84, 0.00586157
FILLER_0_69_137, 63.54, 195.84, 0.00586157
FILLER_0_69_165, 76.34, 195.84, 0.00586841
_11611_, 89.14, 195.84, 0.00587524
_16227_, 89.14, 195.84, 0.00587524
FILLER_0_67_181, 89.14, 195.84, 0.00587524
FILLER_0_68_193, 89.14, 195.84, 0.00587524
_11610_, 101.94, 195.84, 0.00587479
_13717_, 101.94, 195.84, 0.00587479
_16221_, 101.94, 195.84, 0.00587479
_16228_, 101.94, 195.84, 0.00587479
hold1301, 101.94, 195.84, 0.00587479
FILLER_0_68_200, 101.94, 195.84, 0.00587479
FILLER_0_68_208, 101.94, 195.84, 0.00587479
FILLER_0_69_214, 101.94, 195.84, 0.00587479
_11608_, 114.74, 195.84, 0.00585927
_11609_, 114.74, 195.84, 0.00585927
hold848, 114.74, 195.84, 0.00585927
FILLER_0_67_230, 114.74, 195.84, 0.00585927
_17118_, 127.54, 195.84, 0.00584284
clkbuf_leaf_19_clk, 127.54, 195.84, 0.00584284
FILLER_0_68_265, 127.54, 195.84, 0.00584284
FILLER_0_69_277, 127.54, 195.84, 0.00584284
_09832_, 140.34, 195.84, 0.00576372
_09833_, 140.34, 195.84, 0.00576372
_09837_, 140.34, 195.84, 0.00576372
_14700_, 140.34, 195.84, 0.00576372
_14705_, 140.34, 195.84, 0.00576372
_17111_, 140.34, 195.84, 0.00576372
hold1879, 140.34, 195.84, 0.00576372
hold2146, 140.34, 195.84, 0.00576372
_09769_, 153.14, 195.84, 0.00567549
_09836_, 153.14, 195.84, 0.00567549
_09842_, 153.14, 195.84, 0.00567549
_14699_, 153.14, 195.84, 0.00567549
_14738_, 153.14, 195.84, 0.00567549
_17146_, 153.14, 195.84, 0.00567549
hold1936, 153.14, 195.84, 0.00567549
FILLER_0_69_323, 153.14, 195.84, 0.00567549
_09768_, 165.94, 195.84, 0.00557679
_14740_, 165.94, 195.84, 0.00557679
hold1595, 165.94, 195.84, 0.00557679
hold2020, 165.94, 195.84, 0.00557679
FILLER_0_67_337, 165.94, 195.84, 0.00557679
FILLER_0_67_345, 165.94, 195.84, 0.00557679
FILLER_0_68_359, 165.94, 195.84, 0.00557679
_09782_, 191.54, 195.84, 0.00546613
_09882_, 191.54, 195.84, 0.00546613
_17099_, 191.54, 195.84, 0.00546613
_09871_, 204.34, 195.84, 0.0054481
_09876_, 204.34, 195.84, 0.0054481
_09877_, 204.34, 195.84, 0.0054481
_14684_, 204.34, 195.84, 0.0054481
hold539, 204.34, 195.84, 0.0054481
hold1796, 204.34, 195.84, 0.0054481
_09870_, 217.14, 195.84, 0.00542825
hold1769, 217.14, 195.84, 0.00542825
FILLER_0_68_447, 217.14, 195.84, 0.00542825
FILLER_0_68_469, 217.14, 195.84, 0.00542825
_10234_, 229.94, 195.84, 0.00540767
_10235_, 229.94, 195.84, 0.00540767
_16913_, 229.94, 195.84, 0.00540767
_16915_, 229.94, 195.84, 0.00540767
clkbuf_5_7__f_clk, 229.94, 195.84, 0.00540767
FILLER_0_69_493, 229.94, 195.84, 0.00540767
FILLER_0_69_501, 229.94, 195.84, 0.00540767
_10238_, 242.74, 195.84, 0.00530063
_14480_, 242.74, 195.84, 0.00530063
_15809_, 242.74, 195.84, 0.00530063
hold1150, 242.74, 195.84, 0.00530063
hold1661, 242.74, 195.84, 0.00530063
FILLER_0_69_517, 242.74, 195.84, 0.00530063
_13166_, 255.54, 195.84, 0.00516554
_13167_, 255.54, 195.84, 0.00516554
_13168_, 255.54, 195.84, 0.00516554
_13170_, 255.54, 195.84, 0.00516554
FILLER_0_67_531, 255.54, 195.84, 0.00516554
FILLER_0_68_545, 255.54, 195.84, 0.00516554
_13146_, 268.34, 195.84, 0.00502552
_13169_, 268.34, 195.84, 0.00502552
_15808_, 268.34, 195.84, 0.00502552
FILLER_0_68_566, 268.34, 195.84, 0.00502552
FILLER_0_68_574, 268.34, 195.84, 0.00502552
FILLER_0_68_583, 268.34, 195.84, 0.00502552
FILLER_0_69_573, 268.34, 195.84, 0.00502552
_13098_, 281.14, 195.84, 0.00485722
_13117_, 281.14, 195.84, 0.00485722
_13149_, 281.14, 195.84, 0.00485722
split1, 281.14, 195.84, 0.00485722
FILLER_0_68_595, 281.14, 195.84, 0.00485722
FILLER_0_69_606, 281.14, 195.84, 0.00485722
_13277_, 293.94, 195.84, 0.0045556
FILLER_0_68_636, 293.94, 195.84, 0.0045556
FILLER_0_69_635, 293.94, 195.84, 0.0045556
_11332_, 306.74, 195.84, 0.00425104
_16369_, 306.74, 195.84, 0.00425104
hold1035, 306.74, 195.84, 0.00425104
FILLER_0_67_652, 306.74, 195.84, 0.00425104
FILLER_0_69_665, 306.74, 195.84, 0.00425104
_11326_, 319.54, 195.84, 0.00393869
_15957_, 319.54, 195.84, 0.00393869
FILLER_0_67_673, 319.54, 195.84, 0.00393869
FILLER_0_68_691, 319.54, 195.84, 0.00393869
_13870_, 345.14, 195.84, 0.00380592
_13877_, 345.14, 195.84, 0.00380592
_16388_, 345.14, 195.84, 0.00380592
FILLER_0_68_747, 345.14, 195.84, 0.00380592
FILLER_0_69_741, 345.14, 195.84, 0.00380592
_11301_, 357.94, 195.84, 0.00398876
_11303_, 357.94, 195.84, 0.00398876
_13890_, 357.94, 195.84, 0.00398876
_13891_, 357.94, 195.84, 0.00398876
_13897_, 357.94, 195.84, 0.00398876
FILLER_0_67_761, 357.94, 195.84, 0.00398876
FILLER_0_69_770, 357.94, 195.84, 0.00398876
_11296_, 370.74, 195.84, 0.00417065
_11297_, 370.74, 195.84, 0.00417065
_16387_, 370.74, 195.84, 0.00417065
hold518, 370.74, 195.84, 0.00417065
FILLER_0_67_785, 370.74, 195.84, 0.00417065
FILLER_0_68_781, 370.74, 195.84, 0.00417065
_11293_, 383.54, 195.84, 0.00434453
_13895_, 383.54, 195.84, 0.00434453
_13896_, 383.54, 195.84, 0.00434453
_13898_, 383.54, 195.84, 0.00434453
_16386_, 383.54, 195.84, 0.00434453
hold523, 383.54, 195.84, 0.00434453
hold1390, 383.54, 195.84, 0.00434453
FILLER_0_68_827, 383.54, 195.84, 0.00434453
FILLER_0_67_836, 396.34, 195.84, 0.00450956
_13902_, 409.14, 195.84, 0.00467459
_13907_, 409.14, 195.84, 0.00467459
FILLER_0_68_884, 409.14, 195.84, 0.00467459
_17870_, 421.94, 195.84, 0.00483926
FILLER_0_67_893, 421.94, 195.84, 0.00483926
FILLER_0_68_915, 421.94, 195.84, 0.00483926
_08333_, 434.74, 195.84, 0.00499684
_15534_, 434.74, 195.84, 0.00499684
_17866_, 434.74, 195.84, 0.00499684
hold1590, 434.74, 195.84, 0.00499684
FILLER_0_67_921, 434.74, 195.84, 0.00499684
FILLER_0_67_927, 434.74, 195.84, 0.00499684
FILLER_0_68_945, 434.74, 195.84, 0.00499684
FILLER_0_69_944, 434.74, 195.84, 0.00499684
_08326_, 447.54, 195.84, 0.0051464
_08327_, 447.54, 195.84, 0.0051464
_08335_, 447.54, 195.84, 0.0051464
_08342_, 447.54, 195.84, 0.0051464
_15533_, 447.54, 195.84, 0.0051464
_15537_, 447.54, 195.84, 0.0051464
_15541_, 447.54, 195.84, 0.0051464
_17869_, 447.54, 195.84, 0.0051464
clkbuf_leaf_174_clk, 447.54, 195.84, 0.0051464
_08313_, 460.34, 195.84, 0.00525068
clkbuf_5_22__f_clk, 460.34, 195.84, 0.00525068
FILLER_0_68_975, 460.34, 195.84, 0.00525068
_08321_, 473.14, 195.84, 0.00527338
_15545_, 473.14, 195.84, 0.00527338
_15546_, 473.14, 195.84, 0.00527338
FILLER_0_68_1013, 473.14, 195.84, 0.00527338
_08247_, 498.137, 195.84, 0.00538174
_08248_, 498.137, 195.84, 0.00538174
_17909_, 498.137, 195.84, 0.00538174
clkbuf_5_23__f_clk, 498.137, 195.84, 0.00538174
FILLER_0_67_1065, 498.137, 195.84, 0.00538174
_08246_, 510.334, 195.84, 0.00538316
_08255_, 510.334, 195.84, 0.00538316
_15579_, 510.334, 195.84, 0.00538316
_15581_, 510.334, 195.84, 0.00538316
_15585_, 510.334, 195.84, 0.00538316
hold768, 510.334, 195.84, 0.00538316
FILLER_0_68_1088, 510.334, 195.84, 0.00538316
FILLER_0_68_1137, 522.531, 195.84, 0.00538316
FILLER_0_68_1145, 534.728, 195.84, 0.00538316
FILLER_0_67_1169, 546.925, 195.84, 0.00538316
FILLER_0_68_1197, 559.122, 195.84, 0.00538316
FILLER_0_69_1213, 559.122, 195.84, 0.00538316
PHY_130, 5.52, 190.4, 0.00561274
PHY_132, 5.52, 190.4, 0.00561274
PHY_131, 571.32, 190.4, 0.00493609
PHY_133, 571.32, 190.4, 0.00493609
FILLER_0_66_1217, 571.32, 190.4, 0.00493609
_11734_, 37.94, 190.4, 0.00561857
_11735_, 37.94, 190.4, 0.00561857
hold667, 37.94, 190.4, 0.00561857
hold1027, 37.94, 190.4, 0.00561857
FILLER_0_66_74, 37.94, 190.4, 0.00561857
FILLER_0_67_81, 37.94, 190.4, 0.00561857
_11688_, 50.74, 190.4, 0.00562298
_11697_, 50.74, 190.4, 0.00562298
_16184_, 50.74, 190.4, 0.00562298
hold661, 50.74, 190.4, 0.00562298
hold1134, 50.74, 190.4, 0.00562298
FILLER_0_67_108, 50.74, 190.4, 0.00562298
_11686_, 63.54, 190.4, 0.00561888
_11696_, 63.54, 190.4, 0.00561888
_11699_, 63.54, 190.4, 0.00561888
_11700_, 63.54, 190.4, 0.00561888
_11701_, 63.54, 190.4, 0.00561888
_13669_, 63.54, 190.4, 0.00561888
_16183_, 63.54, 190.4, 0.00561888
_16189_, 63.54, 190.4, 0.00561888
FILLER_0_67_128, 63.54, 190.4, 0.00561888
_11572_, 76.34, 190.4, 0.00559927
_11573_, 76.34, 190.4, 0.00559927
_11698_, 76.34, 190.4, 0.00559927
_13675_, 76.34, 190.4, 0.00559927
_13738_, 76.34, 190.4, 0.00559927
_16246_, 76.34, 190.4, 0.00559927
hold419, 76.34, 190.4, 0.00559927
hold578, 76.34, 190.4, 0.00559927
_11567_, 89.14, 190.4, 0.00557059
_11577_, 89.14, 190.4, 0.00557059
_13741_, 89.14, 190.4, 0.00557059
_16242_, 89.14, 190.4, 0.00557059
_16249_, 89.14, 190.4, 0.00557059
hold1676, 89.14, 190.4, 0.00557059
FILLER_0_67_193, 89.14, 190.4, 0.00557059
_11566_, 101.94, 190.4, 0.00552659
_11580_, 101.94, 190.4, 0.00552659
_11622_, 101.94, 190.4, 0.00552659
_11623_, 101.94, 190.4, 0.00552659
_13711_, 101.94, 190.4, 0.00552659
hold1300, 101.94, 190.4, 0.00552659
hold1402, 101.94, 190.4, 0.00552659
FILLER_0_65_209, 101.94, 190.4, 0.00552659
FILLER_0_67_221, 101.94, 190.4, 0.00552659
_09824_, 114.74, 190.4, 0.00548052
_09825_, 114.74, 190.4, 0.00548052
_14709_, 114.74, 190.4, 0.00548052
_17120_, 114.74, 190.4, 0.00548052
FILLER_0_66_240, 114.74, 190.4, 0.00548052
_14701_, 127.54, 190.4, 0.00542681
_17117_, 127.54, 190.4, 0.00542681
hold1708, 127.54, 190.4, 0.00542681
hold1907, 127.54, 190.4, 0.00542681
_09843_, 140.34, 190.4, 0.00536484
_14707_, 140.34, 190.4, 0.00536484
_17114_, 140.34, 190.4, 0.00536484
_17116_, 140.34, 190.4, 0.00536484
hold1617, 140.34, 190.4, 0.00536484
_14703_, 153.14, 190.4, 0.00528778
_17147_, 153.14, 190.4, 0.00528778
FILLER_0_66_324, 153.14, 190.4, 0.00528778
FILLER_0_67_333, 153.14, 190.4, 0.00528778
_09770_, 165.94, 190.4, 0.00520346
_09771_, 165.94, 190.4, 0.00520346
_14739_, 165.94, 190.4, 0.00520346
hold733, 165.94, 190.4, 0.00520346
_09776_, 191.54, 190.4, 0.00497447
_14678_, 191.54, 190.4, 0.00497447
FILLER_0_66_413, 191.54, 190.4, 0.00497447
_09802_, 204.34, 190.4, 0.00483049
FILLER_0_67_444, 204.34, 190.4, 0.00483049
_09784_, 217.14, 190.4, 0.0046863
FILLER_0_65_449, 217.14, 190.4, 0.0046863
FILLER_0_66_469, 217.14, 190.4, 0.0046863
FILLER_0_67_473, 217.14, 190.4, 0.0046863
_16919_, 229.94, 190.4, 0.00454188
FILLER_0_65_484, 229.94, 190.4, 0.00454188
FILLER_0_66_477, 229.94, 190.4, 0.00454188
_10239_, 242.74, 190.4, 0.00439038
_14482_, 242.74, 190.4, 0.00439038
hold600, 242.74, 190.4, 0.00439038
FILLER_0_66_525, 242.74, 190.4, 0.00439038
_13171_, 255.54, 190.4, 0.00423794
_13172_, 255.54, 190.4, 0.00423794
_15811_, 255.54, 190.4, 0.00423794
_15812_, 255.54, 190.4, 0.00423794
FILLER_0_67_544, 255.54, 190.4, 0.00423794
FILLER_0_67_556, 255.54, 190.4, 0.00423794
_13173_, 268.34, 190.4, 0.0040473
_13175_, 268.34, 190.4, 0.0040473
_13177_, 268.34, 190.4, 0.0040473
FILLER_0_65_561, 268.34, 190.4, 0.0040473
FILLER_0_66_584, 268.34, 190.4, 0.0040473
FILLER_0_67_605, 281.14, 190.4, 0.00384215
FILLER_0_67_613, 281.14, 190.4, 0.00384215
FILLER_0_66_637, 293.94, 190.4, 0.00363701
_11327_, 306.74, 190.4, 0.00343186
_13873_, 306.74, 190.4, 0.00343186
_13876_, 306.74, 190.4, 0.00343186
_16362_, 306.74, 190.4, 0.00343186
FILLER_0_66_645, 306.74, 190.4, 0.00343186
FILLER_0_67_664, 306.74, 190.4, 0.00343186
_11329_, 319.54, 190.4, 0.00321905
_11334_, 319.54, 190.4, 0.00321905
_11335_, 319.54, 190.4, 0.00321905
_11340_, 319.54, 190.4, 0.00321905
_13872_, 319.54, 190.4, 0.00321905
_16365_, 319.54, 190.4, 0.00321905
hold1011, 319.54, 190.4, 0.00321905
_11324_, 345.14, 190.4, 0.003184
_11325_, 345.14, 190.4, 0.003184
_11336_, 345.14, 190.4, 0.003184
hold941, 345.14, 190.4, 0.003184
hold1552, 345.14, 190.4, 0.003184
FILLER_0_66_750, 345.14, 190.4, 0.003184
_11302_, 357.94, 190.4, 0.00336874
_16381_, 357.94, 190.4, 0.00336874
hold1691, 357.94, 190.4, 0.00336874
FILLER_0_65_755, 357.94, 190.4, 0.00336874
FILLER_0_67_779, 357.94, 190.4, 0.00336874
_11290_, 370.74, 190.4, 0.00354565
_11291_, 370.74, 190.4, 0.00354565
hold2070, 370.74, 190.4, 0.00354565
FILLER_0_65_781, 370.74, 190.4, 0.00354565
FILLER_0_66_785, 370.74, 190.4, 0.00354565
FILLER_0_66_803, 370.74, 190.4, 0.00354565
_11285_, 383.54, 190.4, 0.00372166
_11292_, 383.54, 190.4, 0.00372166
_13899_, 383.54, 190.4, 0.00372166
_16390_, 383.54, 190.4, 0.00372166
hold884, 383.54, 190.4, 0.00372166
_11266_, 396.34, 190.4, 0.0038895
_13909_, 396.34, 190.4, 0.0038895
_16399_, 396.34, 190.4, 0.0038895
hold1064, 396.34, 190.4, 0.0038895
FILLER_0_66_841, 396.34, 190.4, 0.0038895
_11283_, 409.14, 190.4, 0.00404935
_13901_, 409.14, 190.4, 0.00404935
_16391_, 409.14, 190.4, 0.00404935
hold1347, 409.14, 190.4, 0.00404935
FILLER_0_66_865, 409.14, 190.4, 0.00404935
FILLER_0_67_885, 409.14, 190.4, 0.00404935
_08341_, 421.94, 190.4, 0.00420121
hold1137, 421.94, 190.4, 0.00420121
_08332_, 434.74, 190.4, 0.00435236
_08340_, 434.74, 190.4, 0.00435236
_08343_, 434.74, 190.4, 0.00435236
_15538_, 434.74, 190.4, 0.00435236
hold281, 434.74, 190.4, 0.00435236
FILLER_0_66_937, 434.74, 190.4, 0.00435236
FILLER_0_66_945, 434.74, 190.4, 0.00435236
_17861_, 447.54, 190.4, 0.00450219
hold2001, 447.54, 190.4, 0.00450219
_09022_, 460.34, 190.4, 0.00464439
_09023_, 460.34, 190.4, 0.00464439
_15155_, 460.34, 190.4, 0.00464439
_17521_, 460.34, 190.4, 0.00464439
hold116, 460.34, 190.4, 0.00464439
FILLER_0_65_977, 460.34, 190.4, 0.00464439
FILLER_0_66_981, 460.34, 190.4, 0.00464439
FILLER_0_67_993, 460.34, 190.4, 0.00464439
FILLER_0_67_1000, 460.34, 190.4, 0.00464439
_09010_, 473.14, 190.4, 0.00477839
hold462, 473.14, 190.4, 0.00477839
_08252_, 498.137, 190.4, 0.00492777
_17908_, 498.137, 190.4, 0.00492777
hold1125, 498.137, 190.4, 0.00492777
hold2005, 498.137, 190.4, 0.00492777
_08262_, 510.334, 190.4, 0.0049359
_08263_, 510.334, 190.4, 0.0049359
_15577_, 510.334, 190.4, 0.0049359
_15580_, 510.334, 190.4, 0.0049359
_17904_, 510.334, 190.4, 0.0049359
hold1426, 510.334, 190.4, 0.0049359
_15578_, 522.531, 190.4, 0.00493609
FILLER_0_66_1138, 534.728, 190.4, 0.00493609
FILLER_0_65_1169, 546.925, 190.4, 0.00493609
FILLER_0_66_1197, 559.122, 190.4, 0.00493609
PHY_126, 5.52, 184.96, 0.00559679
PHY_128, 5.52, 184.96, 0.00559679
output102, 5.52, 184.96, 0.00559679
PHY_127, 571.32, 184.96, 0.00468636
PHY_129, 571.32, 184.96, 0.00468636
FILLER_0_64_1217, 571.32, 184.96, 0.00468636
_16166_, 15.33, 184.96, 0.00555775
FILLER_0_64_21, 15.33, 184.96, 0.00555775
_11741_, 37.94, 184.96, 0.0055255
_13649_, 37.94, 184.96, 0.0055255
_13651_, 37.94, 184.96, 0.0055255
hold1981, 37.94, 184.96, 0.0055255
FILLER_0_63_68, 37.94, 184.96, 0.0055255
FILLER_0_64_74, 37.94, 184.96, 0.0055255
FILLER_0_65_76, 37.94, 184.96, 0.0055255
_11691_, 50.74, 184.96, 0.00553667
_11740_, 50.74, 184.96, 0.00553667
_13646_, 50.74, 184.96, 0.00553667
_13670_, 50.74, 184.96, 0.00553667
_13674_, 50.74, 184.96, 0.00553667
_16187_, 50.74, 184.96, 0.00553667
hold1135, 50.74, 184.96, 0.00553667
FILLER_0_63_94, 50.74, 184.96, 0.00553667
FILLER_0_65_105, 50.74, 184.96, 0.00553667
_11690_, 63.54, 184.96, 0.00553934
_16182_, 63.54, 184.96, 0.00553934
clkbuf_leaf_6_clk, 63.54, 184.96, 0.00553934
hold1908, 63.54, 184.96, 0.00553934
FILLER_0_63_116, 63.54, 184.96, 0.00553934
_16244_, 76.34, 184.96, 0.00548772
hold2021, 76.34, 184.96, 0.00548772
_11576_, 89.14, 184.96, 0.00542848
_11581_, 89.14, 184.96, 0.00542848
_13734_, 89.14, 184.96, 0.00542848
_13736_, 89.14, 184.96, 0.00542848
FILLER_0_63_181, 89.14, 184.96, 0.00542848
FILLER_0_64_177, 89.14, 184.96, 0.00542848
FILLER_0_64_192, 89.14, 184.96, 0.00542848
_11605_, 101.94, 184.96, 0.00536847
_16230_, 101.94, 184.96, 0.00536847
FILLER_0_65_220, 101.94, 184.96, 0.00536847
_09841_, 114.74, 184.96, 0.00530117
_11604_, 114.74, 184.96, 0.00530117
_17112_, 114.74, 184.96, 0.00530117
hold1303, 114.74, 184.96, 0.00530117
FILLER_0_64_241, 114.74, 184.96, 0.00530117
FILLER_0_64_248, 114.74, 184.96, 0.00530117
_09829_, 127.54, 184.96, 0.00522589
_09830_, 127.54, 184.96, 0.00522589
_09831_, 127.54, 184.96, 0.00522589
_09840_, 127.54, 184.96, 0.00522589
_14706_, 127.54, 184.96, 0.00522589
FILLER_0_64_253, 127.54, 184.96, 0.00522589
FILLER_0_64_297, 140.34, 184.96, 0.00514961
FILLER_0_64_305, 140.34, 184.96, 0.00514961
FILLER_0_64_333, 153.14, 184.96, 0.00507333
FILLER_0_65_328, 153.14, 184.96, 0.00507333
_17145_, 165.94, 184.96, 0.00499705
FILLER_0_64_341, 165.94, 184.96, 0.00499705
_09766_, 191.54, 184.96, 0.00480553
_09778_, 191.54, 184.96, 0.00480553
_09803_, 191.54, 184.96, 0.00480553
_14735_, 191.54, 184.96, 0.00480553
hold1266, 191.54, 184.96, 0.00480553
hold1797, 191.54, 184.96, 0.00480553
FILLER_0_64_407, 191.54, 184.96, 0.00480553
_09796_, 204.34, 184.96, 0.00469548
_14722_, 204.34, 184.96, 0.00469548
_17140_, 204.34, 184.96, 0.00469548
clkbuf_leaf_239_clk, 204.34, 184.96, 0.00469548
hold531, 204.34, 184.96, 0.00469548
FILLER_0_65_438, 204.34, 184.96, 0.00469548
_09788_, 217.14, 184.96, 0.00453134
_09789_, 217.14, 184.96, 0.00453134
_09795_, 217.14, 184.96, 0.00453134
_14725_, 217.14, 184.96, 0.00453134
_14729_, 217.14, 184.96, 0.00453134
_17135_, 217.14, 184.96, 0.00453134
hold2106, 217.14, 184.96, 0.00453134
FILLER_0_63_452, 217.14, 184.96, 0.00453134
_10226_, 229.94, 184.96, 0.00435862
_10227_, 229.94, 184.96, 0.00435862
_14486_, 229.94, 184.96, 0.00435862
_14726_, 229.94, 184.96, 0.00435862
hold1387, 229.94, 184.96, 0.00435862
hold1839, 229.94, 184.96, 0.00435862
FILLER_0_64_497, 229.94, 184.96, 0.00435862
FILLER_0_65_500, 229.94, 184.96, 0.00435862
_14487_, 242.74, 184.96, 0.00418412
_16920_, 242.74, 184.96, 0.00418412
FILLER_0_64_505, 242.74, 184.96, 0.00418412
FILLER_0_64_523, 242.74, 184.96, 0.00418412
FILLER_0_65_529, 242.74, 184.96, 0.00418412
_13174_, 255.54, 184.96, 0.00400237
_13256_, 255.54, 184.96, 0.00400237
_13257_, 255.54, 184.96, 0.00400237
FILLER_0_64_533, 255.54, 184.96, 0.00400237
FILLER_0_64_543, 255.54, 184.96, 0.00400237
FILLER_0_64_555, 255.54, 184.96, 0.00400237
_13176_, 268.34, 184.96, 0.00381755
_13178_, 268.34, 184.96, 0.00381755
_13180_, 268.34, 184.96, 0.00381755
_13258_, 268.34, 184.96, 0.00381755
_15813_, 268.34, 184.96, 0.00381755
FILLER_0_63_561, 268.34, 184.96, 0.00381755
FILLER_0_64_585, 268.34, 184.96, 0.00381755
FILLER_0_63_598, 281.14, 184.96, 0.00359398
FILLER_0_64_613, 281.14, 184.96, 0.00359398
_10290_, 293.94, 184.96, 0.0033704
_16887_, 293.94, 184.96, 0.0033704
clkbuf_leaf_229_clk, 293.94, 184.96, 0.0033704
hold499, 293.94, 184.96, 0.0033704
hold1599, 293.94, 184.96, 0.0033704
FILLER_0_64_638, 293.94, 184.96, 0.0033704
FILLER_0_65_629, 293.94, 184.96, 0.0033704
_10292_, 306.74, 184.96, 0.00309295
_11341_, 306.74, 184.96, 0.00309295
_13869_, 306.74, 184.96, 0.00309295
hold1584, 306.74, 184.96, 0.00309295
FILLER_0_65_665, 306.74, 184.96, 0.00309295
_16361_, 319.54, 184.96, 0.00281442
_16368_, 319.54, 184.96, 0.00281442
FILLER_0_64_669, 319.54, 184.96, 0.00281442
FILLER_0_64_677, 319.54, 184.96, 0.00281442
_11330_, 345.14, 184.96, 0.00273028
_11337_, 345.14, 184.96, 0.00273028
_13871_, 345.14, 184.96, 0.00273028
hold1695, 345.14, 184.96, 0.00273028
FILLER_0_64_747, 345.14, 184.96, 0.00273028
_11294_, 357.94, 184.96, 0.00293776
_11299_, 357.94, 184.96, 0.00293776
_16383_, 357.94, 184.96, 0.00293776
_16385_, 357.94, 184.96, 0.00293776
FILLER_0_63_759, 357.94, 184.96, 0.00293776
_11227_, 370.74, 184.96, 0.00313062
_13889_, 370.74, 184.96, 0.00313062
_11284_, 383.54, 184.96, 0.00332124
FILLER_0_64_809, 383.54, 184.96, 0.00332124
_11267_, 396.34, 184.96, 0.00351167
_11279_, 396.34, 184.96, 0.00351167
_13900_, 396.34, 184.96, 0.00351167
_16393_, 396.34, 184.96, 0.00351167
FILLER_0_64_837, 396.34, 184.96, 0.00351167
FILLER_0_64_856, 396.34, 184.96, 0.00351167
_11278_, 409.14, 184.96, 0.00369262
_11282_, 409.14, 184.96, 0.00369262
_13903_, 409.14, 184.96, 0.00369262
_13910_, 409.14, 184.96, 0.00369262
_16400_, 409.14, 184.96, 0.00369262
FILLER_0_65_887, 409.14, 184.96, 0.00369262
_11264_, 421.94, 184.96, 0.00386564
_17862_, 421.94, 184.96, 0.00386564
hold653, 421.94, 184.96, 0.00386564
FILLER_0_64_915, 421.94, 184.96, 0.00386564
FILLER_0_65_943, 434.74, 184.96, 0.00403085
_17530_, 447.54, 184.96, 0.00419605
FILLER_0_64_949, 447.54, 184.96, 0.00419605
_09011_, 460.34, 184.96, 0.00435413
_15164_, 460.34, 184.96, 0.00435413
_17527_, 460.34, 184.96, 0.00435413
hold123, 460.34, 184.96, 0.00435413
FILLER_0_64_1030, 473.14, 184.96, 0.00450422
_08249_, 498.137, 184.96, 0.00467015
_15582_, 498.137, 184.96, 0.00467015
_15584_, 498.137, 184.96, 0.00467015
FILLER_0_64_1083, 498.137, 184.96, 0.00467015
_08256_, 510.334, 184.96, 0.00468546
_08257_, 510.334, 184.96, 0.00468546
_17901_, 510.334, 184.96, 0.00468546
_17902_, 510.334, 184.96, 0.00468546
hold1602, 510.334, 184.96, 0.00468546
_08260_, 522.531, 184.96, 0.00468636
_08261_, 522.531, 184.96, 0.00468636
hold1781, 522.531, 184.96, 0.00468636
FILLER_0_63_1111, 522.531, 184.96, 0.00468636
FILLER_0_64_1140, 534.728, 184.96, 0.00468636
FILLER_0_63_1169, 546.925, 184.96, 0.00468636
FILLER_0_64_1197, 559.122, 184.96, 0.00468636
PHY_122, 5.52, 179.52, 0.00534116
PHY_124, 5.52, 179.52, 0.00534116
PHY_123, 571.32, 179.52, 0.00474607
PHY_125, 571.32, 179.52, 0.00474607
output59, 571.32, 179.52, 0.00474607
FILLER_0_62_1217, 571.32, 179.52, 0.00474607
FILLER_0_63_27, 15.33, 179.52, 0.00534116
_11730_, 37.94, 179.52, 0.005362
_16162_, 37.94, 179.52, 0.005362
_13673_, 50.74, 179.52, 0.0053755
_13676_, 50.74, 179.52, 0.0053755
_16190_, 50.74, 179.52, 0.0053755
FILLER_0_62_97, 50.74, 179.52, 0.0053755
FILLER_0_63_106, 50.74, 179.52, 0.0053755
_13668_, 63.54, 179.52, 0.00538158
hold720, 63.54, 179.52, 0.00538158
FILLER_0_61_121, 63.54, 179.52, 0.00538158
FILLER_0_62_117, 63.54, 179.52, 0.00538158
FILLER_0_62_125, 63.54, 179.52, 0.00538158
FILLER_0_62_131, 63.54, 179.52, 0.00538158
_13733_, 76.34, 179.52, 0.00538697
_16241_, 76.34, 179.52, 0.00538697
FILLER_0_62_153, 76.34, 179.52, 0.00538697
FILLER_0_62_161, 76.34, 179.52, 0.00538697
FILLER_0_62_167, 76.34, 179.52, 0.00538697
_11571_, 89.14, 179.52, 0.0053851
_16247_, 89.14, 179.52, 0.0053851
clkbuf_leaf_4_clk, 89.14, 179.52, 0.0053851
FILLER_0_62_175, 89.14, 179.52, 0.0053851
FILLER_0_62_193, 89.14, 179.52, 0.0053851
_11612_, 101.94, 179.52, 0.00532981
_11613_, 101.94, 179.52, 0.00532981
_13716_, 101.94, 179.52, 0.00532981
_13720_, 101.94, 179.52, 0.00532981
_16226_, 101.94, 179.52, 0.00532981
hold637, 101.94, 179.52, 0.00532981
hold1205, 101.94, 179.52, 0.00532981
FILLER_0_62_205, 101.94, 179.52, 0.00532981
_16236_, 114.74, 179.52, 0.0052657
FILLER_0_61_225, 114.74, 179.52, 0.0052657
FILLER_0_61_233, 114.74, 179.52, 0.0052657
_11592_, 127.54, 179.52, 0.00519447
_13725_, 127.54, 179.52, 0.00519447
_13727_, 127.54, 179.52, 0.00519447
_16239_, 127.54, 179.52, 0.00519447
hold769, 127.54, 179.52, 0.00519447
FILLER_0_61_262, 127.54, 179.52, 0.00519447
FILLER_0_62_253, 127.54, 179.52, 0.00519447
FILLER_0_62_265, 127.54, 179.52, 0.00519447
FILLER_0_63_273, 127.54, 179.52, 0.00519447
_11586_, 140.34, 179.52, 0.00511509
_13730_, 140.34, 179.52, 0.00511509
hold1591, 140.34, 179.52, 0.00511509
hold1641, 140.34, 179.52, 0.00511509
FILLER_0_62_305, 140.34, 179.52, 0.00511509
_09746_, 153.14, 179.52, 0.00503428
_09753_, 153.14, 179.52, 0.00503428
_09759_, 153.14, 179.52, 0.00503428
_17156_, 153.14, 179.52, 0.00503428
_17159_, 153.14, 179.52, 0.00503428
FILLER_0_62_309, 153.14, 179.52, 0.00503428
FILLER_0_63_329, 153.14, 179.52, 0.00503428
_09747_, 165.94, 179.52, 0.00493859
_09758_, 165.94, 179.52, 0.00493859
_09775_, 165.94, 179.52, 0.00493859
_14737_, 165.94, 179.52, 0.00493859
_14746_, 165.94, 179.52, 0.00493859
hold815, 165.94, 179.52, 0.00493859
hold2094, 165.94, 179.52, 0.00493859
FILLER_0_62_358, 165.94, 179.52, 0.00493859
FILLER_0_63_349, 165.94, 179.52, 0.00493859
FILLER_0_63_360, 165.94, 179.52, 0.00493859
_09797_, 191.54, 179.52, 0.00472657
_17131_, 191.54, 179.52, 0.00472657
hold2063, 191.54, 179.52, 0.00472657
FILLER_0_62_391, 191.54, 179.52, 0.00472657
FILLER_0_62_414, 191.54, 179.52, 0.00472657
_17134_, 204.34, 179.52, 0.00460456
hold2048, 204.34, 179.52, 0.00460456
FILLER_0_61_432, 204.34, 179.52, 0.00460456
_09785_, 217.14, 179.52, 0.00447493
_17138_, 217.14, 179.52, 0.00447493
FILLER_0_62_452, 217.14, 179.52, 0.00447493
_09794_, 229.94, 179.52, 0.00433796
_10225_, 229.94, 179.52, 0.00433796
clkbuf_leaf_238_clk, 229.94, 179.52, 0.00433796
FILLER_0_61_485, 229.94, 179.52, 0.00433796
FILLER_0_62_482, 229.94, 179.52, 0.00433796
FILLER_0_63_490, 229.94, 179.52, 0.00433796
FILLER_0_63_498, 229.94, 179.52, 0.00433796
_10224_, 242.74, 179.52, 0.00415286
_10243_, 242.74, 179.52, 0.00415286
_14478_, 242.74, 179.52, 0.00415286
_14485_, 242.74, 179.52, 0.00415286
_16918_, 242.74, 179.52, 0.00415286
hold1810, 242.74, 179.52, 0.00415286
FILLER_0_62_524, 242.74, 179.52, 0.00415286
hold1227, 255.54, 179.52, 0.0039593
FILLER_0_63_557, 255.54, 179.52, 0.0039593
_13179_, 268.34, 179.52, 0.00376522
_13259_, 268.34, 179.52, 0.00376522
_15814_, 268.34, 179.52, 0.00376522
FILLER_0_62_565, 268.34, 179.52, 0.00376522
FILLER_0_62_575, 268.34, 179.52, 0.00376522
_10291_, 281.14, 179.52, 0.0035412
_10298_, 281.14, 179.52, 0.0035412
_10299_, 281.14, 179.52, 0.0035412
_16883_, 281.14, 179.52, 0.0035412
FILLER_0_62_601, 281.14, 179.52, 0.0035412
_10293_, 293.94, 179.52, 0.00330949
_14447_, 293.94, 179.52, 0.00330949
_14450_, 293.94, 179.52, 0.00330949
_14451_, 293.94, 179.52, 0.00330949
hold505, 293.94, 179.52, 0.00330949
FILLER_0_62_627, 293.94, 179.52, 0.00330949
FILLER_0_63_637, 293.94, 179.52, 0.00330949
_10289_, 306.74, 179.52, 0.00307655
_14452_, 306.74, 179.52, 0.00307655
_16888_, 306.74, 179.52, 0.00307655
hold489, 306.74, 179.52, 0.00307655
_11342_, 319.54, 179.52, 0.00283562
_11343_, 319.54, 179.52, 0.00283562
_13868_, 319.54, 179.52, 0.00283562
FILLER_0_63_685, 319.54, 179.52, 0.00283562
_13866_, 345.14, 179.52, 0.00281099
_14421_, 345.14, 179.52, 0.00281099
FILLER_0_61_735, 345.14, 179.52, 0.00281099
FILLER_0_62_745, 345.14, 179.52, 0.00281099
_11295_, 357.94, 179.52, 0.00302329
_11298_, 357.94, 179.52, 0.00302329
_13892_, 357.94, 179.52, 0.00302329
_13894_, 357.94, 179.52, 0.00302329
hold486, 357.94, 179.52, 0.00302329
hold550, 357.94, 179.52, 0.00302329
FILLER_0_62_753, 357.94, 179.52, 0.00302329
FILLER_0_62_769, 357.94, 179.52, 0.00302329
FILLER_0_62_780, 357.94, 179.52, 0.00302329
_11226_, 370.74, 179.52, 0.0032338
_11237_, 370.74, 179.52, 0.0032338
_16414_, 370.74, 179.52, 0.0032338
_16419_, 370.74, 179.52, 0.0032338
FILLER_0_61_785, 370.74, 179.52, 0.0032338
_11236_, 383.54, 179.52, 0.00342964
_11239_, 383.54, 179.52, 0.00342964
_13926_, 383.54, 179.52, 0.00342964
hold1509, 383.54, 179.52, 0.00342964
hold1528, 383.54, 179.52, 0.00342964
FILLER_0_63_830, 383.54, 179.52, 0.00342964
_11265_, 409.14, 179.52, 0.00381806
clkbuf_leaf_172_clk, 409.14, 179.52, 0.00381806
FILLER_0_61_877, 409.14, 179.52, 0.00381806
FILLER_0_62_865, 409.14, 179.52, 0.00381806
hold583, 421.94, 179.52, 0.00397024
FILLER_0_61_897, 421.94, 179.52, 0.00397024
FILLER_0_62_915, 421.94, 179.52, 0.00397024
_08950_, 434.74, 179.52, 0.00412191
_15190_, 434.74, 179.52, 0.00412191
_17554_, 434.74, 179.52, 0.00412191
hold320, 434.74, 179.52, 0.00412191
FILLER_0_62_925, 434.74, 179.52, 0.00412191
FILLER_0_63_945, 434.74, 179.52, 0.00412191
_08956_, 447.54, 179.52, 0.00426558
_09004_, 447.54, 179.52, 0.00426558
_09005_, 447.54, 179.52, 0.00426558
_17524_, 447.54, 179.52, 0.00426558
hold293, 447.54, 179.52, 0.00426558
FILLER_0_61_953, 447.54, 179.52, 0.00426558
FILLER_0_62_973, 447.54, 179.52, 0.00426558
_09016_, 460.34, 179.52, 0.004401
_15158_, 460.34, 179.52, 0.004401
_15161_, 460.34, 179.52, 0.004401
hold371, 460.34, 179.52, 0.004401
FILLER_0_61_986, 460.34, 179.52, 0.004401
FILLER_0_63_998, 460.34, 179.52, 0.004401
_09087_, 473.14, 179.52, 0.00453537
hold1902, 473.14, 179.52, 0.00453537
FILLER_0_62_1025, 473.14, 179.52, 0.00453537
_09084_, 498.137, 179.52, 0.00468031
_09085_, 498.137, 179.52, 0.00468031
FILLER_0_61_1061, 498.137, 179.52, 0.00468031
FILLER_0_62_1081, 498.137, 179.52, 0.00468031
FILLER_0_62_1089, 510.334, 179.52, 0.00469127
FILLER_0_62_1141, 534.728, 179.52, 0.00471319
FILLER_0_61_1169, 546.925, 179.52, 0.00472415
FILLER_0_62_1197, 559.122, 179.52, 0.00473511
PHY_118, 5.52, 174.08, 0.00524745
PHY_120, 5.52, 174.08, 0.00524745
PHY_119, 571.32, 174.08, 0.0047044
PHY_121, 571.32, 174.08, 0.0047044
FILLER_0_60_1217, 571.32, 174.08, 0.0047044
_11724_, 37.94, 174.08, 0.00529393
_11725_, 37.94, 174.08, 0.00529393
_11736_, 37.94, 174.08, 0.00529393
clkbuf_leaf_7_clk, 37.94, 174.08, 0.00529393
hold2041, 37.94, 174.08, 0.00529393
FILLER_0_59_68, 37.94, 174.08, 0.00529393
FILLER_0_61_81, 37.94, 174.08, 0.00529393
_11684_, 50.74, 174.08, 0.00529289
_11685_, 50.74, 174.08, 0.00529289
_13654_, 50.74, 174.08, 0.00529289
hold662, 50.74, 174.08, 0.00529289
_11703_, 63.54, 174.08, 0.00529077
_13666_, 63.54, 174.08, 0.00529077
_13667_, 63.54, 174.08, 0.00529077
_13672_, 63.54, 174.08, 0.00529077
_16181_, 63.54, 174.08, 0.00529077
_16185_, 63.54, 174.08, 0.00529077
FILLER_0_61_129, 63.54, 174.08, 0.00529077
FILLER_0_61_138, 63.54, 174.08, 0.00529077
_11582_, 76.34, 174.08, 0.00527193
_11583_, 76.34, 174.08, 0.00527193
_11694_, 76.34, 174.08, 0.00527193
_11702_, 76.34, 174.08, 0.00527193
hold723, 76.34, 174.08, 0.00527193
hold1158, 76.34, 174.08, 0.00527193
hold1351, 76.34, 174.08, 0.00527193
_11570_, 89.14, 174.08, 0.00525076
_13739_, 89.14, 174.08, 0.00525076
FILLER_0_60_175, 89.14, 174.08, 0.00525076
FILLER_0_61_193, 89.14, 174.08, 0.00525076
_11607_, 101.94, 174.08, 0.00522919
_13710_, 101.94, 174.08, 0.00522919
_16229_, 101.94, 174.08, 0.00522919
hold1697, 101.94, 174.08, 0.00522919
FILLER_0_59_205, 101.94, 174.08, 0.00522919
_11593_, 114.74, 174.08, 0.00519786
_11603_, 114.74, 174.08, 0.00519786
_13719_, 114.74, 174.08, 0.00519786
FILLER_0_59_237, 114.74, 174.08, 0.00519786
FILLER_0_60_232, 114.74, 174.08, 0.00519786
FILLER_0_60_240, 114.74, 174.08, 0.00519786
_11587_, 127.54, 174.08, 0.00516594
_11596_, 127.54, 174.08, 0.00516594
_11597_, 127.54, 174.08, 0.00516594
_11602_, 127.54, 174.08, 0.00516594
_13722_, 127.54, 174.08, 0.00516594
_16234_, 127.54, 174.08, 0.00516594
hold283, 127.54, 174.08, 0.00516594
FILLER_0_60_268, 127.54, 174.08, 0.00516594
_11600_, 140.34, 174.08, 0.00512543
_11601_, 140.34, 174.08, 0.00512543
_13723_, 140.34, 174.08, 0.00512543
_14643_, 140.34, 174.08, 0.00512543
_16232_, 140.34, 174.08, 0.00512543
hold220, 140.34, 174.08, 0.00512543
FILLER_0_61_303, 140.34, 174.08, 0.00512543
_17153_, 153.14, 174.08, 0.00507478
clkbuf_leaf_20_clk, 153.14, 174.08, 0.00507478
FILLER_0_60_309, 153.14, 174.08, 0.00507478
_09745_, 165.94, 174.08, 0.00497503
_14743_, 165.94, 174.08, 0.00497503
_14752_, 165.94, 174.08, 0.00497503
_17160_, 165.94, 174.08, 0.00497503
hold2128, 165.94, 174.08, 0.00497503
FILLER_0_59_345, 165.94, 174.08, 0.00497503
_09850_, 191.54, 174.08, 0.00477537
_14721_, 191.54, 174.08, 0.00477537
hold1948, 191.54, 174.08, 0.00477537
FILLER_0_60_417, 191.54, 174.08, 0.00477537
FILLER_0_61_405, 191.54, 174.08, 0.00477537
_09786_, 204.34, 174.08, 0.00468269
_09787_, 204.34, 174.08, 0.00468269
_14731_, 204.34, 174.08, 0.00468269
hold1181, 204.34, 174.08, 0.00468269
FILLER_0_60_424, 204.34, 174.08, 0.00468269
FILLER_0_61_444, 204.34, 174.08, 0.00468269
_14727_, 217.14, 174.08, 0.00458889
hold564, 217.14, 174.08, 0.00458889
_09800_, 229.94, 174.08, 0.00449441
_10242_, 229.94, 174.08, 0.00449441
_16911_, 229.94, 174.08, 0.00449441
_16914_, 229.94, 174.08, 0.00449441
hold2092, 229.94, 174.08, 0.00449441
FILLER_0_60_489, 229.94, 174.08, 0.00449441
_10228_, 242.74, 174.08, 0.00438473
_10229_, 242.74, 174.08, 0.00438473
hold1299, 242.74, 174.08, 0.00438473
_13185_, 255.54, 174.08, 0.00427413
_13261_, 255.54, 174.08, 0.00427413
_15816_, 255.54, 174.08, 0.00427413
FILLER_0_60_545, 255.54, 174.08, 0.00427413
FILLER_0_61_553, 255.54, 174.08, 0.00427413
_13181_, 268.34, 174.08, 0.00412907
_13182_, 268.34, 174.08, 0.00412907
_13183_, 268.34, 174.08, 0.00412907
_13184_, 268.34, 174.08, 0.00412907
_15815_, 268.34, 174.08, 0.00412907
FILLER_0_60_579, 268.34, 174.08, 0.00412907
_10300_, 281.14, 174.08, 0.00394997
_10301_, 281.14, 174.08, 0.00394997
_16882_, 281.14, 174.08, 0.00394997
clkbuf_leaf_237_clk, 281.14, 174.08, 0.00394997
_14446_, 293.94, 174.08, 0.00371634
_16886_, 293.94, 174.08, 0.00371634
FILLER_0_60_637, 293.94, 174.08, 0.00371634
_10286_, 306.74, 174.08, 0.00347544
_10287_, 306.74, 174.08, 0.00347544
_10288_, 306.74, 174.08, 0.00347544
_14453_, 306.74, 174.08, 0.00347544
_16885_, 306.74, 174.08, 0.00347544
_16889_, 306.74, 174.08, 0.00347544
hold608, 306.74, 174.08, 0.00347544
FILLER_0_59_641, 306.74, 174.08, 0.00347544
FILLER_0_59_649, 306.74, 174.08, 0.00347544
FILLER_0_60_668, 306.74, 174.08, 0.00347544
_11168_, 319.54, 174.08, 0.00321906
_11169_, 319.54, 174.08, 0.00321906
_16442_, 319.54, 174.08, 0.00321906
clkbuf_leaf_228_clk, 319.54, 174.08, 0.00321906
hold581, 319.54, 174.08, 0.00321906
_11176_, 345.14, 174.08, 0.00315673
_11177_, 345.14, 174.08, 0.00315673
_16449_, 345.14, 174.08, 0.00315673
clkbuf_leaf_227_clk, 345.14, 174.08, 0.00315673
hold1068, 345.14, 174.08, 0.00315673
FILLER_0_61_743, 345.14, 174.08, 0.00315673
_11166_, 357.94, 174.08, 0.0033424
_11167_, 357.94, 174.08, 0.0033424
_11172_, 357.94, 174.08, 0.0033424
_11173_, 357.94, 174.08, 0.0033424
_13961_, 357.94, 174.08, 0.0033424
_13964_, 357.94, 174.08, 0.0033424
FILLER_0_61_774, 357.94, 174.08, 0.0033424
_13931_, 370.74, 174.08, 0.00352682
FILLER_0_60_793, 370.74, 174.08, 0.00352682
_11229_, 383.54, 174.08, 0.00371106
_13925_, 383.54, 174.08, 0.00371106
_13930_, 383.54, 174.08, 0.00371106
_16413_, 383.54, 174.08, 0.00371106
hold1548, 383.54, 174.08, 0.00371106
FILLER_0_61_832, 383.54, 174.08, 0.00371106
_11228_, 396.34, 174.08, 0.00388717
_11238_, 396.34, 174.08, 0.00388717
_11322_, 396.34, 174.08, 0.00388717
_13879_, 396.34, 174.08, 0.00388717
_16371_, 396.34, 174.08, 0.00388717
FILLER_0_59_841, 396.34, 174.08, 0.00388717
FILLER_0_60_848, 396.34, 174.08, 0.00388717
FILLER_0_60_856, 396.34, 174.08, 0.00388717
_11305_, 409.14, 174.08, 0.0040553
_13881_, 409.14, 174.08, 0.0040553
_16373_, 409.14, 174.08, 0.0040553
_16378_, 409.14, 174.08, 0.0040553
hold920, 409.14, 174.08, 0.0040553
FILLER_0_60_877, 409.14, 174.08, 0.0040553
FILLER_0_61_886, 409.14, 174.08, 0.0040553
_08951_, 421.94, 174.08, 0.00420825
_08959_, 421.94, 174.08, 0.00420825
_17557_, 421.94, 174.08, 0.00420825
hold1816, 421.94, 174.08, 0.00420825
FILLER_0_60_900, 421.94, 174.08, 0.00420825
FILLER_0_61_909, 421.94, 174.08, 0.00420825
_08957_, 434.74, 174.08, 0.00435317
_08958_, 434.74, 174.08, 0.00435317
_15191_, 434.74, 174.08, 0.00435317
_15194_, 434.74, 174.08, 0.00435317
_17556_, 434.74, 174.08, 0.00435317
clkbuf_leaf_173_clk, 434.74, 174.08, 0.00435317
hold1021, 434.74, 174.08, 0.00435317
hold1527, 434.74, 174.08, 0.00435317
FILLER_0_59_926, 434.74, 174.08, 0.00435317
_09017_, 447.54, 174.08, 0.00445219
_15192_, 447.54, 174.08, 0.00445219
_17555_, 447.54, 174.08, 0.00445219
FILLER_0_60_962, 447.54, 174.08, 0.00445219
FILLER_0_60_970, 447.54, 174.08, 0.00445219
_09009_, 460.34, 174.08, 0.00454375
_09015_, 460.34, 174.08, 0.00454375
_17528_, 460.34, 174.08, 0.00454375
FILLER_0_60_981, 460.34, 174.08, 0.00454375
FILLER_0_61_995, 460.34, 174.08, 0.00454375
FILLER_0_61_1002, 460.34, 174.08, 0.00454375
_09014_, 473.14, 174.08, 0.00462778
_09099_, 473.14, 174.08, 0.00462778
_17483_, 473.14, 174.08, 0.00462778
_17525_, 473.14, 174.08, 0.00462778
hold1052, 473.14, 174.08, 0.00462778
FILLER_0_60_1024, 473.14, 174.08, 0.00462778
FILLER_0_61_1017, 473.14, 174.08, 0.00462778
_09103_, 498.137, 174.08, 0.0047044
_15111_, 498.137, 174.08, 0.0047044
_15120_, 498.137, 174.08, 0.0047044
_17490_, 498.137, 174.08, 0.0047044
hold304, 498.137, 174.08, 0.0047044
FILLER_0_61_1071, 498.137, 174.08, 0.0047044
FILLER_0_59_1117, 522.531, 174.08, 0.0047044
FILLER_0_60_1141, 534.728, 174.08, 0.0047044
FILLER_0_59_1169, 546.925, 174.08, 0.0047044
FILLER_0_60_1197, 559.122, 174.08, 0.0047044
PHY_114, 5.52, 168.64, 0.005122
PHY_116, 5.52, 168.64, 0.005122
PHY_115, 571.32, 168.64, 0.00470218
PHY_117, 571.32, 168.64, 0.00470218
FILLER_0_58_1217, 571.32, 168.64, 0.00470218
FILLER_0_58_29, 15.33, 168.64, 0.005122
_11727_, 37.94, 168.64, 0.00514159
_11742_, 37.94, 168.64, 0.00514159
_13653_, 37.94, 168.64, 0.00514159
_16170_, 37.94, 168.64, 0.00514159
hold1315, 37.94, 168.64, 0.00514159
hold1794, 37.94, 168.64, 0.00514159
_11738_, 50.74, 168.64, 0.00515248
_11739_, 50.74, 168.64, 0.00515248
_13644_, 50.74, 168.64, 0.00515248
_13647_, 50.74, 168.64, 0.00515248
_13652_, 50.74, 168.64, 0.00515248
_16186_, 50.74, 168.64, 0.00515248
hold1986, 50.74, 168.64, 0.00515248
FILLER_0_58_105, 50.74, 168.64, 0.00515248
FILLER_0_59_103, 50.74, 168.64, 0.00515248
_11692_, 63.54, 168.64, 0.00515299
_11693_, 63.54, 168.64, 0.00515299
hold537, 63.54, 168.64, 0.00515299
FILLER_0_57_113, 63.54, 168.64, 0.00515299
FILLER_0_57_125, 63.54, 168.64, 0.00515299
_11568_, 76.34, 168.64, 0.00515259
_11695_, 76.34, 168.64, 0.00515259
_13740_, 76.34, 168.64, 0.00515259
_16248_, 76.34, 168.64, 0.00515259
hold1511, 76.34, 168.64, 0.00515259
FILLER_0_57_141, 76.34, 168.64, 0.00515259
FILLER_0_58_144, 76.34, 168.64, 0.00515259
FILLER_0_59_159, 76.34, 168.64, 0.00515259
_11564_, 89.14, 168.64, 0.00514398
_11565_, 89.14, 168.64, 0.00514398
_13732_, 89.14, 168.64, 0.00514398
_13735_, 89.14, 168.64, 0.00514398
_13737_, 89.14, 168.64, 0.00514398
_13742_, 89.14, 168.64, 0.00514398
hold803, 89.14, 168.64, 0.00514398
hold1043, 89.14, 168.64, 0.00514398
_11574_, 101.94, 168.64, 0.00513147
_11575_, 101.94, 168.64, 0.00513147
_11606_, 101.94, 168.64, 0.00513147
hold1174, 101.94, 168.64, 0.00513147
FILLER_0_58_200, 101.94, 168.64, 0.00513147
FILLER_0_58_223, 101.94, 168.64, 0.00513147
FILLER_0_59_217, 101.94, 168.64, 0.00513147
_16231_, 114.74, 168.64, 0.00511779
_16235_, 114.74, 168.64, 0.00511779
FILLER_0_57_237, 114.74, 168.64, 0.00511779
_13721_, 127.54, 168.64, 0.00508992
_13726_, 127.54, 168.64, 0.00508992
hold260, 127.54, 168.64, 0.00508992
FILLER_0_59_272, 127.54, 168.64, 0.00508992
_11591_, 140.34, 168.64, 0.00505937
_13728_, 140.34, 168.64, 0.00505937
FILLER_0_57_281, 140.34, 168.64, 0.00505937
_09752_, 153.14, 168.64, 0.00502843
_14749_, 153.14, 168.64, 0.00502843
clkbuf_2_0_0_clk, 153.14, 168.64, 0.00502843
FILLER_0_57_316, 153.14, 168.64, 0.00502843
FILLER_0_58_309, 153.14, 168.64, 0.00502843
FILLER_0_58_333, 153.14, 168.64, 0.00502843
_14753_, 165.94, 168.64, 0.00491622
_17155_, 165.94, 168.64, 0.00491622
hold1945, 165.94, 168.64, 0.00491622
FILLER_0_57_345, 165.94, 168.64, 0.00491622
FILLER_0_58_341, 165.94, 168.64, 0.00491622
FILLER_0_59_353, 165.94, 168.64, 0.00491622
_09858_, 191.54, 168.64, 0.00469963
_09859_, 191.54, 168.64, 0.00469963
_14688_, 191.54, 168.64, 0.00469963
_14691_, 191.54, 168.64, 0.00469963
_14695_, 191.54, 168.64, 0.00469963
_17103_, 191.54, 168.64, 0.00469963
_17139_, 191.54, 168.64, 0.00469963
FILLER_0_57_397, 191.54, 168.64, 0.00469963
FILLER_0_58_415, 191.54, 168.64, 0.00469963
_09792_, 204.34, 168.64, 0.00458605
_09793_, 204.34, 168.64, 0.00458605
_14730_, 204.34, 168.64, 0.00458605
_17136_, 204.34, 168.64, 0.00458605
hold1214, 204.34, 168.64, 0.00458605
FILLER_0_58_432, 204.34, 168.64, 0.00458605
FILLER_0_59_434, 204.34, 168.64, 0.00458605
_09790_, 217.14, 168.64, 0.0044643
_09801_, 217.14, 168.64, 0.0044643
_14723_, 217.14, 168.64, 0.0044643
_14724_, 217.14, 168.64, 0.0044643
_17132_, 217.14, 168.64, 0.0044643
_17133_, 217.14, 168.64, 0.0044643
FILLER_0_59_472, 217.14, 168.64, 0.0044643
_09798_, 229.94, 168.64, 0.00432761
_10236_, 229.94, 168.64, 0.00432761
_10237_, 229.94, 168.64, 0.00432761
_14481_, 229.94, 168.64, 0.00432761
hold1263, 229.94, 168.64, 0.00432761
FILLER_0_58_490, 229.94, 168.64, 0.00432761
_10240_, 242.74, 168.64, 0.00418961
_14477_, 242.74, 168.64, 0.00418961
_14479_, 242.74, 168.64, 0.00418961
hold718, 242.74, 168.64, 0.00418961
FILLER_0_58_509, 242.74, 168.64, 0.00418961
FILLER_0_58_521, 242.74, 168.64, 0.00418961
FILLER_0_58_529, 242.74, 168.64, 0.00418961
FILLER_0_59_525, 242.74, 168.64, 0.00418961
_13186_, 255.54, 168.64, 0.00404879
_13187_, 255.54, 168.64, 0.00404879
_15817_, 255.54, 168.64, 0.00404879
FILLER_0_57_532, 255.54, 168.64, 0.00404879
_13188_, 268.34, 168.64, 0.00387626
_13189_, 268.34, 168.64, 0.00387626
_13260_, 268.34, 168.64, 0.00387626
FILLER_0_58_575, 268.34, 168.64, 0.00387626
FILLER_0_58_584, 268.34, 168.64, 0.00387626
_10284_, 293.94, 168.64, 0.00352847
hold1532, 293.94, 168.64, 0.00352847
FILLER_0_57_617, 293.94, 168.64, 0.00352847
FILLER_0_58_637, 293.94, 168.64, 0.00352847
_10295_, 306.74, 168.64, 0.00335387
_14449_, 306.74, 168.64, 0.00335387
FILLER_0_58_657, 306.74, 168.64, 0.00335387
FILLER_0_58_666, 306.74, 168.64, 0.00335387
_10294_, 319.54, 168.64, 0.00317887
_11180_, 319.54, 168.64, 0.00317887
_11181_, 319.54, 168.64, 0.00317887
_13957_, 319.54, 168.64, 0.00317887
_13955_, 345.14, 168.64, 0.00321557
_13959_, 345.14, 168.64, 0.00321557
_13960_, 345.14, 168.64, 0.00321557
_16446_, 345.14, 168.64, 0.00321557
hold1337, 345.14, 168.64, 0.00321557
_16420_, 357.94, 168.64, 0.00341812
FILLER_0_58_769, 357.94, 168.64, 0.00341812
FILLER_0_59_774, 357.94, 168.64, 0.00341812
_11224_, 370.74, 168.64, 0.0036136
_11225_, 370.74, 168.64, 0.0036136
_11233_, 370.74, 168.64, 0.0036136
clkbuf_leaf_225_clk, 370.74, 168.64, 0.0036136
hold1406, 370.74, 168.64, 0.0036136
FILLER_0_57_791, 370.74, 168.64, 0.0036136
FILLER_0_59_797, 370.74, 168.64, 0.0036136
_13922_, 383.54, 168.64, 0.00375869
_13932_, 383.54, 168.64, 0.00375869
_16418_, 383.54, 168.64, 0.00375869
hold2110, 383.54, 168.64, 0.00375869
FILLER_0_57_819, 383.54, 168.64, 0.00375869
FILLER_0_59_822, 383.54, 168.64, 0.00375869
_11318_, 396.34, 168.64, 0.00389404
_11319_, 396.34, 168.64, 0.00389404
_11323_, 396.34, 168.64, 0.00389404
FILLER_0_58_847, 396.34, 168.64, 0.00389404
_11304_, 409.14, 168.64, 0.00402876
_13888_, 409.14, 168.64, 0.00402876
_16380_, 409.14, 168.64, 0.00402876
hold1636, 409.14, 168.64, 0.00402876
FILLER_0_58_869, 409.14, 168.64, 0.00402876
_11308_, 421.94, 168.64, 0.00415548
_11309_, 421.94, 168.64, 0.00415548
_13886_, 421.94, 168.64, 0.00415548
_17553_, 421.94, 168.64, 0.00415548
FILLER_0_58_918, 421.94, 168.64, 0.00415548
_08952_, 434.74, 168.64, 0.00427446
_08953_, 434.74, 168.64, 0.00427446
_15193_, 434.74, 168.64, 0.00427446
FILLER_0_58_925, 434.74, 168.64, 0.00427446
FILLER_0_58_933, 434.74, 168.64, 0.00427446
_08954_, 447.54, 168.64, 0.00439286
_08955_, 447.54, 168.64, 0.00439286
hold681, 447.54, 168.64, 0.00439286
_09008_, 460.34, 168.64, 0.00451036
_09020_, 460.34, 168.64, 0.00451036
_15159_, 460.34, 168.64, 0.00451036
_15162_, 460.34, 168.64, 0.00451036
hold1246, 460.34, 168.64, 0.00451036
FILLER_0_58_976, 460.34, 168.64, 0.00451036
FILLER_0_58_981, 460.34, 168.64, 0.00451036
clkbuf_leaf_187_clk, 473.14, 168.64, 0.00462657
FILLER_0_57_1009, 473.14, 168.64, 0.00462657
FILLER_0_59_1029, 473.14, 168.64, 0.00462657
_09102_, 498.137, 168.64, 0.00470218
_15112_, 498.137, 168.64, 0.00470218
hold492, 498.137, 168.64, 0.00470218
FILLER_0_58_1088, 510.334, 168.64, 0.00470218
FILLER_0_57_1113, 522.531, 168.64, 0.00470218
FILLER_0_58_1141, 534.728, 168.64, 0.00470218
FILLER_0_57_1169, 546.925, 168.64, 0.00470218
FILLER_0_58_1197, 559.122, 168.64, 0.00470218
PHY_110, 5.52, 163.2, 0.00518187
PHY_112, 5.52, 163.2, 0.00518187
output113, 5.52, 163.2, 0.00518187
PHY_111, 571.32, 163.2, 0.00478764
PHY_113, 571.32, 163.2, 0.00478764
output55, 571.32, 163.2, 0.00478764
FILLER_0_56_1217, 571.32, 163.2, 0.00478764
FILLER_0_56_21, 15.33, 163.2, 0.00512141
FILLER_0_57_27, 15.33, 163.2, 0.00512141
_11726_, 37.94, 163.2, 0.00508172
_13648_, 37.94, 163.2, 0.00508172
_16163_, 37.94, 163.2, 0.00508172
_11729_, 50.74, 163.2, 0.00509501
_16168_, 50.74, 163.2, 0.00509501
hold1226, 50.74, 163.2, 0.00509501
_11728_, 63.54, 163.2, 0.00510052
_13671_, 63.54, 163.2, 0.00510052
FILLER_0_56_129, 63.54, 163.2, 0.00510052
FILLER_0_56_137, 63.54, 163.2, 0.00510052
FILLER_0_57_133, 63.54, 163.2, 0.00510052
_11569_, 76.34, 163.2, 0.00510562
_11578_, 76.34, 163.2, 0.00510562
_16243_, 76.34, 163.2, 0.00510562
FILLER_0_56_141, 76.34, 163.2, 0.00510562
_16245_, 89.14, 163.2, 0.00510323
_16250_, 89.14, 163.2, 0.00510323
FILLER_0_57_217, 101.94, 163.2, 0.00508663
_11594_, 114.74, 163.2, 0.00507004
_11595_, 114.74, 163.2, 0.00507004
FILLER_0_56_245, 114.74, 163.2, 0.00507004
_11589_, 127.54, 163.2, 0.00505303
_13724_, 127.54, 163.2, 0.00505303
_13729_, 127.54, 163.2, 0.00505303
_16237_, 127.54, 163.2, 0.00505303
clkbuf_leaf_3_clk, 127.54, 163.2, 0.00505303
FILLER_0_55_252, 127.54, 163.2, 0.00505303
FILLER_0_56_253, 127.54, 163.2, 0.00505303
FILLER_0_57_272, 127.54, 163.2, 0.00505303
_11590_, 140.34, 163.2, 0.00498643
_16240_, 140.34, 163.2, 0.00498643
hold657, 140.34, 163.2, 0.00498643
_09749_, 153.14, 163.2, 0.00491201
_09751_, 153.14, 163.2, 0.00491201
_09760_, 153.14, 163.2, 0.00491201
_09761_, 153.14, 163.2, 0.00491201
_17152_, 153.14, 163.2, 0.00491201
_17157_, 153.14, 163.2, 0.00491201
FILLER_0_56_309, 153.14, 163.2, 0.00491201
FILLER_0_57_329, 153.14, 163.2, 0.00491201
_09748_, 165.94, 163.2, 0.0048225
_09755_, 165.94, 163.2, 0.0048225
_14744_, 165.94, 163.2, 0.0048225
_14748_, 165.94, 163.2, 0.0048225
hold713, 165.94, 163.2, 0.0048225
hold1980, 165.94, 163.2, 0.0048225
FILLER_0_56_357, 165.94, 163.2, 0.0048225
FILLER_0_57_353, 165.94, 163.2, 0.0048225
FILLER_0_57_362, 165.94, 163.2, 0.0048225
_09846_, 191.54, 163.2, 0.0046325
_14697_, 191.54, 163.2, 0.0046325
hold1635, 191.54, 163.2, 0.0046325
FILLER_0_56_414, 191.54, 163.2, 0.0046325
_09791_, 204.34, 163.2, 0.00453292
_09861_, 204.34, 163.2, 0.00453292
_14690_, 204.34, 163.2, 0.00453292
_14728_, 204.34, 163.2, 0.00453292
_17137_, 204.34, 163.2, 0.00453292
_09799_, 217.14, 163.2, 0.00442551
hold773, 217.14, 163.2, 0.00442551
hold1129, 217.14, 163.2, 0.00442551
FILLER_0_56_466, 217.14, 163.2, 0.00442551
_10241_, 229.94, 163.2, 0.00431689
_16912_, 229.94, 163.2, 0.00431689
_16916_, 229.94, 163.2, 0.00431689
FILLER_0_55_481, 229.94, 163.2, 0.00431689
FILLER_0_56_489, 229.94, 163.2, 0.00431689
FILLER_0_57_496, 229.94, 163.2, 0.00431689
_14484_, 242.74, 163.2, 0.00419389
_16917_, 242.74, 163.2, 0.00419389
_13191_, 255.54, 163.2, 0.00406362
_13255_, 255.54, 163.2, 0.00406362
_13262_, 255.54, 163.2, 0.00406362
hold1255, 255.54, 163.2, 0.00406362
FILLER_0_56_541, 255.54, 163.2, 0.00406362
FILLER_0_56_556, 255.54, 163.2, 0.00406362
_13190_, 268.34, 163.2, 0.00392686
_13193_, 268.34, 163.2, 0.00392686
_13195_, 268.34, 163.2, 0.00392686
_13263_, 268.34, 163.2, 0.00392686
_13264_, 268.34, 163.2, 0.00392686
FILLER_0_55_561, 268.34, 163.2, 0.00392686
_16890_, 281.14, 163.2, 0.00378624
FILLER_0_56_601, 281.14, 163.2, 0.00378624
_10285_, 293.94, 163.2, 0.00363853
_14444_, 293.94, 163.2, 0.00363853
_14454_, 293.94, 163.2, 0.00363853
_16881_, 293.94, 163.2, 0.00363853
FILLER_0_55_624, 293.94, 163.2, 0.00363853
_14445_, 306.74, 163.2, 0.00348138
_14448_, 306.74, 163.2, 0.00348138
hold444, 306.74, 163.2, 0.00348138
hold524, 306.74, 163.2, 0.00348138
FILLER_0_57_663, 306.74, 163.2, 0.00348138
_11171_, 319.54, 163.2, 0.00332284
_16447_, 319.54, 163.2, 0.00332284
FILLER_0_56_696, 319.54, 163.2, 0.00332284
_11174_, 345.14, 163.2, 0.00331517
_11179_, 345.14, 163.2, 0.00331517
_13958_, 345.14, 163.2, 0.00331517
hold1041, 345.14, 163.2, 0.00331517
hold1496, 345.14, 163.2, 0.00331517
FILLER_0_56_749, 345.14, 163.2, 0.00331517
_13956_, 357.94, 163.2, 0.00347176
hold612, 357.94, 163.2, 0.00347176
FILLER_0_56_772, 357.94, 163.2, 0.00347176
FILLER_0_57_775, 357.94, 163.2, 0.00347176
_11232_, 370.74, 163.2, 0.00362767
_13928_, 370.74, 163.2, 0.00362767
_16412_, 370.74, 163.2, 0.00362767
_16416_, 370.74, 163.2, 0.00362767
hold1525, 370.74, 163.2, 0.00362767
FILLER_0_55_781, 370.74, 163.2, 0.00362767
FILLER_0_57_797, 370.74, 163.2, 0.00362767
FILLER_0_57_804, 370.74, 163.2, 0.00362767
_11231_, 383.54, 163.2, 0.00376852
_13929_, 383.54, 163.2, 0.00376852
_16411_, 383.54, 163.2, 0.00376852
_16417_, 383.54, 163.2, 0.00376852
FILLER_0_56_813, 383.54, 163.2, 0.00376852
FILLER_0_57_834, 383.54, 163.2, 0.00376852
_11230_, 396.34, 163.2, 0.00389482
_13923_, 396.34, 163.2, 0.00389482
hold1465, 396.34, 163.2, 0.00389482
hold1597, 396.34, 163.2, 0.00389482
FILLER_0_55_849, 396.34, 163.2, 0.00389482
hold251, 409.14, 163.2, 0.00401973
FILLER_0_56_865, 409.14, 163.2, 0.00401973
FILLER_0_57_886, 409.14, 163.2, 0.00401973
_13885_, 421.94, 163.2, 0.00414411
hold1482, 421.94, 163.2, 0.00414411
FILLER_0_56_917, 421.94, 163.2, 0.00414411
_08946_, 434.74, 163.2, 0.00426781
_08947_, 434.74, 163.2, 0.00426781
_15196_, 434.74, 163.2, 0.00426781
hold128, 434.74, 163.2, 0.00426781
FILLER_0_57_945, 434.74, 163.2, 0.00426781
_08963_, 447.54, 163.2, 0.00439043
_15188_, 447.54, 163.2, 0.00439043
_17522_, 447.54, 163.2, 0.00439043
hold1662, 447.54, 163.2, 0.00439043
FILLER_0_55_947, 447.54, 163.2, 0.00439043
FILLER_0_56_971, 447.54, 163.2, 0.00439043
_09007_, 460.34, 163.2, 0.00450505
_09021_, 460.34, 163.2, 0.00450505
_15156_, 460.34, 163.2, 0.00450505
_15163_, 460.34, 163.2, 0.00450505
_17529_, 460.34, 163.2, 0.00450505
FILLER_0_56_989, 460.34, 163.2, 0.00450505
FILLER_0_56_1001, 460.34, 163.2, 0.00450505
FILLER_0_57_1002, 460.34, 163.2, 0.00450505
_09018_, 473.14, 163.2, 0.00461183
_09019_, 473.14, 163.2, 0.00461183
_15157_, 473.14, 163.2, 0.00461183
_17488_, 473.14, 163.2, 0.00461183
hold310, 473.14, 163.2, 0.00461183
FILLER_0_56_1012, 473.14, 163.2, 0.00461183
_09100_, 498.137, 163.2, 0.00472218
_09101_, 498.137, 163.2, 0.00472218
hold603, 498.137, 163.2, 0.00472218
FILLER_0_56_1082, 498.137, 163.2, 0.00472218
FILLER_0_55_1113, 522.531, 163.2, 0.004744
FILLER_0_56_1141, 534.728, 163.2, 0.00475491
FILLER_0_55_1169, 546.925, 163.2, 0.00476582
FILLER_0_56_1197, 559.122, 163.2, 0.00477673
PHY_106, 5.52, 157.76, 0.00486308
PHY_108, 5.52, 157.76, 0.00486308
PHY_107, 571.32, 157.76, 0.00480632
PHY_109, 571.32, 157.76, 0.00480632
FILLER_0_54_1217, 571.32, 157.76, 0.00480632
_11682_, 37.94, 157.76, 0.00487371
_13678_, 37.94, 157.76, 0.00487371
hold1698, 37.94, 157.76, 0.00487371
FILLER_0_54_77, 37.94, 157.76, 0.00487371
FILLER_0_55_84, 37.94, 157.76, 0.00487371
_16200_, 50.74, 157.76, 0.00488337
hold1615, 50.74, 157.76, 0.00488337
FILLER_0_54_97, 50.74, 157.76, 0.00488337
FILLER_0_55_107, 50.74, 157.76, 0.00488337
_16177_, 63.54, 157.76, 0.00488545
_11579_, 76.34, 157.76, 0.00488041
_11710_, 76.34, 157.76, 0.00488041
_13660_, 76.34, 157.76, 0.00488041
hold535, 76.34, 157.76, 0.00488041
FILLER_0_54_141, 76.34, 157.76, 0.00488041
FILLER_0_55_161, 76.34, 157.76, 0.00488041
_11709_, 89.14, 157.76, 0.00487428
FILLER_0_54_190, 89.14, 157.76, 0.00487428
_11544_, 101.94, 157.76, 0.00486795
_11563_, 101.94, 157.76, 0.00486795
_16251_, 101.94, 157.76, 0.00486795
hold1340, 101.94, 157.76, 0.00486795
FILLER_0_54_197, 101.94, 157.76, 0.00486795
FILLER_0_54_211, 101.94, 157.76, 0.00486795
FILLER_0_55_217, 101.94, 157.76, 0.00486795
_11556_, 114.74, 157.76, 0.0048536
_11557_, 114.74, 157.76, 0.0048536
_11599_, 114.74, 157.76, 0.0048536
_13747_, 114.74, 157.76, 0.0048536
_16254_, 114.74, 157.76, 0.0048536
hold747, 114.74, 157.76, 0.0048536
FILLER_0_53_225, 114.74, 157.76, 0.0048536
FILLER_0_54_226, 114.74, 157.76, 0.0048536
_11598_, 127.54, 157.76, 0.00483084
_16238_, 127.54, 157.76, 0.00483084
hold770, 127.54, 157.76, 0.00483084
hold2057, 127.54, 157.76, 0.00483084
_11584_, 140.34, 157.76, 0.00479977
_11585_, 140.34, 157.76, 0.00479977
_11588_, 140.34, 157.76, 0.00479977
_13731_, 140.34, 157.76, 0.00479977
hold708, 140.34, 157.76, 0.00479977
FILLER_0_54_285, 140.34, 157.76, 0.00479977
FILLER_0_54_294, 140.34, 157.76, 0.00479977
FILLER_0_54_304, 140.34, 157.76, 0.00479977
_14750_, 153.14, 157.76, 0.00476738
_17158_, 153.14, 157.76, 0.00476738
FILLER_0_53_317, 153.14, 157.76, 0.00476738
FILLER_0_54_309, 153.14, 157.76, 0.00476738
_09750_, 165.94, 157.76, 0.00472767
_09763_, 165.94, 157.76, 0.00472767
_14751_, 165.94, 157.76, 0.00472767
_17151_, 165.94, 157.76, 0.00472767
FILLER_0_54_355, 165.94, 157.76, 0.00472767
FILLER_0_54_417, 191.54, 157.76, 0.00462014
_09860_, 204.34, 157.76, 0.00456001
_17102_, 204.34, 157.76, 0.00456001
hold1714, 204.34, 157.76, 0.00456001
FILLER_0_53_424, 204.34, 157.76, 0.00456001
FILLER_0_53_431, 204.34, 157.76, 0.00456001
FILLER_0_55_441, 204.34, 157.76, 0.00456001
FILLER_0_54_473, 217.14, 157.76, 0.00449205
FILLER_0_55_473, 217.14, 157.76, 0.00449205
_10232_, 229.94, 157.76, 0.00442408
_10233_, 229.94, 157.76, 0.00442408
_10324_, 229.94, 157.76, 0.00442408
_14483_, 229.94, 157.76, 0.00442408
FILLER_0_54_489, 229.94, 157.76, 0.00442408
_10230_, 242.74, 157.76, 0.00435534
_10231_, 242.74, 157.76, 0.00435534
hold760, 242.74, 157.76, 0.00435534
FILLER_0_54_511, 242.74, 157.76, 0.00435534
_13196_, 255.54, 157.76, 0.00428568
_13265_, 255.54, 157.76, 0.00428568
_15820_, 255.54, 157.76, 0.00428568
FILLER_0_54_550, 255.54, 157.76, 0.00428568
_13194_, 268.34, 157.76, 0.00419253
_13198_, 268.34, 157.76, 0.00419253
_13199_, 268.34, 157.76, 0.00419253
_15818_, 268.34, 157.76, 0.00419253
_15819_, 268.34, 157.76, 0.00419253
_13192_, 281.14, 157.76, 0.00404481
FILLER_0_55_607, 281.14, 157.76, 0.00404481
_10302_, 293.94, 157.76, 0.00389449
_10303_, 293.94, 157.76, 0.00389449
_16884_, 293.94, 157.76, 0.00389449
FILLER_0_54_640, 293.94, 157.76, 0.00389449
_10296_, 306.74, 157.76, 0.00373664
_10297_, 306.74, 157.76, 0.00373664
_11255_, 306.74, 157.76, 0.00373664
_16405_, 306.74, 157.76, 0.00373664
FILLER_0_53_641, 306.74, 157.76, 0.00373664
FILLER_0_54_645, 306.74, 157.76, 0.00373664
FILLER_0_54_651, 306.74, 157.76, 0.00373664
FILLER_0_54_660, 306.74, 157.76, 0.00373664
FILLER_0_55_663, 306.74, 157.76, 0.00373664
_11254_, 319.54, 157.76, 0.00357106
_11257_, 319.54, 157.76, 0.00357106
_11263_, 319.54, 157.76, 0.00357106
_13243_, 319.54, 157.76, 0.00357106
_16404_, 319.54, 157.76, 0.00357106
hold1312, 319.54, 157.76, 0.00357106
FILLER_0_53_673, 319.54, 157.76, 0.00357106
FILLER_0_54_678, 319.54, 157.76, 0.00357106
FILLER_0_54_690, 319.54, 157.76, 0.00357106
_11178_, 345.14, 157.76, 0.00360724
_16441_, 345.14, 157.76, 0.00360724
FILLER_0_54_750, 345.14, 157.76, 0.00360724
_11164_, 357.94, 157.76, 0.0038134
_11165_, 357.94, 157.76, 0.0038134
_11182_, 357.94, 157.76, 0.0038134
_11183_, 357.94, 157.76, 0.0038134
_13965_, 357.94, 157.76, 0.0038134
hold1738, 357.94, 157.76, 0.0038134
_11240_, 370.74, 157.76, 0.00401805
_11241_, 370.74, 157.76, 0.00401805
_13924_, 370.74, 157.76, 0.00401805
hold914, 370.74, 157.76, 0.00401805
FILLER_0_54_783, 370.74, 157.76, 0.00401805
FILLER_0_54_791, 370.74, 157.76, 0.00401805
FILLER_0_54_801, 370.74, 157.76, 0.00401805
_11234_, 383.54, 157.76, 0.0042216
_11235_, 383.54, 157.76, 0.0042216
_11243_, 383.54, 157.76, 0.0042216
_13927_, 383.54, 157.76, 0.0042216
_16415_, 383.54, 157.76, 0.0042216
hold1826, 383.54, 157.76, 0.0042216
FILLER_0_53_809, 383.54, 157.76, 0.0042216
_11242_, 396.34, 157.76, 0.00441674
_11317_, 396.34, 157.76, 0.00441674
_11321_, 396.34, 157.76, 0.00441674
_13878_, 396.34, 157.76, 0.00441674
_16372_, 396.34, 157.76, 0.00441674
_16379_, 396.34, 157.76, 0.00441674
hold1236, 396.34, 157.76, 0.00441674
_11306_, 409.14, 157.76, 0.00459458
_11307_, 409.14, 157.76, 0.00459458
_11311_, 409.14, 157.76, 0.00459458
_11320_, 409.14, 157.76, 0.00459458
_13882_, 409.14, 157.76, 0.00459458
_13887_, 409.14, 157.76, 0.00459458
clkbuf_leaf_224_clk, 409.14, 157.76, 0.00459458
hold1460, 409.14, 157.76, 0.00459458
_08961_, 421.94, 157.76, 0.00472987
_11310_, 421.94, 157.76, 0.00472987
_16377_, 421.94, 157.76, 0.00472987
_17559_, 421.94, 157.76, 0.00472987
clkbuf_2_2_0_clk, 421.94, 157.76, 0.00472987
FILLER_0_55_909, 421.94, 157.76, 0.00472987
_08960_, 434.74, 157.76, 0.00476723
_15189_, 434.74, 157.76, 0.00476723
_17551_, 434.74, 157.76, 0.00476723
_17560_, 434.74, 157.76, 0.00476723
hold259, 434.74, 157.76, 0.00476723
FILLER_0_54_920, 434.74, 157.76, 0.00476723
FILLER_0_54_939, 434.74, 157.76, 0.00476723
_08948_, 447.54, 157.76, 0.00478951
_08949_, 447.54, 157.76, 0.00478951
_15195_, 447.54, 157.76, 0.00478951
_17558_, 447.54, 157.76, 0.00478951
hold1680, 447.54, 157.76, 0.00478951
FILLER_0_55_972, 447.54, 157.76, 0.00478951
_08962_, 460.34, 157.76, 0.00480355
_09006_, 460.34, 157.76, 0.00480355
_15154_, 460.34, 157.76, 0.00480355
_15160_, 460.34, 157.76, 0.00480355
_17523_, 460.34, 157.76, 0.00480355
hold1626, 460.34, 157.76, 0.00480355
_09089_, 473.14, 157.76, 0.00480736
_15118_, 473.14, 157.76, 0.00480736
_17486_, 473.14, 157.76, 0.00480736
FILLER_0_54_1013, 473.14, 157.76, 0.00480736
FILLER_0_55_1020, 473.14, 157.76, 0.00480736
_09096_, 498.137, 157.76, 0.00480525
_09097_, 498.137, 157.76, 0.00480525
_15114_, 498.137, 157.76, 0.00480525
hold740, 498.137, 157.76, 0.00480525
FILLER_0_54_1065, 498.137, 157.76, 0.00480525
FILLER_0_54_1083, 498.137, 157.76, 0.00480525
_08045_, 522.531, 157.76, 0.00480632
_15691_, 522.531, 157.76, 0.00480632
_15697_, 522.531, 157.76, 0.00480632
FILLER_0_54_1141, 534.728, 157.76, 0.00480632
FILLER_0_53_1173, 546.925, 157.76, 0.00480632
FILLER_0_54_1197, 559.122, 157.76, 0.00480632
PHY_102, 5.52, 152.32, 0.00476318
PHY_104, 5.52, 152.32, 0.00476318
PHY_103, 571.32, 152.32, 0.00484671
PHY_105, 571.32, 152.32, 0.00484671
FILLER_0_52_1217, 571.32, 152.32, 0.00484671
_16191_, 37.94, 152.32, 0.00479638
hold1768, 37.94, 152.32, 0.00479638
hold2010, 37.94, 152.32, 0.00479638
FILLER_0_52_79, 37.94, 152.32, 0.00479638
_11664_, 50.74, 152.32, 0.00482145
_11665_, 50.74, 152.32, 0.00482145
_13683_, 50.74, 152.32, 0.00482145
_13687_, 50.74, 152.32, 0.00482145
_16196_, 50.74, 152.32, 0.00482145
hold1614, 50.74, 152.32, 0.00482145
FILLER_0_52_85, 50.74, 152.32, 0.00482145
FILLER_0_52_101, 50.74, 152.32, 0.00482145
FILLER_0_53_108, 50.74, 152.32, 0.00482145
_11711_, 63.54, 152.32, 0.00483819
_13662_, 63.54, 152.32, 0.00483819
FILLER_0_52_130, 63.54, 152.32, 0.00483819
_11714_, 76.34, 152.32, 0.00485456
_11715_, 76.34, 152.32, 0.00485456
_16175_, 76.34, 152.32, 0.00485456
_16178_, 76.34, 152.32, 0.00485456
FILLER_0_51_152, 76.34, 152.32, 0.00485456
FILLER_0_53_163, 76.34, 152.32, 0.00485456
_11545_, 89.14, 152.32, 0.00485633
_11708_, 89.14, 152.32, 0.00485633
_16179_, 89.14, 152.32, 0.00485633
hold1379, 89.14, 152.32, 0.00485633
FILLER_0_52_193, 89.14, 152.32, 0.00485633
FILLER_0_53_184, 89.14, 152.32, 0.00485633
_11562_, 101.94, 152.32, 0.00485008
_16260_, 101.94, 152.32, 0.00485008
hold2019, 101.94, 152.32, 0.00485008
FILLER_0_53_220, 101.94, 152.32, 0.00485008
_13744_, 114.74, 152.32, 0.00483599
_16233_, 114.74, 152.32, 0.00483599
_16255_, 114.74, 152.32, 0.00483599
FILLER_0_51_237, 114.74, 152.32, 0.00483599
FILLER_0_52_228, 114.74, 152.32, 0.00483599
_11554_, 127.54, 152.32, 0.00480753
hold1445, 127.54, 152.32, 0.00480753
FILLER_0_53_271, 127.54, 152.32, 0.00480753
_11653_, 140.34, 152.32, 0.00477836
_16206_, 140.34, 152.32, 0.00477836
FILLER_0_51_281, 140.34, 152.32, 0.00477836
FILLER_0_52_288, 140.34, 152.32, 0.00477836
_14745_, 153.14, 152.32, 0.00474188
hold628, 153.14, 152.32, 0.00474188
FILLER_0_53_329, 153.14, 152.32, 0.00474188
_09757_, 165.94, 152.32, 0.00470471
_17154_, 165.94, 152.32, 0.00470471
FILLER_0_52_353, 165.94, 152.32, 0.00470471
FILLER_0_53_349, 165.94, 152.32, 0.00470471
_09844_, 191.54, 152.32, 0.00458607
_09845_, 191.54, 152.32, 0.00458607
_09849_, 191.54, 152.32, 0.00458607
_14696_, 191.54, 152.32, 0.00458607
_14698_, 191.54, 152.32, 0.00458607
hold321, 191.54, 152.32, 0.00458607
FILLER_0_53_405, 191.54, 152.32, 0.00458607
_09857_, 204.34, 152.32, 0.00451045
_17104_, 204.34, 152.32, 0.00451045
FILLER_0_52_421, 204.34, 152.32, 0.00451045
FILLER_0_53_437, 204.34, 152.32, 0.00451045
FILLER_0_53_445, 204.34, 152.32, 0.00451045
_09856_, 217.14, 152.32, 0.00442753
_10325_, 217.14, 152.32, 0.00442753
_10341_, 217.14, 152.32, 0.00442753
_14693_, 217.14, 152.32, 0.00442753
_16862_, 217.14, 152.32, 0.00442753
_16870_, 217.14, 152.32, 0.00442753
hold615, 217.14, 152.32, 0.00442753
FILLER_0_53_461, 217.14, 152.32, 0.00442753
FILLER_0_53_471, 217.14, 152.32, 0.00442753
hold748, 229.94, 152.32, 0.00432903
hold1288, 229.94, 152.32, 0.00432903
hold2081, 229.94, 152.32, 0.00432903
_10328_, 242.74, 152.32, 0.00422903
_10335_, 242.74, 152.32, 0.00422903
_14427_, 242.74, 152.32, 0.00422903
FILLER_0_51_515, 242.74, 152.32, 0.00422903
FILLER_0_52_529, 242.74, 152.32, 0.00422903
FILLER_0_53_529, 242.74, 152.32, 0.00422903
_13202_, 255.54, 152.32, 0.00412844
FILLER_0_52_553, 255.54, 152.32, 0.00412844
_13197_, 268.34, 152.32, 0.00402467
_13200_, 268.34, 152.32, 0.00402467
_13201_, 268.34, 152.32, 0.00402467
_13266_, 281.14, 152.32, 0.00391958
FILLER_0_52_589, 281.14, 152.32, 0.00391958
FILLER_0_53_610, 281.14, 152.32, 0.00391958
FILLER_0_52_640, 293.94, 152.32, 0.00381235
_16403_, 306.74, 152.32, 0.00370511
FILLER_0_51_653, 306.74, 152.32, 0.00370511
FILLER_0_52_645, 306.74, 152.32, 0.00370511
_13916_, 319.54, 152.32, 0.00359079
_16401_, 319.54, 152.32, 0.00359079
hold746, 319.54, 152.32, 0.00359079
_11193_, 345.14, 152.32, 0.00362358
_11252_, 345.14, 152.32, 0.00362358
_13242_, 345.14, 152.32, 0.00362358
_16450_, 345.14, 152.32, 0.00362358
FILLER_0_51_729, 345.14, 152.32, 0.00362358
FILLER_0_51_738, 345.14, 152.32, 0.00362358
FILLER_0_53_741, 345.14, 152.32, 0.00362358
_11203_, 357.94, 152.32, 0.00376682
_16431_, 357.94, 152.32, 0.00376682
hold588, 357.94, 152.32, 0.00376682
FILLER_0_52_757, 357.94, 152.32, 0.00376682
FILLER_0_52_770, 357.94, 152.32, 0.00376682
FILLER_0_53_778, 357.94, 152.32, 0.00376682
_11187_, 370.74, 152.32, 0.00390224
hold997, 370.74, 152.32, 0.00390224
FILLER_0_53_835, 383.54, 152.32, 0.00403696
_11316_, 396.34, 152.32, 0.00417169
_16374_, 396.34, 152.32, 0.00417169
FILLER_0_51_836, 396.34, 152.32, 0.00417169
FILLER_0_52_837, 396.34, 152.32, 0.00417169
_11313_, 409.14, 152.32, 0.00429911
_13880_, 409.14, 152.32, 0.00429911
_13883_, 409.14, 152.32, 0.00429911
_13884_, 409.14, 152.32, 0.00429911
_16376_, 409.14, 152.32, 0.00429911
FILLER_0_51_865, 409.14, 152.32, 0.00429911
FILLER_0_52_872, 409.14, 152.32, 0.00429911
FILLER_0_52_886, 409.14, 152.32, 0.00429911
FILLER_0_53_890, 409.14, 152.32, 0.00429911
_08945_, 421.94, 152.32, 0.00441867
_11312_, 421.94, 152.32, 0.00441867
_11315_, 421.94, 152.32, 0.00441867
_17552_, 421.94, 152.32, 0.00441867
hold567, 421.94, 152.32, 0.00441867
hold594, 421.94, 152.32, 0.00441867
FILLER_0_52_914, 421.94, 152.32, 0.00441867
_08944_, 434.74, 152.32, 0.00452946
_15187_, 434.74, 152.32, 0.00452946
_15197_, 434.74, 152.32, 0.00452946
hold1985, 434.74, 152.32, 0.00452946
clkbuf_leaf_188_clk, 447.54, 152.32, 0.00463742
_09012_, 460.34, 152.32, 0.00469764
_09013_, 460.34, 152.32, 0.00469764
_17526_, 460.34, 152.32, 0.00469764
hold1752, 460.34, 152.32, 0.00469764
FILLER_0_51_977, 460.34, 152.32, 0.00469764
FILLER_0_53_993, 460.34, 152.32, 0.00469764
_09093_, 473.14, 152.32, 0.00474984
_15110_, 473.14, 152.32, 0.00474984
FILLER_0_52_1025, 473.14, 152.32, 0.00474984
_08061_, 498.137, 152.32, 0.00482295
_18009_, 498.137, 152.32, 0.00482295
FILLER_0_53_1078, 498.137, 152.32, 0.00482295
_08046_, 510.334, 152.32, 0.00483902
_08047_, 510.334, 152.32, 0.00483902
_15689_, 510.334, 152.32, 0.00483902
_18010_, 510.334, 152.32, 0.00483902
hold144, 510.334, 152.32, 0.00483902
hold552, 510.334, 152.32, 0.00483902
_08044_, 522.531, 152.32, 0.00484671
_08056_, 522.531, 152.32, 0.00484671
_18004_, 522.531, 152.32, 0.00484671
hold680, 522.531, 152.32, 0.00484671
FILLER_0_52_1141, 534.728, 152.32, 0.00484671
FILLER_0_51_1165, 546.925, 152.32, 0.00484671
FILLER_0_51_1173, 546.925, 152.32, 0.00484671
FILLER_0_52_1197, 559.122, 152.32, 0.00484671
PHY_98, 5.52, 146.88, 0.00466882
PHY_100, 5.52, 146.88, 0.00466882
output60, 5.52, 146.88, 0.00466882
PHY_99, 571.32, 146.88, 0.00539293
PHY_101, 571.32, 146.88, 0.00539293
output8, 571.32, 146.88, 0.00539293
ANTENNA_6, 571.32, 146.88, 0.00539293
FILLER_0_50_1217, 571.32, 146.88, 0.00539293
FILLER_0_50_21, 15.33, 146.88, 0.00465879
_13680_, 37.94, 146.88, 0.00468207
_13682_, 37.94, 146.88, 0.00468207
_11672_, 50.74, 146.88, 0.00471501
_11673_, 50.74, 146.88, 0.00471501
_11676_, 50.74, 146.88, 0.00471501
_11677_, 50.74, 146.88, 0.00471501
hold918, 50.74, 146.88, 0.00471501
FILLER_0_50_85, 50.74, 146.88, 0.00471501
FILLER_0_49_125, 63.54, 146.88, 0.00474663
FILLER_0_50_132, 63.54, 146.88, 0.00474663
FILLER_0_51_137, 63.54, 146.88, 0.00474663
_11722_, 76.34, 146.88, 0.00477825
_13663_, 76.34, 146.88, 0.00477825
hold180, 76.34, 146.88, 0.00477825
hold532, 76.34, 146.88, 0.00477825
FILLER_0_50_165, 76.34, 146.88, 0.00477825
_11706_, 89.14, 146.88, 0.00480848
_11707_, 89.14, 146.88, 0.00480848
_13664_, 89.14, 146.88, 0.00480848
hold989, 89.14, 146.88, 0.00480848
_13753_, 101.94, 146.88, 0.00483762
_16257_, 101.94, 146.88, 0.00483762
clkbuf_leaf_2_clk, 101.94, 146.88, 0.00483762
FILLER_0_51_213, 101.94, 146.88, 0.00483762
FILLER_0_51_221, 101.94, 146.88, 0.00483762
_11555_, 114.74, 146.88, 0.00481183
_13748_, 114.74, 146.88, 0.00481183
hold1380, 114.74, 146.88, 0.00481183
_16205_, 127.54, 146.88, 0.00478513
FILLER_0_51_274, 127.54, 146.88, 0.00478513
_11652_, 140.34, 146.88, 0.00475134
_11654_, 140.34, 146.88, 0.00475134
_11655_, 140.34, 146.88, 0.00475134
hold229, 140.34, 146.88, 0.00475134
FILLER_0_49_281, 140.34, 146.88, 0.00475134
_11651_, 153.14, 146.88, 0.00471641
_13695_, 153.14, 146.88, 0.00471641
_16207_, 153.14, 146.88, 0.00471641
hold340, 153.14, 146.88, 0.00471641
FILLER_0_49_314, 153.14, 146.88, 0.00471641
FILLER_0_50_309, 153.14, 146.88, 0.00471641
FILLER_0_51_332, 153.14, 146.88, 0.00471641
_11658_, 165.94, 146.88, 0.00467348
_13643_, 165.94, 146.88, 0.00467348
hold439, 165.94, 146.88, 0.00467348
FILLER_0_50_359, 165.94, 146.88, 0.00467348
_09848_, 191.54, 146.88, 0.00460125
_14694_, 191.54, 146.88, 0.00460125
_17105_, 191.54, 146.88, 0.00460125
_17106_, 191.54, 146.88, 0.00460125
hold357, 191.54, 146.88, 0.00460125
hold837, 191.54, 146.88, 0.00460125
_09855_, 204.34, 146.88, 0.0045591
_17101_, 204.34, 146.88, 0.0045591
hold1186, 204.34, 146.88, 0.0045591
FILLER_0_49_428, 204.34, 146.88, 0.0045591
_09862_, 217.14, 146.88, 0.00450913
_16863_, 217.14, 146.88, 0.00450913
hold495, 217.14, 146.88, 0.00450913
_10329_, 229.94, 146.88, 0.00445135
_10338_, 229.94, 146.88, 0.00445135
_10340_, 229.94, 146.88, 0.00445135
_14424_, 229.94, 146.88, 0.00445135
_14425_, 229.94, 146.88, 0.00445135
_14432_, 229.94, 146.88, 0.00445135
_16865_, 229.94, 146.88, 0.00445135
FILLER_0_50_488, 229.94, 146.88, 0.00445135
_10334_, 242.74, 146.88, 0.00438515
_16868_, 242.74, 146.88, 0.00438515
hold627, 242.74, 146.88, 0.00438515
hold2105, 242.74, 146.88, 0.00438515
FILLER_0_50_529, 242.74, 146.88, 0.00438515
_13203_, 255.54, 146.88, 0.00431058
_13267_, 255.54, 146.88, 0.00431058
_15821_, 255.54, 146.88, 0.00431058
FILLER_0_51_550, 255.54, 146.88, 0.00431058
_13227_, 281.14, 146.88, 0.00410844
_13229_, 281.14, 146.88, 0.00410844
_13230_, 281.14, 146.88, 0.00410844
FILLER_0_51_606, 281.14, 146.88, 0.00410844
_13278_, 293.94, 146.88, 0.00400644
FILLER_0_49_617, 293.94, 146.88, 0.00400644
FILLER_0_50_638, 293.94, 146.88, 0.00400644
_11258_, 306.74, 146.88, 0.00390427
_11259_, 306.74, 146.88, 0.00390427
_13914_, 306.74, 146.88, 0.00390427
_13912_, 319.54, 146.88, 0.00380152
_13915_, 319.54, 146.88, 0.00380152
clkbuf_leaf_219_clk, 319.54, 146.88, 0.00380152
FILLER_0_49_673, 319.54, 146.88, 0.00380152
FILLER_0_50_669, 319.54, 146.88, 0.00380152
FILLER_0_50_693, 319.54, 146.88, 0.00380152
FILLER_0_51_685, 319.54, 146.88, 0.00380152
_11192_, 345.14, 146.88, 0.00382063
_16435_, 345.14, 146.88, 0.00382063
_16436_, 345.14, 146.88, 0.00382063
hold1102, 345.14, 146.88, 0.00382063
FILLER_0_50_725, 345.14, 146.88, 0.00382063
FILLER_0_51_751, 345.14, 146.88, 0.00382063
_11194_, 357.94, 146.88, 0.00397678
_11202_, 357.94, 146.88, 0.00397678
_13945_, 357.94, 146.88, 0.00397678
_16437_, 357.94, 146.88, 0.00397678
_16439_, 357.94, 146.88, 0.00397678
hold727, 357.94, 146.88, 0.00397678
FILLER_0_49_756, 357.94, 146.88, 0.00397678
_11186_, 370.74, 146.88, 0.00411762
_11190_, 370.74, 146.88, 0.00411762
_13951_, 370.74, 146.88, 0.00411762
_13953_, 370.74, 146.88, 0.00411762
hold1776, 370.74, 146.88, 0.00411762
_11209_, 383.54, 146.88, 0.00425717
clkbuf_leaf_223_clk, 383.54, 146.88, 0.00425717
FILLER_0_50_816, 383.54, 146.88, 0.00425717
_16422_, 396.34, 146.88, 0.00434935
FILLER_0_49_837, 396.34, 146.88, 0.00434935
_16375_, 409.14, 146.88, 0.00443445
FILLER_0_50_864, 409.14, 146.88, 0.00443445
FILLER_0_50_869, 409.14, 146.88, 0.00443445
FILLER_0_50_877, 409.14, 146.88, 0.00443445
_11314_, 421.94, 146.88, 0.00451244
_15087_, 421.94, 146.88, 0.00451244
FILLER_0_49_893, 421.94, 146.88, 0.00451244
FILLER_0_50_915, 421.94, 146.88, 0.00451244
FILLER_0_51_943, 434.74, 146.88, 0.00458836
_09070_, 447.54, 146.88, 0.00466427
_09071_, 447.54, 146.88, 0.00466427
hold1535, 447.54, 146.88, 0.00466427
FILLER_0_49_953, 447.54, 146.88, 0.00466427
FILLER_0_50_961, 447.54, 146.88, 0.00466427
hold1975, 460.34, 146.88, 0.00473928
FILLER_0_51_1000, 460.34, 146.88, 0.00473928
_09002_, 473.14, 146.88, 0.00481378
_09003_, 473.14, 146.88, 0.00481378
_17531_, 473.14, 146.88, 0.00481378
hold138, 473.14, 146.88, 0.00481378
FILLER_0_49_1005, 473.14, 146.88, 0.00481378
FILLER_0_50_1005, 473.14, 146.88, 0.00481378
FILLER_0_50_1021, 473.14, 146.88, 0.00481378
_08984_, 498.137, 146.88, 0.00498969
_08985_, 498.137, 146.88, 0.00498969
_08998_, 498.137, 146.88, 0.00498969
_15642_, 498.137, 146.88, 0.00498969
_18002_, 498.137, 146.88, 0.00498969
hold346, 498.137, 146.88, 0.00498969
hold705, 498.137, 146.88, 0.00498969
FILLER_0_50_1072, 498.137, 146.88, 0.00498969
FILLER_0_50_1080, 498.137, 146.88, 0.00498969
FILLER_0_51_1077, 498.137, 146.88, 0.00498969
_08060_, 510.334, 146.88, 0.00508899
_15687_, 510.334, 146.88, 0.00508899
_15696_, 510.334, 146.88, 0.00508899
clkbuf_leaf_193_clk, 510.334, 146.88, 0.00508899
FILLER_0_49_1089, 510.334, 146.88, 0.00508899
FILLER_0_50_1089, 510.334, 146.88, 0.00508899
FILLER_0_50_1105, 510.334, 146.88, 0.00508899
FILLER_0_51_1109, 510.334, 146.88, 0.00508899
_08057_, 522.531, 146.88, 0.00515034
hold290, 522.531, 146.88, 0.00515034
FILLER_0_50_1141, 534.728, 146.88, 0.00521098
FILLER_0_49_1169, 546.925, 146.88, 0.00527163
FILLER_0_50_1197, 559.122, 146.88, 0.00533228
PHY_94, 5.52, 141.44, 0.00457254
PHY_96, 5.52, 141.44, 0.00457254
PHY_95, 571.32, 141.44, 0.00490416
PHY_97, 571.32, 141.44, 0.00490416
FILLER_0_48_1217, 571.32, 141.44, 0.00490416
_11667_, 37.94, 141.44, 0.00469282
_16194_, 37.94, 141.44, 0.00469282
clkbuf_leaf_269_clk, 37.94, 141.44, 0.00469282
hold2118, 37.94, 141.44, 0.00469282
FILLER_0_48_61, 37.94, 141.44, 0.00469282
FILLER_0_49_72, 37.94, 141.44, 0.00469282
_13677_, 50.74, 141.44, 0.00475604
_13679_, 50.74, 141.44, 0.00475604
_13681_, 50.74, 141.44, 0.00475604
_16192_, 50.74, 141.44, 0.00475604
hold1484, 50.74, 141.44, 0.00475604
FILLER_0_47_88, 50.74, 141.44, 0.00475604
FILLER_0_49_103, 50.74, 141.44, 0.00475604
_11680_, 63.54, 141.44, 0.00480938
_11713_, 63.54, 141.44, 0.00480938
_11723_, 63.54, 141.44, 0.00480938
_13656_, 63.54, 141.44, 0.00480938
_16171_, 63.54, 141.44, 0.00480938
clkbuf_leaf_0_clk, 63.54, 141.44, 0.00480938
FILLER_0_47_113, 63.54, 141.44, 0.00480938
_13655_, 76.34, 141.44, 0.00481521
_16176_, 76.34, 141.44, 0.00481521
FILLER_0_49_164, 76.34, 141.44, 0.00481521
_11716_, 89.14, 141.44, 0.00481193
_13659_, 89.14, 141.44, 0.00481193
_16174_, 89.14, 141.44, 0.00481193
hold1669, 89.14, 141.44, 0.00481193
FILLER_0_48_181, 89.14, 141.44, 0.00481193
FILLER_0_48_192, 89.14, 141.44, 0.00481193
FILLER_0_49_193, 89.14, 141.44, 0.00481193
_11547_, 101.94, 141.44, 0.00480066
_11550_, 101.94, 141.44, 0.00480066
_11551_, 101.94, 141.44, 0.00480066
_13743_, 101.94, 141.44, 0.00480066
_13750_, 101.94, 141.44, 0.00480066
_13751_, 101.94, 141.44, 0.00480066
_16259_, 101.94, 141.44, 0.00480066
FILLER_0_47_201, 101.94, 141.44, 0.00480066
FILLER_0_48_197, 101.94, 141.44, 0.00480066
_11546_, 114.74, 141.44, 0.00477933
_11553_, 114.74, 141.44, 0.00477933
_11561_, 114.74, 141.44, 0.00477933
_13745_, 114.74, 141.44, 0.00477933
_13749_, 114.74, 141.44, 0.00477933
_13752_, 114.74, 141.44, 0.00477933
hold1968, 114.74, 141.44, 0.00477933
FILLER_0_47_231, 114.74, 141.44, 0.00477933
FILLER_0_48_235, 114.74, 141.44, 0.00477933
_11559_, 127.54, 141.44, 0.00475633
_11560_, 127.54, 141.44, 0.00475633
_11649_, 127.54, 141.44, 0.00475633
_16253_, 127.54, 141.44, 0.00475633
hold855, 127.54, 141.44, 0.00475633
FILLER_0_48_267, 127.54, 141.44, 0.00475633
FILLER_0_49_273, 127.54, 141.44, 0.00475633
_11648_, 140.34, 141.44, 0.00472507
_13693_, 140.34, 141.44, 0.00472507
_13694_, 140.34, 141.44, 0.00472507
_13696_, 140.34, 141.44, 0.00472507
hold1619, 140.34, 141.44, 0.00472507
FILLER_0_48_302, 140.34, 141.44, 0.00472507
_11650_, 153.14, 141.44, 0.00469257
_11659_, 153.14, 141.44, 0.00469257
_13688_, 153.14, 141.44, 0.00469257
_13692_, 153.14, 141.44, 0.00469257
_16203_, 153.14, 141.44, 0.00469257
hold1623, 153.14, 141.44, 0.00469257
FILLER_0_47_311, 153.14, 141.44, 0.00469257
FILLER_0_48_309, 153.14, 141.44, 0.00469257
_11656_, 165.94, 141.44, 0.00464995
hold1601, 165.94, 141.44, 0.00464995
FILLER_0_47_337, 165.94, 141.44, 0.00464995
FILLER_0_48_357, 165.94, 141.44, 0.00464995
_09852_, 191.54, 141.44, 0.00461712
_09853_, 191.54, 141.44, 0.00461712
FILLER_0_48_416, 191.54, 141.44, 0.00461712
_09854_, 204.34, 141.44, 0.00462719
_09863_, 204.34, 141.44, 0.00462719
_14689_, 204.34, 141.44, 0.00462719
_14692_, 204.34, 141.44, 0.00462719
clkbuf_leaf_242_clk, 204.34, 141.44, 0.00462719
FILLER_0_48_433, 204.34, 141.44, 0.00462719
FILLER_0_49_445, 204.34, 141.44, 0.00462719
_10339_, 217.14, 141.44, 0.00459634
FILLER_0_48_470, 217.14, 141.44, 0.00459634
FILLER_0_49_468, 217.14, 141.44, 0.00459634
_14430_, 229.94, 141.44, 0.00456528
hold276, 229.94, 141.44, 0.00456528
FILLER_0_48_501, 229.94, 141.44, 0.00456528
FILLER_0_49_492, 229.94, 141.44, 0.00456528
_10327_, 242.74, 141.44, 0.00453355
_14422_, 242.74, 141.44, 0.00453355
FILLER_0_48_509, 242.74, 141.44, 0.00453355
FILLER_0_49_525, 242.74, 141.44, 0.00453355
_13204_, 255.54, 141.44, 0.00449966
_13205_, 255.54, 141.44, 0.00449966
_13206_, 255.54, 141.44, 0.00449966
_15822_, 255.54, 141.44, 0.00449966
FILLER_0_47_533, 255.54, 141.44, 0.00449966
FILLER_0_48_533, 255.54, 141.44, 0.00449966
FILLER_0_48_555, 255.54, 141.44, 0.00449966
_13231_, 268.34, 141.44, 0.00444733
_13275_, 268.34, 141.44, 0.00444733
_15829_, 268.34, 141.44, 0.00444733
clkbuf_leaf_246_clk, 268.34, 141.44, 0.00444733
hold2242, 268.34, 141.44, 0.00444733
FILLER_0_49_573, 268.34, 141.44, 0.00444733
_13232_, 281.14, 141.44, 0.00433666
_13235_, 281.14, 141.44, 0.00433666
_13236_, 281.14, 141.44, 0.00433666
_13237_, 281.14, 141.44, 0.00433666
_13239_, 281.14, 141.44, 0.00433666
_13276_, 281.14, 141.44, 0.00433666
_15831_, 281.14, 141.44, 0.00433666
FILLER_0_47_593, 281.14, 141.44, 0.00433666
_13240_, 293.94, 141.44, 0.0042124
_13279_, 293.94, 141.44, 0.0042124
_15832_, 293.94, 141.44, 0.0042124
FILLER_0_48_634, 293.94, 141.44, 0.0042124
_11260_, 306.74, 141.44, 0.00407901
_11261_, 306.74, 141.44, 0.00407901
_16402_, 306.74, 141.44, 0.00407901
FILLER_0_47_647, 306.74, 141.44, 0.00407901
_11244_, 319.54, 141.44, 0.00393812
_11245_, 319.54, 141.44, 0.00393812
_13913_, 319.54, 141.44, 0.00393812
_16410_, 319.54, 141.44, 0.00393812
hold744, 319.54, 141.44, 0.00393812
_11185_, 345.14, 141.44, 0.00395922
_11195_, 345.14, 141.44, 0.00395922
_13949_, 345.14, 141.44, 0.00395922
_13950_, 345.14, 141.44, 0.00395922
_16440_, 345.14, 141.44, 0.00395922
clkbuf_leaf_220_clk, 345.14, 141.44, 0.00395922
FILLER_0_48_752, 345.14, 141.44, 0.00395922
_11191_, 357.94, 141.44, 0.00407945
FILLER_0_48_769, 357.94, 141.44, 0.00407945
_11188_, 370.74, 141.44, 0.00419946
_13952_, 370.74, 141.44, 0.00419946
_16428_, 370.74, 141.44, 0.00419946
hold422, 370.74, 141.44, 0.00419946
FILLER_0_48_802, 370.74, 141.44, 0.00419946
_11204_, 383.54, 141.44, 0.00431153
_11205_, 383.54, 141.44, 0.00431153
_11208_, 383.54, 141.44, 0.00431153
_13941_, 383.54, 141.44, 0.00431153
_16430_, 383.54, 141.44, 0.00431153
hold1159, 383.54, 141.44, 0.00431153
hold1705, 383.54, 141.44, 0.00431153
FILLER_0_47_808, 383.54, 141.44, 0.00431153
_11218_, 396.34, 141.44, 0.00441467
_11219_, 396.34, 141.44, 0.00441467
_11220_, 396.34, 141.44, 0.00441467
_11221_, 396.34, 141.44, 0.00441467
_13935_, 396.34, 141.44, 0.00441467
_16423_, 396.34, 141.44, 0.00441467
hold703, 396.34, 141.44, 0.00441467
FILLER_0_48_841, 396.34, 141.44, 0.00441467
FILLER_0_48_862, 396.34, 141.44, 0.00441467
hold616, 409.14, 141.44, 0.00450921
_09129_, 421.94, 141.44, 0.00460324
_17465_, 421.94, 141.44, 0.00460324
FILLER_0_47_897, 421.94, 141.44, 0.00460324
FILLER_0_48_913, 421.94, 141.44, 0.00460324
_09128_, 434.74, 141.44, 0.00468996
_09142_, 434.74, 141.44, 0.00468996
_17468_, 434.74, 141.44, 0.00468996
hold654, 434.74, 141.44, 0.00468996
hold1421, 434.74, 141.44, 0.00468996
FILLER_0_48_946, 434.74, 141.44, 0.00468996
FILLER_0_49_945, 434.74, 141.44, 0.00468996
_09076_, 447.54, 141.44, 0.00476813
_09077_, 447.54, 141.44, 0.00476813
_17491_, 447.54, 141.44, 0.00476813
_17494_, 447.54, 141.44, 0.00476813
_17497_, 447.54, 141.44, 0.00476813
_09082_, 460.34, 141.44, 0.0048246
_09083_, 460.34, 141.44, 0.0048246
_15122_, 460.34, 141.44, 0.0048246
_15125_, 460.34, 141.44, 0.0048246
_15127_, 460.34, 141.44, 0.0048246
_15128_, 460.34, 141.44, 0.0048246
_17496_, 460.34, 141.44, 0.0048246
FILLER_0_49_997, 460.34, 141.44, 0.0048246
_08993_, 473.14, 141.44, 0.00487284
_09072_, 473.14, 141.44, 0.00487284
_15166_, 473.14, 141.44, 0.00487284
_17536_, 473.14, 141.44, 0.00487284
clkbuf_leaf_189_clk, 473.14, 141.44, 0.00487284
hold1139, 473.14, 141.44, 0.00487284
_08989_, 498.137, 141.44, 0.0048847
_15175_, 498.137, 141.44, 0.0048847
FILLER_0_48_1084, 498.137, 141.44, 0.0048847
_15695_, 510.334, 141.44, 0.00489418
hold145, 510.334, 141.44, 0.00489418
FILLER_0_49_1110, 510.334, 141.44, 0.00489418
_08058_, 522.531, 141.44, 0.004903
_08059_, 522.531, 141.44, 0.004903
_15688_, 522.531, 141.44, 0.004903
_15690_, 522.531, 141.44, 0.004903
_15692_, 522.531, 141.44, 0.004903
_18003_, 522.531, 141.44, 0.004903
FILLER_0_47_1117, 522.531, 141.44, 0.004903
FILLER_0_48_1117, 522.531, 141.44, 0.004903
_08055_, 534.728, 141.44, 0.00490416
hold167, 534.728, 141.44, 0.00490416
hold515, 534.728, 141.44, 0.00490416
FILLER_0_47_1167, 546.925, 141.44, 0.00490416
FILLER_0_48_1197, 559.122, 141.44, 0.00490416
FILLER_0_49_1213, 559.122, 141.44, 0.00490416
PHY_90, 5.52, 136, 0.00439006
PHY_92, 5.52, 136, 0.00439006
PHY_91, 571.32, 136, 0.00488222
PHY_93, 571.32, 136, 0.00488222
FILLER_0_46_1217, 571.32, 136, 0.00488222
_11668_, 37.94, 136, 0.00443312
_11670_, 37.94, 136, 0.00443312
_13686_, 37.94, 136, 0.00443312
hold1792, 37.94, 136, 0.00443312
hold2109, 37.94, 136, 0.00443312
FILLER_0_46_78, 37.94, 136, 0.00443312
FILLER_0_47_80, 37.94, 136, 0.00443312
_11640_, 50.74, 136, 0.00447452
_11681_, 50.74, 136, 0.00447452
_13699_, 50.74, 136, 0.00447452
FILLER_0_46_97, 50.74, 136, 0.00447452
FILLER_0_46_109, 50.74, 136, 0.00447452
FILLER_0_47_105, 50.74, 136, 0.00447452
_16173_, 63.54, 136, 0.00451354
FILLER_0_45_125, 63.54, 136, 0.00451354
FILLER_0_46_117, 63.54, 136, 0.00451354
_11712_, 76.34, 136, 0.00454547
_11717_, 76.34, 136, 0.00454547
_13658_, 76.34, 136, 0.00454547
_13661_, 76.34, 136, 0.00454547
_13665_, 76.34, 136, 0.00454547
_16172_, 76.34, 136, 0.00454547
hold183, 76.34, 136, 0.00454547
hold2126, 76.34, 136, 0.00454547
_11721_, 89.14, 136, 0.00456826
_13657_, 89.14, 136, 0.00456826
hold1051, 89.14, 136, 0.00456826
hold1685, 89.14, 136, 0.00456826
_16258_, 101.94, 136, 0.00458967
FILLER_0_46_197, 101.94, 136, 0.00458967
_11548_, 114.74, 136, 0.00460399
_16252_, 114.74, 136, 0.00460399
_16256_, 114.74, 136, 0.00460399
hold1339, 114.74, 136, 0.00460399
FILLER_0_46_228, 114.74, 136, 0.00460399
_11558_, 127.54, 136, 0.00460342
_13746_, 127.54, 136, 0.00460342
_16208_, 127.54, 136, 0.00460342
hold1947, 127.54, 136, 0.00460342
_11646_, 140.34, 136, 0.00459483
_11647_, 140.34, 136, 0.00459483
_11660_, 140.34, 136, 0.00459483
_13697_, 140.34, 136, 0.00459483
_16209_, 140.34, 136, 0.00459483
hold698, 140.34, 136, 0.00459483
_11644_, 153.14, 136, 0.0045778
_11657_, 153.14, 136, 0.0045778
_13691_, 153.14, 136, 0.0045778
_13698_, 153.14, 136, 0.0045778
_16204_, 153.14, 136, 0.0045778
FILLER_0_46_309, 153.14, 136, 0.0045778
FILLER_0_46_354, 165.94, 136, 0.00455291
FILLER_0_46_413, 191.54, 136, 0.00451425
FILLER_0_46_445, 204.34, 136, 0.0045005
FILLER_0_47_441, 204.34, 136, 0.0045005
_10330_, 217.14, 136, 0.00448674
_10331_, 217.14, 136, 0.00448674
_14429_, 217.14, 136, 0.00448674
_16867_, 217.14, 136, 0.00448674
FILLER_0_46_453, 217.14, 136, 0.00448674
FILLER_0_47_461, 217.14, 136, 0.00448674
_14428_, 229.94, 136, 0.0044653
clkbuf_leaf_245_clk, 229.94, 136, 0.0044653
hold764, 229.94, 136, 0.0044653
FILLER_0_46_481, 229.94, 136, 0.0044653
FILLER_0_47_495, 229.94, 136, 0.0044653
_10326_, 242.74, 136, 0.00440226
_10342_, 242.74, 136, 0.00440226
_16869_, 242.74, 136, 0.00440226
hold1383, 242.74, 136, 0.00440226
FILLER_0_46_529, 242.74, 136, 0.00440226
_10343_, 255.54, 136, 0.00433114
_13209_, 255.54, 136, 0.00433114
_13268_, 255.54, 136, 0.00433114
FILLER_0_46_533, 255.54, 136, 0.00433114
_13233_, 281.14, 136, 0.00418195
_13234_, 281.14, 136, 0.00418195
_13238_, 281.14, 136, 0.00418195
_15830_, 281.14, 136, 0.00418195
FILLER_0_46_589, 281.14, 136, 0.00418195
FILLER_0_46_597, 281.14, 136, 0.00418195
FILLER_0_46_635, 293.94, 136, 0.00409665
_16409_, 306.74, 136, 0.00401135
FILLER_0_45_653, 306.74, 136, 0.00401135
FILLER_0_46_645, 306.74, 136, 0.00401135
_13919_, 319.54, 136, 0.00391897
_13920_, 319.54, 136, 0.00391897
_16408_, 319.54, 136, 0.00391897
hold745, 319.54, 136, 0.00391897
FILLER_0_47_688, 319.54, 136, 0.00391897
FILLER_0_47_696, 319.54, 136, 0.00391897
_11184_, 345.14, 136, 0.0039312
_13944_, 345.14, 136, 0.0039312
hold1746, 345.14, 136, 0.0039312
FILLER_0_45_725, 345.14, 136, 0.0039312
FILLER_0_46_727, 345.14, 136, 0.0039312
FILLER_0_46_751, 345.14, 136, 0.0039312
_11189_, 357.94, 136, 0.00404106
_16438_, 357.94, 136, 0.00404106
hold325, 357.94, 136, 0.00404106
FILLER_0_46_802, 370.74, 136, 0.00414312
_11212_, 383.54, 136, 0.00424517
_11213_, 383.54, 136, 0.00424517
_13943_, 383.54, 136, 0.00424517
_16426_, 383.54, 136, 0.00424517
hold774, 383.54, 136, 0.00424517
FILLER_0_45_809, 383.54, 136, 0.00424517
_13933_, 396.34, 136, 0.00433906
_13936_, 396.34, 136, 0.00433906
_16424_, 396.34, 136, 0.00433906
FILLER_0_45_837, 396.34, 136, 0.00433906
_11216_, 409.14, 136, 0.00442373
_17467_, 409.14, 136, 0.00442373
hold1331, 409.14, 136, 0.00442373
FILLER_0_47_890, 409.14, 136, 0.00442373
_09130_, 421.94, 136, 0.00450061
_09134_, 421.94, 136, 0.00450061
_09135_, 421.94, 136, 0.00450061
_15095_, 421.94, 136, 0.00450061
hold1216, 421.94, 136, 0.00450061
_09143_, 434.74, 136, 0.00457618
_15089_, 434.74, 136, 0.00457618
_15093_, 434.74, 136, 0.00457618
_15096_, 434.74, 136, 0.00457618
_17461_, 434.74, 136, 0.00457618
hold842, 434.74, 136, 0.00457618
FILLER_0_45_924, 434.74, 136, 0.00457618
hold1889, 447.54, 136, 0.00464339
FILLER_0_46_969, 447.54, 136, 0.00464339
_09073_, 460.34, 136, 0.00471008
FILLER_0_46_977, 460.34, 136, 0.00471008
FILLER_0_47_995, 460.34, 136, 0.00471008
_08997_, 473.14, 136, 0.00477657
_15169_, 473.14, 136, 0.00477657
FILLER_0_45_1005, 473.14, 136, 0.00477657
FILLER_0_45_1009, 473.14, 136, 0.00477657
FILLER_0_46_1017, 473.14, 136, 0.00477657
_08987_, 498.137, 136, 0.00485885
_08988_, 498.137, 136, 0.00485885
_15693_, 498.137, 136, 0.00485885
hold1273, 498.137, 136, 0.00485885
FILLER_0_45_1061, 498.137, 136, 0.00485885
FILLER_0_45_1065, 498.137, 136, 0.00485885
FILLER_0_46_1078, 498.137, 136, 0.00485885
FILLER_0_47_1083, 498.137, 136, 0.00485885
_08048_, 510.334, 136, 0.00487401
_08049_, 510.334, 136, 0.00487401
_18001_, 510.334, 136, 0.00487401
_08051_, 522.531, 136, 0.00488202
_08062_, 522.531, 136, 0.00488202
_15694_, 522.531, 136, 0.00488202
_18005_, 522.531, 136, 0.00488202
hold157, 522.531, 136, 0.00488202
_08054_, 534.728, 136, 0.00488222
FILLER_0_46_1142, 534.728, 136, 0.00488222
FILLER_0_45_1168, 546.925, 136, 0.00488222
FILLER_0_46_1197, 559.122, 136, 0.00488222
top_127, 5.52, 130.56, 0.00425356
PHY_86, 5.52, 130.56, 0.00425356
PHY_88, 5.52, 130.56, 0.00425356
PHY_87, 571.32, 130.56, 0.00494588
PHY_89, 571.32, 130.56, 0.00494588
FILLER_0_44_1217, 571.32, 130.56, 0.00494588
FILLER_0_44_18, 15.33, 130.56, 0.00425356
FILLER_0_44_29, 15.33, 130.56, 0.00425356
FILLER_0_45_27, 15.33, 130.56, 0.00425356
_11641_, 37.94, 130.56, 0.00430392
_11666_, 37.94, 130.56, 0.00430392
_13684_, 37.94, 130.56, 0.00430392
_13685_, 37.94, 130.56, 0.00430392
_16212_, 37.94, 130.56, 0.00430392
FILLER_0_45_77, 37.94, 130.56, 0.00430392
_16218_, 50.74, 130.56, 0.00434639
hold1699, 50.74, 130.56, 0.00434639
_11628_, 63.54, 130.56, 0.00438127
_11643_, 63.54, 130.56, 0.00438127
_11718_, 63.54, 130.56, 0.00438127
_11719_, 63.54, 130.56, 0.00438127
_13700_, 63.54, 130.56, 0.00438127
hold1533, 63.54, 130.56, 0.00438127
FILLER_0_43_113, 63.54, 130.56, 0.00438127
FILLER_0_43_125, 63.54, 130.56, 0.00438127
_11704_, 76.34, 130.56, 0.00441463
_11705_, 76.34, 130.56, 0.00441463
_16180_, 76.34, 130.56, 0.00441463
FILLER_0_44_153, 76.34, 130.56, 0.00441463
_11720_, 89.14, 130.56, 0.0044405
FILLER_0_44_189, 89.14, 130.56, 0.0044405
_11549_, 101.94, 130.56, 0.00446616
FILLER_0_45_215, 101.94, 130.56, 0.00446616
_11552_, 114.74, 130.56, 0.00449162
hold2015, 114.74, 130.56, 0.00449162
FILLER_0_44_245, 114.74, 130.56, 0.00449162
_11661_, 127.54, 130.56, 0.00451636
FILLER_0_44_277, 127.54, 130.56, 0.00451636
FILLER_0_45_271, 127.54, 130.56, 0.00451636
_16202_, 140.34, 130.56, 0.00454089
_16210_, 140.34, 130.56, 0.00454089
hold2068, 140.34, 130.56, 0.00454089
FILLER_0_43_293, 140.34, 130.56, 0.00454089
_11645_, 153.14, 130.56, 0.00455073
_11663_, 153.14, 130.56, 0.00455073
_16201_, 153.14, 130.56, 0.00455073
FILLER_0_43_315, 153.14, 130.56, 0.00455073
FILLER_0_45_327, 153.14, 130.56, 0.00455073
_11662_, 165.94, 130.56, 0.00455304
clkbuf_leaf_259_clk, 165.94, 130.56, 0.00455304
hold1848, 165.94, 130.56, 0.00455304
FILLER_0_44_355, 165.94, 130.56, 0.00455304
FILLER_0_44_414, 191.54, 130.56, 0.00451846
FILLER_0_43_429, 204.34, 130.56, 0.00452522
FILLER_0_45_441, 204.34, 130.56, 0.00452522
_10333_, 217.14, 130.56, 0.00453199
_10337_, 217.14, 130.56, 0.00453199
_16864_, 217.14, 130.56, 0.00453199
FILLER_0_44_469, 217.14, 130.56, 0.00453199
FILLER_0_45_461, 217.14, 130.56, 0.00453199
_10332_, 229.94, 130.56, 0.00453124
_10336_, 229.94, 130.56, 0.00453124
_14423_, 229.94, 130.56, 0.00453124
_14426_, 229.94, 130.56, 0.00453124
_14431_, 229.94, 130.56, 0.00453124
_16861_, 229.94, 130.56, 0.00453124
hold257, 229.94, 130.56, 0.00453124
FILLER_0_44_493, 229.94, 130.56, 0.00453124
FILLER_0_45_491, 229.94, 130.56, 0.00453124
hold2082, 242.74, 130.56, 0.00452187
_13207_, 255.54, 130.56, 0.00451197
_13208_, 255.54, 130.56, 0.00451197
_13210_, 255.54, 130.56, 0.00451197
_13211_, 255.54, 130.56, 0.00451197
_13212_, 255.54, 130.56, 0.00451197
FILLER_0_44_533, 255.54, 130.56, 0.00451197
FILLER_0_44_555, 255.54, 130.56, 0.00451197
_13118_, 268.34, 130.56, 0.00450109
_13213_, 268.34, 130.56, 0.00450109
_13214_, 268.34, 130.56, 0.00450109
_13270_, 268.34, 130.56, 0.00450109
FILLER_0_43_569, 268.34, 130.56, 0.00450109
FILLER_0_44_577, 268.34, 130.56, 0.00450109
FILLER_0_44_585, 268.34, 130.56, 0.00450109
_13220_, 281.14, 130.56, 0.00438996
_13225_, 281.14, 130.56, 0.00438996
_13226_, 281.14, 130.56, 0.00438996
_13228_, 281.14, 130.56, 0.00438996
FILLER_0_44_589, 281.14, 130.56, 0.00438996
FILLER_0_45_609, 281.14, 130.56, 0.00438996
FILLER_0_44_635, 293.94, 130.56, 0.00427791
_11246_, 306.74, 130.56, 0.00416586
_11247_, 306.74, 130.56, 0.00416586
FILLER_0_45_666, 306.74, 130.56, 0.00416586
_11249_, 319.54, 130.56, 0.00405341
FILLER_0_44_693, 319.54, 130.56, 0.00405341
_11196_, 345.14, 130.56, 0.00405865
_11197_, 345.14, 130.56, 0.00405865
_11199_, 345.14, 130.56, 0.00405865
_13947_, 345.14, 130.56, 0.00405865
_13954_, 345.14, 130.56, 0.00405865
_16432_, 345.14, 130.56, 0.00405865
_16434_, 345.14, 130.56, 0.00405865
hold274, 345.14, 130.56, 0.00405865
FILLER_0_44_725, 345.14, 130.56, 0.00405865
_11155_, 357.94, 130.56, 0.00416085
_11198_, 357.94, 130.56, 0.00416085
_11200_, 357.94, 130.56, 0.00416085
_11201_, 357.94, 130.56, 0.00416085
_13946_, 357.94, 130.56, 0.00416085
_16455_, 357.94, 130.56, 0.00416085
FILLER_0_44_766, 357.94, 130.56, 0.00416085
FILLER_0_45_772, 357.94, 130.56, 0.00416085
FILLER_0_45_780, 357.94, 130.56, 0.00416085
_11145_, 370.74, 130.56, 0.00425489
_11154_, 370.74, 130.56, 0.00425489
_13976_, 370.74, 130.56, 0.00425489
_16460_, 370.74, 130.56, 0.00425489
hold886, 370.74, 130.56, 0.00425489
FILLER_0_44_807, 370.74, 130.56, 0.00425489
_11223_, 383.54, 130.56, 0.0043407
_13939_, 383.54, 130.56, 0.0043407
hold836, 383.54, 130.56, 0.0043407
FILLER_0_43_810, 383.54, 130.56, 0.0043407
FILLER_0_43_818, 383.54, 130.56, 0.0043407
FILLER_0_44_833, 383.54, 130.56, 0.0043407
_11214_, 396.34, 130.56, 0.00442564
_11217_, 396.34, 130.56, 0.00442564
_13937_, 396.34, 130.56, 0.00442564
hold1901, 396.34, 130.56, 0.00442564
FILLER_0_45_853, 396.34, 130.56, 0.00442564
FILLER_0_45_863, 396.34, 130.56, 0.00442564
_09131_, 409.14, 130.56, 0.00450947
_17464_, 409.14, 130.56, 0.00450947
hold1377, 409.14, 130.56, 0.00450947
FILLER_0_44_881, 409.14, 130.56, 0.00450947
FILLER_0_45_889, 409.14, 130.56, 0.00450947
_09136_, 421.94, 130.56, 0.00458551
_09137_, 421.94, 130.56, 0.00458551
_15092_, 421.94, 130.56, 0.00458551
hold1157, 421.94, 130.56, 0.00458551
FILLER_0_44_916, 421.94, 130.56, 0.00458551
FILLER_0_45_946, 434.74, 130.56, 0.00466047
_09067_, 447.54, 130.56, 0.00473543
_15121_, 447.54, 130.56, 0.00473543
_17499_, 447.54, 130.56, 0.00473543
FILLER_0_44_949, 447.54, 130.56, 0.00473543
FILLER_0_44_957, 447.54, 130.56, 0.00473543
_09081_, 460.34, 130.56, 0.00480113
_15123_, 460.34, 130.56, 0.00480113
_17492_, 460.34, 130.56, 0.00480113
hold1218, 460.34, 130.56, 0.00480113
FILLER_0_43_976, 460.34, 130.56, 0.00480113
FILLER_0_43_984, 460.34, 130.56, 0.00480113
FILLER_0_44_975, 460.34, 130.56, 0.00480113
FILLER_0_44_989, 460.34, 130.56, 0.00480113
FILLER_0_44_1001, 460.34, 130.56, 0.00480113
FILLER_0_45_997, 460.34, 130.56, 0.00480113
_09080_, 473.14, 130.56, 0.00485882
_15165_, 473.14, 130.56, 0.00485882
hold586, 473.14, 130.56, 0.00485882
FILLER_0_44_1029, 473.14, 130.56, 0.00485882
_08053_, 498.137, 130.56, 0.00493682
_08986_, 498.137, 130.56, 0.00493682
_15174_, 498.137, 130.56, 0.00493682
_18006_, 498.137, 130.56, 0.00493682
_18008_, 498.137, 130.56, 0.00493682
hold1919, 498.137, 130.56, 0.00493682
FILLER_0_43_1061, 498.137, 130.56, 0.00493682
_08052_, 510.334, 130.56, 0.0049452
_08063_, 510.334, 130.56, 0.0049452
_18007_, 510.334, 130.56, 0.0049452
hold1414, 510.334, 130.56, 0.0049452
FILLER_0_43_1095, 510.334, 130.56, 0.0049452
_08050_, 522.531, 130.56, 0.00494588
hold193, 522.531, 130.56, 0.00494588
FILLER_0_44_1141, 534.728, 130.56, 0.00494588
FILLER_0_43_1169, 546.925, 130.56, 0.00494588
FILLER_0_44_1197, 559.122, 130.56, 0.00494588
PHY_82, 5.52, 125.12, 0.00416681
PHY_84, 5.52, 125.12, 0.00416681
PHY_83, 571.32, 125.12, 0.00514438
PHY_85, 571.32, 125.12, 0.00514438
output79, 571.32, 125.12, 0.00514438
FILLER_0_42_1217, 571.32, 125.12, 0.00514438
_13701_, 37.94, 125.12, 0.00429123
_16215_, 37.94, 125.12, 0.00429123
FILLER_0_42_77, 37.94, 125.12, 0.00429123
_11629_, 50.74, 125.12, 0.0044084
_11634_, 50.74, 125.12, 0.0044084
_11635_, 50.74, 125.12, 0.0044084
_13704_, 50.74, 125.12, 0.0044084
_13707_, 50.74, 125.12, 0.0044084
_16211_, 50.74, 125.12, 0.0044084
hold1579, 50.74, 125.12, 0.0044084
FILLER_0_42_92, 50.74, 125.12, 0.0044084
FILLER_0_42_104, 50.74, 125.12, 0.0044084
_16220_, 63.54, 125.12, 0.004517
clkbuf_5_0__f_clk, 63.54, 125.12, 0.004517
hold536, 63.54, 125.12, 0.004517
_11642_, 76.34, 125.12, 0.00454916
FILLER_0_43_161, 76.34, 125.12, 0.00454916
_11913_, 89.14, 125.12, 0.00458109
_11923_, 89.14, 125.12, 0.00458109
FILLER_0_41_169, 89.14, 125.12, 0.00458109
FILLER_0_42_192, 89.14, 125.12, 0.00458109
_11916_, 101.94, 125.12, 0.00461257
_13548_, 101.94, 125.12, 0.00461257
_16075_, 101.94, 125.12, 0.00461257
hold1160, 101.94, 125.12, 0.00461257
FILLER_0_42_200, 101.94, 125.12, 0.00461257
FILLER_0_43_217, 101.94, 125.12, 0.00461257
_11914_, 114.74, 125.12, 0.00463608
_13549_, 114.74, 125.12, 0.00463608
hold1098, 114.74, 125.12, 0.00463608
FILLER_0_42_245, 114.74, 125.12, 0.00463608
_11825_, 127.54, 125.12, 0.00465871
_11826_, 127.54, 125.12, 0.00465871
_13597_, 127.54, 125.12, 0.00465871
_16120_, 127.54, 125.12, 0.00465871
clkbuf_leaf_260_clk, 127.54, 125.12, 0.00465871
hold1298, 127.54, 125.12, 0.00465871
FILLER_0_42_253, 127.54, 125.12, 0.00465871
FILLER_0_42_265, 127.54, 125.12, 0.00465871
FILLER_0_43_273, 127.54, 125.12, 0.00465871
_13690_, 140.34, 125.12, 0.00462602
hold1373, 140.34, 125.12, 0.00462602
FILLER_0_41_289, 140.34, 125.12, 0.00462602
FILLER_0_42_297, 140.34, 125.12, 0.00462602
FILLER_0_42_305, 140.34, 125.12, 0.00462602
_13689_, 153.14, 125.12, 0.00459263
_16062_, 153.14, 125.12, 0.00459263
FILLER_0_42_321, 153.14, 125.12, 0.00459263
FILLER_0_43_323, 153.14, 125.12, 0.00459263
FILLER_0_43_329, 153.14, 125.12, 0.00459263
_11926_, 165.94, 125.12, 0.00455197
_13535_, 165.94, 125.12, 0.00455197
_13539_, 165.94, 125.12, 0.00455197
_13542_, 165.94, 125.12, 0.00455197
_16066_, 165.94, 125.12, 0.00455197
hold498, 165.94, 125.12, 0.00455197
hold860, 165.94, 125.12, 0.00455197
_11938_, 191.54, 125.12, 0.00454372
_16314_, 191.54, 125.12, 0.00454372
FILLER_0_42_397, 191.54, 125.12, 0.00454372
_11435_, 204.34, 125.12, 0.00457762
_11436_, 204.34, 125.12, 0.00457762
_16312_, 204.34, 125.12, 0.00457762
_16315_, 204.34, 125.12, 0.00457762
hold834, 204.34, 125.12, 0.00457762
FILLER_0_41_424, 204.34, 125.12, 0.00457762
FILLER_0_43_439, 204.34, 125.12, 0.00457762
_11434_, 217.14, 125.12, 0.00459638
_11440_, 217.14, 125.12, 0.00459638
_16866_, 217.14, 125.12, 0.00459638
hold652, 217.14, 125.12, 0.00459638
hold892, 217.14, 125.12, 0.00459638
FILLER_0_42_466, 217.14, 125.12, 0.00459638
FILLER_0_43_461, 217.14, 125.12, 0.00459638
FILLER_0_43_499, 229.94, 125.12, 0.00460657
_15823_, 242.74, 125.12, 0.00461676
FILLER_0_42_525, 242.74, 125.12, 0.00461676
_13119_, 255.54, 125.12, 0.00461778
_13215_, 255.54, 125.12, 0.00461778
_13269_, 255.54, 125.12, 0.00461778
_15824_, 255.54, 125.12, 0.00461778
FILLER_0_41_541, 255.54, 125.12, 0.00461778
FILLER_0_42_533, 255.54, 125.12, 0.00461778
_13217_, 268.34, 125.12, 0.00456502
_13218_, 268.34, 125.12, 0.00456502
_13219_, 268.34, 125.12, 0.00456502
_15825_, 268.34, 125.12, 0.00456502
hold2261, 268.34, 125.12, 0.00456502
FILLER_0_43_581, 268.34, 125.12, 0.00456502
_13221_, 281.14, 125.12, 0.00450261
_13222_, 281.14, 125.12, 0.00450261
_13224_, 281.14, 125.12, 0.00450261
_15826_, 281.14, 125.12, 0.00450261
_15828_, 281.14, 125.12, 0.00450261
FILLER_0_42_600, 281.14, 125.12, 0.00450261
FILLER_0_43_603, 281.14, 125.12, 0.00450261
_13272_, 293.94, 125.12, 0.00440318
_13273_, 293.94, 125.12, 0.00440318
_13274_, 293.94, 125.12, 0.00440318
FILLER_0_42_638, 293.94, 125.12, 0.00440318
_16922_, 306.74, 125.12, 0.0043032
FILLER_0_43_665, 306.74, 125.12, 0.0043032
_10216_, 319.54, 125.12, 0.00419614
_10220_, 319.54, 125.12, 0.00419614
_14490_, 319.54, 125.12, 0.00419614
hold881, 319.54, 125.12, 0.00419614
hold1324, 319.54, 125.12, 0.00419614
FILLER_0_42_689, 319.54, 125.12, 0.00419614
_10213_, 345.14, 125.12, 0.00426371
_13948_, 345.14, 125.12, 0.00426371
_14491_, 345.14, 125.12, 0.00426371
_14494_, 345.14, 125.12, 0.00426371
_16433_, 345.14, 125.12, 0.00426371
hold1791, 345.14, 125.12, 0.00426371
FILLER_0_42_752, 345.14, 125.12, 0.00426371
_13966_, 357.94, 125.12, 0.00443152
_13971_, 357.94, 125.12, 0.00443152
_16454_, 357.94, 125.12, 0.00443152
FILLER_0_42_769, 357.94, 125.12, 0.00443152
FILLER_0_42_777, 357.94, 125.12, 0.00443152
_11144_, 370.74, 125.12, 0.00459008
_13970_, 370.74, 125.12, 0.00459008
clkbuf_leaf_222_clk, 370.74, 125.12, 0.00459008
FILLER_0_42_803, 370.74, 125.12, 0.00459008
_11222_, 383.54, 125.12, 0.00470533
_16421_, 383.54, 125.12, 0.00470533
_16425_, 383.54, 125.12, 0.00470533
hold385, 383.54, 125.12, 0.00470533
FILLER_0_41_814, 383.54, 125.12, 0.00470533
_11207_, 396.34, 125.12, 0.00480567
_13938_, 396.34, 125.12, 0.00480567
_13940_, 396.34, 125.12, 0.00480567
_13942_, 396.34, 125.12, 0.00480567
_16427_, 396.34, 125.12, 0.00480567
_16429_, 396.34, 125.12, 0.00480567
FILLER_0_41_837, 396.34, 125.12, 0.00480567
FILLER_0_41_844, 396.34, 125.12, 0.00480567
_11206_, 409.14, 125.12, 0.00489114
_11210_, 409.14, 125.12, 0.00489114
_11211_, 409.14, 125.12, 0.00489114
_17462_, 409.14, 125.12, 0.00489114
hold1316, 409.14, 125.12, 0.00489114
FILLER_0_41_869, 409.14, 125.12, 0.00489114
FILLER_0_42_884, 409.14, 125.12, 0.00489114
_09140_, 421.94, 125.12, 0.00496834
_09141_, 421.94, 125.12, 0.00496834
_15088_, 421.94, 125.12, 0.00496834
_15090_, 421.94, 125.12, 0.00496834
clkbuf_leaf_206_clk, 421.94, 125.12, 0.00496834
hold1072, 421.94, 125.12, 0.00496834
FILLER_0_43_912, 421.94, 125.12, 0.00496834
_09126_, 434.74, 125.12, 0.00499517
_09127_, 434.74, 125.12, 0.00499517
_15097_, 434.74, 125.12, 0.00499517
_17469_, 434.74, 125.12, 0.00499517
hold1241, 434.74, 125.12, 0.00499517
hold1850, 434.74, 125.12, 0.00499517
_09066_, 447.54, 125.12, 0.00501328
_09069_, 447.54, 125.12, 0.00501328
_09074_, 447.54, 125.12, 0.00501328
_17495_, 447.54, 125.12, 0.00501328
_17498_, 447.54, 125.12, 0.00501328
_15126_, 460.34, 125.12, 0.00501653
_15129_, 460.34, 125.12, 0.00501653
_15130_, 460.34, 125.12, 0.00501653
_17493_, 460.34, 125.12, 0.00501653
_17500_, 460.34, 125.12, 0.00501653
FILLER_0_41_985, 460.34, 125.12, 0.00501653
_08991_, 473.14, 125.12, 0.00500496
_09065_, 473.14, 125.12, 0.00500496
_09078_, 473.14, 125.12, 0.00500496
_09079_, 473.14, 125.12, 0.00500496
_15124_, 473.14, 125.12, 0.00500496
_15131_, 473.14, 125.12, 0.00500496
_15170_, 473.14, 125.12, 0.00500496
_17535_, 473.14, 125.12, 0.00500496
hold1824, 473.14, 125.12, 0.00500496
FILLER_0_41_1012, 473.14, 125.12, 0.00500496
_09001_, 498.137, 125.12, 0.00503523
_15167_, 498.137, 125.12, 0.00503523
FILLER_0_41_1059, 498.137, 125.12, 0.00503523
FILLER_0_42_1083, 498.137, 125.12, 0.00503523
_08138_, 510.334, 125.12, 0.0050858
_15646_, 510.334, 125.12, 0.0050858
clkbuf_leaf_192_clk, 510.334, 125.12, 0.0050858
_08026_, 522.531, 125.12, 0.00509922
_08029_, 522.531, 125.12, 0.00509922
_08043_, 522.531, 125.12, 0.00509922
hold558, 522.531, 125.12, 0.00509922
FILLER_0_41_1116, 522.531, 125.12, 0.00509922
FILLER_0_42_1129, 522.531, 125.12, 0.00509922
_08042_, 534.728, 125.12, 0.00511152
_15707_, 534.728, 125.12, 0.00511152
hold176, 534.728, 125.12, 0.00511152
hold852, 534.728, 125.12, 0.00511152
FILLER_0_42_1145, 534.728, 125.12, 0.00511152
FILLER_0_41_1170, 546.925, 125.12, 0.00512248
FILLER_0_42_1197, 559.122, 125.12, 0.00513343
PHY_78, 5.52, 119.68, 0.00398594
PHY_80, 5.52, 119.68, 0.00398594
PHY_79, 571.32, 119.68, 0.00497296
PHY_81, 571.32, 119.68, 0.00497296
FILLER_0_40_1217, 571.32, 119.68, 0.00497296
_11632_, 37.94, 119.68, 0.00406454
_11633_, 37.94, 119.68, 0.00406454
_11636_, 37.94, 119.68, 0.00406454
FILLER_0_39_57, 37.94, 119.68, 0.00406454
FILLER_0_40_80, 37.94, 119.68, 0.00406454
_13705_, 50.74, 119.68, 0.0041425
_13709_, 50.74, 119.68, 0.0041425
FILLER_0_40_109, 50.74, 119.68, 0.0041425
FILLER_0_41_105, 50.74, 119.68, 0.0041425
_11624_, 63.54, 119.68, 0.00422008
_11625_, 63.54, 119.68, 0.00422008
hold275, 63.54, 119.68, 0.00422008
FILLER_0_40_134, 63.54, 119.68, 0.00422008
FILLER_0_40_165, 76.34, 119.68, 0.00429674
FILLER_0_41_165, 76.34, 119.68, 0.00429674
_11912_, 89.14, 119.68, 0.0043734
_16074_, 89.14, 119.68, 0.0043734
clkbuf_leaf_1_clk, 89.14, 119.68, 0.0043734
FILLER_0_39_181, 89.14, 119.68, 0.0043734
FILLER_0_40_173, 89.14, 119.68, 0.0043734
_11915_, 101.94, 119.68, 0.00439552
_11917_, 101.94, 119.68, 0.00439552
_11922_, 101.94, 119.68, 0.00439552
_13550_, 101.94, 119.68, 0.00439552
hold1984, 101.94, 119.68, 0.00439552
hold2153, 101.94, 119.68, 0.00439552
_11827_, 114.74, 119.68, 0.00441569
FILLER_0_41_240, 114.74, 119.68, 0.00441569
_11824_, 127.54, 119.68, 0.00443565
_16112_, 127.54, 119.68, 0.00443565
_16119_, 127.54, 119.68, 0.00443565
hold2028, 127.54, 119.68, 0.00443565
_11831_, 140.34, 119.68, 0.00444064
_11835_, 140.34, 119.68, 0.00444064
_13595_, 140.34, 119.68, 0.00444064
_13598_, 140.34, 119.68, 0.00444064
_16115_, 140.34, 119.68, 0.00444064
_16117_, 140.34, 119.68, 0.00444064
FILLER_0_39_281, 140.34, 119.68, 0.00444064
_11830_, 153.14, 119.68, 0.0044307
_11834_, 153.14, 119.68, 0.0044307
_11927_, 153.14, 119.68, 0.0044307
_11941_, 153.14, 119.68, 0.0044307
_16069_, 153.14, 119.68, 0.0044307
hold1477, 153.14, 119.68, 0.0044307
hold1814, 153.14, 119.68, 0.0044307
FILLER_0_40_320, 153.14, 119.68, 0.0044307
FILLER_0_41_326, 153.14, 119.68, 0.0044307
_11933_, 165.94, 119.68, 0.0044118
_11937_, 165.94, 119.68, 0.0044118
_11940_, 165.94, 119.68, 0.0044118
FILLER_0_41_362, 165.94, 119.68, 0.0044118
_11437_, 191.54, 119.68, 0.00439046
_11438_, 191.54, 119.68, 0.00439046
_11439_, 191.54, 119.68, 0.00439046
_13814_, 191.54, 119.68, 0.00439046
_16313_, 191.54, 119.68, 0.00439046
hold278, 191.54, 119.68, 0.00439046
FILLER_0_39_393, 191.54, 119.68, 0.00439046
FILLER_0_41_405, 191.54, 119.68, 0.00439046
FILLER_0_41_417, 191.54, 119.68, 0.00439046
_11441_, 204.34, 119.68, 0.00438029
_13812_, 204.34, 119.68, 0.00438029
_13815_, 204.34, 119.68, 0.00438029
FILLER_0_40_433, 204.34, 119.68, 0.00438029
FILLER_0_40_472, 217.14, 119.68, 0.00436956
_11534_, 229.94, 119.68, 0.00435883
_11536_, 229.94, 119.68, 0.00435883
_11537_, 229.94, 119.68, 0.00435883
_16263_, 229.94, 119.68, 0.00435883
_16265_, 229.94, 119.68, 0.00435883
hold1274, 229.94, 119.68, 0.00435883
_11538_, 242.74, 119.68, 0.00433274
hold753, 242.74, 119.68, 0.00433274
FILLER_0_40_525, 242.74, 119.68, 0.00433274
FILLER_0_41_529, 242.74, 119.68, 0.00433274
_13216_, 255.54, 119.68, 0.00430594
_13223_, 268.34, 119.68, 0.00427884
_13271_, 268.34, 119.68, 0.00427884
FILLER_0_40_584, 268.34, 119.68, 0.00427884
_15827_, 281.14, 119.68, 0.00425104
FILLER_0_40_589, 281.14, 119.68, 0.00425104
FILLER_0_40_640, 293.94, 119.68, 0.00421311
_10217_, 306.74, 119.68, 0.00417518
_10221_, 306.74, 119.68, 0.00417518
_16924_, 306.74, 119.68, 0.00417518
FILLER_0_40_657, 306.74, 119.68, 0.00417518
_10206_, 319.54, 119.68, 0.00412976
_10207_, 319.54, 119.68, 0.00412976
_14488_, 319.54, 119.68, 0.00412976
_14492_, 319.54, 119.68, 0.00412976
_14497_, 319.54, 119.68, 0.00412976
_16923_, 319.54, 119.68, 0.00412976
_16929_, 319.54, 119.68, 0.00412976
hold1678, 319.54, 119.68, 0.00412976
_10212_, 345.14, 119.68, 0.00415364
FILLER_0_40_744, 345.14, 119.68, 0.00415364
_11152_, 357.94, 119.68, 0.00424024
_11153_, 357.94, 119.68, 0.00424024
_16456_, 357.94, 119.68, 0.00424024
hold1270, 357.94, 119.68, 0.00424024
FILLER_0_39_753, 357.94, 119.68, 0.00424024
FILLER_0_39_764, 357.94, 119.68, 0.00424024
_11156_, 370.74, 119.68, 0.00431879
_11157_, 370.74, 119.68, 0.00431879
hold1297, 370.74, 119.68, 0.00431879
FILLER_0_39_781, 370.74, 119.68, 0.00431879
FILLER_0_40_785, 370.74, 119.68, 0.00431879
_11146_, 383.54, 119.68, 0.0043964
_11147_, 383.54, 119.68, 0.0043964
_11215_, 383.54, 119.68, 0.0043964
_13934_, 383.54, 119.68, 0.0043964
hold361, 383.54, 119.68, 0.0043964
FILLER_0_41_822, 383.54, 119.68, 0.0043964
FILLER_0_41_828, 383.54, 119.68, 0.0043964
FILLER_0_40_861, 396.34, 119.68, 0.00447273
_17470_, 409.14, 119.68, 0.00454906
_09124_, 421.94, 119.68, 0.00461831
_09133_, 421.94, 119.68, 0.00461831
_15098_, 421.94, 119.68, 0.00461831
_17463_, 421.94, 119.68, 0.00461831
hold775, 421.94, 119.68, 0.00461831
FILLER_0_40_912, 421.94, 119.68, 0.00461831
FILLER_0_41_909, 421.94, 119.68, 0.00461831
_09132_, 434.74, 119.68, 0.00467935
_09138_, 434.74, 119.68, 0.00467935
_09139_, 434.74, 119.68, 0.00467935
_15091_, 434.74, 119.68, 0.00467935
_15094_, 434.74, 119.68, 0.00467935
hold1500, 434.74, 119.68, 0.00467935
FILLER_0_40_942, 434.74, 119.68, 0.00467935
FILLER_0_41_938, 434.74, 119.68, 0.00467935
_09068_, 447.54, 119.68, 0.00473889
_09075_, 447.54, 119.68, 0.00473889
hold1375, 447.54, 119.68, 0.00473889
hold2090, 447.54, 119.68, 0.00473889
FILLER_0_40_953, 447.54, 119.68, 0.00473889
FILLER_0_40_963, 447.54, 119.68, 0.00473889
_09064_, 460.34, 119.68, 0.00479698
hold2026, 460.34, 119.68, 0.00479698
FILLER_0_40_975, 460.34, 119.68, 0.00479698
_08994_, 473.14, 119.68, 0.00485434
_08995_, 473.14, 119.68, 0.00485434
FILLER_0_40_1016, 473.14, 119.68, 0.00485434
_08127_, 498.137, 119.68, 0.00494182
_08139_, 498.137, 119.68, 0.00494182
_15652_, 498.137, 119.68, 0.00494182
_17969_, 498.137, 119.68, 0.00494182
hold1239, 498.137, 119.68, 0.00494182
FILLER_0_41_1077, 498.137, 119.68, 0.00494182
_08031_, 510.334, 119.68, 0.00496456
_08126_, 510.334, 119.68, 0.00496456
_18017_, 510.334, 119.68, 0.00496456
_18018_, 510.334, 119.68, 0.00496456
hold211, 510.334, 119.68, 0.00496456
FILLER_0_41_1103, 510.334, 119.68, 0.00496456
_08027_, 522.531, 119.68, 0.0049728
_08028_, 522.531, 119.68, 0.0049728
_08030_, 522.531, 119.68, 0.0049728
_15706_, 522.531, 119.68, 0.0049728
_18019_, 522.531, 119.68, 0.0049728
hold1022, 522.531, 119.68, 0.0049728
_15699_, 534.728, 119.68, 0.00497296
FILLER_0_39_1172, 546.925, 119.68, 0.00497296
FILLER_0_40_1197, 559.122, 119.68, 0.00497296
PHY_74, 5.52, 114.24, 0.00389371
PHY_76, 5.52, 114.24, 0.00389371
PHY_75, 571.32, 114.24, 0.00502638
PHY_77, 571.32, 114.24, 0.00502638
FILLER_0_38_1217, 571.32, 114.24, 0.00502638
_16214_, 37.94, 114.24, 0.00404471
_16216_, 37.94, 114.24, 0.00404471
hold520, 37.94, 114.24, 0.00404471
hold1745, 37.94, 114.24, 0.00404471
FILLER_0_37_57, 37.94, 114.24, 0.00404471
FILLER_0_38_61, 37.94, 114.24, 0.00404471
_11637_, 50.74, 114.24, 0.00418042
_13703_, 50.74, 114.24, 0.00418042
_16213_, 50.74, 114.24, 0.00418042
clkbuf_leaf_268_clk, 50.74, 114.24, 0.00418042
FILLER_0_38_91, 50.74, 114.24, 0.00418042
FILLER_0_39_104, 50.74, 114.24, 0.00418042
_11627_, 63.54, 114.24, 0.00427296
_11638_, 63.54, 114.24, 0.00427296
_11639_, 63.54, 114.24, 0.00427296
_13706_, 63.54, 114.24, 0.00427296
_13708_, 63.54, 114.24, 0.00427296
hold1122, 63.54, 114.24, 0.00427296
FILLER_0_38_165, 76.34, 114.24, 0.00436401
FILLER_0_39_161, 76.34, 114.24, 0.00436401
_16071_, 89.14, 114.24, 0.00445507
_16076_, 89.14, 114.24, 0.00445507
clkbuf_5_1__f_clk, 89.14, 114.24, 0.00445507
FILLER_0_37_169, 89.14, 114.24, 0.00445507
FILLER_0_38_193, 89.14, 114.24, 0.00445507
_11911_, 101.94, 114.24, 0.00444988
_13545_, 101.94, 114.24, 0.00444988
_16077_, 101.94, 114.24, 0.00444988
hold1143, 101.94, 114.24, 0.00444988
FILLER_0_39_214, 101.94, 114.24, 0.00444988
_11910_, 114.74, 114.24, 0.00443675
FILLER_0_38_246, 114.74, 114.24, 0.00443675
FILLER_0_39_249, 114.74, 114.24, 0.00443675
_11840_, 127.54, 114.24, 0.00442338
_11841_, 127.54, 114.24, 0.00442338
_13590_, 127.54, 114.24, 0.00442338
FILLER_0_38_253, 127.54, 114.24, 0.00442338
FILLER_0_39_275, 127.54, 114.24, 0.00442338
_13593_, 140.34, 114.24, 0.00440942
FILLER_0_38_291, 140.34, 114.24, 0.00440942
FILLER_0_38_298, 140.34, 114.24, 0.00440942
FILLER_0_39_330, 153.14, 114.24, 0.00439529
FILLER_0_38_357, 165.94, 114.24, 0.00438117
FILLER_0_39_361, 165.94, 114.24, 0.00438117
_13813_, 191.54, 114.24, 0.00441422
FILLER_0_38_413, 191.54, 114.24, 0.00441422
FILLER_0_39_406, 191.54, 114.24, 0.00441422
_11442_, 204.34, 114.24, 0.00446123
_11443_, 204.34, 114.24, 0.00446123
_13811_, 204.34, 114.24, 0.00446123
_16319_, 204.34, 114.24, 0.00446123
clkbuf_leaf_243_clk, 204.34, 114.24, 0.00446123
FILLER_0_39_438, 204.34, 114.24, 0.00446123
_11426_, 217.14, 114.24, 0.00445826
_11535_, 217.14, 114.24, 0.00445826
_13757_, 217.14, 114.24, 0.00445826
_16262_, 217.14, 114.24, 0.00445826
hold1723, 217.14, 114.24, 0.00445826
FILLER_0_37_459, 217.14, 114.24, 0.00445826
FILLER_0_39_461, 217.14, 114.24, 0.00445826
_13759_, 229.94, 114.24, 0.00444707
_16264_, 229.94, 114.24, 0.00444707
hold895, 229.94, 114.24, 0.00444707
FILLER_0_37_480, 229.94, 114.24, 0.00444707
_11479_, 242.74, 114.24, 0.00442808
_13758_, 242.74, 114.24, 0.00442808
_16293_, 242.74, 114.24, 0.00442808
_16297_, 242.74, 114.24, 0.00442808
FILLER_0_37_505, 242.74, 114.24, 0.00442808
FILLER_0_38_508, 242.74, 114.24, 0.00442808
_11465_, 255.54, 114.24, 0.00439451
_11477_, 255.54, 114.24, 0.00439451
_11478_, 255.54, 114.24, 0.00439451
hold402, 255.54, 114.24, 0.00439451
hold799, 255.54, 114.24, 0.00439451
FILLER_0_38_544, 255.54, 114.24, 0.00439451
FILLER_0_38_550, 255.54, 114.24, 0.00439451
_13793_, 268.34, 114.24, 0.00435926
hold459, 268.34, 114.24, 0.00435926
hold1887, 268.34, 114.24, 0.00435926
FILLER_0_38_578, 268.34, 114.24, 0.00435926
FILLER_0_39_609, 281.14, 114.24, 0.00432283
hold1141, 293.94, 114.24, 0.00428639
FILLER_0_37_617, 293.94, 114.24, 0.00428639
FILLER_0_38_637, 293.94, 114.24, 0.00428639
_10181_, 306.74, 114.24, 0.00424945
hold1250, 306.74, 114.24, 0.00424945
hold1352, 306.74, 114.24, 0.00424945
FILLER_0_38_648, 306.74, 114.24, 0.00424945
FILLER_0_39_665, 306.74, 114.24, 0.00424945
FILLER_0_39_693, 319.54, 114.24, 0.00421129
_10265_, 345.14, 114.24, 0.00433185
_10275_, 345.14, 114.24, 0.00433185
_10283_, 345.14, 114.24, 0.00433185
_16900_, 345.14, 114.24, 0.00433185
clkbuf_leaf_221_clk, 345.14, 114.24, 0.00433185
FILLER_0_38_725, 345.14, 114.24, 0.00433185
_11150_, 357.94, 114.24, 0.00444059
_11151_, 357.94, 114.24, 0.00444059
_11163_, 357.94, 114.24, 0.00444059
_13967_, 357.94, 114.24, 0.00444059
_13972_, 357.94, 114.24, 0.00444059
_16451_, 357.94, 114.24, 0.00444059
hold691, 357.94, 114.24, 0.00444059
FILLER_0_38_757, 357.94, 114.24, 0.00444059
FILLER_0_39_770, 357.94, 114.24, 0.00444059
_13973_, 370.74, 114.24, 0.00454077
_16459_, 370.74, 114.24, 0.00454077
hold1124, 370.74, 114.24, 0.00454077
FILLER_0_38_800, 370.74, 114.24, 0.00454077
FILLER_0_39_797, 370.74, 114.24, 0.00454077
_11148_, 383.54, 114.24, 0.00463315
_11149_, 383.54, 114.24, 0.00463315
_11158_, 383.54, 114.24, 0.00463315
_13974_, 383.54, 114.24, 0.00463315
_13975_, 383.54, 114.24, 0.00463315
FILLER_0_39_832, 383.54, 114.24, 0.00463315
_09024_, 396.34, 114.24, 0.00472451
_09025_, 396.34, 114.24, 0.00472451
_17520_, 396.34, 114.24, 0.00472451
hold812, 396.34, 114.24, 0.00472451
FILLER_0_38_837, 396.34, 114.24, 0.00472451
FILLER_0_38_852, 396.34, 114.24, 0.00472451
_09125_, 409.14, 114.24, 0.00480789
clkbuf_leaf_207_clk, 409.14, 114.24, 0.00480789
FILLER_0_38_864, 409.14, 114.24, 0.00480789
_17466_, 421.94, 114.24, 0.00484215
FILLER_0_38_917, 421.94, 114.24, 0.00484215
FILLER_0_39_942, 434.74, 114.24, 0.00486931
_08971_, 447.54, 114.24, 0.00489648
FILLER_0_37_956, 447.54, 114.24, 0.00489648
FILLER_0_38_973, 447.54, 114.24, 0.00489648
_17501_, 460.34, 114.24, 0.00492344
FILLER_0_39_1001, 460.34, 114.24, 0.00492344
_09054_, 473.14, 114.24, 0.0049433
hold1758, 473.14, 114.24, 0.0049433
FILLER_0_38_1029, 473.14, 114.24, 0.0049433
_08130_, 498.137, 114.24, 0.00499369
_17963_, 498.137, 114.24, 0.00499369
_17968_, 498.137, 114.24, 0.00499369
hold1249, 498.137, 114.24, 0.00499369
FILLER_0_37_1065, 498.137, 114.24, 0.00499369
FILLER_0_38_1058, 498.137, 114.24, 0.00499369
_15698_, 510.334, 114.24, 0.00501076
_15705_, 510.334, 114.24, 0.00501076
hold781, 510.334, 114.24, 0.00501076
_18011_, 522.531, 114.24, 0.00502534
_18014_, 522.531, 114.24, 0.00502534
FILLER_0_37_1113, 522.531, 114.24, 0.00502534
FILLER_0_38_1122, 522.531, 114.24, 0.00502534
_08036_, 534.728, 114.24, 0.00502638
_08037_, 534.728, 114.24, 0.00502638
_15702_, 534.728, 114.24, 0.00502638
hold972, 534.728, 114.24, 0.00502638
FILLER_0_37_1169, 546.925, 114.24, 0.00502638
FILLER_0_38_1196, 559.122, 114.24, 0.00502638
PHY_70, 5.52, 108.8, 0.00371438
PHY_72, 5.52, 108.8, 0.00371438
output62, 5.52, 108.8, 0.00371438
PHY_71, 571.32, 108.8, 0.00508095
PHY_73, 571.32, 108.8, 0.00508095
output61, 571.32, 108.8, 0.00508095
FILLER_0_36_1217, 571.32, 108.8, 0.00508095
FILLER_0_36_21, 15.33, 108.8, 0.00370438
FILLER_0_36_77, 37.94, 108.8, 0.00377692
FILLER_0_37_83, 37.94, 108.8, 0.00377692
_13702_, 50.74, 108.8, 0.00385948
_16219_, 50.74, 108.8, 0.00385948
FILLER_0_36_97, 50.74, 108.8, 0.00385948
_11626_, 63.54, 108.8, 0.00393474
_16217_, 63.54, 108.8, 0.00393474
hold247, 63.54, 108.8, 0.00393474
FILLER_0_36_137, 63.54, 108.8, 0.00393474
FILLER_0_36_165, 76.34, 108.8, 0.00400219
FILLER_0_37_163, 76.34, 108.8, 0.00400219
_11905_, 89.14, 108.8, 0.00406963
_11921_, 89.14, 108.8, 0.00406963
_13546_, 89.14, 108.8, 0.00406963
_16073_, 89.14, 108.8, 0.00406963
hold1353, 89.14, 108.8, 0.00406963
_11920_, 101.94, 108.8, 0.00412885
_13544_, 101.94, 108.8, 0.00412885
_13551_, 101.94, 108.8, 0.00412885
_13552_, 101.94, 108.8, 0.00412885
hold1099, 101.94, 108.8, 0.00412885
hold1958, 101.94, 108.8, 0.00412885
FILLER_0_36_200, 101.94, 108.8, 0.00412885
FILLER_0_37_216, 101.94, 108.8, 0.00412885
_11906_, 114.74, 108.8, 0.00418444
_11907_, 114.74, 108.8, 0.00418444
_13553_, 114.74, 108.8, 0.00418444
_16079_, 114.74, 108.8, 0.00418444
hold418, 114.74, 108.8, 0.00418444
FILLER_0_36_235, 114.74, 108.8, 0.00418444
FILLER_0_36_246, 114.74, 108.8, 0.00418444
_11842_, 127.54, 108.8, 0.00423183
_11843_, 127.54, 108.8, 0.00423183
_16111_, 127.54, 108.8, 0.00423183
hold188, 127.54, 108.8, 0.00423183
FILLER_0_36_253, 127.54, 108.8, 0.00423183
FILLER_0_37_273, 127.54, 108.8, 0.00423183
_11833_, 140.34, 108.8, 0.00427121
_13591_, 140.34, 108.8, 0.00427121
_13594_, 140.34, 108.8, 0.00427121
_16116_, 140.34, 108.8, 0.00427121
FILLER_0_35_281, 140.34, 108.8, 0.00427121
FILLER_0_36_292, 140.34, 108.8, 0.00427121
FILLER_0_36_303, 140.34, 108.8, 0.00427121
_11832_, 153.14, 108.8, 0.00430294
_11943_, 153.14, 108.8, 0.00430294
_16068_, 153.14, 108.8, 0.00430294
_16070_, 153.14, 108.8, 0.00430294
hold1207, 153.14, 108.8, 0.00430294
FILLER_0_35_311, 153.14, 108.8, 0.00430294
FILLER_0_36_317, 153.14, 108.8, 0.00430294
FILLER_0_37_329, 153.14, 108.8, 0.00430294
_13532_, 165.94, 108.8, 0.00431957
_13538_, 165.94, 108.8, 0.00431957
_13541_, 165.94, 108.8, 0.00431957
hold1827, 165.94, 108.8, 0.00431957
hold2131, 165.94, 108.8, 0.00431957
FILLER_0_37_361, 165.94, 108.8, 0.00431957
_16320_, 191.54, 108.8, 0.00442293
FILLER_0_36_417, 191.54, 108.8, 0.00442293
FILLER_0_37_417, 191.54, 108.8, 0.00442293
_13820_, 204.34, 108.8, 0.00450576
_16311_, 204.34, 108.8, 0.00450576
hold1523, 204.34, 108.8, 0.00450576
_11540_, 217.14, 108.8, 0.00458076
_11541_, 217.14, 108.8, 0.00458076
_11543_, 217.14, 108.8, 0.00458076
_13819_, 217.14, 108.8, 0.00458076
hold261, 217.14, 108.8, 0.00458076
FILLER_0_35_449, 217.14, 108.8, 0.00458076
_11539_, 229.94, 108.8, 0.00465447
_13760_, 229.94, 108.8, 0.00465447
clkbuf_leaf_244_clk, 229.94, 108.8, 0.00465447
FILLER_0_35_486, 229.94, 108.8, 0.00465447
FILLER_0_37_493, 229.94, 108.8, 0.00465447
FILLER_0_37_500, 229.94, 108.8, 0.00465447
_11470_, 242.74, 108.8, 0.00468642
_11471_, 242.74, 108.8, 0.00468642
_13795_, 242.74, 108.8, 0.00468642
_11464_, 255.54, 108.8, 0.00471779
_11476_, 255.54, 108.8, 0.00471779
_13791_, 255.54, 108.8, 0.00471779
_13792_, 255.54, 108.8, 0.00471779
_13798_, 255.54, 108.8, 0.00471779
_16294_, 255.54, 108.8, 0.00471779
_16300_, 255.54, 108.8, 0.00471779
_11475_, 268.34, 108.8, 0.00473398
_16295_, 268.34, 108.8, 0.00473398
clkbuf_leaf_247_clk, 268.34, 108.8, 0.00473398
hold864, 268.34, 108.8, 0.00473398
FILLER_0_35_561, 268.34, 108.8, 0.00473398
FILLER_0_35_569, 268.34, 108.8, 0.00473398
FILLER_0_37_572, 268.34, 108.8, 0.00473398
_10173_, 281.14, 108.8, 0.00469677
_10177_, 281.14, 108.8, 0.00469677
_14516_, 281.14, 108.8, 0.00469677
_16944_, 281.14, 108.8, 0.00469677
_16946_, 281.14, 108.8, 0.00469677
hold1760, 281.14, 108.8, 0.00469677
FILLER_0_37_613, 281.14, 108.8, 0.00469677
_10172_, 293.94, 108.8, 0.00464426
_16941_, 293.94, 108.8, 0.00464426
_16942_, 293.94, 108.8, 0.00464426
_16947_, 293.94, 108.8, 0.00464426
FILLER_0_35_617, 293.94, 108.8, 0.00464426
FILLER_0_37_628, 293.94, 108.8, 0.00464426
_10171_, 306.74, 108.8, 0.0045702
_10180_, 306.74, 108.8, 0.0045702
_10183_, 306.74, 108.8, 0.0045702
_14511_, 306.74, 108.8, 0.0045702
_16927_, 306.74, 108.8, 0.0045702
clkbuf_leaf_218_clk, 306.74, 108.8, 0.0045702
hold2093, 306.74, 108.8, 0.0045702
FILLER_0_37_668, 306.74, 108.8, 0.0045702
_10210_, 319.54, 108.8, 0.00443882
_14495_, 319.54, 108.8, 0.00443882
_14498_, 319.54, 108.8, 0.00443882
_16928_, 319.54, 108.8, 0.00443882
hold1262, 319.54, 108.8, 0.00443882
_10274_, 345.14, 108.8, 0.00441776
_10282_, 345.14, 108.8, 0.00441776
_16891_, 345.14, 108.8, 0.00441776
hold771, 345.14, 108.8, 0.00441776
_10264_, 357.94, 108.8, 0.00452818
_11162_, 357.94, 108.8, 0.00452818
_14465_, 357.94, 108.8, 0.00452818
_16457_, 357.94, 108.8, 0.00452818
hold1733, 357.94, 108.8, 0.00452818
_11159_, 370.74, 108.8, 0.00463035
_13969_, 370.74, 108.8, 0.00463035
_16453_, 370.74, 108.8, 0.00463035
FILLER_0_35_785, 370.74, 108.8, 0.00463035
FILLER_0_36_786, 370.74, 108.8, 0.00463035
FILLER_0_37_796, 370.74, 108.8, 0.00463035
_17515_, 383.54, 108.8, 0.00472505
hold1168, 383.54, 108.8, 0.00472505
hold1542, 383.54, 108.8, 0.00472505
FILLER_0_37_834, 383.54, 108.8, 0.00472505
_09034_, 396.34, 108.8, 0.00481166
_15148_, 396.34, 108.8, 0.00481166
_17511_, 396.34, 108.8, 0.00481166
hold1385, 396.34, 108.8, 0.00481166
hold1425, 396.34, 108.8, 0.00481166
_09029_, 409.14, 108.8, 0.0048898
_09035_, 409.14, 108.8, 0.0048898
_09042_, 409.14, 108.8, 0.0048898
_09043_, 409.14, 108.8, 0.0048898
_15144_, 409.14, 108.8, 0.0048898
_17517_, 409.14, 108.8, 0.0048898
_17518_, 409.14, 108.8, 0.0048898
FILLER_0_37_888, 409.14, 108.8, 0.0048898
_09028_, 421.94, 108.8, 0.00495267
_09030_, 421.94, 108.8, 0.00495267
_09031_, 421.94, 108.8, 0.00495267
hold1073, 421.94, 108.8, 0.00495267
hold1398, 421.94, 108.8, 0.00495267
_08965_, 434.74, 108.8, 0.00501391
_15186_, 434.74, 108.8, 0.00501391
_17547_, 434.74, 108.8, 0.00501391
hold959, 434.74, 108.8, 0.00501391
FILLER_0_36_932, 434.74, 108.8, 0.00501391
FILLER_0_37_945, 434.74, 108.8, 0.00501391
_08970_, 447.54, 108.8, 0.00506718
_08973_, 447.54, 108.8, 0.00506718
_17546_, 447.54, 108.8, 0.00506718
clkbuf_leaf_205_clk, 447.54, 108.8, 0.00506718
hold1036, 447.54, 108.8, 0.00506718
_09055_, 460.34, 108.8, 0.00506838
_17505_, 460.34, 108.8, 0.00506838
_17508_, 460.34, 108.8, 0.00506838
hold1355, 460.34, 108.8, 0.00506838
_09060_, 473.14, 108.8, 0.00505469
_09061_, 473.14, 108.8, 0.00505469
_09063_, 473.14, 108.8, 0.00505469
_17502_, 473.14, 108.8, 0.00505469
_17503_, 473.14, 108.8, 0.00505469
_08129_, 498.137, 108.8, 0.00507059
_08134_, 498.137, 108.8, 0.00507059
_15643_, 498.137, 108.8, 0.00507059
_15651_, 498.137, 108.8, 0.00507059
clkbuf_leaf_191_clk, 498.137, 108.8, 0.00507059
hold1238, 498.137, 108.8, 0.00507059
FILLER_0_35_1059, 498.137, 108.8, 0.00507059
FILLER_0_36_1078, 498.137, 108.8, 0.00507059
_08128_, 510.334, 108.8, 0.00507317
FILLER_0_35_1092, 510.334, 108.8, 0.00507317
FILLER_0_36_1086, 510.334, 108.8, 0.00507317
_08040_, 522.531, 108.8, 0.00507553
FILLER_0_35_1117, 522.531, 108.8, 0.00507553
FILLER_0_37_1133, 522.531, 108.8, 0.00507553
_08024_, 534.728, 108.8, 0.00507768
_08033_, 534.728, 108.8, 0.00507768
_15708_, 534.728, 108.8, 0.00507768
hold472, 534.728, 108.8, 0.00507768
FILLER_0_36_1141, 534.728, 108.8, 0.00507768
FILLER_0_35_1166, 546.925, 108.8, 0.00507877
FILLER_0_36_1197, 559.122, 108.8, 0.00507986
PHY_66, 5.52, 103.36, 0.0035215
PHY_68, 5.52, 103.36, 0.0035215
PHY_67, 571.32, 103.36, 0.0050364
PHY_69, 571.32, 103.36, 0.0050364
FILLER_0_34_1217, 571.32, 103.36, 0.0050364
FILLER_0_34_77, 37.94, 103.36, 0.00360145
_11631_, 50.74, 103.36, 0.00368141
FILLER_0_34_109, 50.74, 103.36, 0.00368141
FILLER_0_35_105, 50.74, 103.36, 0.00368141
_11630_, 63.54, 103.36, 0.00376116
hold875, 63.54, 103.36, 0.00376116
FILLER_0_34_131, 63.54, 103.36, 0.00376116
_13547_, 76.34, 103.36, 0.00384016
FILLER_0_34_165, 76.34, 103.36, 0.00384016
_11918_, 89.14, 103.36, 0.00391898
_11919_, 89.14, 103.36, 0.00391898
_16072_, 89.14, 103.36, 0.00391898
_16080_, 89.14, 103.36, 0.00391898
_11904_, 101.94, 103.36, 0.00398315
_11908_, 101.94, 103.36, 0.00398315
_11909_, 101.94, 103.36, 0.00398315
_13554_, 101.94, 103.36, 0.00398315
_16078_, 101.94, 103.36, 0.00398315
hold1717, 101.94, 103.36, 0.00398315
FILLER_0_34_200, 101.94, 103.36, 0.00398315
FILLER_0_34_207, 101.94, 103.36, 0.00398315
FILLER_0_33_237, 114.74, 103.36, 0.00403887
FILLER_0_34_247, 114.74, 103.36, 0.00403887
FILLER_0_35_245, 114.74, 103.36, 0.00403887
_11828_, 127.54, 103.36, 0.0040946
_11829_, 127.54, 103.36, 0.0040946
_13589_, 127.54, 103.36, 0.0040946
_13596_, 127.54, 103.36, 0.0040946
_16113_, 127.54, 103.36, 0.0040946
FILLER_0_34_258, 127.54, 103.36, 0.0040946
_11838_, 140.34, 103.36, 0.00414247
_11839_, 140.34, 103.36, 0.00414247
_16114_, 140.34, 103.36, 0.00414247
hold195, 140.34, 103.36, 0.00414247
_11836_, 153.14, 103.36, 0.00418235
_16061_, 153.14, 103.36, 0.00418235
hold1357, 153.14, 103.36, 0.00418235
FILLER_0_34_320, 153.14, 103.36, 0.00418235
_11924_, 165.94, 103.36, 0.00421444
_11928_, 165.94, 103.36, 0.00421444
_11942_, 165.94, 103.36, 0.00421444
_13533_, 165.94, 103.36, 0.00421444
_13534_, 165.94, 103.36, 0.00421444
_13543_, 165.94, 103.36, 0.00421444
hold2083, 165.94, 103.36, 0.00421444
FILLER_0_34_357, 165.94, 103.36, 0.00421444
_11424_, 191.54, 103.36, 0.00427979
_11425_, 191.54, 103.36, 0.00427979
_16316_, 191.54, 103.36, 0.00427979
hold589, 191.54, 103.36, 0.00427979
FILLER_0_33_393, 191.54, 103.36, 0.00427979
FILLER_0_34_397, 191.54, 103.36, 0.00427979
FILLER_0_34_409, 191.54, 103.36, 0.00427979
FILLER_0_34_417, 191.54, 103.36, 0.00427979
_11427_, 204.34, 103.36, 0.00430866
_13817_, 204.34, 103.36, 0.00430866
_16317_, 204.34, 103.36, 0.00430866
FILLER_0_34_421, 204.34, 103.36, 0.00430866
FILLER_0_35_437, 204.34, 103.36, 0.00430866
_13754_, 217.14, 103.36, 0.00433004
_13756_, 217.14, 103.36, 0.00433004
_16261_, 217.14, 103.36, 0.00433004
hold279, 217.14, 103.36, 0.00433004
_11531_, 229.94, 103.36, 0.00434171
_13762_, 229.94, 103.36, 0.00434171
_16267_, 229.94, 103.36, 0.00434171
_16270_, 229.94, 103.36, 0.00434171
hold1118, 229.94, 103.36, 0.00434171
FILLER_0_33_479, 229.94, 103.36, 0.00434171
FILLER_0_35_499, 229.94, 103.36, 0.00434171
_11480_, 242.74, 103.36, 0.00433829
_11481_, 242.74, 103.36, 0.00433829
_11530_, 242.74, 103.36, 0.00433829
hold401, 242.74, 103.36, 0.00433829
hold632, 242.74, 103.36, 0.00433829
FILLER_0_33_513, 242.74, 103.36, 0.00433829
FILLER_0_34_517, 242.74, 103.36, 0.00433829
FILLER_0_35_529, 242.74, 103.36, 0.00433829
_13790_, 255.54, 103.36, 0.0043332
_13794_, 255.54, 103.36, 0.0043332
_11469_, 268.34, 103.36, 0.00432772
_11474_, 268.34, 103.36, 0.00432772
FILLER_0_33_561, 268.34, 103.36, 0.00432772
FILLER_0_34_584, 268.34, 103.36, 0.00432772
_10167_, 281.14, 103.36, 0.00432183
_10176_, 281.14, 103.36, 0.00432183
_14514_, 281.14, 103.36, 0.00432183
FILLER_0_33_591, 281.14, 103.36, 0.00432183
FILLER_0_34_589, 281.14, 103.36, 0.00432183
_14510_, 293.94, 103.36, 0.00431532
FILLER_0_34_635, 293.94, 103.36, 0.00431532
_10170_, 306.74, 103.36, 0.00430682
_10182_, 306.74, 103.36, 0.00430682
_14512_, 306.74, 103.36, 0.00430682
_14517_, 306.74, 103.36, 0.00430682
_16930_, 306.74, 103.36, 0.00430682
FILLER_0_34_657, 306.74, 103.36, 0.00430682
_10204_, 319.54, 103.36, 0.00429034
_10205_, 319.54, 103.36, 0.00429034
_10209_, 319.54, 103.36, 0.00429034
_10211_, 319.54, 103.36, 0.00429034
hold1344, 319.54, 103.36, 0.00429034
_14455_, 345.14, 103.36, 0.00442224
_14456_, 345.14, 103.36, 0.00442224
_14460_, 345.14, 103.36, 0.00442224
hold1278, 345.14, 103.36, 0.00442224
FILLER_0_34_728, 345.14, 103.36, 0.00442224
_16896_, 357.94, 103.36, 0.00456921
clkbuf_5_17__f_clk, 357.94, 103.36, 0.00456921
FILLER_0_35_775, 357.94, 103.36, 0.00456921
_11161_, 370.74, 103.36, 0.00463432
_13968_, 370.74, 103.36, 0.00463432
_16452_, 370.74, 103.36, 0.00463432
_16458_, 370.74, 103.36, 0.00463432
_11160_, 383.54, 103.36, 0.00468484
hold952, 383.54, 103.36, 0.00468484
FILLER_0_35_832, 383.54, 103.36, 0.00468484
_15153_, 396.34, 103.36, 0.00473463
FILLER_0_34_857, 396.34, 103.36, 0.00473463
hold1439, 409.14, 103.36, 0.00478423
FILLER_0_34_865, 409.14, 103.36, 0.00478423
FILLER_0_34_881, 409.14, 103.36, 0.00478423
_15150_, 421.94, 103.36, 0.00483334
_15151_, 421.94, 103.36, 0.00483334
_17550_, 421.94, 103.36, 0.00483334
FILLER_0_34_910, 421.94, 103.36, 0.00483334
FILLER_0_34_918, 421.94, 103.36, 0.00483334
FILLER_0_35_906, 421.94, 103.36, 0.00483334
FILLER_0_35_914, 421.94, 103.36, 0.00483334
_08964_, 434.74, 103.36, 0.00487499
_08983_, 434.74, 103.36, 0.00487499
_15182_, 434.74, 103.36, 0.00487499
_15183_, 434.74, 103.36, 0.00487499
_17541_, 434.74, 103.36, 0.00487499
hold1726, 434.74, 103.36, 0.00487499
FILLER_0_33_921, 434.74, 103.36, 0.00487499
FILLER_0_34_945, 434.74, 103.36, 0.00487499
FILLER_0_35_940, 434.74, 103.36, 0.00487499
_17545_, 447.54, 103.36, 0.00490822
hold930, 447.54, 103.36, 0.00490822
hold2061, 447.54, 103.36, 0.00490822
FILLER_0_33_953, 447.54, 103.36, 0.00490822
_09048_, 460.34, 103.36, 0.00493337
_09049_, 460.34, 103.36, 0.00493337
_15133_, 460.34, 103.36, 0.00493337
_15137_, 460.34, 103.36, 0.00493337
_15140_, 460.34, 103.36, 0.00493337
hold504, 460.34, 103.36, 0.00493337
FILLER_0_34_993, 460.34, 103.36, 0.00493337
_09058_, 473.14, 103.36, 0.00495706
_09059_, 473.14, 103.36, 0.00495706
_09062_, 473.14, 103.36, 0.00495706
_15134_, 473.14, 103.36, 0.00495706
FILLER_0_33_1009, 473.14, 103.36, 0.00495706
_08136_, 498.137, 103.36, 0.00500355
_08137_, 498.137, 103.36, 0.00500355
_08034_, 510.334, 103.36, 0.00502675
_08035_, 510.334, 103.36, 0.00502675
_18013_, 510.334, 103.36, 0.00502675
_18015_, 510.334, 103.36, 0.00502675
hold242, 510.334, 103.36, 0.00502675
FILLER_0_33_1092, 510.334, 103.36, 0.00502675
FILLER_0_34_1089, 510.334, 103.36, 0.00502675
FILLER_0_35_1106, 510.334, 103.36, 0.00502675
_08025_, 522.531, 103.36, 0.00503555
_08038_, 522.531, 103.36, 0.00503555
_15701_, 522.531, 103.36, 0.00503555
_15703_, 522.531, 103.36, 0.00503555
_18020_, 522.531, 103.36, 0.00503555
hold936, 522.531, 103.36, 0.00503555
FILLER_0_35_1126, 522.531, 103.36, 0.00503555
_08032_, 534.728, 103.36, 0.00503639
_15704_, 534.728, 103.36, 0.00503639
hold1977, 534.728, 103.36, 0.00503639
FILLER_0_34_1198, 559.122, 103.36, 0.00503639
FILLER_0_35_1213, 559.122, 103.36, 0.00503639
PHY_62, 5.52, 97.92, 0.00336203
PHY_64, 5.52, 97.92, 0.00336203
PHY_63, 571.32, 97.92, 0.00517587
PHY_65, 571.32, 97.92, 0.00517587
FILLER_0_32_1217, 571.32, 97.92, 0.00517587
FILLER_0_32_77, 37.94, 97.92, 0.00344838
FILLER_0_33_105, 50.74, 97.92, 0.00353473
FILLER_0_32_133, 63.54, 97.92, 0.00362109
FILLER_0_33_161, 76.34, 97.92, 0.00370744
FILLER_0_32_189, 89.14, 97.92, 0.0037938
FILLER_0_31_205, 101.94, 97.92, 0.00388015
FILLER_0_33_217, 101.94, 97.92, 0.00388015
_11796_, 114.74, 97.92, 0.00396651
_11797_, 114.74, 97.92, 0.00396651
_16118_, 114.74, 97.92, 0.00396651
FILLER_0_31_225, 114.74, 97.92, 0.00396651
FILLER_0_32_245, 114.74, 97.92, 0.00396651
FILLER_0_33_245, 114.74, 97.92, 0.00396651
_13588_, 127.54, 97.92, 0.00404536
clkbuf_leaf_261_clk, 127.54, 97.92, 0.00404536
hold234, 127.54, 97.92, 0.00404536
FILLER_0_33_276, 127.54, 97.92, 0.00404536
_11837_, 140.34, 97.92, 0.0040819
_13592_, 140.34, 97.92, 0.0040819
FILLER_0_32_303, 140.34, 97.92, 0.0040819
FILLER_0_33_295, 140.34, 97.92, 0.0040819
_11925_, 153.14, 97.92, 0.00411806
_11929_, 153.14, 97.92, 0.00411806
_16153_, 165.94, 97.92, 0.00415375
FILLER_0_31_337, 165.94, 97.92, 0.00415375
FILLER_0_32_357, 165.94, 97.92, 0.00415375
_11432_, 191.54, 97.92, 0.0042627
_11433_, 191.54, 97.92, 0.0042627
_11756_, 191.54, 97.92, 0.0042627
_13816_, 191.54, 97.92, 0.0042627
_16318_, 191.54, 97.92, 0.0042627
hold1024, 191.54, 97.92, 0.0042627
_11428_, 204.34, 97.92, 0.00433464
_11429_, 204.34, 97.92, 0.00433464
_11430_, 204.34, 97.92, 0.00433464
_11431_, 204.34, 97.92, 0.00433464
_13818_, 204.34, 97.92, 0.00433464
hold597, 204.34, 97.92, 0.00433464
hold1650, 204.34, 97.92, 0.00433464
FILLER_0_32_441, 204.34, 97.92, 0.00433464
_11526_, 217.14, 97.92, 0.00440456
_11527_, 217.14, 97.92, 0.00440456
_11542_, 217.14, 97.92, 0.00440456
_13810_, 217.14, 97.92, 0.00440456
_16269_, 217.14, 97.92, 0.00440456
hold212, 217.14, 97.92, 0.00440456
_11524_, 229.94, 97.92, 0.00446425
_11525_, 229.94, 97.92, 0.00446425
_13755_, 229.94, 97.92, 0.00446425
_13765_, 229.94, 97.92, 0.00446425
_16266_, 229.94, 97.92, 0.00446425
FILLER_0_31_475, 229.94, 97.92, 0.00446425
FILLER_0_32_484, 229.94, 97.92, 0.00446425
FILLER_0_32_501, 229.94, 97.92, 0.00446425
_11532_, 242.74, 97.92, 0.00451432
_16292_, 242.74, 97.92, 0.00451432
clkbuf_leaf_248_clk, 242.74, 97.92, 0.00451432
hold1045, 242.74, 97.92, 0.00451432
_11472_, 255.54, 97.92, 0.00451222
_11473_, 255.54, 97.92, 0.00451222
_13788_, 255.54, 97.92, 0.00451222
hold1116, 255.54, 97.92, 0.00451222
hold1217, 255.54, 97.92, 0.00451222
FILLER_0_32_552, 255.54, 97.92, 0.00451222
_11468_, 268.34, 97.92, 0.00450668
_13796_, 268.34, 97.92, 0.00450668
_16291_, 268.34, 97.92, 0.00450668
_16298_, 268.34, 97.92, 0.00450668
hold1084, 268.34, 97.92, 0.00450668
FILLER_0_32_585, 268.34, 97.92, 0.00450668
FILLER_0_33_574, 268.34, 97.92, 0.00450668
_10166_, 281.14, 97.92, 0.00448606
_10175_, 281.14, 97.92, 0.00448606
_14519_, 281.14, 97.92, 0.00448606
_16945_, 281.14, 97.92, 0.00448606
_16949_, 281.14, 97.92, 0.00448606
hold548, 281.14, 97.92, 0.00448606
_10165_, 293.94, 97.92, 0.00445015
_14520_, 293.94, 97.92, 0.00445015
FILLER_0_31_617, 293.94, 97.92, 0.00445015
FILLER_0_31_625, 293.94, 97.92, 0.00445015
_10164_, 306.74, 97.92, 0.00441386
_10178_, 306.74, 97.92, 0.00441386
hold1282, 306.74, 97.92, 0.00441386
FILLER_0_32_645, 306.74, 97.92, 0.00441386
_10208_, 319.54, 97.92, 0.00437658
_14496_, 319.54, 97.92, 0.00437658
FILLER_0_32_693, 319.54, 97.92, 0.00437658
hold249, 345.14, 97.92, 0.00445332
FILLER_0_31_729, 345.14, 97.92, 0.00445332
_10272_, 357.94, 97.92, 0.00456721
_10273_, 357.94, 97.92, 0.00456721
_14461_, 357.94, 97.92, 0.00456721
hold302, 357.94, 97.92, 0.00456721
FILLER_0_32_757, 357.94, 97.92, 0.00456721
FILLER_0_32_770, 357.94, 97.92, 0.00456721
FILLER_0_32_777, 357.94, 97.92, 0.00456721
_10278_, 370.74, 97.92, 0.00468
_14458_, 370.74, 97.92, 0.00468
clkbuf_leaf_208_clk, 370.74, 97.92, 0.00468
hold235, 370.74, 97.92, 0.00468
FILLER_0_32_803, 370.74, 97.92, 0.00468
_09039_, 383.54, 97.92, 0.00475353
_09041_, 383.54, 97.92, 0.00475353
_15145_, 383.54, 97.92, 0.00475353
_17513_, 383.54, 97.92, 0.00475353
FILLER_0_31_813, 383.54, 97.92, 0.00475353
FILLER_0_32_813, 383.54, 97.92, 0.00475353
FILLER_0_32_825, 383.54, 97.92, 0.00475353
FILLER_0_33_833, 383.54, 97.92, 0.00475353
_09038_, 396.34, 97.92, 0.00481935
_09040_, 396.34, 97.92, 0.00481935
_15146_, 396.34, 97.92, 0.00481935
_15147_, 396.34, 97.92, 0.00481935
_17514_, 396.34, 97.92, 0.00481935
_17516_, 396.34, 97.92, 0.00481935
hold376, 396.34, 97.92, 0.00481935
FILLER_0_32_848, 396.34, 97.92, 0.00481935
FILLER_0_32_860, 396.34, 97.92, 0.00481935
FILLER_0_33_853, 396.34, 97.92, 0.00481935
_09032_, 409.14, 97.92, 0.00486967
_09033_, 409.14, 97.92, 0.00486967
_09036_, 409.14, 97.92, 0.00486967
_15149_, 409.14, 97.92, 0.00486967
_15152_, 409.14, 97.92, 0.00486967
_17519_, 409.14, 97.92, 0.00486967
hold1438, 409.14, 97.92, 0.00486967
FILLER_0_31_869, 409.14, 97.92, 0.00486967
FILLER_0_33_886, 409.14, 97.92, 0.00486967
_09026_, 421.94, 97.92, 0.00491143
_15143_, 421.94, 97.92, 0.00491143
hold865, 421.94, 97.92, 0.00491143
FILLER_0_31_893, 421.94, 97.92, 0.00491143
FILLER_0_32_916, 421.94, 97.92, 0.00491143
_08980_, 434.74, 97.92, 0.00495051
_08982_, 434.74, 97.92, 0.00495051
_15176_, 434.74, 97.92, 0.00495051
_15177_, 434.74, 97.92, 0.00495051
_15178_, 434.74, 97.92, 0.00495051
_15179_, 434.74, 97.92, 0.00495051
FILLER_0_32_925, 434.74, 97.92, 0.00495051
FILLER_0_33_942, 434.74, 97.92, 0.00495051
_08972_, 447.54, 97.92, 0.00498669
_08974_, 447.54, 97.92, 0.00498669
_08975_, 447.54, 97.92, 0.00498669
_15181_, 447.54, 97.92, 0.00498669
_09051_, 460.34, 97.92, 0.00502203
FILLER_0_31_977, 460.34, 97.92, 0.00502203
FILLER_0_32_976, 460.34, 97.92, 0.00502203
FILLER_0_33_1000, 460.34, 97.92, 0.00502203
_09045_, 473.14, 97.92, 0.00505717
_15132_, 473.14, 97.92, 0.00505717
_15142_, 473.14, 97.92, 0.00505717
_17510_, 473.14, 97.92, 0.00505717
clkbuf_leaf_204_clk, 473.14, 97.92, 0.00505717
FILLER_0_31_1005, 473.14, 97.92, 0.00505717
FILLER_0_31_1009, 473.14, 97.92, 0.00505717
FILLER_0_32_1005, 473.14, 97.92, 0.00505717
FILLER_0_32_1026, 473.14, 97.92, 0.00505717
FILLER_0_33_1017, 473.14, 97.92, 0.00505717
_08124_, 498.137, 97.92, 0.00511149
_08140_, 498.137, 97.92, 0.00511149
_08141_, 498.137, 97.92, 0.00511149
_15645_, 498.137, 97.92, 0.00511149
_15647_, 498.137, 97.92, 0.00511149
_17962_, 498.137, 97.92, 0.00511149
hold208, 498.137, 97.92, 0.00511149
hold763, 498.137, 97.92, 0.00511149
FILLER_0_32_1063, 498.137, 97.92, 0.00511149
FILLER_0_33_1071, 498.137, 97.92, 0.00511149
_08039_, 510.334, 97.92, 0.00516838
_08133_, 510.334, 97.92, 0.00516838
_15649_, 510.334, 97.92, 0.00516838
_17966_, 510.334, 97.92, 0.00516838
clkbuf_leaf_194_clk, 510.334, 97.92, 0.00516838
FILLER_0_32_1099, 510.334, 97.92, 0.00516838
_08041_, 522.531, 97.92, 0.00517587
_18016_, 522.531, 97.92, 0.00517587
hold2078, 522.531, 97.92, 0.00517587
FILLER_0_31_1113, 522.531, 97.92, 0.00517587
FILLER_0_31_1121, 522.531, 97.92, 0.00517587
FILLER_0_32_1137, 522.531, 97.92, 0.00517587
FILLER_0_32_1145, 534.728, 97.92, 0.00517587
FILLER_0_32_1197, 559.122, 97.92, 0.00517587
PHY_58, 5.52, 92.48, 0.00332933
PHY_60, 5.52, 92.48, 0.00332933
output9, 5.52, 92.48, 0.00332933
PHY_59, 571.32, 92.48, 0.00546019
PHY_61, 571.32, 92.48, 0.00546019
output100, 571.32, 92.48, 0.00546019
FILLER_0_30_1217, 571.32, 92.48, 0.00546019
ANTENNA_8, 15.33, 92.48, 0.00328485
FILLER_0_30_25, 15.33, 92.48, 0.00328485
FILLER_0_30_77, 37.94, 92.48, 0.00332876
FILLER_0_31_105, 50.74, 92.48, 0.00341716
FILLER_0_30_133, 63.54, 92.48, 0.00350556
_11814_, 76.34, 92.48, 0.00359396
_11815_, 76.34, 92.48, 0.00359396
_11817_, 76.34, 92.48, 0.00359396
_13603_, 76.34, 92.48, 0.00359396
_13604_, 76.34, 92.48, 0.00359396
hold239, 76.34, 92.48, 0.00359396
FILLER_0_30_141, 76.34, 92.48, 0.00359396
FILLER_0_31_161, 76.34, 92.48, 0.00359396
_11806_, 89.14, 92.48, 0.00368088
_11807_, 89.14, 92.48, 0.00368088
_11822_, 89.14, 92.48, 0.00368088
_11823_, 89.14, 92.48, 0.00368088
_13608_, 89.14, 92.48, 0.00368088
_16121_, 89.14, 92.48, 0.00368088
hold162, 89.14, 92.48, 0.00368088
FILLER_0_30_172, 89.14, 92.48, 0.00368088
_11798_, 101.94, 92.48, 0.00375913
_11799_, 101.94, 92.48, 0.00375913
_11802_, 101.94, 92.48, 0.00375913
_11803_, 101.94, 92.48, 0.00375913
_13600_, 101.94, 92.48, 0.00375913
_13613_, 101.94, 92.48, 0.00375913
_16133_, 101.94, 92.48, 0.00375913
hold166, 101.94, 92.48, 0.00375913
hold1675, 101.94, 92.48, 0.00375913
FILLER_0_30_197, 101.94, 92.48, 0.00375913
FILLER_0_31_221, 101.94, 92.48, 0.00375913
_11795_, 114.74, 92.48, 0.00382804
_13611_, 114.74, 92.48, 0.00382804
_13614_, 114.74, 92.48, 0.00382804
_16134_, 114.74, 92.48, 0.00382804
hold226, 114.74, 92.48, 0.00382804
FILLER_0_29_228, 114.74, 92.48, 0.00382804
FILLER_0_30_248, 114.74, 92.48, 0.00382804
_11794_, 127.54, 92.48, 0.00388878
_16099_, 127.54, 92.48, 0.00388878
hold240, 127.54, 92.48, 0.00388878
FILLER_0_30_264, 127.54, 92.48, 0.00388878
FILLER_0_31_274, 127.54, 92.48, 0.00388878
_11868_, 140.34, 92.48, 0.00394171
_13575_, 140.34, 92.48, 0.00394171
hold204, 140.34, 92.48, 0.00394171
hold245, 140.34, 92.48, 0.00394171
FILLER_0_30_302, 140.34, 92.48, 0.00394171
_11864_, 153.14, 92.48, 0.00399323
_11865_, 153.14, 92.48, 0.00399323
_11877_, 153.14, 92.48, 0.00399323
_13570_, 153.14, 92.48, 0.00399323
_16094_, 153.14, 92.48, 0.00399323
hold1133, 153.14, 92.48, 0.00399323
FILLER_0_30_333, 153.14, 92.48, 0.00399323
FILLER_0_31_329, 153.14, 92.48, 0.00399323
_11759_, 165.94, 92.48, 0.00403635
_11876_, 165.94, 92.48, 0.00403635
_13632_, 165.94, 92.48, 0.00403635
_13635_, 165.94, 92.48, 0.00403635
hold1176, 165.94, 92.48, 0.00403635
FILLER_0_29_340, 165.94, 92.48, 0.00403635
FILLER_0_30_345, 165.94, 92.48, 0.00403635
_16158_, 191.54, 92.48, 0.00412455
FILLER_0_30_416, 191.54, 92.48, 0.00412455
FILLER_0_31_417, 191.54, 92.48, 0.00412455
FILLER_0_30_445, 204.34, 92.48, 0.00416559
FILLER_0_31_439, 204.34, 92.48, 0.00416559
_13763_, 217.14, 92.48, 0.00420664
_13764_, 217.14, 92.48, 0.00420664
_16268_, 217.14, 92.48, 0.00420664
_11533_, 229.94, 92.48, 0.00424024
_13761_, 229.94, 92.48, 0.00424024
hold206, 229.94, 92.48, 0.00424024
FILLER_0_30_485, 229.94, 92.48, 0.00424024
_16296_, 242.74, 92.48, 0.00427292
FILLER_0_30_525, 242.74, 92.48, 0.00427292
_11483_, 255.54, 92.48, 0.0042985
_13797_, 255.54, 92.48, 0.0042985
_16299_, 255.54, 92.48, 0.0042985
FILLER_0_29_541, 255.54, 92.48, 0.0042985
FILLER_0_30_533, 255.54, 92.48, 0.0042985
FILLER_0_31_546, 255.54, 92.48, 0.0042985
_11482_, 268.34, 92.48, 0.00431661
_13789_, 268.34, 92.48, 0.00431661
hold394, 268.34, 92.48, 0.00431661
hold1761, 268.34, 92.48, 0.00431661
FILLER_0_30_577, 268.34, 92.48, 0.00431661
FILLER_0_30_585, 268.34, 92.48, 0.00431661
_10174_, 281.14, 92.48, 0.00433331
_14515_, 281.14, 92.48, 0.00433331
hold2108, 281.14, 92.48, 0.00433331
FILLER_0_31_613, 281.14, 92.48, 0.00433331
_10179_, 293.94, 92.48, 0.00434911
_16943_, 293.94, 92.48, 0.00434911
_16948_, 293.94, 92.48, 0.00434911
_16950_, 293.94, 92.48, 0.00434911
FILLER_0_29_617, 293.94, 92.48, 0.00434911
FILLER_0_30_614, 293.94, 92.48, 0.00434911
_10168_, 306.74, 92.48, 0.00434338
_14513_, 306.74, 92.48, 0.00434338
_14518_, 306.74, 92.48, 0.00434338
hold1201, 306.74, 92.48, 0.00434338
hold2029, 306.74, 92.48, 0.00434338
FILLER_0_31_666, 306.74, 92.48, 0.00434338
_10152_, 319.54, 92.48, 0.00433608
_10153_, 319.54, 92.48, 0.00433608
_14527_, 319.54, 92.48, 0.00433608
_16956_, 319.54, 92.48, 0.00433608
hold1119, 319.54, 92.48, 0.00433608
FILLER_0_30_673, 319.54, 92.48, 0.00433608
FILLER_0_30_694, 319.54, 92.48, 0.00433608
_10280_, 345.14, 92.48, 0.00442238
_10281_, 345.14, 92.48, 0.00442238
_14457_, 345.14, 92.48, 0.00442238
_16892_, 345.14, 92.48, 0.00442238
_16899_, 345.14, 92.48, 0.00442238
hold124, 345.14, 92.48, 0.00442238
FILLER_0_29_729, 345.14, 92.48, 0.00442238
_10268_, 357.94, 92.48, 0.00450888
_10279_, 357.94, 92.48, 0.00450888
_16893_, 357.94, 92.48, 0.00450888
_16898_, 357.94, 92.48, 0.00450888
hold1632, 357.94, 92.48, 0.00450888
FILLER_0_31_769, 357.94, 92.48, 0.00450888
_10270_, 370.74, 92.48, 0.00458016
_10271_, 370.74, 92.48, 0.00458016
hold168, 370.74, 92.48, 0.00458016
FILLER_0_30_805, 370.74, 92.48, 0.00458016
_17512_, 383.54, 92.48, 0.00465052
FILLER_0_30_813, 383.54, 92.48, 0.00465052
_09037_, 396.34, 92.48, 0.00471377
hold666, 396.34, 92.48, 0.00471377
FILLER_0_29_841, 396.34, 92.48, 0.00471377
FILLER_0_30_850, 396.34, 92.48, 0.00471377
FILLER_0_30_857, 396.34, 92.48, 0.00471377
_09027_, 409.14, 92.48, 0.00477631
FILLER_0_30_865, 409.14, 92.48, 0.00477631
_15099_, 421.94, 92.48, 0.00483865
FILLER_0_30_911, 421.94, 92.48, 0.00483865
_08966_, 434.74, 92.48, 0.00489897
_08978_, 434.74, 92.48, 0.00489897
_15185_, 434.74, 92.48, 0.00489897
_17542_, 434.74, 92.48, 0.00489897
hold314, 434.74, 92.48, 0.00489897
hold1974, 434.74, 92.48, 0.00489897
hold2077, 434.74, 92.48, 0.00489897
_08976_, 447.54, 92.48, 0.00495
_08977_, 447.54, 92.48, 0.00495
_15180_, 447.54, 92.48, 0.00495
_17544_, 447.54, 92.48, 0.00495
hold1348, 447.54, 92.48, 0.00495
FILLER_0_30_950, 447.54, 92.48, 0.00495
FILLER_0_30_962, 447.54, 92.48, 0.00495
_09050_, 460.34, 92.48, 0.00499282
_15139_, 460.34, 92.48, 0.00499282
_17507_, 460.34, 92.48, 0.00499282
_17509_, 460.34, 92.48, 0.00499282
hold494, 460.34, 92.48, 0.00499282
FILLER_0_29_981, 460.34, 92.48, 0.00499282
FILLER_0_30_975, 460.34, 92.48, 0.00499282
FILLER_0_31_994, 460.34, 92.48, 0.00499282
_09046_, 473.14, 92.48, 0.00502057
_09047_, 473.14, 92.48, 0.00502057
_15136_, 473.14, 92.48, 0.00502057
_15141_, 473.14, 92.48, 0.00502057
_17506_, 473.14, 92.48, 0.00502057
hold645, 473.14, 92.48, 0.00502057
hold933, 473.14, 92.48, 0.00502057
_15644_, 498.137, 92.48, 0.00511053
_15653_, 498.137, 92.48, 0.00511053
_17961_, 498.137, 92.48, 0.00511053
hold2107, 498.137, 92.48, 0.00511053
_08132_, 510.334, 92.48, 0.00517402
hold1404, 510.334, 92.48, 0.00517402
FILLER_0_30_1089, 510.334, 92.48, 0.00517402
FILLER_0_30_1108, 510.334, 92.48, 0.00517402
_15700_, 522.531, 92.48, 0.00523679
_18012_, 522.531, 92.48, 0.00523679
FILLER_0_29_1114, 522.531, 92.48, 0.00523679
FILLER_0_30_1143, 534.728, 92.48, 0.00529264
FILLER_0_29_1169, 546.925, 92.48, 0.00534849
FILLER_0_30_1197, 559.122, 92.48, 0.00540433
PHY_54, 5.52, 87.04, 0.00304621
PHY_56, 5.52, 87.04, 0.00304621
PHY_55, 571.32, 87.04, 0.00498863
PHY_57, 571.32, 87.04, 0.00498863
FILLER_0_28_1217, 571.32, 87.04, 0.00498863
FILLER_0_28_77, 37.94, 87.04, 0.00316893
FILLER_0_29_105, 50.74, 87.04, 0.00329166
_16124_, 63.54, 87.04, 0.00341438
FILLER_0_28_133, 63.54, 87.04, 0.00341438
FILLER_0_29_137, 63.54, 87.04, 0.00341438
_11816_, 76.34, 87.04, 0.00352998
_16125_, 76.34, 87.04, 0.00352998
_16129_, 76.34, 87.04, 0.00352998
hold425, 76.34, 87.04, 0.00352998
hold1455, 89.14, 87.04, 0.00363058
FILLER_0_28_186, 89.14, 87.04, 0.00363058
_13610_, 101.94, 87.04, 0.00373067
_16131_, 101.94, 87.04, 0.00373067
_11790_, 114.74, 87.04, 0.00382171
_13615_, 114.74, 87.04, 0.00382171
_13617_, 114.74, 87.04, 0.00382171
_16135_, 114.74, 87.04, 0.00382171
FILLER_0_27_237, 114.74, 87.04, 0.00382171
FILLER_0_28_237, 114.74, 87.04, 0.00382171
_11791_, 127.54, 87.04, 0.00390508
_11866_, 127.54, 87.04, 0.00390508
_11867_, 127.54, 87.04, 0.00390508
_11869_, 127.54, 87.04, 0.00390508
_16098_, 127.54, 87.04, 0.00390508
hold355, 127.54, 87.04, 0.00390508
hold1422, 127.54, 87.04, 0.00390508
FILLER_0_28_264, 127.54, 87.04, 0.00390508
_13574_, 140.34, 87.04, 0.0039795
_16095_, 140.34, 87.04, 0.0039795
_16100_, 140.34, 87.04, 0.0039795
FILLER_0_28_301, 140.34, 87.04, 0.0039795
_11879_, 153.14, 87.04, 0.00403951
_13566_, 153.14, 87.04, 0.00403951
_13576_, 153.14, 87.04, 0.00403951
_16093_, 153.14, 87.04, 0.00403951
hold982, 153.14, 87.04, 0.00403951
_11753_, 165.94, 87.04, 0.00408963
_11878_, 165.94, 87.04, 0.00408963
_16160_, 165.94, 87.04, 0.00408963
FILLER_0_28_361, 165.94, 87.04, 0.00408963
_11748_, 191.54, 87.04, 0.00424693
_13640_, 191.54, 87.04, 0.00424693
_16159_, 191.54, 87.04, 0.00424693
hold1401, 191.54, 87.04, 0.00424693
hold1967, 191.54, 87.04, 0.00424693
FILLER_0_29_445, 204.34, 87.04, 0.00435309
_11528_, 217.14, 87.04, 0.00445926
_11529_, 217.14, 87.04, 0.00445926
clkbuf_5_5__f_clk, 217.14, 87.04, 0.00445926
FILLER_0_28_469, 217.14, 87.04, 0.00445926
_11415_, 229.94, 87.04, 0.0044704
_11422_, 229.94, 87.04, 0.0044704
FILLER_0_28_489, 229.94, 87.04, 0.0044704
FILLER_0_29_500, 229.94, 87.04, 0.0044704
_16326_, 242.74, 87.04, 0.00448112
hold604, 242.74, 87.04, 0.00448112
FILLER_0_28_522, 242.74, 87.04, 0.00448112
_11420_, 255.54, 87.04, 0.00448425
_11466_, 255.54, 87.04, 0.00448425
_11467_, 255.54, 87.04, 0.00448425
hold1780, 255.54, 87.04, 0.00448425
FILLER_0_28_577, 268.34, 87.04, 0.00448626
FILLER_0_28_585, 268.34, 87.04, 0.00448626
_11357_, 281.14, 87.04, 0.00448827
_11361_, 281.14, 87.04, 0.00448827
FILLER_0_29_609, 281.14, 87.04, 0.00448827
_10169_, 293.94, 87.04, 0.00448986
FILLER_0_28_637, 293.94, 87.04, 0.00448986
_16959_, 306.74, 87.04, 0.00449123
FILLER_0_29_666, 306.74, 87.04, 0.00449123
_14530_, 319.54, 87.04, 0.00448549
_16951_, 319.54, 87.04, 0.00448549
clkbuf_5_16__f_clk, 319.54, 87.04, 0.00448549
hold218, 319.54, 87.04, 0.00448549
hold934, 319.54, 87.04, 0.00448549
_10266_, 345.14, 87.04, 0.0044845
_10267_, 345.14, 87.04, 0.0044845
_14464_, 345.14, 87.04, 0.0044845
FILLER_0_28_736, 345.14, 87.04, 0.0044845
_10269_, 357.94, 87.04, 0.0045731
_10277_, 357.94, 87.04, 0.0045731
_14459_, 357.94, 87.04, 0.0045731
_14462_, 357.94, 87.04, 0.0045731
_14463_, 357.94, 87.04, 0.0045731
_16894_, 357.94, 87.04, 0.0045731
_16897_, 357.94, 87.04, 0.0045731
hold121, 357.94, 87.04, 0.0045731
FILLER_0_27_753, 357.94, 87.04, 0.0045731
FILLER_0_27_761, 357.94, 87.04, 0.0045731
_10276_, 370.74, 87.04, 0.00464602
hold1269, 370.74, 87.04, 0.00464602
FILLER_0_29_834, 383.54, 87.04, 0.0047182
_09116_, 396.34, 87.04, 0.00479039
_09117_, 396.34, 87.04, 0.00479039
_15103_, 396.34, 87.04, 0.00479039
_17471_, 396.34, 87.04, 0.00479039
_17474_, 396.34, 87.04, 0.00479039
FILLER_0_27_836, 396.34, 87.04, 0.00479039
FILLER_0_28_837, 396.34, 87.04, 0.00479039
_09111_, 409.14, 87.04, 0.00484777
_09122_, 409.14, 87.04, 0.00484777
_15106_, 409.14, 87.04, 0.00484777
_17477_, 409.14, 87.04, 0.00484777
_17478_, 409.14, 87.04, 0.00484777
hold697, 409.14, 87.04, 0.00484777
FILLER_0_29_882, 409.14, 87.04, 0.00484777
FILLER_0_29_891, 409.14, 87.04, 0.00484777
_08979_, 421.94, 87.04, 0.00488982
_09108_, 421.94, 87.04, 0.00488982
_09110_, 421.94, 87.04, 0.00488982
_17543_, 421.94, 87.04, 0.00488982
hold643, 421.94, 87.04, 0.00488982
hold816, 421.94, 87.04, 0.00488982
_08967_, 434.74, 87.04, 0.00492307
_08981_, 434.74, 87.04, 0.00492307
_17549_, 434.74, 87.04, 0.00492307
_08969_, 447.54, 87.04, 0.00494879
_15184_, 447.54, 87.04, 0.00494879
_17548_, 447.54, 87.04, 0.00494879
hold717, 447.54, 87.04, 0.00494879
FILLER_0_27_953, 447.54, 87.04, 0.00494879
FILLER_0_29_973, 447.54, 87.04, 0.00494879
_08968_, 460.34, 87.04, 0.00496656
_17504_, 460.34, 87.04, 0.00496656
_09053_, 473.14, 87.04, 0.004977
_09056_, 473.14, 87.04, 0.004977
_09057_, 473.14, 87.04, 0.004977
_15138_, 473.14, 87.04, 0.004977
FILLER_0_28_1028, 473.14, 87.04, 0.004977
_08142_, 498.137, 87.04, 0.00498745
FILLER_0_28_1061, 498.137, 87.04, 0.00498745
FILLER_0_28_1083, 498.137, 87.04, 0.00498745
_08109_, 522.531, 87.04, 0.00498863
_08112_, 522.531, 87.04, 0.00498863
_08113_, 522.531, 87.04, 0.00498863
FILLER_0_28_1141, 534.728, 87.04, 0.00498863
FILLER_0_27_1168, 546.925, 87.04, 0.00498863
FILLER_0_28_1197, 559.122, 87.04, 0.00498863
FILLER_0_29_1213, 559.122, 87.04, 0.00498863
PHY_50, 5.52, 81.6, 0.00288521
PHY_52, 5.52, 81.6, 0.00288521
PHY_51, 571.32, 81.6, 0.00511316
PHY_53, 571.32, 81.6, 0.00511316
FILLER_0_26_1217, 571.32, 81.6, 0.00511316
FILLER_0_26_77, 37.94, 81.6, 0.0030342
FILLER_0_27_105, 50.74, 81.6, 0.00318318
FILLER_0_26_133, 63.54, 81.6, 0.00333216
_11804_, 76.34, 81.6, 0.00348115
_11805_, 76.34, 81.6, 0.00348115
_13609_, 76.34, 81.6, 0.00348115
clkbuf_leaf_267_clk, 76.34, 81.6, 0.00348115
FILLER_0_25_146, 76.34, 81.6, 0.00348115
FILLER_0_26_141, 76.34, 81.6, 0.00348115
FILLER_0_27_161, 76.34, 81.6, 0.00348115
clkbuf_leaf_262_clk, 89.14, 81.6, 0.00359424
FILLER_0_26_188, 89.14, 81.6, 0.00359424
_11800_, 101.94, 81.6, 0.00366868
_11801_, 101.94, 81.6, 0.00366868
_16132_, 101.94, 81.6, 0.00366868
hold165, 101.94, 81.6, 0.00366868
FILLER_0_25_197, 101.94, 81.6, 0.00366868
FILLER_0_26_197, 101.94, 81.6, 0.00366868
FILLER_0_26_205, 101.94, 81.6, 0.00366868
FILLER_0_27_214, 101.94, 81.6, 0.00366868
_11787_, 114.74, 81.6, 0.0037351
_16137_, 114.74, 81.6, 0.0037351
FILLER_0_25_237, 114.74, 81.6, 0.0037351
FILLER_0_26_238, 114.74, 81.6, 0.0037351
_11874_, 127.54, 81.6, 0.00379418
_13616_, 127.54, 81.6, 0.00379418
FILLER_0_27_273, 127.54, 81.6, 0.00379418
_11875_, 140.34, 81.6, 0.00385286
_13571_, 140.34, 81.6, 0.00385286
FILLER_0_26_284, 140.34, 81.6, 0.00385286
FILLER_0_26_302, 140.34, 81.6, 0.00385286
_13569_, 153.14, 81.6, 0.00391117
FILLER_0_26_333, 153.14, 81.6, 0.00391117
FILLER_0_27_326, 153.14, 81.6, 0.00391117
_13638_, 165.94, 81.6, 0.0039693
_16156_, 165.94, 81.6, 0.0039693
clkbuf_leaf_256_clk, 165.94, 81.6, 0.0039693
_11746_, 191.54, 81.6, 0.00404054
_11760_, 191.54, 81.6, 0.00404054
hold2104, 191.54, 81.6, 0.00404054
FILLER_0_25_404, 191.54, 81.6, 0.00404054
FILLER_0_26_413, 191.54, 81.6, 0.00404054
_11397_, 204.34, 81.6, 0.00410567
_11398_, 204.34, 81.6, 0.00410567
_13836_, 204.34, 81.6, 0.00410567
hold481, 204.34, 81.6, 0.00410567
FILLER_0_26_421, 204.34, 81.6, 0.00410567
FILLER_0_27_440, 204.34, 81.6, 0.00410567
_11390_, 217.14, 81.6, 0.00416969
_11391_, 217.14, 81.6, 0.00416969
_11401_, 217.14, 81.6, 0.00416969
_13834_, 217.14, 81.6, 0.00416969
_13839_, 217.14, 81.6, 0.00416969
_16332_, 217.14, 81.6, 0.00416969
FILLER_0_26_473, 217.14, 81.6, 0.00416969
_11414_, 229.94, 81.6, 0.00422563
_11423_, 229.94, 81.6, 0.00422563
_16321_, 229.94, 81.6, 0.00422563
_16325_, 229.94, 81.6, 0.00422563
hold1225, 229.94, 81.6, 0.00422563
hold1571, 229.94, 81.6, 0.00422563
hold1581, 229.94, 81.6, 0.00422563
_11412_, 242.74, 81.6, 0.00426542
_11413_, 242.74, 81.6, 0.00426542
_11421_, 242.74, 81.6, 0.00426542
_13822_, 242.74, 81.6, 0.00426542
_13827_, 242.74, 81.6, 0.00426542
_16322_, 242.74, 81.6, 0.00426542
FILLER_0_25_508, 242.74, 81.6, 0.00426542
_11404_, 255.54, 81.6, 0.00429708
_13823_, 255.54, 81.6, 0.00429708
_16358_, 255.54, 81.6, 0.00429708
hold802, 255.54, 81.6, 0.00429708
FILLER_0_27_557, 255.54, 81.6, 0.00429708
_11348_, 268.34, 81.6, 0.00432069
_13864_, 268.34, 81.6, 0.00432069
hold605, 268.34, 81.6, 0.00432069
hold1103, 268.34, 81.6, 0.00432069
FILLER_0_26_577, 268.34, 81.6, 0.00432069
FILLER_0_26_585, 268.34, 81.6, 0.00432069
FILLER_0_27_585, 268.34, 81.6, 0.00432069
_11356_, 281.14, 81.6, 0.00434287
_13856_, 281.14, 81.6, 0.00434287
_16352_, 281.14, 81.6, 0.00434287
_16354_, 281.14, 81.6, 0.00434287
hold1211, 281.14, 81.6, 0.00434287
hold1481, 281.14, 81.6, 0.00434287
_11360_, 293.94, 81.6, 0.00434951
FILLER_0_26_633, 293.94, 81.6, 0.00434951
_10147_, 306.74, 81.6, 0.00435591
FILLER_0_26_641, 306.74, 81.6, 0.00435591
_10163_, 319.54, 81.6, 0.00436212
_16958_, 319.54, 81.6, 0.00436212
FILLER_0_26_669, 319.54, 81.6, 0.00436212
FILLER_0_26_694, 319.54, 81.6, 0.00436212
_10150_, 345.14, 81.6, 0.00446203
FILLER_0_26_747, 345.14, 81.6, 0.00446203
_10185_, 370.74, 81.6, 0.00466361
FILLER_0_25_785, 370.74, 81.6, 0.00466361
FILLER_0_26_805, 370.74, 81.6, 0.00466361
_09123_, 396.34, 81.6, 0.00486478
_15100_, 396.34, 81.6, 0.00486478
hold696, 396.34, 81.6, 0.00486478
FILLER_0_26_857, 396.34, 81.6, 0.00486478
_09109_, 409.14, 81.6, 0.0049645
_15107_, 409.14, 81.6, 0.0049645
FILLER_0_26_865, 409.14, 81.6, 0.0049645
FILLER_0_26_881, 409.14, 81.6, 0.0049645
FILLER_0_26_914, 421.94, 81.6, 0.00506384
FILLER_0_27_915, 421.94, 81.6, 0.00506384
clkbuf_leaf_202_clk, 434.74, 81.6, 0.00516318
FILLER_0_25_921, 434.74, 81.6, 0.00516318
clkbuf_5_20__f_clk, 447.54, 81.6, 0.00521825
FILLER_0_26_973, 447.54, 81.6, 0.00521825
clkbuf_leaf_203_clk, 460.34, 81.6, 0.0051964
FILLER_0_27_998, 460.34, 81.6, 0.0051964
_08008_, 473.14, 81.6, 0.00513238
_08018_, 473.14, 81.6, 0.00513238
hold1317, 473.14, 81.6, 0.00513238
FILLER_0_26_1005, 473.14, 81.6, 0.00513238
FILLER_0_26_1027, 473.14, 81.6, 0.00513238
_08121_, 498.137, 81.6, 0.00508995
_17972_, 498.137, 81.6, 0.00508995
FILLER_0_25_1065, 498.137, 81.6, 0.00508995
FILLER_0_27_1077, 498.137, 81.6, 0.00508995
_08120_, 510.334, 81.6, 0.00510551
_17976_, 510.334, 81.6, 0.00510551
hold525, 510.334, 81.6, 0.00510551
hold706, 510.334, 81.6, 0.00510551
FILLER_0_27_1108, 510.334, 81.6, 0.00510551
_08108_, 522.531, 81.6, 0.00511316
_15660_, 522.531, 81.6, 0.00511316
_17978_, 522.531, 81.6, 0.00511316
hold496, 522.531, 81.6, 0.00511316
FILLER_0_25_1172, 546.925, 81.6, 0.00511316
FILLER_0_26_1197, 559.122, 81.6, 0.00511316
PHY_46, 5.52, 76.16, 0.00269996
PHY_48, 5.52, 76.16, 0.00269996
PHY_47, 571.32, 76.16, 0.00537743
PHY_49, 571.32, 76.16, 0.00537743
FILLER_0_24_1217, 571.32, 76.16, 0.00537743
FILLER_0_24_77, 37.94, 76.16, 0.00285331
FILLER_0_25_105, 50.74, 76.16, 0.00300665
FILLER_0_24_133, 63.54, 76.16, 0.00315999
FILLER_0_25_137, 63.54, 76.16, 0.00315999
_11809_, 76.34, 76.16, 0.00331334
_11821_, 76.34, 76.16, 0.00331334
_13601_, 76.34, 76.16, 0.00331334
_16122_, 76.34, 76.16, 0.00331334
_16130_, 76.34, 76.16, 0.00331334
hold158, 76.34, 76.16, 0.00331334
_11813_, 89.14, 76.16, 0.00345135
_13602_, 89.14, 76.16, 0.00345135
_13605_, 89.14, 76.16, 0.00345135
_16123_, 89.14, 76.16, 0.00345135
hold284, 89.14, 76.16, 0.00345135
hold1724, 89.14, 76.16, 0.00345135
_11812_, 101.94, 76.16, 0.00358066
_13599_, 101.94, 76.16, 0.00358066
_13612_, 101.94, 76.16, 0.00358066
_16126_, 101.94, 76.16, 0.00358066
_16138_, 101.94, 76.16, 0.00358066
_11785_, 114.74, 76.16, 0.00369326
_11788_, 114.74, 76.16, 0.00369326
_13618_, 114.74, 76.16, 0.00369326
_13620_, 114.74, 76.16, 0.00369326
_16136_, 114.74, 76.16, 0.00369326
clkbuf_leaf_263_clk, 114.74, 76.16, 0.00369326
hold1104, 114.74, 76.16, 0.00369326
FILLER_0_23_231, 114.74, 76.16, 0.00369326
_11786_, 127.54, 76.16, 0.00375719
_11792_, 127.54, 76.16, 0.00375719
_11793_, 127.54, 76.16, 0.00375719
_13619_, 127.54, 76.16, 0.00375719
hold1785, 127.54, 76.16, 0.00375719
hold2053, 127.54, 76.16, 0.00375719
FILLER_0_25_277, 127.54, 76.16, 0.00375719
_11872_, 140.34, 76.16, 0.00381927
_11883_, 140.34, 76.16, 0.00381927
_13572_, 140.34, 76.16, 0.00381927
_16091_, 140.34, 76.16, 0.00381927
hold1704, 140.34, 76.16, 0.00381927
FILLER_0_24_280, 140.34, 76.16, 0.00381927
FILLER_0_24_303, 140.34, 76.16, 0.00381927
_11881_, 153.14, 76.16, 0.00387315
_13568_, 153.14, 76.16, 0.00387315
_13573_, 153.14, 76.16, 0.00387315
_16092_, 153.14, 76.16, 0.00387315
hold940, 153.14, 76.16, 0.00387315
hold1222, 153.14, 76.16, 0.00387315
FILLER_0_23_309, 153.14, 76.16, 0.00387315
FILLER_0_24_317, 153.14, 76.16, 0.00387315
FILLER_0_24_330, 153.14, 76.16, 0.00387315
FILLER_0_25_329, 153.14, 76.16, 0.00387315
_11754_, 165.94, 76.16, 0.00391838
_11755_, 165.94, 76.16, 0.00391838
_13637_, 165.94, 76.16, 0.00391838
_16151_, 165.94, 76.16, 0.00391838
_16155_, 165.94, 76.16, 0.00391838
FILLER_0_23_337, 165.94, 76.16, 0.00391838
FILLER_0_24_341, 165.94, 76.16, 0.00391838
FILLER_0_25_349, 165.94, 76.16, 0.00391838
_11399_, 191.54, 76.16, 0.00410034
_13639_, 191.54, 76.16, 0.00410034
_16334_, 191.54, 76.16, 0.00410034
clkbuf_leaf_257_clk, 191.54, 76.16, 0.00410034
hold1873, 191.54, 76.16, 0.00410034
FILLER_0_23_396, 191.54, 76.16, 0.00410034
_11396_, 204.34, 76.16, 0.00420452
_13835_, 204.34, 76.16, 0.00420452
_16333_, 204.34, 76.16, 0.00420452
hold1998, 204.34, 76.16, 0.00420452
_13832_, 217.14, 76.16, 0.00430067
_16337_, 217.14, 76.16, 0.00430067
FILLER_0_23_449, 217.14, 76.16, 0.00430067
FILLER_0_24_447, 217.14, 76.16, 0.00430067
FILLER_0_24_472, 217.14, 76.16, 0.00430067
_11400_, 229.94, 76.16, 0.00438774
_13826_, 229.94, 76.16, 0.00438774
FILLER_0_24_492, 229.94, 76.16, 0.00438774
_11405_, 242.74, 76.16, 0.00447441
_13831_, 242.74, 76.16, 0.00447441
clkbuf_leaf_249_clk, 242.74, 76.16, 0.00447441
FILLER_0_25_519, 242.74, 76.16, 0.00447441
_11344_, 255.54, 76.16, 0.00451377
_11345_, 255.54, 76.16, 0.00451377
_11349_, 255.54, 76.16, 0.00451377
_16360_, 255.54, 76.16, 0.00451377
hold2097, 255.54, 76.16, 0.00451377
_11350_, 268.34, 76.16, 0.00454493
_11351_, 268.34, 76.16, 0.00454493
_13854_, 268.34, 76.16, 0.00454493
_13861_, 268.34, 76.16, 0.00454493
hold1847, 268.34, 76.16, 0.00454493
FILLER_0_24_570, 268.34, 76.16, 0.00454493
FILLER_0_24_580, 268.34, 76.16, 0.00454493
_13858_, 281.14, 76.16, 0.00457296
_16357_, 281.14, 76.16, 0.00457296
hold1085, 281.14, 76.16, 0.00457296
FILLER_0_25_612, 281.14, 76.16, 0.00457296
_10248_, 293.94, 76.16, 0.00459316
_10249_, 293.94, 76.16, 0.00459316
_10255_, 293.94, 76.16, 0.00459316
_16905_, 293.94, 76.16, 0.00459316
clkbuf_leaf_215_clk, 293.94, 76.16, 0.00459316
FILLER_0_23_617, 293.94, 76.16, 0.00459316
FILLER_0_24_629, 293.94, 76.16, 0.00459316
FILLER_0_25_629, 293.94, 76.16, 0.00459316
_10254_, 306.74, 76.16, 0.00456585
_14474_, 306.74, 76.16, 0.00456585
hold403, 306.74, 76.16, 0.00456585
hold749, 306.74, 76.16, 0.00456585
FILLER_0_24_667, 306.74, 76.16, 0.00456585
FILLER_0_25_667, 306.74, 76.16, 0.00456585
_10160_, 319.54, 76.16, 0.00453708
_10161_, 319.54, 76.16, 0.00453708
_14523_, 319.54, 76.16, 0.00453708
_16952_, 319.54, 76.16, 0.00453708
clkbuf_leaf_216_clk, 319.54, 76.16, 0.00453708
hold1142, 319.54, 76.16, 0.00453708
FILLER_0_24_683, 319.54, 76.16, 0.00453708
FILLER_0_24_695, 319.54, 76.16, 0.00453708
_10144_, 345.14, 76.16, 0.00457911
_10199_, 345.14, 76.16, 0.00457911
hold573, 345.14, 76.16, 0.00457911
hold761, 345.14, 76.16, 0.00457911
FILLER_0_23_729, 345.14, 76.16, 0.00457911
FILLER_0_23_737, 345.14, 76.16, 0.00457911
FILLER_0_24_741, 345.14, 76.16, 0.00457911
_10186_, 357.94, 76.16, 0.00469805
_14502_, 357.94, 76.16, 0.00469805
hold1034, 357.94, 76.16, 0.00469805
hold1431, 357.94, 76.16, 0.00469805
FILLER_0_24_760, 357.94, 76.16, 0.00469805
FILLER_0_25_777, 357.94, 76.16, 0.00469805
_10196_, 370.74, 76.16, 0.00481557
_10197_, 370.74, 76.16, 0.00481557
_14509_, 370.74, 76.16, 0.00481557
_16940_, 370.74, 76.16, 0.00481557
hold1418, 370.74, 76.16, 0.00481557
FILLER_0_24_802, 370.74, 76.16, 0.00481557
_09114_, 396.34, 76.16, 0.00503429
_09115_, 396.34, 76.16, 0.00503429
_17475_, 396.34, 76.16, 0.00503429
clkbuf_leaf_209_clk, 396.34, 76.16, 0.00503429
FILLER_0_23_837, 396.34, 76.16, 0.00503429
FILLER_0_23_841, 396.34, 76.16, 0.00503429
FILLER_0_24_837, 396.34, 76.16, 0.00503429
FILLER_0_24_863, 396.34, 76.16, 0.00503429
_09120_, 409.14, 76.16, 0.00509473
_17472_, 409.14, 76.16, 0.00509473
hold596, 409.14, 76.16, 0.00509473
hold999, 409.14, 76.16, 0.00509473
FILLER_0_24_877, 409.14, 76.16, 0.00509473
FILLER_0_25_886, 409.14, 76.16, 0.00509473
_09104_, 421.94, 76.16, 0.00514685
_09105_, 421.94, 76.16, 0.00514685
clkbuf_leaf_210_clk, 421.94, 76.16, 0.00514685
hold1417, 421.94, 76.16, 0.00514685
FILLER_0_24_892, 421.94, 76.16, 0.00514685
_08094_, 434.74, 76.16, 0.00516441
_08095_, 434.74, 76.16, 0.00516441
_15670_, 434.74, 76.16, 0.00516441
_15672_, 434.74, 76.16, 0.00516441
hold879, 434.74, 76.16, 0.00516441
_08092_, 447.54, 76.16, 0.00518069
_08093_, 447.54, 76.16, 0.00518069
_08101_, 447.54, 76.16, 0.00518069
_17986_, 447.54, 76.16, 0.00518069
hold269, 447.54, 76.16, 0.00518069
FILLER_0_24_955, 447.54, 76.16, 0.00518069
_08086_, 460.34, 76.16, 0.00518874
_08087_, 460.34, 76.16, 0.00518874
_15674_, 460.34, 76.16, 0.00518874
_18028_, 460.34, 76.16, 0.00518874
FILLER_0_24_987, 460.34, 76.16, 0.00518874
_08019_, 473.14, 76.16, 0.00518906
_15712_, 473.14, 76.16, 0.00518906
_15717_, 473.14, 76.16, 0.00518906
_18023_, 473.14, 76.16, 0.00518906
_18029_, 473.14, 76.16, 0.00518906
hold1731, 473.14, 76.16, 0.00518906
FILLER_0_23_1005, 473.14, 76.16, 0.00518906
_08010_, 498.137, 76.16, 0.00526714
_08111_, 498.137, 76.16, 0.00526714
_17977_, 498.137, 76.16, 0.00526714
clkbuf_leaf_198_clk, 498.137, 76.16, 0.00526714
_08110_, 510.334, 76.16, 0.00531505
_15654_, 510.334, 76.16, 0.00531505
_15656_, 510.334, 76.16, 0.00531505
_15661_, 510.334, 76.16, 0.00531505
_17971_, 510.334, 76.16, 0.00531505
_17973_, 510.334, 76.16, 0.00531505
FILLER_0_24_1099, 510.334, 76.16, 0.00531505
FILLER_0_25_1105, 510.334, 76.16, 0.00531505
_08122_, 522.531, 76.16, 0.00534708
_08123_, 522.531, 76.16, 0.00534708
_15655_, 522.531, 76.16, 0.00534708
_15662_, 522.531, 76.16, 0.00534708
hold846, 522.531, 76.16, 0.00534708
hold1677, 522.531, 76.16, 0.00534708
FILLER_0_23_1113, 522.531, 76.16, 0.00534708
clkbuf_leaf_195_clk, 534.728, 76.16, 0.00537743
FILLER_0_24_1140, 534.728, 76.16, 0.00537743
FILLER_0_23_1166, 546.925, 76.16, 0.00537743
FILLER_0_24_1197, 559.122, 76.16, 0.00537743
PHY_42, 5.52, 70.72, 0.00249786
PHY_44, 5.52, 70.72, 0.00249786
output42, 5.52, 70.72, 0.00249786
PHY_43, 571.32, 70.72, 0.00509229
PHY_45, 571.32, 70.72, 0.00509229
output67, 571.32, 70.72, 0.00509229
FILLER_0_22_1217, 571.32, 70.72, 0.00509229
FILLER_0_22_21, 15.33, 70.72, 0.00249316
FILLER_0_22_77, 37.94, 70.72, 0.00261584
FILLER_0_23_105, 50.74, 70.72, 0.00274322
FILLER_0_22_133, 63.54, 70.72, 0.00287061
FILLER_0_23_137, 63.54, 70.72, 0.00287061
_11820_, 76.34, 70.72, 0.00299799
_16128_, 76.34, 70.72, 0.00299799
FILLER_0_22_141, 76.34, 70.72, 0.00299799
_11808_, 89.14, 70.72, 0.00311801
_11818_, 89.14, 70.72, 0.00311801
_11819_, 89.14, 70.72, 0.00311801
_13607_, 89.14, 70.72, 0.00311801
_16127_, 89.14, 70.72, 0.00311801
hold262, 89.14, 70.72, 0.00311801
_11789_, 101.94, 70.72, 0.00322957
_11810_, 101.94, 70.72, 0.00322957
_13606_, 101.94, 70.72, 0.00322957
hold1309, 101.94, 70.72, 0.00322957
hold1436, 101.94, 70.72, 0.00322957
_16139_, 114.74, 70.72, 0.00333949
_16140_, 114.74, 70.72, 0.00333949
_11784_, 127.54, 70.72, 0.0034352
_11873_, 127.54, 70.72, 0.0034352
_16096_, 127.54, 70.72, 0.0034352
hold843, 127.54, 70.72, 0.0034352
FILLER_0_22_264, 127.54, 70.72, 0.0034352
FILLER_0_22_272, 127.54, 70.72, 0.0034352
FILLER_0_23_274, 127.54, 70.72, 0.0034352
_11882_, 140.34, 70.72, 0.00352288
_13567_, 140.34, 70.72, 0.00352288
FILLER_0_22_300, 140.34, 70.72, 0.00352288
_11871_, 153.14, 70.72, 0.00361018
_11880_, 153.14, 70.72, 0.00361018
_16097_, 153.14, 70.72, 0.00361018
hold981, 153.14, 70.72, 0.00361018
FILLER_0_21_317, 153.14, 70.72, 0.00361018
FILLER_0_22_309, 153.14, 70.72, 0.00361018
_11775_, 165.94, 70.72, 0.00368949
_11870_, 165.94, 70.72, 0.00368949
_13626_, 165.94, 70.72, 0.00368949
FILLER_0_21_337, 165.94, 70.72, 0.00368949
FILLER_0_22_356, 165.94, 70.72, 0.00368949
_11750_, 191.54, 70.72, 0.00384623
FILLER_0_22_410, 191.54, 70.72, 0.00384623
_11386_, 204.34, 70.72, 0.00392403
_11387_, 204.34, 70.72, 0.00392403
hold2052, 204.34, 70.72, 0.00392403
FILLER_0_22_433, 204.34, 70.72, 0.00392403
_11393_, 217.14, 70.72, 0.00400094
_13838_, 217.14, 70.72, 0.00400094
_16335_, 217.14, 70.72, 0.00400094
hold1993, 217.14, 70.72, 0.00400094
FILLER_0_21_449, 217.14, 70.72, 0.00400094
_13829_, 229.94, 70.72, 0.0040698
_16328_, 229.94, 70.72, 0.0040698
FILLER_0_22_489, 229.94, 70.72, 0.0040698
FILLER_0_23_499, 229.94, 70.72, 0.0040698
_13821_, 242.74, 70.72, 0.00413141
_16330_, 242.74, 70.72, 0.00413141
hold779, 242.74, 70.72, 0.00413141
FILLER_0_22_525, 242.74, 70.72, 0.00413141
_13862_, 255.54, 70.72, 0.00418343
FILLER_0_21_543, 255.54, 70.72, 0.00418343
FILLER_0_23_551, 255.54, 70.72, 0.00418343
FILLER_0_23_557, 255.54, 70.72, 0.00418343
_11362_, 268.34, 70.72, 0.00423525
_16356_, 268.34, 70.72, 0.00423525
hold880, 268.34, 70.72, 0.00423525
FILLER_0_22_581, 268.34, 70.72, 0.00423525
FILLER_0_23_573, 268.34, 70.72, 0.00423525
_11352_, 281.14, 70.72, 0.00427926
_11353_, 281.14, 70.72, 0.00427926
_11355_, 281.14, 70.72, 0.00427926
_13860_, 281.14, 70.72, 0.00427926
_13863_, 281.14, 70.72, 0.00427926
FILLER_0_21_586, 281.14, 70.72, 0.00427926
FILLER_0_22_589, 281.14, 70.72, 0.00427926
FILLER_0_23_605, 281.14, 70.72, 0.00427926
FILLER_0_23_613, 281.14, 70.72, 0.00427926
_16908_, 293.94, 70.72, 0.00432225
_10257_, 306.74, 70.72, 0.00435812
_14466_, 306.74, 70.72, 0.00435812
_14471_, 306.74, 70.72, 0.00435812
_16904_, 306.74, 70.72, 0.00435812
_16910_, 306.74, 70.72, 0.00435812
FILLER_0_21_641, 306.74, 70.72, 0.00435812
FILLER_0_21_649, 306.74, 70.72, 0.00435812
FILLER_0_22_651, 306.74, 70.72, 0.00435812
FILLER_0_23_660, 306.74, 70.72, 0.00435812
_10244_, 319.54, 70.72, 0.0043774
_10245_, 319.54, 70.72, 0.0043774
_10256_, 319.54, 70.72, 0.0043774
_14521_, 319.54, 70.72, 0.0043774
hold566, 319.54, 70.72, 0.0043774
hold631, 319.54, 70.72, 0.0043774
FILLER_0_22_693, 319.54, 70.72, 0.0043774
_10187_, 345.14, 70.72, 0.00452959
_14499_, 345.14, 70.72, 0.00452959
_16933_, 345.14, 70.72, 0.00452959
_16939_, 345.14, 70.72, 0.00452959
FILLER_0_21_729, 345.14, 70.72, 0.00452959
FILLER_0_22_727, 345.14, 70.72, 0.00452959
_10198_, 357.94, 70.72, 0.00464975
_14503_, 357.94, 70.72, 0.00464975
_14508_, 357.94, 70.72, 0.00464975
_16934_, 357.94, 70.72, 0.00464975
clkbuf_leaf_212_clk, 357.94, 70.72, 0.00464975
FILLER_0_21_756, 357.94, 70.72, 0.00464975
FILLER_0_23_774, 357.94, 70.72, 0.00464975
_10184_, 370.74, 70.72, 0.00471677
hold1546, 370.74, 70.72, 0.00471677
FILLER_0_22_809, 383.54, 70.72, 0.00478304
_09118_, 396.34, 70.72, 0.00484932
_09119_, 396.34, 70.72, 0.00484932
_15102_, 396.34, 70.72, 0.00484932
_15104_, 396.34, 70.72, 0.00484932
_17473_, 396.34, 70.72, 0.00484932
_17479_, 396.34, 70.72, 0.00484932
hold610, 396.34, 70.72, 0.00484932
FILLER_0_23_862, 396.34, 70.72, 0.00484932
_09121_, 409.14, 70.72, 0.00490014
_15101_, 409.14, 70.72, 0.00490014
_15105_, 409.14, 70.72, 0.00490014
_15108_, 409.14, 70.72, 0.00490014
_17476_, 409.14, 70.72, 0.00490014
FILLER_0_22_869, 409.14, 70.72, 0.00490014
_09112_, 421.94, 70.72, 0.00494309
_09113_, 421.94, 70.72, 0.00494309
_15109_, 421.94, 70.72, 0.00494309
_17480_, 421.94, 70.72, 0.00494309
_17987_, 421.94, 70.72, 0.00494309
FILLER_0_23_908, 421.94, 70.72, 0.00494309
_08085_, 434.74, 70.72, 0.00497119
_08090_, 434.74, 70.72, 0.00497119
_08091_, 434.74, 70.72, 0.00497119
_17990_, 434.74, 70.72, 0.00497119
hold759, 434.74, 70.72, 0.00497119
hold1840, 434.74, 70.72, 0.00497119
FILLER_0_23_945, 434.74, 70.72, 0.00497119
_08084_, 447.54, 70.72, 0.00499055
_15671_, 447.54, 70.72, 0.00499055
_17982_, 447.54, 70.72, 0.00499055
_17989_, 447.54, 70.72, 0.00499055
_08009_, 460.34, 70.72, 0.00499528
_08100_, 460.34, 70.72, 0.00499528
hold1054, 460.34, 70.72, 0.00499528
hold1858, 460.34, 70.72, 0.00499528
_15719_, 473.14, 70.72, 0.00499855
FILLER_0_21_1005, 473.14, 70.72, 0.00499855
FILLER_0_22_1028, 473.14, 70.72, 0.00499855
FILLER_0_23_1030, 473.14, 70.72, 0.00499855
_08119_, 498.137, 70.72, 0.00501612
hold1849, 498.137, 70.72, 0.00501612
_08118_, 510.334, 70.72, 0.00502991
_15657_, 510.334, 70.72, 0.00502991
hold1577, 510.334, 70.72, 0.00502991
FILLER_0_22_1088, 510.334, 70.72, 0.00502991
_08104_, 522.531, 70.72, 0.00504283
_08105_, 522.531, 70.72, 0.00504283
_15664_, 522.531, 70.72, 0.00504283
FILLER_0_22_1120, 522.531, 70.72, 0.00504283
FILLER_0_23_1136, 522.531, 70.72, 0.00504283
FILLER_0_22_1139, 534.728, 70.72, 0.00505519
FILLER_0_21_1170, 546.925, 70.72, 0.00506756
FILLER_0_22_1197, 559.122, 70.72, 0.00507992
PHY_38, 5.52, 65.28, 0.00229035
PHY_40, 5.52, 65.28, 0.00229035
PHY_39, 571.32, 65.28, 0.00502632
PHY_41, 571.32, 65.28, 0.00502632
FILLER_0_20_1217, 571.32, 65.28, 0.00502632
FILLER_0_20_77, 37.94, 65.28, 0.00242937
FILLER_0_21_105, 50.74, 65.28, 0.00256839
FILLER_0_20_133, 63.54, 65.28, 0.00270741
FILLER_0_21_161, 76.34, 65.28, 0.00284643
_11811_, 89.14, 65.28, 0.00298545
FILLER_0_19_181, 89.14, 65.28, 0.00298545
FILLER_0_20_189, 89.14, 65.28, 0.00298545
FILLER_0_21_189, 89.14, 65.28, 0.00298545
FILLER_0_21_215, 101.94, 65.28, 0.00312426
_11890_, 114.74, 65.28, 0.00326307
_11891_, 114.74, 65.28, 0.00326307
_13555_, 114.74, 65.28, 0.00326307
_13562_, 114.74, 65.28, 0.00326307
FILLER_0_20_245, 114.74, 65.28, 0.00326307
_16110_, 127.54, 65.28, 0.00339937
hold1342, 127.54, 65.28, 0.00339937
FILLER_0_20_265, 127.54, 65.28, 0.00339937
FILLER_0_20_273, 127.54, 65.28, 0.00339937
FILLER_0_21_273, 127.54, 65.28, 0.00339937
clkbuf_leaf_264_clk, 140.34, 65.28, 0.00352808
FILLER_0_20_305, 140.34, 65.28, 0.00352808
_11774_, 165.94, 65.28, 0.00369146
_13621_, 165.94, 65.28, 0.00369146
_16142_, 165.94, 65.28, 0.00369146
_16145_, 165.94, 65.28, 0.00369146
hold614, 165.94, 65.28, 0.00369146
FILLER_0_19_337, 165.94, 65.28, 0.00369146
FILLER_0_21_349, 165.94, 65.28, 0.00369146
_11385_, 191.54, 65.28, 0.00391176
_11766_, 191.54, 65.28, 0.00391176
_13630_, 191.54, 65.28, 0.00391176
_16149_, 191.54, 65.28, 0.00391176
hold587, 191.54, 65.28, 0.00391176
FILLER_0_20_403, 191.54, 65.28, 0.00391176
FILLER_0_20_414, 191.54, 65.28, 0.00391176
FILLER_0_21_417, 191.54, 65.28, 0.00391176
_11384_, 204.34, 65.28, 0.00405911
_13841_, 204.34, 65.28, 0.00405911
_13842_, 204.34, 65.28, 0.00405911
_16339_, 204.34, 65.28, 0.00405911
_16340_, 204.34, 65.28, 0.00405911
hold790, 204.34, 65.28, 0.00405911
FILLER_0_20_444, 204.34, 65.28, 0.00405911
_11388_, 217.14, 65.28, 0.0041911
_11394_, 217.14, 65.28, 0.0041911
_11395_, 217.14, 65.28, 0.0041911
_13833_, 217.14, 65.28, 0.0041911
_16331_, 217.14, 65.28, 0.0041911
_16336_, 217.14, 65.28, 0.0041911
clkbuf_leaf_253_clk, 217.14, 65.28, 0.0041911
_11403_, 229.94, 65.28, 0.00426072
_11408_, 229.94, 65.28, 0.00426072
_11409_, 229.94, 65.28, 0.00426072
_11417_, 229.94, 65.28, 0.00426072
_13825_, 229.94, 65.28, 0.00426072
_13830_, 229.94, 65.28, 0.00426072
_16324_, 229.94, 65.28, 0.00426072
hold1937, 229.94, 65.28, 0.00426072
_11419_, 242.74, 65.28, 0.00432156
_13824_, 242.74, 65.28, 0.00432156
_16323_, 242.74, 65.28, 0.00432156
_16329_, 242.74, 65.28, 0.00432156
hold1773, 242.74, 65.28, 0.00432156
FILLER_0_20_529, 242.74, 65.28, 0.00432156
_11363_, 255.54, 65.28, 0.0043673
_11418_, 255.54, 65.28, 0.0043673
_13855_, 255.54, 65.28, 0.0043673
_16351_, 255.54, 65.28, 0.0043673
hold1234, 255.54, 65.28, 0.0043673
FILLER_0_20_543, 255.54, 65.28, 0.0043673
_11358_, 268.34, 65.28, 0.00440487
_13857_, 268.34, 65.28, 0.00440487
hold656, 268.34, 65.28, 0.00440487
FILLER_0_20_581, 268.34, 65.28, 0.00440487
_11354_, 281.14, 65.28, 0.00444156
_16359_, 281.14, 65.28, 0.00444156
clkbuf_leaf_250_clk, 281.14, 65.28, 0.00444156
hold624, 281.14, 65.28, 0.00444156
hold1983, 281.14, 65.28, 0.00444156
_13859_, 293.94, 65.28, 0.00442528
FILLER_0_20_632, 293.94, 65.28, 0.00442528
_10258_, 306.74, 65.28, 0.0044088
_14470_, 306.74, 65.28, 0.0044088
hold1476, 306.74, 65.28, 0.0044088
FILLER_0_20_657, 306.74, 65.28, 0.0044088
_14476_, 319.54, 65.28, 0.00439144
FILLER_0_20_690, 319.54, 65.28, 0.00439144
_10194_, 345.14, 65.28, 0.00444266
_10316_, 345.14, 65.28, 0.00444266
_14440_, 345.14, 65.28, 0.00444266
_14506_, 345.14, 65.28, 0.00444266
FILLER_0_19_735, 345.14, 65.28, 0.00444266
FILLER_0_20_740, 345.14, 65.28, 0.00444266
FILLER_0_20_752, 345.14, 65.28, 0.00444266
_16932_, 357.94, 65.28, 0.0045106
_10189_, 370.74, 65.28, 0.00457145
_16938_, 370.74, 65.28, 0.00457145
hold980, 383.54, 65.28, 0.00462499
FILLER_0_21_833, 383.54, 65.28, 0.00462499
_09106_, 396.34, 65.28, 0.00467802
_09107_, 396.34, 65.28, 0.00467802
hold255, 396.34, 65.28, 0.00467802
FILLER_0_20_845, 396.34, 65.28, 0.00467802
FILLER_0_20_858, 396.34, 65.28, 0.00467802
hold300, 409.14, 65.28, 0.00473014
_08097_, 421.94, 65.28, 0.00478175
_17985_, 421.94, 65.28, 0.00478175
FILLER_0_21_906, 421.94, 65.28, 0.00478175
_08096_, 434.74, 65.28, 0.00482606
_15669_, 434.74, 65.28, 0.00482606
_15675_, 434.74, 65.28, 0.00482606
hold111, 434.74, 65.28, 0.00482606
_15665_, 447.54, 65.28, 0.00486932
_15667_, 447.54, 65.28, 0.00486932
_15673_, 447.54, 65.28, 0.00486932
FILLER_0_20_968, 447.54, 65.28, 0.00486932
FILLER_0_21_965, 447.54, 65.28, 0.00486932
_08088_, 460.34, 65.28, 0.00491025
_08089_, 460.34, 65.28, 0.00491025
_18030_, 460.34, 65.28, 0.00491025
hold1802, 460.34, 65.28, 0.00491025
FILLER_0_20_981, 460.34, 65.28, 0.00491025
FILLER_0_20_994, 460.34, 65.28, 0.00491025
FILLER_0_21_997, 460.34, 65.28, 0.00491025
_08004_, 473.14, 65.28, 0.00494315
_08005_, 473.14, 65.28, 0.00494315
_15713_, 473.14, 65.28, 0.00494315
_15715_, 473.14, 65.28, 0.00494315
hold638, 473.14, 65.28, 0.00494315
FILLER_0_19_1005, 473.14, 65.28, 0.00494315
FILLER_0_20_1030, 473.14, 65.28, 0.00494315
_08022_, 498.137, 65.28, 0.00499707
_08115_, 498.137, 65.28, 0.00499707
_15658_, 498.137, 65.28, 0.00499707
FILLER_0_19_1068, 498.137, 65.28, 0.00499707
FILLER_0_20_1074, 498.137, 65.28, 0.00499707
_15659_, 510.334, 65.28, 0.00501882
_17975_, 510.334, 65.28, 0.00501882
_17980_, 510.334, 65.28, 0.00501882
hold381, 510.334, 65.28, 0.00501882
FILLER_0_20_1101, 510.334, 65.28, 0.00501882
_08107_, 522.531, 65.28, 0.00502632
_17979_, 522.531, 65.28, 0.00502632
hold432, 522.531, 65.28, 0.00502632
FILLER_0_19_1111, 522.531, 65.28, 0.00502632
FILLER_0_20_1197, 559.122, 65.28, 0.00502632
FILLER_0_21_1213, 559.122, 65.28, 0.00502632
PHY_34, 5.52, 59.84, 0.00210355
PHY_36, 5.52, 59.84, 0.00210355
PHY_35, 571.32, 59.84, 0.00509166
PHY_37, 571.32, 59.84, 0.00509166
FILLER_0_18_1217, 571.32, 59.84, 0.00509166
FILLER_0_18_77, 37.94, 59.84, 0.00227107
FILLER_0_19_105, 50.74, 59.84, 0.00243859
FILLER_0_18_133, 63.54, 59.84, 0.00260611
FILLER_0_18_165, 76.34, 59.84, 0.00277363
FILLER_0_19_161, 76.34, 59.84, 0.00277363
_11897_, 89.14, 59.84, 0.00294115
_16086_, 89.14, 59.84, 0.00294115
clkbuf_leaf_266_clk, 89.14, 59.84, 0.00294115
FILLER_0_17_169, 89.14, 59.84, 0.00294115
FILLER_0_17_177, 89.14, 59.84, 0.00294115
FILLER_0_18_173, 89.14, 59.84, 0.00294115
_11885_, 101.94, 59.84, 0.00306022
_11892_, 101.94, 59.84, 0.00306022
_13565_, 101.94, 59.84, 0.00306022
_16090_, 101.94, 59.84, 0.00306022
hold244, 101.94, 59.84, 0.00306022
hold828, 101.94, 59.84, 0.00306022
FILLER_0_17_205, 101.94, 59.84, 0.00306022
FILLER_0_19_210, 101.94, 59.84, 0.00306022
FILLER_0_19_216, 101.94, 59.84, 0.00306022
_11887_, 114.74, 59.84, 0.00317057
_13564_, 114.74, 59.84, 0.00317057
_16087_, 114.74, 59.84, 0.00317057
_16089_, 114.74, 59.84, 0.00317057
hold1089, 114.74, 59.84, 0.00317057
FILLER_0_17_225, 114.74, 59.84, 0.00317057
_11844_, 127.54, 59.84, 0.00326582
_11845_, 127.54, 59.84, 0.00326582
_11886_, 127.54, 59.84, 0.00326582
_13587_, 127.54, 59.84, 0.00326582
_16103_, 127.54, 59.84, 0.00326582
hold885, 127.54, 59.84, 0.00326582
_11855_, 140.34, 59.84, 0.00335266
_11862_, 140.34, 59.84, 0.00335266
_13577_, 140.34, 59.84, 0.00335266
_13580_, 140.34, 59.84, 0.00335266
hold648, 140.34, 59.84, 0.00335266
hold1495, 140.34, 59.84, 0.00335266
_11854_, 153.14, 59.84, 0.00343588
_13582_, 153.14, 59.84, 0.00343588
hold702, 153.14, 59.84, 0.00343588
hold1910, 153.14, 59.84, 0.00343588
FILLER_0_19_329, 153.14, 59.84, 0.00343588
_11781_, 165.94, 59.84, 0.00351774
_13623_, 165.94, 59.84, 0.00351774
_13625_, 165.94, 59.84, 0.00351774
_13631_, 165.94, 59.84, 0.00351774
hold216, 165.94, 59.84, 0.00351774
FILLER_0_18_337, 165.94, 59.84, 0.00351774
FILLER_0_18_348, 165.94, 59.84, 0.00351774
FILLER_0_18_360, 165.94, 59.84, 0.00351774
_11389_, 191.54, 59.84, 0.00368462
_11770_, 191.54, 59.84, 0.00368462
_11771_, 191.54, 59.84, 0.00368462
_13628_, 191.54, 59.84, 0.00368462
hold446, 191.54, 59.84, 0.00368462
FILLER_0_18_413, 191.54, 59.84, 0.00368462
FILLER_0_19_413, 191.54, 59.84, 0.00368462
_13840_, 204.34, 59.84, 0.00376958
_16338_, 204.34, 59.84, 0.00376958
hold2047, 204.34, 59.84, 0.00376958
_11402_, 217.14, 59.84, 0.00384679
_13837_, 217.14, 59.84, 0.00384679
hold2034, 217.14, 59.84, 0.00384679
FILLER_0_18_456, 217.14, 59.84, 0.00384679
FILLER_0_18_462, 217.14, 59.84, 0.00384679
FILLER_0_18_470, 217.14, 59.84, 0.00384679
_11392_, 229.94, 59.84, 0.00392309
_11407_, 229.94, 59.84, 0.00392309
_11416_, 229.94, 59.84, 0.00392309
hold1765, 229.94, 59.84, 0.00392309
FILLER_0_18_492, 229.94, 59.84, 0.00392309
_11406_, 242.74, 59.84, 0.00399822
_13828_, 242.74, 59.84, 0.00399822
_16327_, 242.74, 59.84, 0.00399822
FILLER_0_17_505, 242.74, 59.84, 0.00399822
FILLER_0_17_514, 242.74, 59.84, 0.00399822
_11359_, 255.54, 59.84, 0.00406586
_11410_, 255.54, 59.84, 0.00406586
_16353_, 255.54, 59.84, 0.00406586
hold1578, 255.54, 59.84, 0.00406586
FILLER_0_19_549, 255.54, 59.84, 0.00406586
FILLER_0_19_557, 255.54, 59.84, 0.00406586
FILLER_0_18_578, 268.34, 59.84, 0.00412548
FILLER_0_19_584, 268.34, 59.84, 0.00412548
_11346_, 281.14, 59.84, 0.00418511
_11347_, 281.14, 59.84, 0.00418511
_16355_, 281.14, 59.84, 0.00418511
_10259_, 293.94, 59.84, 0.00423719
_10263_, 293.94, 59.84, 0.00423719
_14467_, 293.94, 59.84, 0.00423719
_16901_, 293.94, 59.84, 0.00423719
_16903_, 293.94, 59.84, 0.00423719
FILLER_0_17_617, 293.94, 59.84, 0.00423719
FILLER_0_18_621, 293.94, 59.84, 0.00423719
FILLER_0_19_629, 293.94, 59.84, 0.00423719
_10262_, 306.74, 59.84, 0.00427448
_14469_, 306.74, 59.84, 0.00427448
hold641, 306.74, 59.84, 0.00427448
FILLER_0_19_663, 306.74, 59.84, 0.00427448
_10247_, 319.54, 59.84, 0.00431088
hold1551, 319.54, 59.84, 0.00431088
FILLER_0_18_692, 319.54, 59.84, 0.00431088
_10191_, 345.14, 59.84, 0.0044408
_10195_, 345.14, 59.84, 0.0044408
_16935_, 345.14, 59.84, 0.0044408
_16937_, 345.14, 59.84, 0.0044408
hold562, 345.14, 59.84, 0.0044408
FILLER_0_17_725, 345.14, 59.84, 0.0044408
FILLER_0_17_729, 345.14, 59.84, 0.0044408
_10190_, 357.94, 59.84, 0.00451991
_10200_, 357.94, 59.84, 0.00451991
_10201_, 357.94, 59.84, 0.00451991
_14501_, 357.94, 59.84, 0.00451991
_14504_, 357.94, 59.84, 0.00451991
_16931_, 357.94, 59.84, 0.00451991
_16936_, 357.94, 59.84, 0.00451991
hold508, 357.94, 59.84, 0.00451991
hold1999, 357.94, 59.84, 0.00451991
FILLER_0_17_755, 357.94, 59.84, 0.00451991
_10188_, 370.74, 59.84, 0.00458284
_10203_, 370.74, 59.84, 0.00458284
hold506, 370.74, 59.84, 0.00458284
hold551, 370.74, 59.84, 0.00458284
_14507_, 383.54, 59.84, 0.00464432
FILLER_0_19_833, 383.54, 59.84, 0.00464432
FILLER_0_18_861, 396.34, 59.84, 0.00470562
FILLER_0_19_889, 409.14, 59.84, 0.00476692
_07979_, 421.94, 59.84, 0.00482822
_17984_, 421.94, 59.84, 0.00482822
FILLER_0_17_897, 421.94, 59.84, 0.00482822
FILLER_0_18_917, 421.94, 59.84, 0.00482822
_17983_, 434.74, 59.84, 0.00488219
FILLER_0_17_931, 434.74, 59.84, 0.00488219
FILLER_0_18_925, 434.74, 59.84, 0.00488219
FILLER_0_19_942, 434.74, 59.84, 0.00488219
_15668_, 447.54, 59.84, 0.00492907
_17981_, 447.54, 59.84, 0.00492907
_17988_, 447.54, 59.84, 0.00492907
hold282, 447.54, 59.84, 0.00492907
FILLER_0_17_948, 447.54, 59.84, 0.00492907
FILLER_0_18_956, 447.54, 59.84, 0.00492907
_08017_, 460.34, 59.84, 0.00496111
_08102_, 460.34, 59.84, 0.00496111
_18024_, 460.34, 59.84, 0.00496111
hold1866, 460.34, 59.84, 0.00496111
FILLER_0_18_992, 460.34, 59.84, 0.00496111
_08013_, 473.14, 59.84, 0.00498514
_08016_, 473.14, 59.84, 0.00498514
_15709_, 473.14, 59.84, 0.00498514
_18026_, 473.14, 59.84, 0.00498514
hold152, 473.14, 59.84, 0.00498514
hold483, 473.14, 59.84, 0.00498514
_08116_, 498.137, 59.84, 0.00504835
_08117_, 498.137, 59.84, 0.00504835
_17974_, 498.137, 59.84, 0.00504835
FILLER_0_18_1072, 498.137, 59.84, 0.00504835
_08114_, 510.334, 59.84, 0.00509081
clkbuf_leaf_197_clk, 510.334, 59.84, 0.00509081
hold2072, 510.334, 59.84, 0.00509081
FILLER_0_18_1089, 510.334, 59.84, 0.00509081
_08106_, 522.531, 59.84, 0.00509166
_15663_, 522.531, 59.84, 0.00509166
hold454, 522.531, 59.84, 0.00509166
FILLER_0_18_1138, 534.728, 59.84, 0.00509166
FILLER_0_17_1169, 546.925, 59.84, 0.00509166
FILLER_0_18_1197, 559.122, 59.84, 0.00509166
PHY_30, 5.52, 54.4, 0.00188549
PHY_32, 5.52, 54.4, 0.00188549
output68, 5.52, 54.4, 0.00188549
top_136, 571.32, 54.4, 0.00493463
PHY_31, 571.32, 54.4, 0.00493463
PHY_33, 571.32, 54.4, 0.00493463
FILLER_0_15_1221, 571.32, 54.4, 0.00493463
FILLER_0_16_1217, 571.32, 54.4, 0.00493463
FILLER_0_16_21, 15.33, 54.4, 0.00188361
FILLER_0_16_77, 37.94, 54.4, 0.00204078
FILLER_0_17_105, 50.74, 54.4, 0.00219983
FILLER_0_16_133, 63.54, 54.4, 0.00235888
FILLER_0_16_165, 76.34, 54.4, 0.00251792
FILLER_0_17_161, 76.34, 54.4, 0.00251792
_11893_, 89.14, 54.4, 0.00267697
_11901_, 89.14, 54.4, 0.00267697
_13557_, 89.14, 54.4, 0.00267697
_13561_, 89.14, 54.4, 0.00267697
_16082_, 89.14, 54.4, 0.00267697
_16084_, 89.14, 54.4, 0.00267697
FILLER_0_15_169, 89.14, 54.4, 0.00267697
FILLER_0_16_173, 89.14, 54.4, 0.00267697
_11884_, 101.94, 54.4, 0.00282106
_11896_, 101.94, 54.4, 0.00282106
_11900_, 101.94, 54.4, 0.00282106
_16081_, 101.94, 54.4, 0.00282106
hold857, 101.94, 54.4, 0.00282106
hold2044, 101.94, 54.4, 0.00282106
FILLER_0_15_208, 101.94, 54.4, 0.00282106
FILLER_0_17_217, 101.94, 54.4, 0.00282106
_11902_, 114.74, 54.4, 0.00295635
hold618, 114.74, 54.4, 0.00295635
FILLER_0_16_242, 114.74, 54.4, 0.00295635
FILLER_0_17_249, 114.74, 54.4, 0.00295635
_11858_, 127.54, 54.4, 0.00309092
_11859_, 127.54, 54.4, 0.00309092
_11863_, 127.54, 54.4, 0.00309092
_16101_, 127.54, 54.4, 0.00309092
FILLER_0_17_268, 127.54, 54.4, 0.00309092
_11861_, 140.34, 54.4, 0.0032178
_13578_, 140.34, 54.4, 0.0032178
_16105_, 140.34, 54.4, 0.0032178
FILLER_0_15_293, 140.34, 54.4, 0.0032178
FILLER_0_16_301, 140.34, 54.4, 0.0032178
_11776_, 153.14, 54.4, 0.00333722
_11777_, 153.14, 54.4, 0.00333722
_11860_, 153.14, 54.4, 0.00333722
_13579_, 153.14, 54.4, 0.00333722
_16144_, 153.14, 54.4, 0.00333722
_11764_, 165.94, 54.4, 0.00344873
_16150_, 165.94, 54.4, 0.00344873
clkbuf_leaf_255_clk, 165.94, 54.4, 0.00344873
hold1912, 165.94, 54.4, 0.00344873
FILLER_0_16_413, 191.54, 54.4, 0.0035945
FILLER_0_16_469, 217.14, 54.4, 0.00375842
hold1410, 229.94, 54.4, 0.00384038
FILLER_0_17_497, 229.94, 54.4, 0.00384038
_11411_, 242.74, 54.4, 0.00392182
FILLER_0_16_525, 242.74, 54.4, 0.00392182
_11508_, 255.54, 54.4, 0.00400306
_11509_, 255.54, 54.4, 0.00400306
_11511_, 255.54, 54.4, 0.00400306
_13774_, 255.54, 54.4, 0.00400306
_16277_, 255.54, 54.4, 0.00400306
FILLER_0_15_537, 255.54, 54.4, 0.00400306
_11510_, 268.34, 54.4, 0.00407639
_11512_, 268.34, 54.4, 0.00407639
_11513_, 268.34, 54.4, 0.00407639
_16275_, 268.34, 54.4, 0.00407639
_16276_, 268.34, 54.4, 0.00407639
hold571, 268.34, 54.4, 0.00407639
hold1106, 268.34, 54.4, 0.00407639
hold1096, 281.14, 54.4, 0.00413392
FILLER_0_16_609, 281.14, 54.4, 0.00413392
_10250_, 293.94, 54.4, 0.00419094
_10251_, 293.94, 54.4, 0.00419094
_16907_, 293.94, 54.4, 0.00419094
FILLER_0_15_617, 293.94, 54.4, 0.00419094
_10252_, 306.74, 54.4, 0.00424044
_16906_, 306.74, 54.4, 0.00424044
hold1040, 306.74, 54.4, 0.00424044
FILLER_0_15_648, 306.74, 54.4, 0.00424044
FILLER_0_17_659, 306.74, 54.4, 0.00424044
FILLER_0_17_668, 306.74, 54.4, 0.00424044
_10305_, 319.54, 54.4, 0.00428213
_14475_, 319.54, 54.4, 0.00428213
_16909_, 319.54, 54.4, 0.00428213
hold1960, 319.54, 54.4, 0.00428213
FILLER_0_16_696, 319.54, 54.4, 0.00428213
FILLER_0_17_696, 319.54, 54.4, 0.00428213
_10308_, 345.14, 54.4, 0.00437778
hold2073, 345.14, 54.4, 0.00437778
FILLER_0_15_732, 345.14, 54.4, 0.00437778
FILLER_0_16_750, 345.14, 54.4, 0.00437778
_10192_, 357.94, 54.4, 0.00443904
_10193_, 357.94, 54.4, 0.00443904
_14505_, 357.94, 54.4, 0.00443904
_10202_, 370.74, 54.4, 0.00449972
_14500_, 370.74, 54.4, 0.00449972
FILLER_0_15_781, 370.74, 54.4, 0.00449972
FILLER_0_16_804, 370.74, 54.4, 0.00449972
FILLER_0_16_861, 396.34, 54.4, 0.00462033
FILLER_0_15_877, 409.14, 54.4, 0.00468064
FILLER_0_16_881, 409.14, 54.4, 0.00468064
FILLER_0_16_889, 409.14, 54.4, 0.00468064
FILLER_0_17_889, 409.14, 54.4, 0.00468064
_07971_, 421.94, 54.4, 0.00474095
_07978_, 421.94, 54.4, 0.00474095
_18043_, 421.94, 54.4, 0.00474095
_18049_, 421.94, 54.4, 0.00474095
_07964_, 434.74, 54.4, 0.00478659
_07965_, 434.74, 54.4, 0.00478659
_08098_, 434.74, 54.4, 0.00478659
_08099_, 434.74, 54.4, 0.00478659
_15740_, 434.74, 54.4, 0.00478659
_18050_, 434.74, 54.4, 0.00478659
hold390, 434.74, 54.4, 0.00478659
FILLER_0_15_928, 434.74, 54.4, 0.00478659
FILLER_0_16_920, 434.74, 54.4, 0.00478659
FILLER_0_16_933, 434.74, 54.4, 0.00478659
_08103_, 447.54, 54.4, 0.00482366
_15666_, 447.54, 54.4, 0.00482366
_15731_, 447.54, 54.4, 0.00482366
hold1397, 447.54, 54.4, 0.00482366
FILLER_0_16_969, 447.54, 54.4, 0.00482366
FILLER_0_17_961, 447.54, 54.4, 0.00482366
FILLER_0_15_983, 460.34, 54.4, 0.0048579
FILLER_0_16_977, 460.34, 54.4, 0.0048579
FILLER_0_17_999, 460.34, 54.4, 0.0048579
_08012_, 473.14, 54.4, 0.00489213
hold1830, 473.14, 54.4, 0.00489213
FILLER_0_16_1029, 473.14, 54.4, 0.00489213
_15720_, 498.137, 54.4, 0.00492978
_07984_, 510.334, 54.4, 0.00493208
_08071_, 510.334, 54.4, 0.00493208
_08077_, 510.334, 54.4, 0.00493208
FILLER_0_15_1089, 510.334, 54.4, 0.00493208
FILLER_0_16_1085, 510.334, 54.4, 0.00493208
FILLER_0_16_1105, 510.334, 54.4, 0.00493208
FILLER_0_17_1110, 510.334, 54.4, 0.00493208
_08069_, 522.531, 54.4, 0.00493379
_08070_, 522.531, 54.4, 0.00493379
hold951, 522.531, 54.4, 0.00493379
FILLER_0_16_1112, 522.531, 54.4, 0.00493379
FILLER_0_16_1129, 522.531, 54.4, 0.00493379
_08068_, 534.728, 54.4, 0.00493463
_15684_, 534.728, 54.4, 0.00493463
hold356, 534.728, 54.4, 0.00493463
FILLER_0_16_1143, 534.728, 54.4, 0.00493463
FILLER_0_16_1193, 559.122, 54.4, 0.00493463
FILLER_0_16_1201, 559.122, 54.4, 0.00493463
PHY_26, 5.52, 48.96, 0.00165359
PHY_28, 5.52, 48.96, 0.00165359
PHY_27, 571.32, 48.96, 0.00508481
PHY_29, 571.32, 48.96, 0.00508481
FILLER_0_14_1217, 571.32, 48.96, 0.00508481
FILLER_0_14_77, 37.94, 48.96, 0.00181085
FILLER_0_15_105, 50.74, 48.96, 0.00196811
FILLER_0_14_133, 63.54, 48.96, 0.00212537
FILLER_0_15_161, 76.34, 48.96, 0.00228263
_13558_, 89.14, 48.96, 0.00243989
_13559_, 89.14, 48.96, 0.00243989
_16083_, 89.14, 48.96, 0.00243989
FILLER_0_13_169, 89.14, 48.96, 0.00243989
FILLER_0_14_192, 89.14, 48.96, 0.00243989
_11898_, 101.94, 48.96, 0.00258969
_11903_, 101.94, 48.96, 0.00258969
_13556_, 101.94, 48.96, 0.00258969
hold460, 101.94, 48.96, 0.00258969
_11889_, 114.74, 48.96, 0.0027384
_13560_, 114.74, 48.96, 0.0027384
_13563_, 114.74, 48.96, 0.0027384
_16088_, 114.74, 48.96, 0.0027384
FILLER_0_14_242, 114.74, 48.96, 0.0027384
_11853_, 127.54, 48.96, 0.00287942
_13583_, 127.54, 48.96, 0.00287942
hold349, 127.54, 48.96, 0.00287942
FILLER_0_15_273, 127.54, 48.96, 0.00287942
_11847_, 140.34, 48.96, 0.00301954
_16102_, 140.34, 48.96, 0.00301954
hold1800, 140.34, 48.96, 0.00301954
FILLER_0_13_289, 140.34, 48.96, 0.00301954
_11765_, 153.14, 48.96, 0.00315184
_11846_, 153.14, 48.96, 0.00315184
hold1223, 153.14, 48.96, 0.00315184
FILLER_0_14_309, 153.14, 48.96, 0.00315184
FILLER_0_15_329, 153.14, 48.96, 0.00315184
_11768_, 165.94, 48.96, 0.00328321
_11769_, 165.94, 48.96, 0.00328321
_13629_, 165.94, 48.96, 0.00328321
_16148_, 165.94, 48.96, 0.00328321
FILLER_0_13_337, 165.94, 48.96, 0.00328321
FILLER_0_14_361, 165.94, 48.96, 0.00328321
FILLER_0_15_360, 165.94, 48.96, 0.00328321
_11772_, 191.54, 48.96, 0.00351495
hold580, 191.54, 48.96, 0.00351495
FILLER_0_14_410, 191.54, 48.96, 0.00351495
_11446_, 204.34, 48.96, 0.00362231
_11447_, 204.34, 48.96, 0.00362231
_13808_, 204.34, 48.96, 0.00362231
_16302_, 204.34, 48.96, 0.00362231
hold1151, 204.34, 48.96, 0.00362231
FILLER_0_15_441, 204.34, 48.96, 0.00362231
_11460_, 217.14, 48.96, 0.00372144
_11461_, 217.14, 48.96, 0.00372144
_13799_, 217.14, 48.96, 0.00372144
_13806_, 217.14, 48.96, 0.00372144
hold916, 217.14, 48.96, 0.00372144
FILLER_0_14_470, 217.14, 48.96, 0.00372144
FILLER_0_15_473, 217.14, 48.96, 0.00372144
_11502_, 229.94, 48.96, 0.00381743
_16282_, 229.94, 48.96, 0.00381743
_11495_, 242.74, 48.96, 0.0039061
_13777_, 242.74, 48.96, 0.0039061
_16285_, 242.74, 48.96, 0.0039061
hold975, 242.74, 48.96, 0.0039061
hold976, 242.74, 48.96, 0.0039061
FILLER_0_14_519, 242.74, 48.96, 0.0039061
FILLER_0_15_529, 242.74, 48.96, 0.0039061
_16278_, 255.54, 48.96, 0.00398455
FILLER_0_14_533, 255.54, 48.96, 0.00398455
_11514_, 268.34, 48.96, 0.00405591
_11515_, 268.34, 48.96, 0.00405591
_13766_, 268.34, 48.96, 0.00405591
_13771_, 268.34, 48.96, 0.00405591
_13772_, 268.34, 48.96, 0.00405591
_13773_, 268.34, 48.96, 0.00405591
hold1311, 268.34, 48.96, 0.00405591
FILLER_0_14_583, 268.34, 48.96, 0.00405591
_16348_, 281.14, 48.96, 0.00412384
FILLER_0_13_588, 281.14, 48.96, 0.00412384
FILLER_0_15_612, 281.14, 48.96, 0.00412384
_14473_, 293.94, 48.96, 0.00418468
hold570, 293.94, 48.96, 0.00418468
FILLER_0_14_637, 293.94, 48.96, 0.00418468
FILLER_0_15_629, 293.94, 48.96, 0.00418468
_10253_, 306.74, 48.96, 0.00424481
_10261_, 306.74, 48.96, 0.00424481
_14468_, 306.74, 48.96, 0.00424481
_14472_, 306.74, 48.96, 0.00424481
_16902_, 306.74, 48.96, 0.00424481
_10246_, 319.54, 48.96, 0.00429711
_10260_, 319.54, 48.96, 0.00429711
_16880_, 319.54, 48.96, 0.00429711
hold1786, 319.54, 48.96, 0.00429711
FILLER_0_13_669, 319.54, 48.96, 0.00429711
FILLER_0_13_673, 319.54, 48.96, 0.00429711
FILLER_0_14_690, 319.54, 48.96, 0.00429711
FILLER_0_14_805, 370.74, 48.96, 0.00455114
FILLER_0_15_833, 383.54, 48.96, 0.00462108
FILLER_0_14_861, 396.34, 48.96, 0.00469101
_07970_, 409.14, 48.96, 0.00476094
_18047_, 409.14, 48.96, 0.00476094
hold545, 409.14, 48.96, 0.00476094
FILLER_0_14_881, 409.14, 48.96, 0.00476094
_07966_, 421.94, 48.96, 0.00482301
_07967_, 421.94, 48.96, 0.00482301
_15734_, 421.94, 48.96, 0.00482301
_15738_, 421.94, 48.96, 0.00482301
hold149, 421.94, 48.96, 0.00482301
FILLER_0_14_917, 421.94, 48.96, 0.00482301
_07981_, 434.74, 48.96, 0.00488381
_15733_, 434.74, 48.96, 0.00488381
_18042_, 434.74, 48.96, 0.00488381
hold1451, 434.74, 48.96, 0.00488381
FILLER_0_13_921, 434.74, 48.96, 0.00488381
_07949_, 447.54, 48.96, 0.00493665
_15742_, 447.54, 48.96, 0.00493665
_18058_, 447.54, 48.96, 0.00493665
FILLER_0_13_948, 447.54, 48.96, 0.00493665
FILLER_0_13_953, 447.54, 48.96, 0.00493665
_07951_, 460.34, 48.96, 0.00498025
_18055_, 460.34, 48.96, 0.00498025
_18057_, 460.34, 48.96, 0.00498025
FILLER_0_13_978, 460.34, 48.96, 0.00498025
FILLER_0_14_981, 460.34, 48.96, 0.00498025
_07950_, 473.14, 48.96, 0.00500946
_07954_, 473.14, 48.96, 0.00500946
_18036_, 473.14, 48.96, 0.00500946
clkbuf_leaf_199_clk, 473.14, 48.96, 0.00500946
hold1856, 473.14, 48.96, 0.00500946
FILLER_0_14_1008, 473.14, 48.96, 0.00500946
FILLER_0_15_1017, 473.14, 48.96, 0.00500946
_07985_, 498.137, 48.96, 0.0050387
_07989_, 498.137, 48.96, 0.0050387
_15728_, 498.137, 48.96, 0.0050387
_15730_, 498.137, 48.96, 0.0050387
_18038_, 498.137, 48.96, 0.0050387
_18040_, 498.137, 48.96, 0.0050387
hold327, 498.137, 48.96, 0.0050387
hold590, 498.137, 48.96, 0.0050387
_07988_, 510.334, 48.96, 0.0050692
_15676_, 510.334, 48.96, 0.0050692
_17994_, 510.334, 48.96, 0.0050692
_17997_, 510.334, 48.96, 0.0050692
FILLER_0_13_1088, 510.334, 48.96, 0.0050692
_15683_, 522.531, 48.96, 0.00508412
_17996_, 522.531, 48.96, 0.00508412
_17998_, 522.531, 48.96, 0.00508412
hold1388, 522.531, 48.96, 0.00508412
FILLER_0_13_1116, 522.531, 48.96, 0.00508412
FILLER_0_13_1121, 522.531, 48.96, 0.00508412
FILLER_0_15_1124, 522.531, 48.96, 0.00508412
_08072_, 534.728, 48.96, 0.00508481
hold522, 534.728, 48.96, 0.00508481
FILLER_0_13_1172, 546.925, 48.96, 0.00508481
FILLER_0_14_1193, 559.122, 48.96, 0.00508481
FILLER_0_14_1201, 559.122, 48.96, 0.00508481
FILLER_0_15_1213, 559.122, 48.96, 0.00508481
PHY_22, 5.52, 43.52, 0.00144209
PHY_24, 5.52, 43.52, 0.00144209
PHY_23, 571.32, 43.52, 0.00494448
PHY_25, 571.32, 43.52, 0.00494448
FILLER_0_12_1217, 571.32, 43.52, 0.00494448
FILLER_0_12_77, 37.94, 43.52, 0.00162608
FILLER_0_13_105, 50.74, 43.52, 0.00181007
FILLER_0_12_133, 63.54, 43.52, 0.00199405
FILLER_0_13_161, 76.34, 43.52, 0.00217804
_11899_, 89.14, 43.52, 0.00236203
FILLER_0_12_177, 89.14, 43.52, 0.00236203
FILLER_0_12_187, 89.14, 43.52, 0.00236203
FILLER_0_12_221, 101.94, 43.52, 0.00254582
_11888_, 114.74, 43.52, 0.0027296
_16085_, 114.74, 43.52, 0.0027296
clkbuf_leaf_265_clk, 114.74, 43.52, 0.0027296
FILLER_0_12_229, 114.74, 43.52, 0.0027296
_11852_, 127.54, 43.52, 0.00286745
_11856_, 127.54, 43.52, 0.00286745
_11894_, 127.54, 43.52, 0.00286745
_16104_, 127.54, 43.52, 0.00286745
_16106_, 127.54, 43.52, 0.00286745
hold806, 127.54, 43.52, 0.00286745
FILLER_0_12_253, 127.54, 43.52, 0.00286745
_11849_, 140.34, 43.52, 0.00298988
_11850_, 140.34, 43.52, 0.00298988
_11851_, 140.34, 43.52, 0.00298988
_13581_, 140.34, 43.52, 0.00298988
_13586_, 140.34, 43.52, 0.00298988
_16109_, 140.34, 43.52, 0.00298988
hold673, 140.34, 43.52, 0.00298988
_11848_, 153.14, 43.52, 0.00310375
_13585_, 153.14, 43.52, 0.00310375
hold766, 153.14, 43.52, 0.00310375
FILLER_0_13_330, 153.14, 43.52, 0.00310375
FILLER_0_12_360, 165.94, 43.52, 0.00321673
FILLER_0_13_360, 165.94, 43.52, 0.00321673
_11448_, 191.54, 43.52, 0.00346057
_11449_, 191.54, 43.52, 0.00346057
_11462_, 191.54, 43.52, 0.00346057
_11463_, 191.54, 43.52, 0.00346057
_16309_, 191.54, 43.52, 0.00346057
hold1359, 191.54, 43.52, 0.00346057
FILLER_0_11_393, 191.54, 43.52, 0.00346057
FILLER_0_12_401, 191.54, 43.52, 0.00346057
FILLER_0_13_405, 191.54, 43.52, 0.00346057
_11451_, 204.34, 43.52, 0.00358301
_13801_, 204.34, 43.52, 0.00358301
_13807_, 204.34, 43.52, 0.00358301
_16303_, 204.34, 43.52, 0.00358301
hold426, 204.34, 43.52, 0.00358301
FILLER_0_12_434, 204.34, 43.52, 0.00358301
FILLER_0_13_434, 204.34, 43.52, 0.00358301
FILLER_0_13_442, 204.34, 43.52, 0.00358301
_11459_, 217.14, 43.52, 0.00369724
_11497_, 217.14, 43.52, 0.00369724
_11503_, 217.14, 43.52, 0.00369724
_16281_, 217.14, 43.52, 0.00369724
_16307_, 217.14, 43.52, 0.00369724
hold2050, 217.14, 43.52, 0.00369724
_11496_, 229.94, 43.52, 0.00379611
_11500_, 229.94, 43.52, 0.00379611
_11501_, 229.94, 43.52, 0.00379611
_13778_, 229.94, 43.52, 0.00379611
_13779_, 229.94, 43.52, 0.00379611
_16284_, 229.94, 43.52, 0.00379611
hold1547, 229.94, 43.52, 0.00379611
FILLER_0_11_477, 229.94, 43.52, 0.00379611
FILLER_0_13_495, 229.94, 43.52, 0.00379611
_11494_, 242.74, 43.52, 0.00388635
_13782_, 242.74, 43.52, 0.00388635
_16286_, 242.74, 43.52, 0.00388635
FILLER_0_11_505, 242.74, 43.52, 0.00388635
FILLER_0_12_505, 242.74, 43.52, 0.00388635
_11507_, 255.54, 43.52, 0.0039691
_13775_, 255.54, 43.52, 0.0039691
_16279_, 255.54, 43.52, 0.0039691
hold451, 255.54, 43.52, 0.0039691
hold1487, 255.54, 43.52, 0.0039691
FILLER_0_12_541, 255.54, 43.52, 0.0039691
FILLER_0_13_552, 255.54, 43.52, 0.0039691
_11505_, 268.34, 43.52, 0.00404333
_13843_, 268.34, 43.52, 0.00404333
_16280_, 268.34, 43.52, 0.00404333
FILLER_0_12_564, 268.34, 43.52, 0.00404333
FILLER_0_12_573, 268.34, 43.52, 0.00404333
_11368_, 281.14, 43.52, 0.00410822
_16341_, 281.14, 43.52, 0.00410822
_16346_, 281.14, 43.52, 0.00410822
hold943, 281.14, 43.52, 0.00410822
hold1200, 281.14, 43.52, 0.00410822
_11382_, 293.94, 43.52, 0.00415768
_11383_, 293.94, 43.52, 0.00415768
_13844_, 293.94, 43.52, 0.00415768
hold1039, 293.94, 43.52, 0.00415768
FILLER_0_11_624, 293.94, 43.52, 0.00415768
_11364_, 306.74, 43.52, 0.00420604
_11365_, 306.74, 43.52, 0.00420604
_11376_, 306.74, 43.52, 0.00420604
_11377_, 306.74, 43.52, 0.00420604
_13847_, 306.74, 43.52, 0.00420604
_13853_, 306.74, 43.52, 0.00420604
FILLER_0_13_661, 306.74, 43.52, 0.00420604
_10314_, 345.14, 43.52, 0.00438541
hold1554, 345.14, 43.52, 0.00438541
FILLER_0_12_749, 345.14, 43.52, 0.00438541
FILLER_0_13_777, 357.94, 43.52, 0.00446981
FILLER_0_12_805, 370.74, 43.52, 0.00455422
FILLER_0_13_833, 383.54, 43.52, 0.00463862
FILLER_0_12_861, 396.34, 43.52, 0.00472302
FILLER_0_13_889, 409.14, 43.52, 0.00480742
_07973_, 421.94, 43.52, 0.00489182
_15737_, 421.94, 43.52, 0.00489182
clkbuf_leaf_211_clk, 421.94, 43.52, 0.00489182
FILLER_0_11_903, 421.94, 43.52, 0.00489182
FILLER_0_12_915, 421.94, 43.52, 0.00489182
_07980_, 434.74, 43.52, 0.00493868
_15741_, 434.74, 43.52, 0.00493868
FILLER_0_13_937, 434.74, 43.52, 0.00493868
_07945_, 447.54, 43.52, 0.00498516
_07948_, 447.54, 43.52, 0.00498516
_07959_, 447.54, 43.52, 0.00498516
_15745_, 447.54, 43.52, 0.00498516
_15750_, 447.54, 43.52, 0.00498516
clkbuf_leaf_201_clk, 447.54, 43.52, 0.00498516
hold1444, 447.54, 43.52, 0.00498516
FILLER_0_11_953, 447.54, 43.52, 0.00498516
_07944_, 460.34, 43.52, 0.00497466
_07955_, 460.34, 43.52, 0.00497466
_15747_, 460.34, 43.52, 0.00497466
_15749_, 460.34, 43.52, 0.00497466
_15752_, 460.34, 43.52, 0.00497466
hold2091, 460.34, 43.52, 0.00497466
hold2127, 460.34, 43.52, 0.00497466
FILLER_0_12_984, 460.34, 43.52, 0.00497466
_07993_, 473.14, 43.52, 0.00496218
_15726_, 473.14, 43.52, 0.00496218
_18033_, 473.14, 43.52, 0.00496218
FILLER_0_13_1022, 473.14, 43.52, 0.00496218
FILLER_0_13_1030, 473.14, 43.52, 0.00496218
hold739, 498.137, 43.52, 0.00494341
_08076_, 510.334, 43.52, 0.00494413
_15680_, 510.334, 43.52, 0.00494413
FILLER_0_11_1089, 510.334, 43.52, 0.00494413
FILLER_0_11_1097, 510.334, 43.52, 0.00494413
FILLER_0_13_1108, 510.334, 43.52, 0.00494413
_08073_, 522.531, 43.52, 0.00494448
_15682_, 522.531, 43.52, 0.00494448
FILLER_0_11_1115, 522.531, 43.52, 0.00494448
FILLER_0_11_1121, 522.531, 43.52, 0.00494448
FILLER_0_12_1141, 534.728, 43.52, 0.00494448
FILLER_0_11_1171, 546.925, 43.52, 0.00494448
FILLER_0_12_1197, 559.122, 43.52, 0.00494448
PHY_18, 5.52, 38.08, 0.00119521
PHY_20, 5.52, 38.08, 0.00119521
PHY_19, 571.32, 38.08, 0.00515398
PHY_21, 571.32, 38.08, 0.00515398
output74, 571.32, 38.08, 0.00515398
FILLER_0_10_1217, 571.32, 38.08, 0.00515398
FILLER_0_10_77, 37.94, 38.08, 0.00137195
FILLER_0_11_105, 50.74, 38.08, 0.00154868
FILLER_0_10_133, 63.54, 38.08, 0.00172541
FILLER_0_11_161, 76.34, 38.08, 0.00190215
FILLER_0_10_189, 89.14, 38.08, 0.00207888
FILLER_0_10_221, 101.94, 38.08, 0.00225561
FILLER_0_11_217, 101.94, 38.08, 0.00225561
_11895_, 114.74, 38.08, 0.00243235
hold475, 114.74, 38.08, 0.00243235
FILLER_0_10_245, 114.74, 38.08, 0.00243235
_13584_, 127.54, 38.08, 0.0026084
_16107_, 127.54, 38.08, 0.0026084
_16108_, 140.34, 38.08, 0.00277716
FILLER_0_10_299, 140.34, 38.08, 0.00277716
FILLER_0_11_327, 153.14, 38.08, 0.00293884
FILLER_0_10_357, 165.94, 38.08, 0.00310052
_16301_, 191.54, 38.08, 0.00347337
_16308_, 191.54, 38.08, 0.00347337
FILLER_0_10_397, 191.54, 38.08, 0.00347337
_13800_, 204.34, 38.08, 0.0036703
clkbuf_leaf_254_clk, 204.34, 38.08, 0.0036703
FILLER_0_10_424, 204.34, 38.08, 0.0036703
FILLER_0_11_441, 204.34, 38.08, 0.0036703
_11450_, 217.14, 38.08, 0.00382278
_11458_, 217.14, 38.08, 0.00382278
_13802_, 217.14, 38.08, 0.00382278
hold1030, 217.14, 38.08, 0.00382278
FILLER_0_10_447, 217.14, 38.08, 0.00382278
FILLER_0_10_454, 217.14, 38.08, 0.00382278
FILLER_0_10_467, 217.14, 38.08, 0.00382278
_13781_, 229.94, 38.08, 0.00397409
clkbuf_leaf_252_clk, 229.94, 38.08, 0.00397409
_11492_, 242.74, 38.08, 0.00408185
_11493_, 242.74, 38.08, 0.00408185
_11498_, 242.74, 38.08, 0.00408185
_11499_, 242.74, 38.08, 0.00408185
_13783_, 242.74, 38.08, 0.00408185
_16283_, 242.74, 38.08, 0.00408185
hold450, 242.74, 38.08, 0.00408185
FILLER_0_11_529, 242.74, 38.08, 0.00408185
_11506_, 255.54, 38.08, 0.00418103
_11517_, 255.54, 38.08, 0.00418103
clkbuf_leaf_251_clk, 255.54, 38.08, 0.00418103
FILLER_0_9_537, 255.54, 38.08, 0.00418103
FILLER_0_10_545, 255.54, 38.08, 0.00418103
_11504_, 268.34, 38.08, 0.00423471
_13776_, 268.34, 38.08, 0.00423471
FILLER_0_10_579, 268.34, 38.08, 0.00423471
FILLER_0_11_585, 268.34, 38.08, 0.00423471
_11369_, 281.14, 38.08, 0.00428801
_11372_, 281.14, 38.08, 0.00428801
_11373_, 281.14, 38.08, 0.00428801
_13849_, 281.14, 38.08, 0.00428801
_13851_, 281.14, 38.08, 0.00428801
FILLER_0_10_589, 281.14, 38.08, 0.00428801
FILLER_0_11_613, 281.14, 38.08, 0.00428801
clkbuf_leaf_214_clk, 293.94, 38.08, 0.00434026
FILLER_0_11_632, 293.94, 38.08, 0.00434026
_16344_, 306.74, 38.08, 0.00434617
hold577, 306.74, 38.08, 0.00434617
hold1954, 306.74, 38.08, 0.00434617
_10307_, 319.54, 38.08, 0.00434397
_16873_, 319.54, 38.08, 0.00434397
_16879_, 319.54, 38.08, 0.00434397
FILLER_0_9_673, 319.54, 38.08, 0.00434397
FILLER_0_10_677, 319.54, 38.08, 0.00434397
FILLER_0_11_685, 319.54, 38.08, 0.00434397
FILLER_0_11_693, 319.54, 38.08, 0.00434397
_10312_, 345.14, 38.08, 0.00439567
_14438_, 345.14, 38.08, 0.00439567
_14439_, 345.14, 38.08, 0.00439567
hold755, 345.14, 38.08, 0.00439567
hold1739, 345.14, 38.08, 0.00439567
FILLER_0_10_745, 345.14, 38.08, 0.00439567
FILLER_0_10_753, 357.94, 38.08, 0.00446231
FILLER_0_11_780, 357.94, 38.08, 0.00446231
FILLER_0_10_805, 370.74, 38.08, 0.00452896
FILLER_0_11_833, 383.54, 38.08, 0.0045956
FILLER_0_10_861, 396.34, 38.08, 0.00466225
_18046_, 409.14, 38.08, 0.00472889
FILLER_0_10_881, 409.14, 38.08, 0.00472889
FILLER_0_11_889, 409.14, 38.08, 0.00472889
_07972_, 421.94, 38.08, 0.00478843
_07976_, 421.94, 38.08, 0.00478843
_07977_, 421.94, 38.08, 0.00478843
_07983_, 421.94, 38.08, 0.00478843
_15732_, 421.94, 38.08, 0.00478843
_18041_, 421.94, 38.08, 0.00478843
hold358, 421.94, 38.08, 0.00478843
hold529, 421.94, 38.08, 0.00478843
_07974_, 434.74, 38.08, 0.0048388
_07975_, 434.74, 38.08, 0.0048388
_15735_, 434.74, 38.08, 0.0048388
_18045_, 434.74, 38.08, 0.0048388
hold606, 434.74, 38.08, 0.0048388
hold1470, 434.74, 38.08, 0.0048388
FILLER_0_11_943, 434.74, 38.08, 0.0048388
_07969_, 447.54, 38.08, 0.00488048
_18053_, 447.54, 38.08, 0.00488048
_18060_, 447.54, 38.08, 0.00488048
FILLER_0_9_949, 447.54, 38.08, 0.00488048
FILLER_0_9_953, 447.54, 38.08, 0.00488048
FILLER_0_10_951, 447.54, 38.08, 0.00488048
_07958_, 460.34, 38.08, 0.00490774
FILLER_0_10_976, 460.34, 38.08, 0.00490774
_07946_, 473.14, 38.08, 0.00493475
_07999_, 473.14, 38.08, 0.00493475
_15723_, 473.14, 38.08, 0.00493475
FILLER_0_11_1021, 473.14, 38.08, 0.00493475
_08000_, 498.137, 38.08, 0.00502385
_08001_, 498.137, 38.08, 0.00502385
_15722_, 498.137, 38.08, 0.00502385
FILLER_0_10_1081, 498.137, 38.08, 0.00502385
_08065_, 510.334, 38.08, 0.00508598
_08075_, 510.334, 38.08, 0.00508598
_15686_, 510.334, 38.08, 0.00508598
_18000_, 510.334, 38.08, 0.00508598
FILLER_0_9_1091, 510.334, 38.08, 0.00508598
_08079_, 522.531, 38.08, 0.00514079
_08082_, 522.531, 38.08, 0.00514079
_15677_, 522.531, 38.08, 0.00514079
_15679_, 522.531, 38.08, 0.00514079
_17993_, 522.531, 38.08, 0.00514079
clkbuf_leaf_196_clk, 522.531, 38.08, 0.00514079
FILLER_0_10_1136, 522.531, 38.08, 0.00514079
_08078_, 534.728, 38.08, 0.00515025
_08080_, 534.728, 38.08, 0.00515025
_17992_, 534.728, 38.08, 0.00515025
hold1519, 534.728, 38.08, 0.00515025
hold1989, 534.728, 38.08, 0.00515025
FILLER_0_10_1201, 559.122, 38.08, 0.00515273
PHY_14, 5.52, 32.64, 0.000976331
PHY_16, 5.52, 32.64, 0.000976331
output80, 5.52, 32.64, 0.000976331
PHY_15, 571.32, 32.64, 0.00494161
PHY_17, 571.32, 32.64, 0.00494161
FILLER_0_8_1217, 571.32, 32.64, 0.00494161
FILLER_0_8_77, 37.94, 32.64, 0.00113389
FILLER_0_9_105, 50.74, 32.64, 0.00131143
FILLER_0_8_133, 63.54, 32.64, 0.00148896
FILLER_0_9_161, 76.34, 32.64, 0.0016665
FILLER_0_8_189, 89.14, 32.64, 0.00184404
FILLER_0_9_217, 101.94, 32.64, 0.00202157
FILLER_0_8_245, 114.74, 32.64, 0.00219911
_11857_, 127.54, 32.64, 0.00237665
FILLER_0_9_273, 127.54, 32.64, 0.00237665
FILLER_0_8_301, 140.34, 32.64, 0.00255395
FILLER_0_9_329, 153.14, 32.64, 0.00273124
FILLER_0_8_357, 165.94, 32.64, 0.00290854
FILLER_0_8_413, 191.54, 32.64, 0.00320781
_13805_, 204.34, 32.64, 0.00332978
FILLER_0_9_441, 204.34, 32.64, 0.00332978
_11444_, 217.14, 32.64, 0.00345156
_11454_, 217.14, 32.64, 0.00345156
_11455_, 217.14, 32.64, 0.00345156
_13809_, 217.14, 32.64, 0.00345156
_16310_, 217.14, 32.64, 0.00345156
hold1563, 217.14, 32.64, 0.00345156
FILLER_0_8_448, 217.14, 32.64, 0.00345156
FILLER_0_8_473, 217.14, 32.64, 0.00345156
_11485_, 229.94, 32.64, 0.00356492
_11488_, 229.94, 32.64, 0.00356492
_11489_, 229.94, 32.64, 0.00356492
_16288_, 229.94, 32.64, 0.00356492
hold395, 229.94, 32.64, 0.00356492
FILLER_0_8_477, 229.94, 32.64, 0.00356492
FILLER_0_9_497, 229.94, 32.64, 0.00356492
_11490_, 242.74, 32.64, 0.00367006
_11491_, 242.74, 32.64, 0.00367006
_13780_, 242.74, 32.64, 0.00367006
_13784_, 242.74, 32.64, 0.00367006
FILLER_0_8_511, 242.74, 32.64, 0.00367006
_11516_, 255.54, 32.64, 0.00377444
_13770_, 255.54, 32.64, 0.00377444
_16272_, 255.54, 32.64, 0.00377444
_16274_, 255.54, 32.64, 0.00377444
hold490, 255.54, 32.64, 0.00377444
FILLER_0_7_531, 255.54, 32.64, 0.00377444
FILLER_0_8_557, 255.54, 32.64, 0.00377444
_11523_, 268.34, 32.64, 0.00386376
_13767_, 268.34, 32.64, 0.00386376
hold465, 268.34, 32.64, 0.00386376
FILLER_0_8_580, 268.34, 32.64, 0.00386376
_11375_, 281.14, 32.64, 0.00395215
_13848_, 281.14, 32.64, 0.00395215
_16345_, 281.14, 32.64, 0.00395215
hold942, 281.14, 32.64, 0.00395215
FILLER_0_8_589, 281.14, 32.64, 0.00395215
FILLER_0_8_603, 281.14, 32.64, 0.00395215
FILLER_0_9_609, 281.14, 32.64, 0.00395215
_11371_, 293.94, 32.64, 0.00403257
_13850_, 293.94, 32.64, 0.00403257
_16347_, 293.94, 32.64, 0.00403257
_16350_, 293.94, 32.64, 0.00403257
FILLER_0_7_617, 293.94, 32.64, 0.00403257
FILLER_0_9_629, 293.94, 32.64, 0.00403257
hold468, 306.74, 32.64, 0.00409841
FILLER_0_9_665, 306.74, 32.64, 0.00409841
_10318_, 319.54, 32.64, 0.00416374
_10319_, 319.54, 32.64, 0.00416374
_14436_, 319.54, 32.64, 0.00416374
FILLER_0_8_677, 319.54, 32.64, 0.00416374
FILLER_0_8_685, 319.54, 32.64, 0.00416374
FILLER_0_8_753, 357.94, 32.64, 0.00435299
FILLER_0_9_776, 357.94, 32.64, 0.00435299
FILLER_0_8_805, 370.74, 32.64, 0.00441524
FILLER_0_9_833, 383.54, 32.64, 0.00447748
FILLER_0_8_861, 396.34, 32.64, 0.00453973
FILLER_0_9_889, 409.14, 32.64, 0.00460198
_07982_, 421.94, 32.64, 0.00466423
_18044_, 421.94, 32.64, 0.00466423
FILLER_0_8_893, 421.94, 32.64, 0.00466423
_15736_, 434.74, 32.64, 0.00471911
_15739_, 434.74, 32.64, 0.00471911
_18048_, 434.74, 32.64, 0.00471911
FILLER_0_8_921, 434.74, 32.64, 0.00471911
FILLER_0_8_925, 434.74, 32.64, 0.00471911
_07957_, 447.54, 32.64, 0.00476656
_07968_, 447.54, 32.64, 0.00476656
hold2059, 447.54, 32.64, 0.00476656
FILLER_0_7_953, 447.54, 32.64, 0.00476656
FILLER_0_8_972, 447.54, 32.64, 0.00476656
_15751_, 460.34, 32.64, 0.0048131
_18059_, 460.34, 32.64, 0.0048131
FILLER_0_7_982, 460.34, 32.64, 0.0048131
FILLER_0_8_981, 460.34, 32.64, 0.0048131
FILLER_0_9_991, 460.34, 32.64, 0.0048131
FILLER_0_9_999, 460.34, 32.64, 0.0048131
_07987_, 473.14, 32.64, 0.0048524
_15729_, 473.14, 32.64, 0.0048524
_18039_, 473.14, 32.64, 0.0048524
hold1813, 473.14, 32.64, 0.0048524
hold2099, 473.14, 32.64, 0.0048524
FILLER_0_7_1004, 473.14, 32.64, 0.0048524
_07996_, 498.137, 32.64, 0.0049079
_07997_, 498.137, 32.64, 0.0049079
_15724_, 498.137, 32.64, 0.0049079
hold164, 498.137, 32.64, 0.0049079
FILLER_0_7_1061, 498.137, 32.64, 0.0049079
_08064_, 510.334, 32.64, 0.00493156
_08083_, 510.334, 32.64, 0.00493156
_15681_, 510.334, 32.64, 0.00493156
_17991_, 510.334, 32.64, 0.00493156
_17995_, 510.334, 32.64, 0.00493156
hold1079, 510.334, 32.64, 0.00493156
_08074_, 522.531, 32.64, 0.00494059
_17999_, 522.531, 32.64, 0.00494059
hold665, 522.531, 32.64, 0.00494059
hold1784, 522.531, 32.64, 0.00494059
FILLER_0_7_1116, 522.531, 32.64, 0.00494059
_08081_, 534.728, 32.64, 0.00494161
_15678_, 534.728, 32.64, 0.00494161
_15685_, 534.728, 32.64, 0.00494161
hold213, 534.728, 32.64, 0.00494161
FILLER_0_8_1199, 559.122, 32.64, 0.00494161
FILLER_0_9_1213, 559.122, 32.64, 0.00494161
PHY_10, 5.52, 27.2, 0.000892635
PHY_12, 5.52, 27.2, 0.000892635
PHY_11, 571.32, 27.2, 0.0048754
PHY_13, 571.32, 27.2, 0.0048754
FILLER_0_6_1217, 571.32, 27.2, 0.0048754
FILLER_0_6_77, 37.94, 27.2, 0.00107386
FILLER_0_7_105, 50.74, 27.2, 0.00125508
FILLER_0_6_133, 63.54, 27.2, 0.00143631
FILLER_0_7_161, 76.34, 27.2, 0.00161753
FILLER_0_6_189, 89.14, 27.2, 0.00179876
FILLER_0_7_217, 101.94, 27.2, 0.00197998
FILLER_0_6_245, 114.74, 27.2, 0.00216121
FILLER_0_7_273, 127.54, 27.2, 0.00234243
FILLER_0_6_301, 140.34, 27.2, 0.00252366
FILLER_0_7_329, 153.14, 27.2, 0.00270488
FILLER_0_6_357, 165.94, 27.2, 0.00288611
_11452_, 191.54, 27.2, 0.00320663
_11453_, 191.54, 27.2, 0.00320663
_11457_, 191.54, 27.2, 0.00320663
_16304_, 191.54, 27.2, 0.00320663
FILLER_0_7_405, 191.54, 27.2, 0.00320663
_11445_, 204.34, 27.2, 0.00333823
_11456_, 204.34, 27.2, 0.00333823
_13803_, 204.34, 27.2, 0.00333823
_16305_, 204.34, 27.2, 0.00333823
hold501, 204.34, 27.2, 0.00333823
hold1464, 204.34, 27.2, 0.00333823
FILLER_0_6_439, 204.34, 27.2, 0.00333823
_13804_, 217.14, 27.2, 0.00346112
hold1478, 217.14, 27.2, 0.00346112
FILLER_0_6_472, 217.14, 27.2, 0.00346112
_13785_, 229.94, 27.2, 0.00358331
_13787_, 229.94, 27.2, 0.00358331
_16290_, 229.94, 27.2, 0.00358331
hold1767, 229.94, 27.2, 0.00358331
FILLER_0_7_500, 229.94, 27.2, 0.00358331
_11486_, 242.74, 27.2, 0.00369755
_11487_, 242.74, 27.2, 0.00369755
_13786_, 242.74, 27.2, 0.00369755
_16287_, 242.74, 27.2, 0.00369755
_16289_, 242.74, 27.2, 0.00369755
hold1434, 242.74, 27.2, 0.00369755
_11520_, 255.54, 27.2, 0.00379647
_11521_, 255.54, 27.2, 0.00379647
hold986, 255.54, 27.2, 0.00379647
FILLER_0_6_541, 255.54, 27.2, 0.00379647
FILLER_0_6_555, 255.54, 27.2, 0.00379647
_11518_, 268.34, 27.2, 0.0038945
_11519_, 268.34, 27.2, 0.0038945
_11522_, 268.34, 27.2, 0.0038945
_13768_, 268.34, 27.2, 0.0038945
_13769_, 268.34, 27.2, 0.0038945
_16271_, 268.34, 27.2, 0.0038945
_16273_, 268.34, 27.2, 0.0038945
hold1474, 268.34, 27.2, 0.0038945
_11366_, 281.14, 27.2, 0.00397681
_11374_, 281.14, 27.2, 0.00397681
_16349_, 281.14, 27.2, 0.00397681
FILLER_0_5_593, 281.14, 27.2, 0.00397681
FILLER_0_6_589, 281.14, 27.2, 0.00397681
FILLER_0_7_612, 281.14, 27.2, 0.00397681
_11370_, 293.94, 27.2, 0.00405158
_11379_, 293.94, 27.2, 0.00405158
_13846_, 293.94, 27.2, 0.00405158
_16343_, 293.94, 27.2, 0.00405158
hold973, 293.94, 27.2, 0.00405158
_11380_, 306.74, 27.2, 0.00411817
_11381_, 306.74, 27.2, 0.00411817
_13845_, 306.74, 27.2, 0.00411817
_16342_, 306.74, 27.2, 0.00411817
hold1113, 306.74, 27.2, 0.00411817
FILLER_0_6_749, 345.14, 27.2, 0.00429537
FILLER_0_7_777, 357.94, 27.2, 0.00435576
FILLER_0_6_805, 370.74, 27.2, 0.00441614
FILLER_0_7_833, 383.54, 27.2, 0.00447653
FILLER_0_6_861, 396.34, 27.2, 0.00453692
FILLER_0_7_889, 409.14, 27.2, 0.00459731
FILLER_0_6_917, 421.94, 27.2, 0.00465769
FILLER_0_7_945, 434.74, 27.2, 0.00471808
_07953_, 447.54, 27.2, 0.00477847
_07956_, 447.54, 27.2, 0.00477847
_15746_, 447.54, 27.2, 0.00477847
_18054_, 447.54, 27.2, 0.00477847
_18056_, 447.54, 27.2, 0.00477847
hold1855, 447.54, 27.2, 0.00477847
hold2071, 447.54, 27.2, 0.00477847
_07947_, 460.34, 27.2, 0.00482308
_07952_, 460.34, 27.2, 0.00482308
_07960_, 460.34, 27.2, 0.00482308
_07963_, 460.34, 27.2, 0.00482308
_15743_, 460.34, 27.2, 0.00482308
_18051_, 460.34, 27.2, 0.00482308
_18052_, 460.34, 27.2, 0.00482308
_07961_, 473.14, 27.2, 0.00485247
_15744_, 473.14, 27.2, 0.00485247
_18035_, 473.14, 27.2, 0.00485247
hold2016, 473.14, 27.2, 0.00485247
FILLER_0_5_1004, 473.14, 27.2, 0.00485247
FILLER_0_6_1029, 473.14, 27.2, 0.00485247
FILLER_0_7_1017, 473.14, 27.2, 0.00485247
hold129, 498.137, 27.2, 0.00487463
FILLER_0_7_1080, 498.137, 27.2, 0.00487463
FILLER_0_6_1086, 510.334, 27.2, 0.00487501
FILLER_0_7_1110, 510.334, 27.2, 0.00487501
_08066_, 522.531, 27.2, 0.0048754
_08067_, 522.531, 27.2, 0.0048754
FILLER_0_5_1113, 522.531, 27.2, 0.0048754
FILLER_0_7_1134, 522.531, 27.2, 0.0048754
FILLER_0_6_1141, 534.728, 27.2, 0.0048754
FILLER_0_5_1169, 546.925, 27.2, 0.0048754
FILLER_0_6_1197, 559.122, 27.2, 0.0048754
PHY_6, 5.52, 21.76, 0.000925084
PHY_8, 5.52, 21.76, 0.000925084
PHY_7, 571.32, 21.76, 0.00485927
PHY_9, 571.32, 21.76, 0.00485927
FILLER_0_4_1217, 571.32, 21.76, 0.00485927
FILLER_0_4_77, 37.94, 21.76, 0.00110199
FILLER_0_5_105, 50.74, 21.76, 0.00127889
FILLER_0_4_133, 63.54, 21.76, 0.00145579
FILLER_0_5_161, 76.34, 21.76, 0.0016327
FILLER_0_4_189, 89.14, 21.76, 0.0018096
FILLER_0_5_217, 101.94, 21.76, 0.0019865
FILLER_0_4_245, 114.74, 21.76, 0.00216341
FILLER_0_5_273, 127.54, 21.76, 0.00234031
FILLER_0_4_301, 140.34, 21.76, 0.00251721
FILLER_0_5_329, 153.14, 21.76, 0.00269412
FILLER_0_4_357, 165.94, 21.76, 0.00287102
_16306_, 191.54, 21.76, 0.00315248
FILLER_0_4_413, 191.54, 21.76, 0.00315248
FILLER_0_5_405, 191.54, 21.76, 0.00315248
FILLER_0_5_440, 204.34, 21.76, 0.00324993
FILLER_0_4_469, 217.14, 21.76, 0.00334738
_11484_, 229.94, 21.76, 0.00344484
FILLER_0_5_500, 229.94, 21.76, 0.00344484
FILLER_0_4_525, 242.74, 21.76, 0.00354206
FILLER_0_5_549, 255.54, 21.76, 0.00363927
FILLER_0_5_557, 255.54, 21.76, 0.00363927
hold1178, 268.34, 21.76, 0.00373649
FILLER_0_4_581, 268.34, 21.76, 0.00373649
FILLER_0_5_581, 268.34, 21.76, 0.00373649
_11367_, 281.14, 21.76, 0.00383321
_13852_, 281.14, 21.76, 0.00383321
FILLER_0_5_606, 281.14, 21.76, 0.00383321
_11378_, 293.94, 21.76, 0.00392957
hold467, 293.94, 21.76, 0.00392957
FILLER_0_4_637, 293.94, 21.76, 0.00392957
FILLER_0_5_664, 306.74, 21.76, 0.00402522
FILLER_0_4_693, 319.54, 21.76, 0.00412088
FILLER_0_4_749, 345.14, 21.76, 0.00427017
FILLER_0_5_777, 357.94, 21.76, 0.00432382
FILLER_0_4_805, 370.74, 21.76, 0.00437746
FILLER_0_5_833, 383.54, 21.76, 0.0044311
FILLER_0_4_861, 396.34, 21.76, 0.00448474
FILLER_0_5_889, 409.14, 21.76, 0.00453838
FILLER_0_4_917, 421.94, 21.76, 0.00459203
FILLER_0_5_945, 434.74, 21.76, 0.00464567
_15748_, 447.54, 21.76, 0.00469931
FILLER_0_4_973, 447.54, 21.76, 0.00469931
_07962_, 460.34, 21.76, 0.00475278
FILLER_0_4_1029, 473.14, 21.76, 0.00480602
FILLER_0_4_1085, 510.334, 21.76, 0.00485927
FILLER_0_3_1113, 522.531, 21.76, 0.00485927
FILLER_0_4_1141, 534.728, 21.76, 0.00485927
FILLER_0_3_1169, 546.925, 21.76, 0.00485927
FILLER_0_4_1197, 559.122, 21.76, 0.00485927
PHY_2, 5.52, 16.32, 0.00095516
PHY_4, 5.52, 16.32, 0.00095516
output64, 5.52, 16.32, 0.00095516
PHY_3, 571.32, 16.32, 0.00496298
PHY_5, 571.32, 16.32, 0.00496298
output58, 571.32, 16.32, 0.00496298
FILLER_0_2_1217, 571.32, 16.32, 0.00496298
FILLER_0_2_21, 15.33, 16.32, 0.000953764
FILLER_0_2_77, 37.94, 16.32, 0.00112737
FILLER_0_3_105, 50.74, 16.32, 0.00130238
FILLER_0_2_133, 63.54, 16.32, 0.00147738
FILLER_0_3_161, 76.34, 16.32, 0.00165238
FILLER_0_2_189, 89.14, 16.32, 0.00182739
FILLER_0_3_217, 101.94, 16.32, 0.00200239
FILLER_0_2_245, 114.74, 16.32, 0.00217739
FILLER_0_3_273, 127.54, 16.32, 0.0023524
FILLER_0_2_301, 140.34, 16.32, 0.0025274
FILLER_0_3_329, 153.14, 16.32, 0.0027024
FILLER_0_2_357, 165.94, 16.32, 0.00287741
FILLER_0_2_413, 191.54, 16.32, 0.00315079
FILLER_0_3_441, 204.34, 16.32, 0.00324918
FILLER_0_2_469, 217.14, 16.32, 0.00334756
FILLER_0_3_497, 229.94, 16.32, 0.00344594
FILLER_0_2_525, 242.74, 16.32, 0.00354432
FILLER_0_3_553, 255.54, 16.32, 0.0036427
FILLER_0_2_581, 268.34, 16.32, 0.00374108
FILLER_0_3_609, 281.14, 16.32, 0.00383947
FILLER_0_2_637, 293.94, 16.32, 0.00393785
FILLER_0_3_665, 306.74, 16.32, 0.00403623
FILLER_0_2_693, 319.54, 16.32, 0.00413461
FILLER_0_2_749, 345.14, 16.32, 0.00428747
FILLER_0_3_777, 357.94, 16.32, 0.00434194
FILLER_0_2_805, 370.74, 16.32, 0.00439641
FILLER_0_3_833, 383.54, 16.32, 0.00445089
FILLER_0_2_861, 396.34, 16.32, 0.00450536
FILLER_0_3_889, 409.14, 16.32, 0.00455983
FILLER_0_2_917, 421.94, 16.32, 0.0046143
FILLER_0_3_945, 434.74, 16.32, 0.00466878
FILLER_0_2_973, 447.54, 16.32, 0.00472325
FILLER_0_3_1001, 460.34, 16.32, 0.00477772
FILLER_0_2_1029, 473.14, 16.32, 0.0048322
FILLER_0_2_1085, 510.334, 16.32, 0.00490847
FILLER_0_1_1113, 522.531, 16.32, 0.00491937
FILLER_0_2_1141, 534.728, 16.32, 0.00493027
FILLER_0_1_1169, 546.925, 16.32, 0.00494117
FILLER_0_2_1197, 559.122, 16.32, 0.00495207
PHY_0, 5.52, 10.88, 0.00124919
output88, 5.52, 10.88, 0.00124919
top_138, 571.32, 10.88, 0.00620981
PHY_1, 571.32, 10.88, 0.00620981
output40, 15.33, 10.88, 0.00119979
output95, 37.94, 10.88, 0.00145701
FILLER_0_0_75, 37.94, 10.88, 0.00145701
output57, 50.74, 10.88, 0.00170824
FILLER_0_0_105, 50.74, 10.88, 0.00170824
FILLER_0_1_105, 50.74, 10.88, 0.00170824
output72, 63.54, 10.88, 0.0019464
FILLER_0_0_125, 63.54, 10.88, 0.0019464
FILLER_0_0_165, 76.34, 10.88, 0.00217147
FILLER_0_1_161, 76.34, 10.88, 0.00217147
output43, 89.14, 10.88, 0.00239654
FILLER_0_0_169, 89.14, 10.88, 0.00239654
output103, 101.94, 10.88, 0.00261701
FILLER_0_0_217, 101.94, 10.88, 0.00261701
FILLER_0_1_217, 101.94, 10.88, 0.00261701
FILLER_0_0_249, 114.74, 10.88, 0.00278004
output66, 127.54, 10.88, 0.00294308
FILLER_0_0_271, 127.54, 10.88, 0.00294308
FILLER_0_1_273, 127.54, 10.88, 0.00294308
output2, 140.34, 10.88, 0.0031048
FILLER_0_0_281, 140.34, 10.88, 0.0031048
output26, 153.14, 10.88, 0.00321936
FILLER_0_0_329, 153.14, 10.88, 0.00321936
FILLER_0_1_329, 153.14, 10.88, 0.00321936
FILLER_0_0_361, 165.94, 10.88, 0.00326535
output104, 191.54, 10.88, 0.00359728
FILLER_0_0_393, 191.54, 10.88, 0.00359728
output73, 204.34, 10.88, 0.00380886
FILLER_0_0_433, 204.34, 10.88, 0.00380886
FILLER_0_1_441, 204.34, 10.88, 0.00380886
FILLER_0_0_473, 217.14, 10.88, 0.00401694
output23, 229.94, 10.88, 0.00422503
FILLER_0_0_495, 229.94, 10.88, 0.00422503
FILLER_0_1_497, 229.94, 10.88, 0.00422503
output6, 242.74, 10.88, 0.00437693
FILLER_0_0_525, 242.74, 10.88, 0.00437693
output63, 255.54, 10.88, 0.00446741
FILLER_0_0_545, 255.54, 10.88, 0.00446741
FILLER_0_1_553, 255.54, 10.88, 0.00446741
FILLER_0_0_585, 268.34, 10.88, 0.00454476
output98, 281.14, 10.88, 0.0046221
FILLER_0_0_607, 281.14, 10.88, 0.0046221
FILLER_0_1_609, 281.14, 10.88, 0.0046221
top_125, 293.94, 10.88, 0.00465179
FILLER_0_0_629, 293.94, 10.88, 0.00465179
FILLER_0_0_636, 293.94, 10.88, 0.00465179
output105, 306.74, 10.88, 0.00468148
FILLER_0_0_657, 306.74, 10.88, 0.00468148
FILLER_0_1_665, 306.74, 10.88, 0.00468148
output13, 345.14, 10.88, 0.0049146
FILLER_0_0_741, 345.14, 10.88, 0.0049146
FILLER_0_0_751, 345.14, 10.88, 0.0049146
FILLER_0_1_777, 357.94, 10.88, 0.00515226
output29, 370.74, 10.88, 0.00538992
FILLER_0_0_781, 370.74, 10.88, 0.00538992
FILLER_0_0_805, 370.74, 10.88, 0.00538992
output89, 383.54, 10.88, 0.00554185
ANTENNA_24, 383.54, 10.88, 0.00554185
FILLER_0_0_813, 383.54, 10.88, 0.00554185
FILLER_0_1_833, 383.54, 10.88, 0.00554185
output112, 396.34, 10.88, 0.00563483
FILLER_0_0_853, 396.34, 10.88, 0.00563483
FILLER_0_0_863, 396.34, 10.88, 0.00563483
FILLER_0_1_889, 409.14, 10.88, 0.00565828
output30, 421.94, 10.88, 0.00568173
FILLER_0_0_893, 421.94, 10.88, 0.00568173
FILLER_0_0_917, 421.94, 10.88, 0.00568173
output71, 434.74, 10.88, 0.00562276
FILLER_0_0_925, 434.74, 10.88, 0.00562276
FILLER_0_1_945, 434.74, 10.88, 0.00562276
output77, 460.34, 10.88, 0.00550043
FILLER_0_0_977, 460.34, 10.88, 0.00550043
FILLER_0_0_999, 460.34, 10.88, 0.00550043
FILLER_0_1_1001, 460.34, 10.88, 0.00550043
output25, 473.14, 10.88, 0.00542605
FILLER_0_0_1029, 473.14, 10.88, 0.00542605
FILLER_0_0_1059, 498.137, 10.88, 0.00551041
output83, 510.334, 10.88, 0.00572882
FILLER_0_0_1089, 510.334, 10.88, 0.00572882
output69, 522.531, 10.88, 0.00587034
FILLER_0_0_1111, 522.531, 10.88, 0.00587034
ANTENNA_5, 534.728, 10.88, 0.00601161
FILLER_0_0_1141, 534.728, 10.88, 0.00601161
output4, 546.925, 10.88, 0.00615288
FILLER_0_0_1171, 546.925, 10.88, 0.00615288
output21, 559.122, 10.88, 0.00620981
ANTENNA_10, 559.122, 10.88, 0.00620981
FILLER_0_0_1201, 559.122, 10.88, 0.00620981
FILLER_0_0_1215, 559.122, 10.88, 0.00620981
FILLER_0_1_1213, 559.122, 10.88, 0.00620981

