Instance name,  X location,  Y location,  Voltage 
FILLER_0_206_1029, 482.64, 573.92, 1.7901
FILLER_0_207_1049, 482.64, 573.92, 1.7901
FILLER_0_204_1029, 482.64, 568.48, 1.79049
FILLER_0_202_1029, 482.64, 563.04, 1.7905
FILLER_0_200_1029, 482.64, 557.6, 1.79051
FILLER_0_196_1031, 482.64, 546.72, 1.79049
_08627_, 482.64, 541.28, 1.79046
_08640_, 482.64, 541.28, 1.79046
_08641_, 482.64, 541.28, 1.79046
_15367_, 482.64, 541.28, 1.79046
_15368_, 482.64, 541.28, 1.79046
hold1811, 482.64, 541.28, 1.79046
hold1833, 482.64, 541.28, 1.79046
_17712_, 482.64, 535.84, 1.79045
_17715_, 482.64, 535.84, 1.79045
_17719_, 482.64, 535.84, 1.79045
FILLER_0_192_1029, 482.64, 535.84, 1.79045
_08630_, 482.64, 530.4, 1.79047
_08642_, 482.64, 530.4, 1.79047
hold1831, 482.64, 530.4, 1.79047
hold2065, 482.64, 530.4, 1.79047
FILLER_0_191_1029, 482.64, 530.4, 1.79047
_15369_, 482.64, 524.96, 1.79041
_17714_, 482.64, 524.96, 1.79041
clkbuf_leaf_130_clk, 482.64, 524.96, 1.79041
FILLER_0_189_1046, 482.64, 524.96, 1.79041
_08636_, 482.64, 519.52, 1.79046
_08637_, 482.64, 519.52, 1.79046
_15372_, 482.64, 519.52, 1.79046
hold1323, 482.64, 519.52, 1.79046
FILLER_0_186_1033, 482.64, 519.52, 1.79046
FILLER_0_186_1037, 482.64, 519.52, 1.79046
FILLER_0_187_1028, 482.64, 519.52, 1.79046
FILLER_0_187_1045, 482.64, 519.52, 1.79046
_17718_, 482.64, 514.08, 1.7904
hold1042, 482.64, 514.08, 1.7904
FILLER_0_184_1033, 482.64, 514.08, 1.7904
FILLER_0_184_1037, 482.64, 514.08, 1.7904
_08714_, 482.64, 508.64, 1.79044
_08718_, 482.64, 508.64, 1.79044
_08719_, 482.64, 508.64, 1.79044
_08721_, 482.64, 508.64, 1.79044
_17673_, 482.64, 508.64, 1.79044
hold1290, 482.64, 508.64, 1.79044
hold1291, 482.64, 508.64, 1.79044
FILLER_0_182_1032, 482.64, 508.64, 1.79044
FILLER_0_183_1027, 482.64, 508.64, 1.79044
FILLER_0_184_1045, 482.64, 508.64, 1.79044
_08722_, 482.64, 503.2, 1.7904
_17672_, 482.64, 503.2, 1.7904
FILLER_0_180_1025, 482.64, 503.2, 1.7904
FILLER_0_180_1033, 482.64, 503.2, 1.7904
FILLER_0_180_1037, 482.64, 503.2, 1.7904
FILLER_0_181_1032, 482.64, 503.2, 1.7904
_15323_, 482.64, 497.76, 1.79042
_15324_, 482.64, 497.76, 1.79042
_15331_, 482.64, 497.76, 1.79042
FILLER_0_178_1037, 482.64, 497.76, 1.79042
_08711_, 482.64, 492.32, 1.79034
_15328_, 482.64, 492.32, 1.79034
_17677_, 482.64, 492.32, 1.79034
_17678_, 482.64, 492.32, 1.79034
FILLER_0_177_1031, 482.64, 492.32, 1.79034
_08717_, 482.64, 486.88, 1.79032
_15325_, 482.64, 486.88, 1.79032
hold1293, 482.64, 486.88, 1.79032
_08398_, 482.64, 481.44, 1.79033
_08399_, 482.64, 481.44, 1.79033
_08391_, 482.64, 476, 1.79018
_15501_, 482.64, 476, 1.79018
_17837_, 482.64, 476, 1.79018
hold640, 482.64, 476, 1.79018
FILLER_0_170_1025, 482.64, 476, 1.79018
_08394_, 482.64, 470.56, 1.79007
_08395_, 482.64, 470.56, 1.79007
_15503_, 482.64, 470.56, 1.79007
_15505_, 482.64, 470.56, 1.79007
clkbuf_leaf_136_clk, 482.64, 470.56, 1.79007
hold1292, 482.64, 470.56, 1.79007
FILLER_0_168_1028, 482.64, 470.56, 1.79007
FILLER_0_170_1047, 482.64, 470.56, 1.79007
_08400_, 482.64, 465.12, 1.79011
_15508_, 482.64, 465.12, 1.79011
_17832_, 482.64, 465.12, 1.79011
FILLER_0_167_1037, 482.64, 465.12, 1.79011
FILLER_0_167_1049, 482.64, 465.12, 1.79011
_08384_, 482.64, 459.68, 1.79003
_08385_, 482.64, 459.68, 1.79003
_08401_, 482.64, 459.68, 1.79003
_15500_, 482.64, 459.68, 1.79003
hold119, 482.64, 459.68, 1.79003
FILLER_0_164_1030, 482.64, 459.68, 1.79003
FILLER_0_165_1049, 482.64, 459.68, 1.79003
_08411_, 482.64, 454.24, 1.78991
FILLER_0_162_1030, 482.64, 454.24, 1.78991
_08410_, 482.64, 448.8, 1.78985
_17827_, 482.64, 448.8, 1.78985
hold1144, 482.64, 448.8, 1.78985
FILLER_0_161_1050, 482.64, 448.8, 1.78985
FILLER_0_162_1040, 482.64, 448.8, 1.78985
_08412_, 482.64, 443.36, 1.78986
_15493_, 482.64, 443.36, 1.78986
_15494_, 482.64, 443.36, 1.78986
_17828_, 482.64, 443.36, 1.78986
hold1229, 482.64, 443.36, 1.78986
hold1651, 482.64, 443.36, 1.78986
FILLER_0_158_1027, 482.64, 443.36, 1.78986
FILLER_0_159_1043, 482.64, 443.36, 1.78986
FILLER_0_160_1041, 482.64, 443.36, 1.78986
_08406_, 482.64, 437.92, 1.78974
_08422_, 482.64, 437.92, 1.78974
_15496_, 482.64, 437.92, 1.78974
hold1228, 482.64, 437.92, 1.78974
_15488_, 482.64, 432.48, 1.78972
_15491_, 482.64, 432.48, 1.78972
_17824_, 482.64, 432.48, 1.78972
_17825_, 482.64, 432.48, 1.78972
FILLER_0_154_1028, 482.64, 432.48, 1.78972
FILLER_0_156_1045, 482.64, 432.48, 1.78972
_08416_, 482.64, 427.04, 1.78973
_08417_, 482.64, 427.04, 1.78973
_09338_, 482.64, 427.04, 1.78973
FILLER_0_152_1030, 482.64, 427.04, 1.78973
FILLER_0_153_1036, 482.64, 427.04, 1.78973
FILLER_0_153_1048, 482.64, 427.04, 1.78973
_09324_, 482.64, 421.6, 1.78964
FILLER_0_150_1030, 482.64, 421.6, 1.78964
FILLER_0_148_1031, 482.64, 416.16, 1.78965
hold1886, 482.64, 410.72, 1.78955
_08371_, 482.64, 405.28, 1.78952
_09340_, 482.64, 405.28, 1.78952
FILLER_0_144_1029, 482.64, 405.28, 1.78952
_08368_, 482.64, 399.84, 1.78952
_08369_, 482.64, 399.84, 1.78952
_08383_, 482.64, 399.84, 1.78952
_17841_, 482.64, 399.84, 1.78952
_17847_, 482.64, 399.84, 1.78952
hold1881, 482.64, 399.84, 1.78952
FILLER_0_143_1024, 482.64, 399.84, 1.78952
_08382_, 482.64, 394.4, 1.78944
_15517_, 482.64, 394.4, 1.78944
_17848_, 482.64, 394.4, 1.78944
hold1924, 482.64, 394.4, 1.78944
FILLER_0_140_1026, 482.64, 394.4, 1.78944
FILLER_0_142_1046, 482.64, 394.4, 1.78944
_08380_, 482.64, 388.96, 1.78943
_08381_, 482.64, 388.96, 1.78943
_09230_, 482.64, 388.96, 1.78943
_15511_, 482.64, 388.96, 1.78943
_17842_, 482.64, 388.96, 1.78943
FILLER_0_139_1049, 482.64, 388.96, 1.78943
_08364_, 482.64, 383.52, 1.78952
_08365_, 482.64, 383.52, 1.78952
_08377_, 482.64, 383.52, 1.78952
_17850_, 482.64, 383.52, 1.78952
_17844_, 482.64, 378.08, 1.7895
FILLER_0_134_1026, 482.64, 378.08, 1.7895
FILLER_0_135_1033, 482.64, 378.08, 1.7895
_09226_, 482.64, 372.64, 1.78948
_09267_, 482.64, 372.64, 1.78948
FILLER_0_132_1028, 482.64, 372.64, 1.78948
_09266_, 482.64, 367.2, 1.78937
_09268_, 482.64, 367.2, 1.78937
_09275_, 482.64, 367.2, 1.78937
_17394_, 482.64, 367.2, 1.78937
_17399_, 482.64, 367.2, 1.78937
hold214, 482.64, 367.2, 1.78937
hold917, 482.64, 367.2, 1.78937
FILLER_0_130_1033, 482.64, 367.2, 1.78937
FILLER_0_131_1024, 482.64, 367.2, 1.78937
_09277_, 482.64, 361.76, 1.78952
hold1747, 482.64, 361.76, 1.78952
_09274_, 482.64, 356.32, 1.78957
_15015_, 482.64, 356.32, 1.78957
_15016_, 482.64, 356.32, 1.78957
_15018_, 482.64, 356.32, 1.78957
hold1861, 482.64, 356.32, 1.78957
FILLER_0_126_1027, 482.64, 356.32, 1.78957
FILLER_0_127_1040, 482.64, 356.32, 1.78957
_09273_, 482.64, 350.88, 1.78963
_17396_, 482.64, 350.88, 1.78963
FILLER_0_124_1027, 482.64, 350.88, 1.78963
_09188_, 482.64, 345.44, 1.78955
hold1629, 482.64, 345.44, 1.78955
FILLER_0_122_1032, 482.64, 345.44, 1.78955
hold1432, 482.64, 340, 1.7896
FILLER_0_120_1025, 482.64, 340, 1.7896
FILLER_0_120_1033, 482.64, 340, 1.7896
FILLER_0_121_1049, 482.64, 340, 1.7896
_17605_, 482.64, 334.56, 1.78969
_17608_, 482.64, 334.56, 1.78969
hold312, 482.64, 334.56, 1.78969
FILLER_0_118_1033, 482.64, 334.56, 1.78969
_08854_, 482.64, 329.12, 1.78983
_08855_, 482.64, 329.12, 1.78983
_17609_, 482.64, 329.12, 1.78983
hold378, 482.64, 329.12, 1.78983
FILLER_0_117_1044, 482.64, 329.12, 1.78983
_08856_, 482.64, 323.68, 1.78993
_08857_, 482.64, 323.68, 1.78993
_15247_, 482.64, 323.68, 1.78993
hold1956, 482.64, 323.68, 1.78993
FILLER_0_114_1033, 482.64, 323.68, 1.78993
_08852_, 482.64, 318.24, 1.79005
_08863_, 482.64, 318.24, 1.79005
_17602_, 482.64, 318.24, 1.79005
hold1928, 482.64, 318.24, 1.79005
FILLER_0_113_1032, 482.64, 318.24, 1.79005
FILLER_0_114_1045, 482.64, 318.24, 1.79005
_08861_, 482.64, 312.8, 1.79016
_08862_, 482.64, 312.8, 1.79016
_15244_, 482.64, 312.8, 1.79016
_15249_, 482.64, 312.8, 1.79016
hold1959, 482.64, 312.8, 1.79016
FILLER_0_110_1032, 482.64, 312.8, 1.79016
_08785_, 482.64, 307.36, 1.79022
_15283_, 482.64, 307.36, 1.79022
hold1920, 482.64, 307.36, 1.79022
FILLER_0_109_1050, 482.64, 307.36, 1.79022
_17638_, 482.64, 301.92, 1.79036
_17640_, 482.64, 301.92, 1.79036
hold993, 482.64, 301.92, 1.79036
FILLER_0_108_1040, 482.64, 301.92, 1.79036
_08784_, 482.64, 296.48, 1.79056
_08796_, 482.64, 296.48, 1.79056
_15280_, 482.64, 296.48, 1.79056
_15286_, 482.64, 296.48, 1.79056
FILLER_0_104_1029, 482.64, 296.48, 1.79056
FILLER_0_105_1045, 482.64, 296.48, 1.79056
_08792_, 482.64, 291.04, 1.79068
_08793_, 482.64, 291.04, 1.79068
_15282_, 482.64, 291.04, 1.79068
hold1056, 482.64, 291.04, 1.79068
_08787_, 482.64, 285.6, 1.79085
_17639_, 482.64, 285.6, 1.79085
hold1050, 482.64, 285.6, 1.79085
FILLER_0_100_1028, 482.64, 285.6, 1.79085
_08786_, 482.64, 280.16, 1.79107
_17633_, 482.64, 280.16, 1.79107
FILLER_0_98_1029, 482.64, 280.16, 1.79107
_08284_, 482.64, 274.72, 1.7912
_08288_, 482.64, 274.72, 1.7912
_08289_, 482.64, 274.72, 1.7912
_15564_, 482.64, 274.72, 1.7912
_17884_, 482.64, 274.72, 1.7912
FILLER_0_96_1025, 482.64, 274.72, 1.7912
FILLER_0_98_1049, 482.64, 274.72, 1.7912
_08297_, 482.64, 269.28, 1.79138
_15562_, 482.64, 269.28, 1.79138
hold1787, 482.64, 269.28, 1.79138
hold1825, 482.64, 269.28, 1.79138
_17889_, 482.64, 263.84, 1.79153
clkbuf_leaf_179_clk, 482.64, 263.84, 1.79153
hold1647, 482.64, 263.84, 1.79153
FILLER_0_92_1025, 482.64, 263.84, 1.79153
FILLER_0_92_1033, 482.64, 263.84, 1.79153
_08300_, 482.64, 258.4, 1.79178
_08301_, 482.64, 258.4, 1.79178
_15556_, 482.64, 258.4, 1.79178
_17885_, 482.64, 258.4, 1.79178
FILLER_0_90_1028, 482.64, 258.4, 1.79178
_08194_, 482.64, 252.96, 1.79205
_08295_, 482.64, 252.96, 1.79205
_15554_, 482.64, 252.96, 1.79205
hold1520, 482.64, 252.96, 1.79205
FILLER_0_90_1045, 482.64, 252.96, 1.79205
_08202_, 482.64, 247.52, 1.79222
_08264_, 482.64, 247.52, 1.79222
_08265_, 482.64, 247.52, 1.79222
_17900_, 482.64, 247.52, 1.79222
hold1604, 482.64, 247.52, 1.79222
FILLER_0_86_1027, 482.64, 247.52, 1.79222
FILLER_0_87_1026, 482.64, 247.52, 1.79222
_08270_, 482.64, 242.08, 1.79247
_08271_, 482.64, 242.08, 1.79247
_15572_, 482.64, 242.08, 1.79247
_15575_, 482.64, 242.08, 1.79247
FILLER_0_84_1029, 482.64, 242.08, 1.79247
FILLER_0_85_1033, 482.64, 242.08, 1.79247
_08269_, 482.64, 236.64, 1.7927
_15565_, 482.64, 236.64, 1.7927
_15573_, 482.64, 236.64, 1.7927
_17897_, 482.64, 236.64, 1.7927
_17898_, 482.64, 236.64, 1.7927
hold332, 482.64, 236.64, 1.7927
FILLER_0_82_1025, 482.64, 236.64, 1.7927
FILLER_0_82_1033, 482.64, 236.64, 1.7927
_17894_, 482.64, 231.2, 1.79296
FILLER_0_80_1031, 482.64, 231.2, 1.79296
FILLER_0_80_1037, 482.64, 231.2, 1.79296
FILLER_0_81_1026, 482.64, 231.2, 1.79296
_08276_, 482.64, 225.76, 1.79322
_08277_, 482.64, 225.76, 1.79322
_08304_, 482.64, 225.76, 1.79322
_08322_, 482.64, 225.76, 1.79322
hold315, 482.64, 225.76, 1.79322
FILLER_0_78_1029, 482.64, 225.76, 1.79322
_08323_, 482.64, 220.32, 1.79341
_15544_, 482.64, 220.32, 1.79341
_15553_, 482.64, 220.32, 1.79341
_17871_, 482.64, 220.32, 1.79341
hold1934, 482.64, 220.32, 1.79341
FILLER_0_76_1027, 482.64, 220.32, 1.79341
_08231_, 482.64, 214.88, 1.7937
_15543_, 482.64, 214.88, 1.7937
_15547_, 482.64, 214.88, 1.7937
FILLER_0_74_1037, 482.64, 214.88, 1.7937
FILLER_0_76_1040, 482.64, 214.88, 1.7937
_08316_, 482.64, 209.44, 1.79396
_08317_, 482.64, 209.44, 1.79396
_15531_, 482.64, 209.44, 1.79396
hold944, 482.64, 209.44, 1.79396
FILLER_0_72_1029, 482.64, 209.44, 1.79396
FILLER_0_74_1048, 482.64, 209.44, 1.79396
_08319_, 482.64, 204, 1.79423
_08320_, 482.64, 204, 1.79423
_17910_, 482.64, 204, 1.79423
hold1169, 482.64, 204, 1.79423
FILLER_0_70_1032, 482.64, 204, 1.79423
FILLER_0_71_1033, 482.64, 204, 1.79423
FILLER_0_71_1041, 482.64, 204, 1.79423
FILLER_0_72_1049, 482.64, 204, 1.79423
_08318_, 482.64, 198.56, 1.79433
_15545_, 482.64, 198.56, 1.79433
_15546_, 482.64, 198.56, 1.79433
_17873_, 482.64, 198.56, 1.79433
hold2064, 482.64, 198.56, 1.79433
FILLER_0_70_1045, 482.64, 198.56, 1.79433
FILLER_0_66_1031, 482.64, 193.12, 1.79479
_17906_, 482.64, 187.68, 1.79503
FILLER_0_64_1030, 482.64, 187.68, 1.79503
FILLER_0_65_1041, 482.64, 187.68, 1.79503
FILLER_0_66_1049, 482.64, 187.68, 1.79503
_09087_, 482.64, 182.24, 1.79529
_09090_, 482.64, 182.24, 1.79529
_09091_, 482.64, 182.24, 1.79529
_17487_, 482.64, 182.24, 1.79529
hold1703, 482.64, 182.24, 1.79529
FILLER_0_62_1025, 482.64, 182.24, 1.79529
FILLER_0_63_1033, 482.64, 182.24, 1.79529
FILLER_0_64_1049, 482.64, 182.24, 1.79529
_09086_, 482.64, 176.8, 1.7953
_09098_, 482.64, 176.8, 1.7953
_09099_, 482.64, 176.8, 1.7953
clkbuf_leaf_186_clk, 482.64, 176.8, 1.7953
FILLER_0_60_1024, 482.64, 176.8, 1.7953
_15119_, 482.64, 171.36, 1.79528
_17489_, 482.64, 171.36, 1.79528
hold308, 482.64, 171.36, 1.79528
hold2055, 482.64, 171.36, 1.79528
FILLER_0_58_1032, 482.64, 171.36, 1.79528
FILLER_0_58_1037, 482.64, 171.36, 1.79528
FILLER_0_59_1029, 482.64, 171.36, 1.79528
_15113_, 482.64, 165.92, 1.79528
_15117_, 482.64, 165.92, 1.79528
hold945, 482.64, 165.92, 1.79528
FILLER_0_58_1046, 482.64, 165.92, 1.79528
_09088_, 482.64, 160.48, 1.79526
_09092_, 482.64, 160.48, 1.79526
_09094_, 482.64, 160.48, 1.79526
_15118_, 482.64, 160.48, 1.79526
_17482_, 482.64, 160.48, 1.79526
_17485_, 482.64, 160.48, 1.79526
hold1196, 482.64, 160.48, 1.79526
FILLER_0_55_1042, 482.64, 160.48, 1.79526
FILLER_0_55_1049, 482.64, 160.48, 1.79526
_09093_, 482.64, 155.04, 1.79515
_09095_, 482.64, 155.04, 1.79515
_15115_, 482.64, 155.04, 1.79515
_15116_, 482.64, 155.04, 1.79515
FILLER_0_52_1025, 482.64, 155.04, 1.79515
FILLER_0_52_1033, 482.64, 155.04, 1.79515
FILLER_0_53_1034, 482.64, 155.04, 1.79515
hold138, 482.64, 149.6, 1.79519
FILLER_0_50_1032, 482.64, 149.6, 1.79519
FILLER_0_50_1037, 482.64, 149.6, 1.79519
_08993_, 482.64, 144.16, 1.79512
_08999_, 482.64, 144.16, 1.79512
_15168_, 482.64, 144.16, 1.79512
_15171_, 482.64, 144.16, 1.79512
_17533_, 482.64, 144.16, 1.79512
hold1469, 482.64, 144.16, 1.79512
_08992_, 482.64, 138.72, 1.79512
_08997_, 482.64, 138.72, 1.79512
_15169_, 482.64, 138.72, 1.79512
_17534_, 482.64, 138.72, 1.79512
FILLER_0_46_1033, 482.64, 138.72, 1.79512
FILLER_0_48_1048, 482.64, 138.72, 1.79512
_08996_, 482.64, 133.28, 1.79513
_17538_, 482.64, 133.28, 1.79513
FILLER_0_44_1029, 482.64, 133.28, 1.79513
FILLER_0_44_1037, 482.64, 133.28, 1.79513
FILLER_0_45_1049, 482.64, 133.28, 1.79513
FILLER_0_46_1041, 482.64, 133.28, 1.79513
_08991_, 482.64, 127.84, 1.79499
_15170_, 482.64, 127.84, 1.79499
_15172_, 482.64, 127.84, 1.79499
_17532_, 482.64, 127.84, 1.79499
_17539_, 482.64, 127.84, 1.79499
clkbuf_leaf_190_clk, 482.64, 127.84, 1.79499
FILLER_0_43_1036, 482.64, 127.84, 1.79499
_08990_, 482.64, 122.4, 1.79507
_08994_, 482.64, 122.4, 1.79507
_17537_, 482.64, 122.4, 1.79507
hold732, 482.64, 122.4, 1.79507
hold2114, 482.64, 116.96, 1.79507
FILLER_0_38_1029, 482.64, 116.96, 1.79507
FILLER_0_38_1037, 482.64, 116.96, 1.79507
_08131_, 482.64, 111.52, 1.79496
_09060_, 482.64, 111.52, 1.79496
_17967_, 482.64, 111.52, 1.79496
FILLER_0_36_1033, 482.64, 111.52, 1.79496
FILLER_0_36_1037, 482.64, 111.52, 1.79496
FILLER_0_37_1033, 482.64, 111.52, 1.79496
FILLER_0_38_1050, 482.64, 111.52, 1.79496
_08135_, 482.64, 106.08, 1.795
_09058_, 482.64, 106.08, 1.795
_15135_, 482.64, 106.08, 1.795
_17965_, 482.64, 106.08, 1.795
hold150, 482.64, 106.08, 1.795
hold352, 482.64, 106.08, 1.795
FILLER_0_35_1047, 482.64, 106.08, 1.795
_17964_, 482.64, 100.64, 1.79496
hold319, 482.64, 100.64, 1.79496
FILLER_0_32_1026, 482.64, 100.64, 1.79496
FILLER_0_33_1040, 482.64, 100.64, 1.79496
FILLER_0_34_1049, 482.64, 100.64, 1.79496
_09044_, 482.64, 95.2, 1.79499
hold373, 482.64, 95.2, 1.79499
FILLER_0_31_1048, 482.64, 95.2, 1.79499
_09052_, 482.64, 89.76, 1.79494
_09053_, 482.64, 89.76, 1.79494
_15138_, 482.64, 89.76, 1.79494
_17970_, 482.64, 89.76, 1.79494
FILLER_0_28_1028, 482.64, 89.76, 1.79494
_08007_, 482.64, 84.32, 1.79501
FILLER_0_26_1027, 482.64, 84.32, 1.79501
_08006_, 482.64, 78.88, 1.7948
_08021_, 482.64, 78.88, 1.7948
_18029_, 482.64, 78.88, 1.7948
clkbuf_5_21__f_clk, 482.64, 78.88, 1.7948
hold685, 482.64, 78.88, 1.7948
FILLER_0_26_1044, 482.64, 78.88, 1.7948
_15718_, 482.64, 73.44, 1.7949
_18022_, 482.64, 73.44, 1.7949
_18027_, 482.64, 73.44, 1.7949
FILLER_0_22_1028, 482.64, 73.44, 1.7949
FILLER_0_23_1030, 482.64, 73.44, 1.7949
_08004_, 482.64, 68, 1.79499
_08011_, 482.64, 68, 1.79499
_15716_, 482.64, 68, 1.79499
FILLER_0_20_1030, 482.64, 68, 1.79499
FILLER_0_20_1037, 482.64, 68, 1.79499
FILLER_0_21_1038, 482.64, 68, 1.79499
FILLER_0_21_1049, 482.64, 68, 1.79499
_08015_, 482.64, 62.56, 1.795
_15709_, 482.64, 62.56, 1.795
_15710_, 482.64, 62.56, 1.795
_15714_, 482.64, 62.56, 1.795
_18021_, 482.64, 62.56, 1.795
_18025_, 482.64, 62.56, 1.795
hold152, 482.64, 62.56, 1.795
FILLER_0_19_1031, 482.64, 62.56, 1.795
_08012_, 482.64, 57.12, 1.795
FILLER_0_16_1029, 482.64, 57.12, 1.795
_07990_, 482.64, 51.68, 1.79499
_07991_, 482.64, 51.68, 1.79499
_07992_, 482.64, 51.68, 1.79499
_18037_, 482.64, 51.68, 1.79499
clkbuf_leaf_199_clk, 482.64, 51.68, 1.79499
_15726_, 482.64, 46.24, 1.79503
_15727_, 482.64, 46.24, 1.79503
hold375, 482.64, 46.24, 1.79503
hold412, 482.64, 46.24, 1.79503
FILLER_0_13_1030, 482.64, 46.24, 1.79503
_07986_, 482.64, 40.8, 1.79502
_07998_, 482.64, 40.8, 1.79502
_07999_, 482.64, 40.8, 1.79502
_15723_, 482.64, 40.8, 1.79502
_18031_, 482.64, 40.8, 1.79502
FILLER_0_11_1033, 482.64, 40.8, 1.79502
FILLER_0_12_1048, 482.64, 40.8, 1.79502
_07987_, 482.64, 35.36, 1.79505
_15729_, 482.64, 35.36, 1.79505
clkbuf_leaf_200_clk, 482.64, 35.36, 1.79505
hold509, 482.64, 35.36, 1.79505
_07994_, 482.64, 29.92, 1.79509
_07995_, 482.64, 29.92, 1.79509
_15725_, 482.64, 29.92, 1.79509
hold429, 482.64, 29.92, 1.79509
FILLER_0_6_1029, 482.64, 29.92, 1.79509
FILLER_0_4_1029, 482.64, 24.48, 1.79513
FILLER_0_6_1049, 482.64, 24.48, 1.79513
FILLER_0_2_1029, 482.64, 19.04, 1.79512
ANTENNA_14, 482.64, 13.6, 1.7947
FILLER_0_0_1029, 482.64, 13.6, 1.7947
output97, 329.04, 573.92, 1.79135
FILLER_0_206_693, 329.04, 573.92, 1.79135
FILLER_0_207_693, 329.04, 573.92, 1.79135
FILLER_0_207_701, 329.04, 573.92, 1.79135
FILLER_0_204_693, 329.04, 568.48, 1.7916
FILLER_0_202_693, 329.04, 563.04, 1.79161
FILLER_0_200_693, 329.04, 557.6, 1.79161
FILLER_0_198_693, 329.04, 552.16, 1.79161
FILLER_0_196_693, 329.04, 546.72, 1.79159
FILLER_0_194_693, 329.04, 541.28, 1.79154
FILLER_0_192_693, 329.04, 535.84, 1.79154
FILLER_0_190_697, 329.04, 530.4, 1.7915
FILLER_0_190_701, 329.04, 530.4, 1.7915
_09627_, 329.04, 524.96, 1.79144
_09638_, 329.04, 524.96, 1.79144
_09639_, 329.04, 524.96, 1.79144
hold417, 329.04, 524.96, 1.79144
FILLER_0_189_711, 329.04, 524.96, 1.79144
_09626_, 329.04, 519.52, 1.79147
_14812_, 329.04, 519.52, 1.79147
_14813_, 329.04, 519.52, 1.79147
_14819_, 329.04, 519.52, 1.79147
_17212_, 329.04, 519.52, 1.79147
_17219_, 329.04, 519.52, 1.79147
hold1189, 329.04, 519.52, 1.79147
FILLER_0_186_693, 329.04, 519.52, 1.79147
_14820_, 329.04, 514.08, 1.7915
FILLER_0_184_694, 329.04, 514.08, 1.7915
_09584_, 329.04, 508.64, 1.79146
_09624_, 329.04, 508.64, 1.79146
_09625_, 329.04, 508.64, 1.79146
_09633_, 329.04, 508.64, 1.79146
_14816_, 329.04, 508.64, 1.79146
_17216_, 329.04, 508.64, 1.79146
hold398, 329.04, 508.64, 1.79146
FILLER_0_184_705, 329.04, 508.64, 1.79146
FILLER_0_180_695, 329.04, 503.2, 1.79143
_09694_, 329.04, 497.76, 1.79139
_09695_, 329.04, 497.76, 1.79139
_17185_, 329.04, 497.76, 1.79139
hold592, 329.04, 497.76, 1.79139
FILLER_0_178_694, 329.04, 497.76, 1.79139
_09698_, 329.04, 492.32, 1.79144
_09699_, 329.04, 492.32, 1.79144
_14780_, 329.04, 492.32, 1.79144
hold575, 329.04, 492.32, 1.79144
clkbuf_leaf_112_clk, 329.04, 486.88, 1.79133
FILLER_0_174_701, 329.04, 486.88, 1.79133
FILLER_0_175_712, 329.04, 486.88, 1.79133
FILLER_0_176_704, 329.04, 486.88, 1.79133
FILLER_0_176_712, 329.04, 486.88, 1.79133
_09685_, 329.04, 481.44, 1.79131
_14786_, 329.04, 481.44, 1.79131
hold1197, 329.04, 481.44, 1.79131
hold2027, 329.04, 481.44, 1.79131
_09684_, 329.04, 476, 1.79119
_09687_, 329.04, 476, 1.79119
_09690_, 329.04, 476, 1.79119
_09691_, 329.04, 476, 1.79119
_14784_, 329.04, 476, 1.79119
_14787_, 329.04, 476, 1.79119
hold1625, 329.04, 476, 1.79119
FILLER_0_170_693, 329.04, 476, 1.79119
FILLER_0_171_714, 329.04, 476, 1.79119
FILLER_0_170_716, 329.04, 470.56, 1.79098
_09558_, 329.04, 465.12, 1.79095
_17253_, 329.04, 465.12, 1.79095
FILLER_0_166_691, 329.04, 465.12, 1.79095
FILLER_0_167_709, 329.04, 465.12, 1.79095
FILLER_0_168_713, 329.04, 465.12, 1.79095
_09555_, 329.04, 459.68, 1.79087
_09559_, 329.04, 459.68, 1.79087
_14854_, 329.04, 459.68, 1.79087
_14859_, 329.04, 459.68, 1.79087
hold1513, 329.04, 459.68, 1.79087
FILLER_0_165_704, 329.04, 459.68, 1.79087
_09554_, 329.04, 454.24, 1.79077
_17252_, 329.04, 454.24, 1.79077
_17255_, 329.04, 454.24, 1.79077
hold1020, 329.04, 454.24, 1.79077
FILLER_0_162_697, 329.04, 454.24, 1.79077
FILLER_0_160_695, 329.04, 448.8, 1.79069
FILLER_0_160_701, 329.04, 448.8, 1.79069
_09556_, 329.04, 443.36, 1.79059
_09557_, 329.04, 443.36, 1.79059
_14863_, 329.04, 443.36, 1.79059
_17254_, 329.04, 443.36, 1.79059
_17260_, 329.04, 443.36, 1.79059
hold962, 329.04, 443.36, 1.79059
FILLER_0_159_693, 329.04, 443.36, 1.79059
_09547_, 329.04, 437.92, 1.79036
_17259_, 329.04, 437.92, 1.79036
hold1541, 329.04, 437.92, 1.79036
FILLER_0_156_693, 329.04, 437.92, 1.79036
FILLER_0_154_693, 329.04, 432.48, 1.79041
FILLER_0_152_695, 329.04, 427.04, 1.7903
FILLER_0_152_701, 329.04, 427.04, 1.7903
_15787_, 329.04, 421.6, 1.79007
_15980_, 329.04, 421.6, 1.79007
_18094_, 329.04, 421.6, 1.79007
hold2208, 329.04, 421.6, 1.79007
FILLER_0_150_695, 329.04, 421.6, 1.79007
FILLER_0_151_707, 329.04, 421.6, 1.79007
_07875_, 329.04, 416.16, 1.79
_07876_, 329.04, 416.16, 1.79
FILLER_0_148_690, 329.04, 416.16, 1.79
FILLER_0_148_701, 329.04, 416.16, 1.79
FILLER_0_149_699, 329.04, 416.16, 1.79
_12560_, 329.04, 410.72, 1.78983
_13075_, 329.04, 410.72, 1.78983
_13303_, 329.04, 410.72, 1.78983
_15854_, 329.04, 410.72, 1.78983
hold100, 329.04, 410.72, 1.78983
FILLER_0_146_694, 329.04, 410.72, 1.78983
FILLER_0_146_701, 329.04, 410.72, 1.78983
_12562_, 329.04, 405.28, 1.78965
_12859_, 329.04, 405.28, 1.78965
_15982_, 329.04, 405.28, 1.78965
hold2239, 329.04, 405.28, 1.78965
FILLER_0_145_701, 329.04, 405.28, 1.78965
_12794_, 329.04, 399.84, 1.78976
FILLER_0_142_697, 329.04, 399.84, 1.78976
_12793_, 329.04, 394.4, 1.78965
_12798_, 329.04, 394.4, 1.78965
_13479_, 329.04, 394.4, 1.78965
_13481_, 329.04, 394.4, 1.78965
_16012_, 329.04, 394.4, 1.78965
_16014_, 329.04, 394.4, 1.78965
hold2218, 329.04, 394.4, 1.78965
FILLER_0_140_695, 329.04, 394.4, 1.78965
FILLER_0_141_716, 329.04, 394.4, 1.78965
_12109_, 329.04, 388.96, 1.78958
FILLER_0_138_692, 329.04, 388.96, 1.78958
FILLER_0_138_701, 329.04, 388.96, 1.78958
FILLER_0_139_702, 329.04, 388.96, 1.78958
_11987_, 329.04, 383.52, 1.78941
_12108_, 329.04, 383.52, 1.78941
_12110_, 329.04, 383.52, 1.78941
_12135_, 329.04, 383.52, 1.78941
FILLER_0_137_712, 329.04, 383.52, 1.78941
_12102_, 329.04, 378.08, 1.78929
_12575_, 329.04, 378.08, 1.78929
_12580_, 329.04, 378.08, 1.78929
FILLER_0_135_697, 329.04, 378.08, 1.78929
FILLER_0_136_707, 329.04, 378.08, 1.78929
_12257_, 329.04, 372.64, 1.7893
_12263_, 329.04, 372.64, 1.7893
_12269_, 329.04, 372.64, 1.7893
_12316_, 329.04, 372.64, 1.7893
_12578_, 329.04, 372.64, 1.7893
_12579_, 329.04, 372.64, 1.7893
FILLER_0_134_705, 329.04, 372.64, 1.7893
FILLER_0_134_713, 329.04, 372.64, 1.7893
_12260_, 329.04, 367.2, 1.78916
_12261_, 329.04, 367.2, 1.78916
_12262_, 329.04, 367.2, 1.78916
_12286_, 329.04, 367.2, 1.78916
_12315_, 329.04, 367.2, 1.78916
_12103_, 329.04, 361.76, 1.78919
FILLER_0_128_693, 329.04, 361.76, 1.78919
FILLER_0_128_701, 329.04, 361.76, 1.78919
FILLER_0_130_713, 329.04, 361.76, 1.78919
_12112_, 329.04, 356.32, 1.78922
_12570_, 329.04, 356.32, 1.78922
FILLER_0_126_690, 329.04, 356.32, 1.78922
FILLER_0_126_701, 329.04, 356.32, 1.78922
FILLER_0_127_716, 329.04, 356.32, 1.78922
_12568_, 329.04, 350.88, 1.78941
_12569_, 329.04, 350.88, 1.78941
FILLER_0_124_691, 329.04, 350.88, 1.78941
FILLER_0_125_709, 329.04, 350.88, 1.78941
FILLER_0_126_709, 329.04, 350.88, 1.78941
_13480_, 329.04, 345.44, 1.78956
hold2188, 329.04, 345.44, 1.78956
_12104_, 329.04, 340, 1.78937
_12105_, 329.04, 340, 1.78937
_12106_, 329.04, 340, 1.78937
_13076_, 329.04, 340, 1.78937
_16045_, 329.04, 340, 1.78937
hold65, 329.04, 340, 1.78937
_12861_, 329.04, 334.56, 1.7894
_12862_, 329.04, 334.56, 1.7894
_13115_, 329.04, 334.56, 1.7894
FILLER_0_118_695, 329.04, 334.56, 1.7894
FILLER_0_120_713, 329.04, 334.56, 1.7894
_07877_, 329.04, 329.12, 1.78955
_15789_, 329.04, 329.12, 1.78955
_15981_, 329.04, 329.12, 1.78955
FILLER_0_114_701, 329.04, 323.68, 1.78966
FILLER_0_116_716, 329.04, 323.68, 1.78966
_16017_, 329.04, 318.24, 1.78974
FILLER_0_112_695, 329.04, 318.24, 1.78974
FILLER_0_112_701, 329.04, 318.24, 1.78974
FILLER_0_113_709, 329.04, 318.24, 1.78974
_12009_, 329.04, 312.8, 1.78976
_12985_, 329.04, 312.8, 1.78976
_12986_, 329.04, 312.8, 1.78976
_13072_, 329.04, 312.8, 1.78976
_13378_, 329.04, 312.8, 1.78976
_15857_, 329.04, 312.8, 1.78976
hold2222, 329.04, 312.8, 1.78976
FILLER_0_110_693, 329.04, 312.8, 1.78976
_12523_, 329.04, 307.36, 1.78979
_12524_, 329.04, 307.36, 1.78979
_13299_, 329.04, 307.36, 1.78979
FILLER_0_109_694, 329.04, 307.36, 1.78979
_12852_, 329.04, 301.92, 1.78992
clkbuf_leaf_164_clk, 329.04, 301.92, 1.78992
FILLER_0_106_694, 329.04, 301.92, 1.78992
FILLER_0_106_701, 329.04, 301.92, 1.78992
_07869_, 329.04, 296.48, 1.78995
_11959_, 329.04, 296.48, 1.78995
_12853_, 329.04, 296.48, 1.78995
_18097_, 329.04, 296.48, 1.78995
_11973_, 329.04, 291.04, 1.79006
_11974_, 329.04, 291.04, 1.79006
_12980_, 329.04, 285.6, 1.79047
_13382_, 329.04, 285.6, 1.79047
_15861_, 329.04, 285.6, 1.79047
_15925_, 329.04, 285.6, 1.79047
hold50, 329.04, 285.6, 1.79047
hold2236, 329.04, 285.6, 1.79047
FILLER_0_102_710, 329.04, 285.6, 1.79047
_07861_, 329.04, 280.16, 1.79051
_12477_, 329.04, 280.16, 1.79051
_12478_, 329.04, 280.16, 1.79051
FILLER_0_99_697, 329.04, 280.16, 1.79051
_07860_, 329.04, 274.72, 1.79081
_12844_, 329.04, 274.72, 1.79081
_18101_, 329.04, 274.72, 1.79081
clkbuf_leaf_165_clk, 329.04, 274.72, 1.79081
hold2268, 329.04, 274.72, 1.79081
FILLER_0_96_693, 329.04, 274.72, 1.79081
_12845_, 329.04, 269.28, 1.79121
_15989_, 329.04, 269.28, 1.79121
FILLER_0_94_693, 329.04, 269.28, 1.79121
FILLER_0_94_701, 329.04, 269.28, 1.79121
FILLER_0_95_694, 329.04, 269.28, 1.79121
_11964_, 329.04, 263.84, 1.79104
_13319_, 329.04, 263.84, 1.79104
hold25, 329.04, 263.84, 1.79104
FILLER_0_92_694, 329.04, 263.84, 1.79104
_13317_, 329.04, 258.4, 1.79136
_13318_, 329.04, 258.4, 1.79136
FILLER_0_92_709, 329.04, 258.4, 1.79136
_12976_, 329.04, 252.96, 1.79199
_15928_, 329.04, 252.96, 1.79199
FILLER_0_88_693, 329.04, 252.96, 1.79199
FILLER_0_89_709, 329.04, 252.96, 1.79199
_12367_, 329.04, 247.52, 1.79229
_13385_, 329.04, 247.52, 1.79229
FILLER_0_86_696, 329.04, 247.52, 1.79229
FILLER_0_86_701, 329.04, 247.52, 1.79229
FILLER_0_87_708, 329.04, 247.52, 1.79229
_12366_, 329.04, 242.08, 1.79247
_12442_, 329.04, 242.08, 1.79247
_13064_, 329.04, 242.08, 1.79247
_15864_, 329.04, 242.08, 1.79247
hold41, 329.04, 242.08, 1.79247
FILLER_0_84_693, 329.04, 242.08, 1.79247
_12838_, 329.04, 236.64, 1.79302
_12839_, 329.04, 236.64, 1.79302
_13315_, 329.04, 236.64, 1.79302
_13457_, 329.04, 236.64, 1.79302
FILLER_0_82_701, 329.04, 236.64, 1.79302
FILLER_0_83_694, 329.04, 236.64, 1.79302
FILLER_0_83_703, 329.04, 236.64, 1.79302
_07854_, 329.04, 231.2, 1.79337
_07855_, 329.04, 231.2, 1.79337
_12441_, 329.04, 231.2, 1.79337
_15800_, 329.04, 231.2, 1.79337
clkbuf_leaf_232_clk, 329.04, 231.2, 1.79337
_13456_, 329.04, 225.76, 1.79378
_15992_, 329.04, 225.76, 1.79378
_07856_, 329.04, 220.32, 1.79415
_18103_, 329.04, 220.32, 1.79415
FILLER_0_76_701, 329.04, 220.32, 1.79415
_07857_, 329.04, 214.88, 1.79445
_15799_, 329.04, 214.88, 1.79445
_18102_, 329.04, 214.88, 1.79445
clkbuf_leaf_231_clk, 329.04, 214.88, 1.79445
FILLER_0_74_693, 329.04, 214.88, 1.79445
FILLER_0_75_698, 329.04, 214.88, 1.79445
_13419_, 329.04, 209.44, 1.79496
_15798_, 329.04, 209.44, 1.79496
clkbuf_5_18__f_clk, 329.04, 209.44, 1.79496
FILLER_0_72_693, 329.04, 209.44, 1.79496
FILLER_0_73_717, 329.04, 209.44, 1.79496
_12915_, 329.04, 204, 1.79542
_12916_, 329.04, 204, 1.79542
_13413_, 329.04, 204, 1.79542
_13417_, 329.04, 204, 1.79542
hold2133, 329.04, 204, 1.79542
hold2130, 329.04, 198.56, 1.79584
FILLER_0_68_691, 329.04, 198.56, 1.79584
_11328_, 329.04, 193.12, 1.79643
_11329_, 329.04, 193.12, 1.79643
_11334_, 329.04, 193.12, 1.79643
_13875_, 329.04, 193.12, 1.79643
_16363_, 329.04, 193.12, 1.79643
hold1092, 329.04, 193.12, 1.79643
FILLER_0_67_698, 329.04, 193.12, 1.79643
hold171, 329.04, 187.68, 1.79692
hold286, 329.04, 187.68, 1.79692
FILLER_0_65_717, 329.04, 187.68, 1.79692
_11342_, 329.04, 182.24, 1.79746
_13868_, 329.04, 182.24, 1.79746
_16364_, 329.04, 182.24, 1.79746
_16367_, 329.04, 182.24, 1.79746
FILLER_0_62_697, 329.04, 182.24, 1.79746
FILLER_0_63_697, 329.04, 182.24, 1.79746
FILLER_0_63_705, 329.04, 182.24, 1.79746
FILLER_0_64_709, 329.04, 182.24, 1.79746
_11168_, 329.04, 176.8, 1.7974
_11169_, 329.04, 176.8, 1.7974
hold1778, 329.04, 176.8, 1.7974
FILLER_0_62_713, 329.04, 176.8, 1.7974
_11180_, 329.04, 171.36, 1.79713
_13957_, 329.04, 171.36, 1.79713
_16448_, 329.04, 171.36, 1.79713
hold175, 329.04, 171.36, 1.79713
_11170_, 329.04, 165.92, 1.79704
_11171_, 329.04, 165.92, 1.79704
_13962_, 329.04, 165.92, 1.79704
_13963_, 329.04, 165.92, 1.79704
hold445, 329.04, 165.92, 1.79704
FILLER_0_56_696, 329.04, 165.92, 1.79704
_16445_, 329.04, 160.48, 1.79684
hold1338, 329.04, 160.48, 1.79684
FILLER_0_54_690, 329.04, 160.48, 1.79684
_11256_, 329.04, 155.04, 1.79664
_11262_, 329.04, 155.04, 1.79664
_13917_, 329.04, 155.04, 1.79664
_16406_, 329.04, 155.04, 1.79664
_16443_, 329.04, 155.04, 1.79664
hold1939, 329.04, 155.04, 1.79664
FILLER_0_54_709, 329.04, 155.04, 1.79664
_11253_, 329.04, 149.6, 1.79653
_13912_, 329.04, 149.6, 1.79653
FILLER_0_50_693, 329.04, 149.6, 1.79653
FILLER_0_51_706, 329.04, 149.6, 1.79653
_11244_, 329.04, 144.16, 1.79636
_11245_, 329.04, 144.16, 1.79636
_13921_, 329.04, 144.16, 1.79636
hold789, 329.04, 144.16, 1.79636
FILLER_0_48_701, 329.04, 144.16, 1.79636
_13911_, 329.04, 138.72, 1.79626
_13918_, 329.04, 138.72, 1.79626
_13919_, 329.04, 138.72, 1.79626
_16407_, 329.04, 138.72, 1.79626
hold1430, 329.04, 138.72, 1.79626
FILLER_0_47_696, 329.04, 138.72, 1.79626
_11248_, 329.04, 133.28, 1.79618
_11249_, 329.04, 133.28, 1.79618
_11251_, 329.04, 133.28, 1.79618
FILLER_0_44_693, 329.04, 133.28, 1.79618
FILLER_0_45_717, 329.04, 133.28, 1.79618
_10219_, 329.04, 127.84, 1.79603
hold729, 329.04, 127.84, 1.79603
FILLER_0_42_697, 329.04, 127.84, 1.79603
FILLER_0_43_709, 329.04, 127.84, 1.79603
_14492_, 329.04, 122.4, 1.79595
_14497_, 329.04, 122.4, 1.79595
_16923_, 329.04, 122.4, 1.79595
_16925_, 329.04, 122.4, 1.79595
_16926_, 329.04, 122.4, 1.79595
hold1472, 329.04, 122.4, 1.79595
_10214_, 329.04, 116.96, 1.79595
_10215_, 329.04, 116.96, 1.79595
_14493_, 329.04, 116.96, 1.79595
FILLER_0_39_693, 329.04, 116.96, 1.79595
FILLER_0_39_700, 329.04, 116.96, 1.79595
_10210_, 329.04, 111.52, 1.79574
FILLER_0_36_701, 329.04, 111.52, 1.79574
_10204_, 329.04, 106.08, 1.79573
_10209_, 329.04, 106.08, 1.79573
_14489_, 329.04, 106.08, 1.79573
_16921_, 329.04, 106.08, 1.79573
hold830, 329.04, 106.08, 1.79573
FILLER_0_36_710, 329.04, 106.08, 1.79573
_10208_, 329.04, 100.64, 1.79576
_10222_, 329.04, 100.64, 1.79576
_10223_, 329.04, 100.64, 1.79576
_14496_, 329.04, 100.64, 1.79576
FILLER_0_32_693, 329.04, 100.64, 1.79576
FILLER_0_32_701, 329.04, 100.64, 1.79576
FILLER_0_34_715, 329.04, 100.64, 1.79576
_10155_, 329.04, 95.2, 1.79568
_16953_, 329.04, 95.2, 1.79568
_16955_, 329.04, 95.2, 1.79568
clkbuf_leaf_217_clk, 329.04, 95.2, 1.79568
FILLER_0_30_694, 329.04, 95.2, 1.79568
FILLER_0_31_697, 329.04, 95.2, 1.79568
FILLER_0_32_711, 329.04, 95.2, 1.79568
_10146_, 329.04, 89.76, 1.7956
_10159_, 329.04, 89.76, 1.7956
clkbuf_5_16__f_clk, 329.04, 89.76, 1.7956
hold218, 329.04, 89.76, 1.7956
_10148_, 329.04, 84.32, 1.79567
_10149_, 329.04, 84.32, 1.79567
_10162_, 329.04, 84.32, 1.79567
_14522_, 329.04, 84.32, 1.79567
_14529_, 329.04, 84.32, 1.79567
_16957_, 329.04, 84.32, 1.79567
_16958_, 329.04, 84.32, 1.79567
hold584, 329.04, 84.32, 1.79567
FILLER_0_26_694, 329.04, 84.32, 1.79567
_10145_, 329.04, 78.88, 1.79555
_10151_, 329.04, 78.88, 1.79555
_14528_, 329.04, 78.88, 1.79555
_14531_, 329.04, 78.88, 1.79555
FILLER_0_24_695, 329.04, 78.88, 1.79555
FILLER_0_25_706, 329.04, 78.88, 1.79555
_10244_, 329.04, 73.44, 1.79561
_14521_, 329.04, 73.44, 1.79561
_16954_, 329.04, 73.44, 1.79561
_16960_, 329.04, 73.44, 1.79561
FILLER_0_22_693, 329.04, 73.44, 1.79561
FILLER_0_22_701, 329.04, 73.44, 1.79561
_10157_, 329.04, 68, 1.79559
_14525_, 329.04, 68, 1.79559
FILLER_0_20_690, 329.04, 68, 1.79559
FILLER_0_20_701, 329.04, 68, 1.79559
FILLER_0_21_711, 329.04, 68, 1.79559
_10311_, 329.04, 62.56, 1.79565
_10317_, 329.04, 62.56, 1.79565
_14433_, 329.04, 62.56, 1.79565
_16874_, 329.04, 62.56, 1.79565
_16877_, 329.04, 62.56, 1.79565
FILLER_0_18_692, 329.04, 62.56, 1.79565
_10304_, 329.04, 57.12, 1.79566
_10305_, 329.04, 57.12, 1.79566
_10322_, 329.04, 57.12, 1.79566
_14434_, 329.04, 57.12, 1.79566
_14443_, 329.04, 57.12, 1.79566
FILLER_0_16_696, 329.04, 57.12, 1.79566
FILLER_0_17_696, 329.04, 57.12, 1.79566
_16871_, 329.04, 51.68, 1.79564
clkbuf_leaf_213_clk, 329.04, 51.68, 1.79564
hold785, 329.04, 51.68, 1.79564
hold2122, 329.04, 51.68, 1.79564
FILLER_0_14_690, 329.04, 51.68, 1.79564
_10323_, 329.04, 46.24, 1.79569
FILLER_0_12_701, 329.04, 46.24, 1.79569
_10307_, 329.04, 40.8, 1.79566
_10320_, 329.04, 40.8, 1.79566
_14442_, 329.04, 40.8, 1.79566
_16875_, 329.04, 40.8, 1.79566
hold1453, 329.04, 40.8, 1.79566
FILLER_0_11_693, 329.04, 40.8, 1.79566
FILLER_0_11_701, 329.04, 40.8, 1.79566
_10306_, 329.04, 35.36, 1.79571
_10318_, 329.04, 35.36, 1.79571
_14436_, 329.04, 35.36, 1.79571
_16872_, 329.04, 35.36, 1.79571
_16876_, 329.04, 35.36, 1.79571
hold783, 329.04, 35.36, 1.79571
_10315_, 329.04, 29.92, 1.79575
_10321_, 329.04, 29.92, 1.79575
_14435_, 329.04, 29.92, 1.79575
FILLER_0_6_697, 329.04, 29.92, 1.79575
FILLER_0_7_697, 329.04, 29.92, 1.79575
FILLER_0_4_693, 329.04, 24.48, 1.79578
FILLER_0_2_693, 329.04, 19.04, 1.79578
output107, 329.04, 13.6, 1.7954
FILLER_0_0_697, 329.04, 13.6, 1.7954
FILLER_0_0_701, 329.04, 13.6, 1.7954
output91, 175.44, 573.92, 1.7935
FILLER_0_206_357, 175.44, 573.92, 1.7935
FILLER_0_207_361, 175.44, 573.92, 1.7935
FILLER_0_207_365, 175.44, 573.92, 1.7935
FILLER_0_204_357, 175.44, 568.48, 1.79376
FILLER_0_202_357, 175.44, 563.04, 1.79378
FILLER_0_200_357, 175.44, 557.6, 1.79379
FILLER_0_198_357, 175.44, 552.16, 1.7938
FILLER_0_196_357, 175.44, 546.72, 1.7938
FILLER_0_194_357, 175.44, 541.28, 1.79377
FILLER_0_192_357, 175.44, 535.84, 1.79381
hold511, 175.44, 530.4, 1.79377
_11072_, 175.44, 524.96, 1.79374
_11082_, 175.44, 524.96, 1.79374
_14017_, 175.44, 524.96, 1.79374
_16742_, 175.44, 524.96, 1.79374
clkbuf_leaf_81_clk, 175.44, 524.96, 1.79374
hold1155, 175.44, 524.96, 1.79374
FILLER_0_190_377, 175.44, 524.96, 1.79374
_11079_, 175.44, 519.52, 1.79379
_14012_, 175.44, 519.52, 1.79379
_14014_, 175.44, 519.52, 1.79379
_16493_, 175.44, 519.52, 1.79379
hold926, 175.44, 519.52, 1.79379
FILLER_0_186_356, 175.44, 519.52, 1.79379
FILLER_0_186_365, 175.44, 519.52, 1.79379
_11075_, 175.44, 514.08, 1.7938
_16495_, 175.44, 514.08, 1.7938
FILLER_0_184_360, 175.44, 514.08, 1.7938
FILLER_0_185_373, 175.44, 514.08, 1.7938
_11066_, 175.44, 508.64, 1.7938
_11067_, 175.44, 508.64, 1.7938
_14015_, 175.44, 508.64, 1.7938
_14021_, 175.44, 508.64, 1.7938
hold156, 175.44, 508.64, 1.7938
hold174, 175.44, 508.64, 1.7938
_14019_, 175.44, 503.2, 1.79381
_14020_, 175.44, 503.2, 1.79381
_16498_, 175.44, 503.2, 1.79381
FILLER_0_180_361, 175.44, 503.2, 1.79381
_11069_, 175.44, 497.76, 1.79381
_16492_, 175.44, 497.76, 1.79381
clkbuf_leaf_79_clk, 175.44, 497.76, 1.79381
FILLER_0_178_360, 175.44, 497.76, 1.79381
FILLER_0_179_381, 175.44, 497.76, 1.79381
_11132_, 175.44, 492.32, 1.79388
_11133_, 175.44, 492.32, 1.79388
_13984_, 175.44, 492.32, 1.79388
hold338, 175.44, 492.32, 1.79388
hold715, 175.44, 492.32, 1.79388
_11014_, 175.44, 486.88, 1.79382
_11134_, 175.44, 486.88, 1.79382
_11135_, 175.44, 486.88, 1.79382
_13983_, 175.44, 486.88, 1.79382
FILLER_0_176_379, 175.44, 486.88, 1.79382
_14044_, 175.44, 481.44, 1.79366
_16525_, 175.44, 481.44, 1.79366
FILLER_0_172_357, 175.44, 481.44, 1.79366
FILLER_0_173_361, 175.44, 481.44, 1.79366
FILLER_0_174_377, 175.44, 481.44, 1.79366
_11015_, 175.44, 476, 1.79356
_11019_, 175.44, 476, 1.79356
_11126_, 175.44, 476, 1.79356
_11127_, 175.44, 476, 1.79356
_16523_, 175.44, 476, 1.79356
hold1000, 175.44, 476, 1.79356
hold1012, 175.44, 476, 1.79356
FILLER_0_172_371, 175.44, 476, 1.79356
_11018_, 175.44, 470.56, 1.79334
FILLER_0_169_383, 175.44, 470.56, 1.79334
_11121_, 175.44, 465.12, 1.79318
_16472_, 175.44, 465.12, 1.79318
_16475_, 175.44, 465.12, 1.79318
FILLER_0_167_361, 175.44, 465.12, 1.79318
FILLER_0_167_369, 175.44, 465.12, 1.79318
FILLER_0_168_377, 175.44, 465.12, 1.79318
_11114_, 175.44, 459.68, 1.79302
_11115_, 175.44, 459.68, 1.79302
_13989_, 175.44, 459.68, 1.79302
_13994_, 175.44, 459.68, 1.79302
_13996_, 175.44, 459.68, 1.79302
hold978, 175.44, 459.68, 1.79302
hold1047, 175.44, 459.68, 1.79302
_11106_, 175.44, 454.24, 1.79285
_11107_, 175.44, 454.24, 1.79285
_13998_, 175.44, 454.24, 1.79285
hold988, 175.44, 454.24, 1.79285
FILLER_0_163_359, 175.44, 454.24, 1.79285
FILLER_0_163_383, 175.44, 454.24, 1.79285
FILLER_0_164_380, 175.44, 454.24, 1.79285
_11105_, 175.44, 448.8, 1.79269
_11108_, 175.44, 448.8, 1.79269
_13997_, 175.44, 448.8, 1.79269
_16480_, 175.44, 448.8, 1.79269
hold1688, 175.44, 448.8, 1.79269
FILLER_0_160_360, 175.44, 448.8, 1.79269
FILLER_0_161_376, 175.44, 448.8, 1.79269
FILLER_0_158_356, 175.44, 443.36, 1.79258
FILLER_0_158_365, 175.44, 443.36, 1.79258
_11031_, 175.44, 437.92, 1.7923
_14033_, 175.44, 437.92, 1.7923
_16516_, 175.44, 437.92, 1.7923
_16517_, 175.44, 437.92, 1.7923
hold1884, 175.44, 437.92, 1.7923
FILLER_0_158_373, 175.44, 437.92, 1.7923
_11030_, 175.44, 432.48, 1.79225
_11033_, 175.44, 432.48, 1.79225
_14040_, 175.44, 432.48, 1.79225
_14042_, 175.44, 432.48, 1.79225
_16520_, 175.44, 432.48, 1.79225
FILLER_0_154_357, 175.44, 432.48, 1.79225
_11038_, 175.44, 427.04, 1.7921
_11039_, 175.44, 427.04, 1.7921
_14036_, 175.44, 427.04, 1.7921
_16512_, 175.44, 427.04, 1.7921
hold178, 175.44, 427.04, 1.7921
FILLER_0_153_379, 175.44, 427.04, 1.7921
_11029_, 175.44, 421.6, 1.79196
_11034_, 175.44, 421.6, 1.79196
_11037_, 175.44, 421.6, 1.79196
_16518_, 175.44, 421.6, 1.79196
hold821, 175.44, 421.6, 1.79196
FILLER_0_151_376, 175.44, 421.6, 1.79196
_14037_, 175.44, 416.16, 1.79174
_14038_, 175.44, 416.16, 1.79174
_16511_, 175.44, 416.16, 1.79174
clkbuf_leaf_94_clk, 175.44, 416.16, 1.79174
FILLER_0_148_368, 175.44, 416.16, 1.79174
FILLER_0_150_376, 175.44, 416.16, 1.79174
_11036_, 175.44, 410.72, 1.79158
hold1543, 175.44, 410.72, 1.79158
FILLER_0_146_361, 175.44, 410.72, 1.79158
FILLER_0_144_358, 175.44, 405.28, 1.7915
FILLER_0_145_376, 175.44, 405.28, 1.7915
_15950_, 175.44, 399.84, 1.79137
FILLER_0_142_357, 175.44, 399.84, 1.79137
_10769_, 175.44, 394.4, 1.79126
FILLER_0_140_357, 175.44, 394.4, 1.79126
FILLER_0_140_368, 175.44, 394.4, 1.79126
_10768_, 175.44, 388.96, 1.7912
hold1454, 175.44, 388.96, 1.7912
hold2125, 175.44, 388.96, 1.7912
_10772_, 175.44, 383.52, 1.79102
_10773_, 175.44, 383.52, 1.79102
_10774_, 175.44, 383.52, 1.79102
_14183_, 175.44, 383.52, 1.79102
_14185_, 175.44, 383.52, 1.79102
hold1904, 175.44, 383.52, 1.79102
FILLER_0_136_356, 175.44, 383.52, 1.79102
_10783_, 175.44, 378.08, 1.79074
_14178_, 175.44, 378.08, 1.79074
hold1440, 175.44, 378.08, 1.79074
FILLER_0_135_381, 175.44, 378.08, 1.79074
_10782_, 175.44, 372.64, 1.79079
_15944_, 175.44, 372.64, 1.79079
hold1646, 175.44, 372.64, 1.79079
FILLER_0_133_381, 175.44, 372.64, 1.79079
FILLER_0_134_375, 175.44, 372.64, 1.79079
_10776_, 175.44, 367.2, 1.79073
_15943_, 175.44, 367.2, 1.79073
FILLER_0_130_361, 175.44, 367.2, 1.79073
FILLER_0_131_382, 175.44, 367.2, 1.79073
FILLER_0_132_376, 175.44, 367.2, 1.79073
_10851_, 175.44, 361.76, 1.79055
_10858_, 175.44, 361.76, 1.79055
_10859_, 175.44, 361.76, 1.79055
_14136_, 175.44, 361.76, 1.79055
_16603_, 175.44, 361.76, 1.79055
hold471, 175.44, 361.76, 1.79055
FILLER_0_129_361, 175.44, 361.76, 1.79055
FILLER_0_129_382, 175.44, 361.76, 1.79055
_14137_, 175.44, 356.32, 1.79063
_14140_, 175.44, 356.32, 1.79063
_16604_, 175.44, 356.32, 1.79063
hold1006, 175.44, 356.32, 1.79063
FILLER_0_126_357, 175.44, 356.32, 1.79063
_10854_, 175.44, 350.88, 1.79045
_10855_, 175.44, 350.88, 1.79045
_10856_, 175.44, 350.88, 1.79045
_14138_, 175.44, 350.88, 1.79045
hold442, 175.44, 350.88, 1.79045
hold798, 175.44, 350.88, 1.79045
FILLER_0_124_368, 175.44, 350.88, 1.79045
_10844_, 175.44, 345.44, 1.79066
_10845_, 175.44, 345.44, 1.79066
_10857_, 175.44, 345.44, 1.79066
_14143_, 175.44, 345.44, 1.79066
hold561, 175.44, 345.44, 1.79066
hold710, 175.44, 345.44, 1.79066
FILLER_0_120_356, 175.44, 340, 1.79047
FILLER_0_121_383, 175.44, 340, 1.79047
_13408_, 175.44, 334.56, 1.79049
_15949_, 175.44, 334.56, 1.79049
hold664, 175.44, 334.56, 1.79049
hold1233, 175.44, 334.56, 1.79049
FILLER_0_119_367, 175.44, 334.56, 1.79049
FILLER_0_120_377, 175.44, 334.56, 1.79049
_10832_, 175.44, 329.12, 1.79061
_10833_, 175.44, 329.12, 1.79061
_12933_, 175.44, 329.12, 1.79061
FILLER_0_116_359, 175.44, 329.12, 1.79061
FILLER_0_118_374, 175.44, 329.12, 1.79061
hold701, 175.44, 323.68, 1.79061
_10824_, 175.44, 318.24, 1.79063
_12716_, 175.44, 318.24, 1.79063
_14154_, 175.44, 318.24, 1.79063
_16034_, 175.44, 318.24, 1.79063
hold565, 175.44, 318.24, 1.79063
hold2062, 175.44, 318.24, 1.79063
FILLER_0_113_383, 175.44, 318.24, 1.79063
FILLER_0_114_377, 175.44, 318.24, 1.79063
_10825_, 175.44, 312.8, 1.79073
_10826_, 175.44, 312.8, 1.79073
_16033_, 175.44, 312.8, 1.79073
FILLER_0_110_360, 175.44, 312.8, 1.79073
_16032_, 175.44, 307.36, 1.79074
FILLER_0_109_381, 175.44, 307.36, 1.79074
_14105_, 175.44, 301.92, 1.79072
_16031_, 175.44, 301.92, 1.79072
clkbuf_leaf_33_clk, 175.44, 301.92, 1.79072
hold1558, 175.44, 301.92, 1.79072
FILLER_0_106_360, 175.44, 301.92, 1.79072
FILLER_0_108_377, 175.44, 301.92, 1.79072
_10908_, 175.44, 296.48, 1.79076
_10909_, 175.44, 296.48, 1.79076
_10914_, 175.44, 296.48, 1.79076
_14108_, 175.44, 296.48, 1.79076
_16578_, 175.44, 296.48, 1.79076
hold196, 175.44, 296.48, 1.79076
FILLER_0_105_363, 175.44, 296.48, 1.79076
_10923_, 175.44, 291.04, 1.79083
_16571_, 175.44, 291.04, 1.79083
FILLER_0_102_357, 175.44, 291.04, 1.79083
FILLER_0_102_365, 175.44, 291.04, 1.79083
FILLER_0_103_361, 175.44, 291.04, 1.79083
_10910_, 175.44, 285.6, 1.79114
_10911_, 175.44, 285.6, 1.79114
_14101_, 175.44, 285.6, 1.79114
hold762, 175.44, 285.6, 1.79114
FILLER_0_102_373, 175.44, 285.6, 1.79114
_10912_, 175.44, 280.16, 1.79116
_10913_, 175.44, 280.16, 1.79116
_14102_, 175.44, 280.16, 1.79116
_14106_, 175.44, 280.16, 1.79116
_14107_, 175.44, 280.16, 1.79116
FILLER_0_98_365, 175.44, 280.16, 1.79116
FILLER_0_99_372, 175.44, 280.16, 1.79116
_16572_, 175.44, 274.72, 1.79135
_16576_, 175.44, 274.72, 1.79135
FILLER_0_97_361, 175.44, 274.72, 1.79135
hold782, 175.44, 269.28, 1.79155
FILLER_0_94_365, 175.44, 269.28, 1.79155
_09926_, 175.44, 263.84, 1.79148
_09927_, 175.44, 263.84, 1.79148
_14646_, 175.44, 263.84, 1.79148
_14653_, 175.44, 263.84, 1.79148
hold1356, 175.44, 263.84, 1.79148
FILLER_0_90_357, 175.44, 258.4, 1.79179
FILLER_0_91_381, 175.44, 258.4, 1.79179
_07921_, 175.44, 252.96, 1.79208
_07923_, 175.44, 252.96, 1.79208
_09928_, 175.44, 252.96, 1.79208
_14648_, 175.44, 252.96, 1.79208
_18072_, 175.44, 252.96, 1.79208
hold623, 175.44, 252.96, 1.79208
FILLER_0_89_373, 175.44, 252.96, 1.79208
FILLER_0_90_377, 175.44, 252.96, 1.79208
_09936_, 175.44, 247.52, 1.79222
_09937_, 175.44, 247.52, 1.79222
_18071_, 175.44, 247.52, 1.79222
hold679, 175.44, 247.52, 1.79222
_09813_, 175.44, 242.08, 1.79239
hold337, 175.44, 242.08, 1.79239
FILLER_0_85_381, 175.44, 242.08, 1.79239
_09808_, 175.44, 236.64, 1.79261
_09809_, 175.44, 236.64, 1.79261
_09812_, 175.44, 236.64, 1.79261
_14716_, 175.44, 236.64, 1.79261
_14718_, 175.44, 236.64, 1.79261
clkbuf_leaf_23_clk, 175.44, 236.64, 1.79261
FILLER_0_84_377, 175.44, 236.64, 1.79261
_09822_, 175.44, 231.2, 1.79292
_14711_, 175.44, 231.2, 1.79292
_17122_, 175.44, 231.2, 1.79292
hold122, 175.44, 231.2, 1.79292
hold1562, 175.44, 231.2, 1.79292
_09804_, 175.44, 225.76, 1.79317
_09805_, 175.44, 225.76, 1.79317
_14710_, 175.44, 225.76, 1.79317
_14720_, 175.44, 225.76, 1.79317
FILLER_0_79_383, 175.44, 225.76, 1.79317
_09815_, 175.44, 220.32, 1.79338
_14715_, 175.44, 220.32, 1.79338
_14717_, 175.44, 220.32, 1.79338
_17125_, 175.44, 220.32, 1.79338
hold743, 175.44, 220.32, 1.79338
hold1628, 175.44, 220.32, 1.79338
_09811_, 175.44, 214.88, 1.79358
_17127_, 175.44, 214.88, 1.79358
hold1376, 175.44, 214.88, 1.79358
FILLER_0_74_365, 175.44, 214.88, 1.79358
_09810_, 175.44, 209.44, 1.79385
FILLER_0_72_358, 175.44, 209.44, 1.79385
FILLER_0_74_372, 175.44, 209.44, 1.79385
_09765_, 175.44, 204, 1.79407
_09780_, 175.44, 204, 1.79407
_17150_, 175.44, 204, 1.79407
hold794, 175.44, 204, 1.79407
FILLER_0_71_370, 175.44, 204, 1.79407
_14734_, 175.44, 198.56, 1.79428
_14740_, 175.44, 198.56, 1.79428
_17141_, 175.44, 198.56, 1.79428
hold2020, 175.44, 198.56, 1.79428
FILLER_0_68_359, 175.44, 198.56, 1.79428
FILLER_0_68_365, 175.44, 198.56, 1.79428
FILLER_0_69_368, 175.44, 198.56, 1.79428
_09783_, 175.44, 193.12, 1.7946
_14733_, 175.44, 193.12, 1.7946
_14739_, 175.44, 193.12, 1.7946
_14742_, 175.44, 193.12, 1.7946
FILLER_0_68_373, 175.44, 193.12, 1.7946
_09767_, 175.44, 187.68, 1.79487
_14732_, 175.44, 187.68, 1.79487
_14736_, 175.44, 187.68, 1.79487
hold728, 175.44, 187.68, 1.79487
_09774_, 175.44, 182.24, 1.79507
_09779_, 175.44, 182.24, 1.79507
_14737_, 175.44, 182.24, 1.79507
_17144_, 175.44, 182.24, 1.79507
_17149_, 175.44, 182.24, 1.79507
FILLER_0_62_358, 175.44, 182.24, 1.79507
FILLER_0_62_365, 175.44, 182.24, 1.79507
FILLER_0_63_360, 175.44, 182.24, 1.79507
_17143_, 175.44, 176.8, 1.79517
hold809, 175.44, 176.8, 1.79517
FILLER_0_61_381, 175.44, 176.8, 1.79517
_09744_, 175.44, 171.36, 1.79519
_09754_, 175.44, 171.36, 1.79519
_14753_, 175.44, 171.36, 1.79519
FILLER_0_58_368, 175.44, 171.36, 1.79519
FILLER_0_59_383, 175.44, 171.36, 1.79519
FILLER_0_60_376, 175.44, 171.36, 1.79519
_09755_, 175.44, 165.92, 1.79521
_14744_, 175.44, 165.92, 1.79521
_14748_, 175.44, 165.92, 1.79521
_17107_, 175.44, 165.92, 1.79521
hold1361, 175.44, 165.92, 1.79521
FILLER_0_56_357, 175.44, 165.92, 1.79521
FILLER_0_56_365, 175.44, 165.92, 1.79521
FILLER_0_57_362, 175.44, 165.92, 1.79521
_09762_, 175.44, 160.48, 1.7953
_09763_, 175.44, 160.48, 1.7953
_09847_, 175.44, 160.48, 1.7953
_14747_, 175.44, 160.48, 1.7953
_17109_, 175.44, 160.48, 1.7953
hold1308, 175.44, 160.48, 1.7953
FILLER_0_54_368, 175.44, 160.48, 1.7953
FILLER_0_55_375, 175.44, 160.48, 1.7953
FILLER_0_55_383, 175.44, 160.48, 1.7953
_09756_, 175.44, 155.04, 1.79531
_09757_, 175.44, 155.04, 1.79531
clkbuf_leaf_241_clk, 175.44, 155.04, 1.79531
hold344, 175.44, 155.04, 1.79531
FILLER_0_50_359, 175.44, 149.6, 1.79538
FILLER_0_48_357, 175.44, 144.16, 1.79539
FILLER_0_50_377, 175.44, 144.16, 1.79539
FILLER_0_44_365, 175.44, 133.28, 1.79545
_11932_, 175.44, 127.84, 1.79548
_13539_, 175.44, 127.84, 1.79548
_16063_, 175.44, 127.84, 1.79548
hold953, 175.44, 127.84, 1.79548
_11933_, 175.44, 122.4, 1.79555
_11937_, 175.44, 122.4, 1.79555
_11939_, 175.44, 122.4, 1.79555
_11940_, 175.44, 122.4, 1.79555
_13536_, 175.44, 122.4, 1.79555
_16064_, 175.44, 122.4, 1.79555
FILLER_0_41_362, 175.44, 122.4, 1.79555
_11936_, 175.44, 116.96, 1.7956
_13537_, 175.44, 116.96, 1.7956
hold1400, 175.44, 116.96, 1.7956
FILLER_0_38_357, 175.44, 116.96, 1.7956
FILLER_0_39_361, 175.44, 116.96, 1.7956
FILLER_0_39_374, 175.44, 116.96, 1.7956
_11934_, 175.44, 111.52, 1.79562
_11935_, 175.44, 111.52, 1.79562
_13538_, 175.44, 111.52, 1.79562
_16065_, 175.44, 111.52, 1.79562
hold1057, 175.44, 111.52, 1.79562
FILLER_0_37_361, 175.44, 111.52, 1.79562
FILLER_0_37_373, 175.44, 111.52, 1.79562
_11928_, 175.44, 106.08, 1.79569
_11930_, 175.44, 106.08, 1.79569
_16067_, 175.44, 106.08, 1.79569
clkbuf_leaf_258_clk, 175.44, 106.08, 1.79569
FILLER_0_34_357, 175.44, 106.08, 1.79569
_11931_, 175.44, 100.64, 1.79576
_13540_, 175.44, 100.64, 1.79576
hold1132, 175.44, 100.64, 1.79576
FILLER_0_32_357, 175.44, 100.64, 1.79576
FILLER_0_32_365, 175.44, 100.64, 1.79576
_11744_, 175.44, 95.2, 1.79587
_11758_, 175.44, 95.2, 1.79587
_13635_, 175.44, 95.2, 1.79587
_16154_, 175.44, 95.2, 1.79587
hold1195, 175.44, 95.2, 1.79587
FILLER_0_31_382, 175.44, 95.2, 1.79587
_11745_, 175.44, 89.76, 1.79581
_11753_, 175.44, 89.76, 1.79581
_13642_, 175.44, 89.76, 1.79581
FILLER_0_28_361, 175.44, 89.76, 1.79581
FILLER_0_28_365, 175.44, 89.76, 1.79581
_11747_, 175.44, 84.32, 1.79597
_11752_, 175.44, 84.32, 1.79597
_13638_, 175.44, 84.32, 1.79597
hold983, 175.44, 84.32, 1.79597
_11754_, 175.44, 78.88, 1.79603
_11763_, 175.44, 78.88, 1.79603
_13637_, 175.44, 78.88, 1.79603
hold1483, 175.44, 78.88, 1.79603
hold1673, 175.44, 78.88, 1.79603
_11761_, 175.44, 73.44, 1.79612
_11762_, 175.44, 73.44, 1.79612
_13633_, 175.44, 73.44, 1.79612
_16157_, 175.44, 73.44, 1.79612
FILLER_0_22_356, 175.44, 73.44, 1.79612
FILLER_0_23_383, 175.44, 73.44, 1.79612
_16152_, 175.44, 68, 1.79619
hold579, 175.44, 68, 1.79619
hold614, 175.44, 68, 1.79619
FILLER_0_21_382, 175.44, 68, 1.79619
_11778_, 175.44, 62.56, 1.79631
_11779_, 175.44, 62.56, 1.79631
_11780_, 175.44, 62.56, 1.79631
_13623_, 175.44, 62.56, 1.79631
_13624_, 175.44, 62.56, 1.79631
_16143_, 175.44, 62.56, 1.79631
FILLER_0_18_360, 175.44, 62.56, 1.79631
FILLER_0_19_369, 175.44, 62.56, 1.79631
_16147_, 175.44, 57.12, 1.79643
FILLER_0_18_377, 175.44, 57.12, 1.79643
_11768_, 175.44, 51.68, 1.79649
_11782_, 175.44, 51.68, 1.79649
_11783_, 175.44, 51.68, 1.79649
_13629_, 175.44, 51.68, 1.79649
hold182, 175.44, 51.68, 1.79649
hold519, 175.44, 51.68, 1.79649
FILLER_0_14_361, 175.44, 51.68, 1.79649
FILLER_0_15_360, 175.44, 51.68, 1.79649
FILLER_0_15_374, 175.44, 51.68, 1.79649
_13622_, 175.44, 46.24, 1.79659
_16141_, 175.44, 46.24, 1.79659
_16146_, 175.44, 46.24, 1.79659
FILLER_0_12_360, 175.44, 46.24, 1.79659
FILLER_0_13_360, 175.44, 46.24, 1.79659
FILLER_0_13_383, 175.44, 46.24, 1.79659
FILLER_0_10_357, 175.44, 40.8, 1.79667
FILLER_0_8_357, 175.44, 35.36, 1.79677
FILLER_0_6_357, 175.44, 29.92, 1.7969
FILLER_0_4_357, 175.44, 24.48, 1.79696
FILLER_0_2_357, 175.44, 19.04, 1.79696
top_129, 175.44, 13.6, 1.79671
FILLER_0_0_361, 175.44, 13.6, 1.79671
FILLER_0_0_382, 175.44, 13.6, 1.79671
output110, 21.84, 573.92, 1.79613
FILLER_0_207_47, 21.84, 573.92, 1.79613
FILLER_0_199_45, 21.84, 552.16, 1.79644
_09491_, 21.84, 497.76, 1.79763
_17287_, 21.84, 497.76, 1.79763
FILLER_0_178_29, 21.84, 497.76, 1.79763
FILLER_0_179_33, 21.84, 497.76, 1.79763
FILLER_0_180_41, 21.84, 497.76, 1.79763
_09488_, 21.84, 492.32, 1.79786
_09489_, 21.84, 492.32, 1.79786
_17288_, 21.84, 492.32, 1.79786
FILLER_0_177_39, 21.84, 492.32, 1.79786
_09494_, 21.84, 481.44, 1.79763
_09495_, 21.84, 481.44, 1.79763
_14893_, 21.84, 481.44, 1.79763
_17285_, 21.84, 481.44, 1.79763
_17289_, 21.84, 481.44, 1.79763
FILLER_0_172_29, 21.84, 481.44, 1.79763
FILLER_0_173_27, 21.84, 481.44, 1.79763
_17290_, 21.84, 476, 1.79723
FILLER_0_171_27, 21.84, 476, 1.79723
_09485_, 21.84, 470.56, 1.79685
FILLER_0_170_41, 21.84, 470.56, 1.79685
_17312_, 21.84, 465.12, 1.79654
_17311_, 21.84, 459.68, 1.79619
FILLER_0_165_42, 21.84, 459.68, 1.79619
FILLER_0_166_41, 21.84, 459.68, 1.79619
_17320_, 21.84, 454.24, 1.79586
FILLER_0_163_39, 21.84, 454.24, 1.79586
FILLER_0_163_47, 21.84, 454.24, 1.79586
_09438_, 21.84, 443.36, 1.79526
_09439_, 21.84, 443.36, 1.79526
_17313_, 21.84, 443.36, 1.79526
hold438, 21.84, 443.36, 1.79526
FILLER_0_159_33, 21.84, 443.36, 1.79526
_09433_, 21.84, 437.92, 1.795
_17316_, 21.84, 437.92, 1.795
FILLER_0_157_39, 21.84, 437.92, 1.795
FILLER_0_151_45, 21.84, 421.6, 1.79426
_10446_, 21.84, 416.16, 1.79402
_16809_, 21.84, 416.16, 1.79402
hold1971, 21.84, 416.16, 1.79402
FILLER_0_149_27, 21.84, 416.16, 1.79402
_10462_, 21.84, 410.72, 1.79377
_14364_, 21.84, 410.72, 1.79377
_16801_, 21.84, 410.72, 1.79377
hold1428, 21.84, 410.72, 1.79377
_10463_, 21.84, 405.28, 1.79358
_14356_, 21.84, 405.28, 1.79358
_14358_, 21.84, 405.28, 1.79358
FILLER_0_146_42, 21.84, 405.28, 1.79358
_10444_, 21.84, 399.84, 1.79335
_14365_, 21.84, 399.84, 1.79335
hold839, 21.84, 399.84, 1.79335
FILLER_0_142_32, 21.84, 399.84, 1.79335
FILLER_0_143_46, 21.84, 399.84, 1.79335
_10456_, 21.84, 394.4, 1.79315
_14359_, 21.84, 394.4, 1.79315
_16805_, 21.84, 394.4, 1.79315
clkbuf_leaf_54_clk, 21.84, 394.4, 1.79315
hold791, 21.84, 394.4, 1.79315
FILLER_0_142_40, 21.84, 394.4, 1.79315
_10451_, 21.84, 388.96, 1.79302
_16807_, 21.84, 388.96, 1.79302
hold1384, 21.84, 388.96, 1.79302
FILLER_0_140_43, 21.84, 388.96, 1.79302
_10408_, 21.84, 383.52, 1.79285
_14385_, 21.84, 383.52, 1.79285
_16826_, 21.84, 383.52, 1.79285
FILLER_0_137_45, 21.84, 383.52, 1.79285
_10416_, 21.84, 378.08, 1.79268
hold569, 21.84, 378.08, 1.79268
hold909, 21.84, 378.08, 1.79268
FILLER_0_135_47, 21.84, 378.08, 1.79268
_14386_, 21.84, 372.64, 1.79254
FILLER_0_133_46, 21.84, 372.64, 1.79254
_10406_, 21.84, 367.2, 1.79238
_10407_, 21.84, 367.2, 1.79238
_16830_, 21.84, 367.2, 1.79238
hold414, 21.84, 367.2, 1.79238
FILLER_0_132_46, 21.84, 367.2, 1.79238
_10405_, 21.84, 361.76, 1.79228
_14387_, 21.84, 361.76, 1.79228
clkbuf_leaf_53_clk, 21.84, 361.76, 1.79228
FILLER_0_129_39, 21.84, 361.76, 1.79228
FILLER_0_129_45, 21.84, 361.76, 1.79228
_10350_, 21.84, 356.32, 1.79217
_10351_, 21.84, 356.32, 1.79217
_16857_, 21.84, 356.32, 1.79217
hold411, 21.84, 356.32, 1.79217
FILLER_0_127_27, 21.84, 356.32, 1.79217
_14417_, 21.84, 350.88, 1.79202
_16852_, 21.84, 350.88, 1.79202
hold399, 21.84, 350.88, 1.79202
FILLER_0_124_29, 21.84, 350.88, 1.79202
_10360_, 21.84, 345.44, 1.79199
_10361_, 21.84, 345.44, 1.79199
_14412_, 21.84, 345.44, 1.79199
FILLER_0_122_29, 21.84, 345.44, 1.79199
FILLER_0_124_43, 21.84, 345.44, 1.79199
_10346_, 21.84, 340, 1.7919
_10347_, 21.84, 340, 1.7919
_16859_, 21.84, 340, 1.7919
hold345, 21.84, 340, 1.7919
FILLER_0_120_29, 21.84, 340, 1.7919
FILLER_0_121_27, 21.84, 340, 1.7919
_10352_, 21.84, 334.56, 1.7918
_10353_, 21.84, 334.56, 1.7918
_14416_, 21.84, 334.56, 1.7918
_16856_, 21.84, 334.56, 1.7918
_16858_, 21.84, 334.56, 1.7918
_16836_, 21.84, 318.24, 1.79184
_16838_, 21.84, 318.24, 1.79184
FILLER_0_112_29, 21.84, 318.24, 1.79184
FILLER_0_113_27, 21.84, 318.24, 1.79184
_10392_, 21.84, 312.8, 1.79184
_10393_, 21.84, 312.8, 1.79184
_14394_, 21.84, 312.8, 1.79184
_16837_, 21.84, 312.8, 1.79184
hold838, 21.84, 312.8, 1.79184
FILLER_0_110_29, 21.84, 312.8, 1.79184
_10390_, 21.84, 307.36, 1.79189
_10391_, 21.84, 307.36, 1.79189
_10403_, 21.84, 307.36, 1.79189
FILLER_0_108_29, 21.84, 307.36, 1.79189
FILLER_0_109_39, 21.84, 307.36, 1.79189
FILLER_0_110_46, 21.84, 307.36, 1.79189
_16831_, 21.84, 301.92, 1.79191
_16833_, 21.84, 301.92, 1.79191
FILLER_0_107_27, 21.84, 301.92, 1.79191
FILLER_0_108_37, 21.84, 301.92, 1.79191
_10398_, 21.84, 296.48, 1.792
_10399_, 21.84, 296.48, 1.792
_14391_, 21.84, 296.48, 1.792
_16963_, 21.84, 285.6, 1.79213
FILLER_0_101_39, 21.84, 285.6, 1.79213
FILLER_0_101_47, 21.84, 285.6, 1.79213
_10143_, 21.84, 280.16, 1.79219
_16964_, 21.84, 280.16, 1.79219
FILLER_0_99_39, 21.84, 280.16, 1.79219
FILLER_0_100_41, 21.84, 280.16, 1.79219
_16961_, 21.84, 274.72, 1.79222
FILLER_0_97_45, 21.84, 274.72, 1.79222
FILLER_0_98_41, 21.84, 274.72, 1.79222
hold1684, 21.84, 269.28, 1.79235
FILLER_0_95_46, 21.84, 269.28, 1.79235
_09984_, 21.84, 263.84, 1.79238
_09990_, 21.84, 263.84, 1.79238
_10002_, 21.84, 263.84, 1.79238
_14611_, 21.84, 263.84, 1.79238
clkbuf_leaf_12_clk, 21.84, 263.84, 1.79238
hold1575, 21.84, 263.84, 1.79238
hold1609, 21.84, 263.84, 1.79238
FILLER_0_93_38, 21.84, 263.84, 1.79238
_09986_, 21.84, 258.4, 1.79249
_09991_, 21.84, 258.4, 1.79249
_14617_, 21.84, 258.4, 1.79249
_17033_, 21.84, 258.4, 1.79249
_17037_, 21.84, 258.4, 1.79249
FILLER_0_91_32, 21.84, 258.4, 1.79249
_10000_, 21.84, 252.96, 1.79267
_14612_, 21.84, 252.96, 1.79267
hold112, 21.84, 252.96, 1.79267
hold1210, 21.84, 247.52, 1.79279
FILLER_0_87_49, 21.84, 247.52, 1.79279
FILLER_0_83_45, 21.84, 236.64, 1.79294
FILLER_0_80_29, 21.84, 231.2, 1.79315
_10055_, 21.84, 225.76, 1.79331
_14582_, 21.84, 225.76, 1.79331
_17005_, 21.84, 225.76, 1.79331
hold185, 21.84, 225.76, 1.79331
FILLER_0_79_27, 21.84, 225.76, 1.79331
FILLER_0_80_44, 21.84, 225.76, 1.79331
_10044_, 21.84, 220.32, 1.79335
_10061_, 21.84, 220.32, 1.79335
_14579_, 21.84, 220.32, 1.79335
_14587_, 21.84, 220.32, 1.79335
_17002_, 21.84, 220.32, 1.79335
hold1279, 21.84, 220.32, 1.79335
FILLER_0_76_32, 21.84, 220.32, 1.79335
_10052_, 21.84, 214.88, 1.79357
_14583_, 21.84, 214.88, 1.79357
hold1320, 21.84, 214.88, 1.79357
_10048_, 21.84, 209.44, 1.79369
clkbuf_leaf_8_clk, 21.84, 209.44, 1.79369
hold1329, 21.84, 209.44, 1.79369
FILLER_0_73_32, 21.84, 209.44, 1.79369
_10046_, 21.84, 204, 1.7939
_10057_, 21.84, 204, 1.7939
_10062_, 21.84, 204, 1.7939
_14578_, 21.84, 204, 1.7939
_14585_, 21.84, 204, 1.7939
hold692, 21.84, 204, 1.7939
_17004_, 21.84, 198.56, 1.794
_17007_, 21.84, 198.56, 1.794
_11731_, 21.84, 187.68, 1.79438
_11733_, 21.84, 187.68, 1.79438
_16166_, 21.84, 187.68, 1.79438
FILLER_0_65_39, 21.84, 187.68, 1.79438
_16167_, 21.84, 182.24, 1.79449
FILLER_0_63_27, 21.84, 182.24, 1.79449
_11743_, 21.84, 171.36, 1.7948
FILLER_0_58_29, 21.84, 171.36, 1.7948
FILLER_0_59_39, 21.84, 171.36, 1.7948
_11737_, 21.84, 165.92, 1.79488
_16161_, 21.84, 165.92, 1.79488
_16164_, 21.84, 165.92, 1.79488
FILLER_0_57_27, 21.84, 165.92, 1.79488
_16169_, 21.84, 160.48, 1.79498
FILLER_0_56_41, 21.84, 160.48, 1.79498
_11675_, 21.84, 149.6, 1.79526
_11678_, 21.84, 149.6, 1.79526
_11679_, 21.84, 149.6, 1.79526
_16193_, 21.84, 149.6, 1.79526
_16195_, 21.84, 144.16, 1.79536
FILLER_0_50_41, 21.84, 144.16, 1.79536
_11671_, 21.84, 133.28, 1.79562
_16198_, 21.84, 133.28, 1.79562
_16199_, 21.84, 133.28, 1.79562
FILLER_0_44_29, 21.84, 133.28, 1.79562
FILLER_0_45_27, 21.84, 133.28, 1.79562
FILLER_0_46_41, 21.84, 133.28, 1.79562
_16197_, 21.84, 127.84, 1.79571
FILLER_0_44_37, 21.84, 127.84, 1.79571
FILLER_0_9_45, 21.84, 35.36, 1.7988
PHY_412, 5.52, 573.92, 1.79605
PHY_414, 5.52, 573.92, 1.79605
output90, 5.52, 573.92, 1.79605
PHY_413, 571.32, 573.92, 1.789
PHY_415, 571.32, 573.92, 1.789
output7, 571.32, 573.92, 1.789
FILLER_0_206_1217, 571.32, 573.92, 1.789
FILLER_0_207_21, 13.68, 573.92, 1.79609
output48, 34.64, 573.92, 1.79579
FILLER_0_207_57, 34.64, 573.92, 1.79579
FILLER_0_207_97, 47.44, 573.92, 1.79547
output16, 60.24, 573.92, 1.79515
output50, 73.04, 573.92, 1.79489
FILLER_0_206_133, 73.04, 573.92, 1.79489
FILLER_0_207_137, 73.04, 573.92, 1.79489
FILLER_0_207_159, 73.04, 573.92, 1.79489
top_139, 85.84, 573.92, 1.79464
FILLER_0_207_169, 85.84, 573.92, 1.79464
FILLER_0_206_189, 98.64, 573.92, 1.79438
FILLER_0_207_193, 98.64, 573.92, 1.79438
FILLER_0_207_209, 98.64, 573.92, 1.79438
output111, 111.44, 573.92, 1.79412
FILLER_0_207_217, 111.44, 573.92, 1.79412
output38, 124.24, 573.92, 1.79393
FILLER_0_206_245, 124.24, 573.92, 1.79393
FILLER_0_207_249, 124.24, 573.92, 1.79393
FILLER_0_207_271, 124.24, 573.92, 1.79393
output24, 137.04, 573.92, 1.79375
ANTENNA_12, 137.04, 573.92, 1.79375
FILLER_0_206_301, 149.84, 573.92, 1.79364
FILLER_0_207_301, 149.84, 573.92, 1.79364
FILLER_0_207_321, 149.84, 573.92, 1.79364
output33, 162.64, 573.92, 1.79353
top_124, 188.24, 573.92, 1.79324
FILLER_0_207_405, 188.24, 573.92, 1.79324
FILLER_0_206_413, 201.04, 573.92, 1.79298
FILLER_0_207_412, 201.04, 573.92, 1.79298
FILLER_0_207_433, 201.04, 573.92, 1.79298
output51, 213.84, 573.92, 1.79273
FILLER_0_207_441, 213.84, 573.92, 1.79273
output18, 226.64, 573.92, 1.79247
FILLER_0_206_469, 226.64, 573.92, 1.79247
FILLER_0_207_473, 226.64, 573.92, 1.79247
FILLER_0_207_477, 226.64, 573.92, 1.79247
output10, 239.44, 573.92, 1.79226
FILLER_0_207_517, 239.44, 573.92, 1.79226
FILLER_0_206_525, 252.24, 573.92, 1.7921
FILLER_0_207_525, 252.24, 573.92, 1.7921
output52, 265.04, 573.92, 1.79194
FILLER_0_207_557, 265.04, 573.92, 1.79194
output70, 277.84, 573.92, 1.7918
FILLER_0_206_581, 277.84, 573.92, 1.7918
FILLER_0_207_579, 277.84, 573.92, 1.7918
FILLER_0_207_589, 277.84, 573.92, 1.7918
FILLER_0_207_629, 290.64, 573.92, 1.79165
output11, 303.44, 573.92, 1.79151
FILLER_0_206_637, 303.44, 573.92, 1.79151
FILLER_0_207_637, 303.44, 573.92, 1.79151
output39, 316.24, 573.92, 1.79142
FILLER_0_207_669, 316.24, 573.92, 1.79142
output45, 354.64, 573.92, 1.79089
ANTENNA_17, 354.64, 573.92, 1.79089
FILLER_0_206_749, 354.64, 573.92, 1.79089
FILLER_0_207_753, 354.64, 573.92, 1.79089
output92, 367.44, 573.92, 1.79067
FILLER_0_207_779, 367.44, 573.92, 1.79067
FILLER_0_206_805, 380.24, 573.92, 1.79051
FILLER_0_207_803, 380.24, 573.92, 1.79051
FILLER_0_207_825, 380.24, 573.92, 1.79051
top_131, 393.04, 573.92, 1.79035
FILLER_0_207_832, 393.04, 573.92, 1.79035
FILLER_0_207_853, 393.04, 573.92, 1.79035
output41, 405.84, 573.92, 1.7902
FILLER_0_206_861, 405.84, 573.92, 1.7902
FILLER_0_207_861, 405.84, 573.92, 1.7902
output109, 418.64, 573.92, 1.79005
FILLER_0_207_893, 418.64, 573.92, 1.79005
FILLER_0_207_897, 418.64, 573.92, 1.79005
ANTENNA_26, 431.44, 573.92, 1.78998
FILLER_0_206_917, 431.44, 573.92, 1.78998
output108, 444.24, 573.92, 1.78991
FILLER_0_207_945, 444.24, 573.92, 1.78991
output96, 457.04, 573.92, 1.78991
FILLER_0_206_973, 457.04, 573.92, 1.78991
FILLER_0_207_977, 457.04, 573.92, 1.78991
output17, 469.84, 573.92, 1.78998
FILLER_0_207_999, 469.84, 573.92, 1.78998
FILLER_0_207_1009, 469.84, 573.92, 1.78998
output37, 495.308, 573.92, 1.78984
FILLER_0_207_1059, 495.308, 573.92, 1.78984
output12, 507.977, 573.92, 1.7896
FILLER_0_206_1085, 507.977, 573.92, 1.7896
FILLER_0_207_1089, 507.977, 573.92, 1.7896
output99, 520.645, 573.92, 1.78942
FILLER_0_207_1113, 520.645, 573.92, 1.78942
FILLER_0_207_1121, 520.645, 573.92, 1.78942
FILLER_0_206_1141, 533.314, 573.92, 1.7893
output36, 545.982, 573.92, 1.78917
FILLER_0_207_1173, 545.982, 573.92, 1.78917
output15, 558.651, 573.92, 1.78906
FILLER_0_206_1197, 558.651, 573.92, 1.78906
FILLER_0_207_1195, 558.651, 573.92, 1.78906
FILLER_0_207_1211, 558.651, 573.92, 1.78906
PHY_408, 5.52, 568.48, 1.79634
PHY_410, 5.52, 568.48, 1.79634
output34, 5.52, 568.48, 1.79634
top_137, 571.32, 568.48, 1.79049
PHY_409, 571.32, 568.48, 1.79049
PHY_411, 571.32, 568.48, 1.79049
FILLER_0_204_1217, 571.32, 568.48, 1.79049
FILLER_0_205_1221, 571.32, 568.48, 1.79049
FILLER_0_206_21, 13.68, 568.48, 1.79634
FILLER_0_205_51, 34.64, 568.48, 1.79613
FILLER_0_206_77, 34.64, 568.48, 1.79613
FILLER_0_205_105, 47.44, 568.48, 1.79592
FILLER_0_204_133, 73.04, 568.48, 1.79549
FILLER_0_205_161, 85.84, 568.48, 1.79527
FILLER_0_204_189, 98.64, 568.48, 1.79506
FILLER_0_205_217, 111.44, 568.48, 1.79484
FILLER_0_204_245, 124.24, 568.48, 1.79463
FILLER_0_205_273, 137.04, 568.48, 1.79441
FILLER_0_204_301, 149.84, 568.48, 1.79419
FILLER_0_205_329, 162.64, 568.48, 1.79398
FILLER_0_205_385, 188.24, 568.48, 1.79358
FILLER_0_204_413, 201.04, 568.48, 1.7934
FILLER_0_205_441, 213.84, 568.48, 1.79322
FILLER_0_204_469, 226.64, 568.48, 1.79304
FILLER_0_205_497, 239.44, 568.48, 1.79286
FILLER_0_204_525, 252.24, 568.48, 1.79268
FILLER_0_205_553, 265.04, 568.48, 1.7925
FILLER_0_204_581, 277.84, 568.48, 1.79232
FILLER_0_205_609, 290.64, 568.48, 1.79214
FILLER_0_204_637, 303.44, 568.48, 1.79196
FILLER_0_205_665, 316.24, 568.48, 1.79178
FILLER_0_205_721, 341.84, 568.48, 1.7915
FILLER_0_204_749, 354.64, 568.48, 1.79141
FILLER_0_205_777, 367.44, 568.48, 1.79131
FILLER_0_204_805, 380.24, 568.48, 1.79122
_13104_, 393.04, 568.48, 1.79113
FILLER_0_205_833, 393.04, 568.48, 1.79113
FILLER_0_205_841, 393.04, 568.48, 1.79113
FILLER_0_204_861, 405.84, 568.48, 1.79103
FILLER_0_205_890, 418.64, 568.48, 1.79094
FILLER_0_204_917, 431.44, 568.48, 1.79085
FILLER_0_205_945, 444.24, 568.48, 1.79076
FILLER_0_204_973, 457.04, 568.48, 1.79067
FILLER_0_205_1001, 469.84, 568.48, 1.79058
FILLER_0_205_1057, 495.308, 568.48, 1.79049
FILLER_0_204_1085, 507.977, 568.48, 1.79049
FILLER_0_205_1113, 520.645, 568.48, 1.79049
FILLER_0_204_1141, 533.314, 568.48, 1.79049
FILLER_0_205_1169, 545.982, 568.48, 1.79049
FILLER_0_204_1197, 558.651, 568.48, 1.79049
FILLER_0_205_1213, 558.651, 568.48, 1.79049
PHY_404, 5.52, 563.04, 1.79639
PHY_406, 5.52, 563.04, 1.79639
PHY_405, 571.32, 563.04, 1.7905
PHY_407, 571.32, 563.04, 1.7905
FILLER_0_202_1217, 571.32, 563.04, 1.7905
FILLER_0_203_51, 34.64, 563.04, 1.79617
FILLER_0_204_77, 34.64, 563.04, 1.79617
FILLER_0_203_105, 47.44, 563.04, 1.79595
FILLER_0_202_133, 73.04, 563.04, 1.79552
FILLER_0_203_161, 85.84, 563.04, 1.7953
FILLER_0_202_189, 98.64, 563.04, 1.79508
FILLER_0_203_217, 111.44, 563.04, 1.79487
FILLER_0_202_245, 124.24, 563.04, 1.79465
FILLER_0_203_273, 137.04, 563.04, 1.79443
FILLER_0_202_301, 149.84, 563.04, 1.79421
FILLER_0_203_329, 162.64, 563.04, 1.794
FILLER_0_203_385, 188.24, 563.04, 1.7936
FILLER_0_202_413, 201.04, 563.04, 1.79342
FILLER_0_203_441, 213.84, 563.04, 1.79323
FILLER_0_202_469, 226.64, 563.04, 1.79305
FILLER_0_203_497, 239.44, 563.04, 1.79287
FILLER_0_202_525, 252.24, 563.04, 1.79269
FILLER_0_203_553, 265.04, 563.04, 1.79251
FILLER_0_202_581, 277.84, 563.04, 1.79233
FILLER_0_203_609, 290.64, 563.04, 1.79215
FILLER_0_202_637, 303.44, 563.04, 1.79197
FILLER_0_203_665, 316.24, 563.04, 1.79179
FILLER_0_203_721, 341.84, 563.04, 1.79151
FILLER_0_202_749, 354.64, 563.04, 1.79142
FILLER_0_203_777, 367.44, 563.04, 1.79133
FILLER_0_202_805, 380.24, 563.04, 1.79124
FILLER_0_203_833, 393.04, 563.04, 1.79114
FILLER_0_202_861, 405.84, 563.04, 1.79105
FILLER_0_203_889, 418.64, 563.04, 1.79096
FILLER_0_202_917, 431.44, 563.04, 1.79087
FILLER_0_203_945, 444.24, 563.04, 1.79078
FILLER_0_202_973, 457.04, 563.04, 1.79068
FILLER_0_203_1001, 469.84, 563.04, 1.79059
FILLER_0_203_1057, 495.308, 563.04, 1.7905
FILLER_0_202_1085, 507.977, 563.04, 1.7905
FILLER_0_203_1113, 520.645, 563.04, 1.7905
FILLER_0_202_1141, 533.314, 563.04, 1.7905
FILLER_0_203_1169, 545.982, 563.04, 1.7905
FILLER_0_202_1197, 558.651, 563.04, 1.7905
PHY_400, 5.52, 557.6, 1.79643
PHY_402, 5.52, 557.6, 1.79643
PHY_401, 571.32, 557.6, 1.79051
PHY_403, 571.32, 557.6, 1.79051
FILLER_0_200_1217, 571.32, 557.6, 1.79051
FILLER_0_201_51, 34.64, 557.6, 1.79621
FILLER_0_202_77, 34.64, 557.6, 1.79621
FILLER_0_201_105, 47.44, 557.6, 1.79599
FILLER_0_200_133, 73.04, 557.6, 1.79555
FILLER_0_201_161, 85.84, 557.6, 1.79533
FILLER_0_200_189, 98.64, 557.6, 1.79511
FILLER_0_201_217, 111.44, 557.6, 1.79489
FILLER_0_200_245, 124.24, 557.6, 1.79467
FILLER_0_201_273, 137.04, 557.6, 1.79445
FILLER_0_200_301, 149.84, 557.6, 1.79423
FILLER_0_201_329, 162.64, 557.6, 1.79401
FILLER_0_201_385, 188.24, 557.6, 1.79361
FILLER_0_200_413, 201.04, 557.6, 1.79343
FILLER_0_201_441, 213.84, 557.6, 1.79324
FILLER_0_200_469, 226.64, 557.6, 1.79306
FILLER_0_201_497, 239.44, 557.6, 1.79288
FILLER_0_200_525, 252.24, 557.6, 1.7927
FILLER_0_201_553, 265.04, 557.6, 1.79252
FILLER_0_200_581, 277.84, 557.6, 1.79234
FILLER_0_201_609, 290.64, 557.6, 1.79215
FILLER_0_200_637, 303.44, 557.6, 1.79197
FILLER_0_201_665, 316.24, 557.6, 1.79179
FILLER_0_201_721, 341.84, 557.6, 1.79152
FILLER_0_200_749, 354.64, 557.6, 1.79142
FILLER_0_201_777, 367.44, 557.6, 1.79133
FILLER_0_200_805, 380.24, 557.6, 1.79124
FILLER_0_201_833, 393.04, 557.6, 1.79115
FILLER_0_200_861, 405.84, 557.6, 1.79106
FILLER_0_201_889, 418.64, 557.6, 1.79097
FILLER_0_200_917, 431.44, 557.6, 1.79088
FILLER_0_201_945, 444.24, 557.6, 1.79078
FILLER_0_200_973, 457.04, 557.6, 1.79069
FILLER_0_201_1001, 469.84, 557.6, 1.7906
FILLER_0_201_1057, 495.308, 557.6, 1.79051
FILLER_0_200_1085, 507.977, 557.6, 1.79051
FILLER_0_201_1113, 520.645, 557.6, 1.79051
FILLER_0_200_1141, 533.314, 557.6, 1.79051
FILLER_0_201_1169, 545.982, 557.6, 1.79051
FILLER_0_200_1197, 558.651, 557.6, 1.79051
PHY_396, 5.52, 552.16, 1.79636
PHY_398, 5.52, 552.16, 1.79636
output101, 5.52, 552.16, 1.79636
top_133, 571.32, 552.16, 1.79051
PHY_397, 571.32, 552.16, 1.79051
PHY_399, 571.32, 552.16, 1.79051
FILLER_0_198_1217, 571.32, 552.16, 1.79051
FILLER_0_199_1221, 571.32, 552.16, 1.79051
FILLER_0_199_53, 34.64, 552.16, 1.79622
FILLER_0_200_77, 34.64, 552.16, 1.79622
FILLER_0_199_105, 47.44, 552.16, 1.796
FILLER_0_198_133, 73.04, 552.16, 1.79556
FILLER_0_199_161, 85.84, 552.16, 1.79534
FILLER_0_198_189, 98.64, 552.16, 1.79512
FILLER_0_199_217, 111.44, 552.16, 1.7949
FILLER_0_198_245, 124.24, 552.16, 1.79468
FILLER_0_199_273, 137.04, 552.16, 1.79446
FILLER_0_198_301, 149.84, 552.16, 1.79424
FILLER_0_199_329, 162.64, 552.16, 1.79402
FILLER_0_199_385, 188.24, 552.16, 1.79361
FILLER_0_198_413, 201.04, 552.16, 1.79343
hold1005, 213.84, 552.16, 1.79325
FILLER_0_198_445, 213.84, 552.16, 1.79325
FILLER_0_199_441, 213.84, 552.16, 1.79325
FILLER_0_198_472, 226.64, 552.16, 1.79307
FILLER_0_199_497, 239.44, 552.16, 1.79288
FILLER_0_198_525, 252.24, 552.16, 1.7927
FILLER_0_199_553, 265.04, 552.16, 1.79252
FILLER_0_198_581, 277.84, 552.16, 1.79234
FILLER_0_199_609, 290.64, 552.16, 1.79215
FILLER_0_198_637, 303.44, 552.16, 1.79197
FILLER_0_199_665, 316.24, 552.16, 1.79179
FILLER_0_199_721, 341.84, 552.16, 1.79151
FILLER_0_198_749, 354.64, 552.16, 1.79142
FILLER_0_199_777, 367.44, 552.16, 1.79133
FILLER_0_198_805, 380.24, 552.16, 1.79124
FILLER_0_199_833, 393.04, 552.16, 1.79115
FILLER_0_198_861, 405.84, 552.16, 1.79106
FILLER_0_198_893, 418.64, 552.16, 1.79096
FILLER_0_199_889, 418.64, 552.16, 1.79096
FILLER_0_199_909, 418.64, 552.16, 1.79096
_08553_, 431.44, 552.16, 1.79087
_08562_, 431.44, 552.16, 1.79087
hold236, 431.44, 552.16, 1.79087
FILLER_0_199_927, 431.44, 552.16, 1.79087
hold1744, 444.24, 552.16, 1.79078
FILLER_0_199_948, 444.24, 552.16, 1.79078
_08587_, 457.04, 552.16, 1.79069
hold1639, 457.04, 552.16, 1.79069
FILLER_0_198_971, 457.04, 552.16, 1.79069
_08593_, 469.84, 552.16, 1.7906
FILLER_0_199_1001, 469.84, 552.16, 1.7906
FILLER_0_199_1057, 495.308, 552.16, 1.79051
FILLER_0_198_1085, 507.977, 552.16, 1.79051
FILLER_0_199_1113, 520.645, 552.16, 1.79051
FILLER_0_198_1141, 533.314, 552.16, 1.79051
FILLER_0_199_1169, 545.982, 552.16, 1.79051
FILLER_0_198_1197, 558.651, 552.16, 1.79051
FILLER_0_199_1213, 558.651, 552.16, 1.79051
PHY_392, 5.52, 546.72, 1.79655
PHY_394, 5.52, 546.72, 1.79655
PHY_393, 571.32, 546.72, 1.79049
PHY_395, 571.32, 546.72, 1.79049
FILLER_0_196_1217, 571.32, 546.72, 1.79049
FILLER_0_197_51, 34.64, 546.72, 1.79632
FILLER_0_198_77, 34.64, 546.72, 1.79632
FILLER_0_197_105, 47.44, 546.72, 1.79609
FILLER_0_196_133, 73.04, 546.72, 1.79563
FILLER_0_197_161, 85.84, 546.72, 1.7954
FILLER_0_196_189, 98.64, 546.72, 1.79518
FILLER_0_197_217, 111.44, 546.72, 1.79495
FILLER_0_196_245, 124.24, 546.72, 1.79472
FILLER_0_197_273, 137.04, 546.72, 1.79449
FILLER_0_196_301, 149.84, 546.72, 1.79426
FILLER_0_197_329, 162.64, 546.72, 1.79403
FILLER_0_197_385, 188.24, 546.72, 1.79361
FILLER_0_196_413, 201.04, 546.72, 1.79342
_16726_, 213.84, 546.72, 1.79323
FILLER_0_196_445, 213.84, 546.72, 1.79323
FILLER_0_197_441, 213.84, 546.72, 1.79323
_10616_, 226.64, 546.72, 1.79305
_10617_, 226.64, 546.72, 1.79305
_10620_, 226.64, 546.72, 1.79305
hold1115, 226.64, 546.72, 1.79305
_10609_, 239.44, 546.72, 1.79286
FILLER_0_197_496, 239.44, 546.72, 1.79286
FILLER_0_196_525, 252.24, 546.72, 1.79268
FILLER_0_197_556, 265.04, 546.72, 1.7925
FILLER_0_196_581, 277.84, 546.72, 1.79232
FILLER_0_197_609, 290.64, 546.72, 1.79213
FILLER_0_196_637, 303.44, 546.72, 1.79195
FILLER_0_197_665, 316.24, 546.72, 1.79177
FILLER_0_197_721, 341.84, 546.72, 1.79148
_09716_, 354.64, 546.72, 1.79137
FILLER_0_196_749, 354.64, 546.72, 1.79137
FILLER_0_196_781, 367.44, 546.72, 1.79127
FILLER_0_197_777, 367.44, 546.72, 1.79127
hold380, 380.24, 546.72, 1.79116
FILLER_0_197_833, 393.04, 546.72, 1.79105
FILLER_0_196_861, 405.84, 546.72, 1.79094
_08544_, 418.64, 546.72, 1.79084
_08545_, 418.64, 546.72, 1.79084
_08563_, 418.64, 546.72, 1.79084
_17751_, 418.64, 546.72, 1.79084
_17760_, 418.64, 546.72, 1.79084
FILLER_0_196_893, 418.64, 546.72, 1.79084
FILLER_0_197_889, 418.64, 546.72, 1.79084
_08551_, 431.44, 546.72, 1.79075
_15410_, 431.44, 546.72, 1.79075
_15415_, 431.44, 546.72, 1.79075
_15419_, 431.44, 546.72, 1.79075
_17756_, 431.44, 546.72, 1.79075
_17757_, 431.44, 546.72, 1.79075
hold932, 431.44, 546.72, 1.79075
FILLER_0_196_918, 431.44, 546.72, 1.79075
_08552_, 444.24, 546.72, 1.79067
_08596_, 444.24, 546.72, 1.79067
_08597_, 444.24, 546.72, 1.79067
_17734_, 444.24, 546.72, 1.79067
_17739_, 444.24, 546.72, 1.79067
hold1719, 444.24, 546.72, 1.79067
FILLER_0_198_958, 444.24, 546.72, 1.79067
_08586_, 457.04, 546.72, 1.79061
_08590_, 457.04, 546.72, 1.79061
_08591_, 457.04, 546.72, 1.79061
_15391_, 457.04, 546.72, 1.79061
_15396_, 457.04, 546.72, 1.79061
hold1909, 457.04, 546.72, 1.79061
FILLER_0_198_989, 457.04, 546.72, 1.79061
_08589_, 469.84, 546.72, 1.79055
_08592_, 469.84, 546.72, 1.79055
_15395_, 469.84, 546.72, 1.79055
hold1258, 469.84, 546.72, 1.79055
FILLER_0_197_1057, 495.308, 546.72, 1.79049
FILLER_0_196_1085, 507.977, 546.72, 1.79049
FILLER_0_197_1113, 520.645, 546.72, 1.79049
FILLER_0_196_1141, 533.314, 546.72, 1.79049
FILLER_0_197_1169, 545.982, 546.72, 1.79049
FILLER_0_196_1197, 558.651, 546.72, 1.79049
PHY_388, 5.52, 541.28, 1.79662
PHY_390, 5.52, 541.28, 1.79662
PHY_389, 571.32, 541.28, 1.79046
PHY_391, 571.32, 541.28, 1.79046
FILLER_0_194_1217, 571.32, 541.28, 1.79046
FILLER_0_195_51, 34.64, 541.28, 1.79638
FILLER_0_196_77, 34.64, 541.28, 1.79638
FILLER_0_195_105, 47.44, 541.28, 1.79614
FILLER_0_194_133, 73.04, 541.28, 1.79567
FILLER_0_195_161, 85.84, 541.28, 1.79543
FILLER_0_194_189, 98.64, 541.28, 1.79519
FILLER_0_195_217, 111.44, 541.28, 1.79496
FILLER_0_194_245, 124.24, 541.28, 1.79472
FILLER_0_195_273, 137.04, 541.28, 1.79448
FILLER_0_194_301, 149.84, 541.28, 1.79425
FILLER_0_195_329, 162.64, 541.28, 1.79401
_16741_, 188.24, 541.28, 1.79352
FILLER_0_194_389, 188.24, 541.28, 1.79352
FILLER_0_195_385, 188.24, 541.28, 1.79352
FILLER_0_195_405, 188.24, 541.28, 1.79352
_10568_, 201.04, 541.28, 1.79328
_14289_, 201.04, 541.28, 1.79328
_16748_, 201.04, 541.28, 1.79328
hold200, 201.04, 541.28, 1.79328
hold924, 201.04, 541.28, 1.79328
FILLER_0_195_413, 201.04, 541.28, 1.79328
FILLER_0_196_433, 201.04, 541.28, 1.79328
_10574_, 213.84, 541.28, 1.79305
_10612_, 213.84, 541.28, 1.79305
_10613_, 213.84, 541.28, 1.79305
_14272_, 213.84, 541.28, 1.79305
_16722_, 213.84, 541.28, 1.79305
_16724_, 213.84, 541.28, 1.79305
hold383, 213.84, 541.28, 1.79305
FILLER_0_195_439, 213.84, 541.28, 1.79305
FILLER_0_195_449, 213.84, 541.28, 1.79305
_10621_, 226.64, 541.28, 1.79283
_14268_, 226.64, 541.28, 1.79283
_14270_, 226.64, 541.28, 1.79283
_14273_, 226.64, 541.28, 1.79283
_16727_, 226.64, 541.28, 1.79283
_16728_, 226.64, 541.28, 1.79283
hold1107, 226.64, 541.28, 1.79283
FILLER_0_194_480, 226.64, 541.28, 1.79283
_10608_, 239.44, 541.28, 1.79263
_10615_, 239.44, 541.28, 1.79263
_14271_, 239.44, 541.28, 1.79263
_14274_, 239.44, 541.28, 1.79263
clkbuf_leaf_85_clk, 239.44, 541.28, 1.79263
hold689, 239.44, 541.28, 1.79263
hold1007, 239.44, 541.28, 1.79263
_10614_, 252.24, 541.28, 1.79247
FILLER_0_195_550, 252.24, 541.28, 1.79247
FILLER_0_194_557, 265.04, 541.28, 1.79232
_10628_, 290.64, 541.28, 1.792
_10629_, 290.64, 541.28, 1.792
_14263_, 290.64, 541.28, 1.792
hold801, 290.64, 541.28, 1.792
FILLER_0_195_609, 290.64, 541.28, 1.792
FILLER_0_194_638, 303.44, 541.28, 1.79185
FILLER_0_195_665, 316.24, 541.28, 1.79169
_17174_, 341.84, 541.28, 1.7914
FILLER_0_195_721, 341.84, 541.28, 1.7914
_09710_, 354.64, 541.28, 1.79127
_09711_, 354.64, 541.28, 1.79127
_09717_, 354.64, 541.28, 1.79127
_09719_, 354.64, 541.28, 1.79127
_14769_, 354.64, 541.28, 1.79127
_14770_, 354.64, 541.28, 1.79127
_17177_, 354.64, 541.28, 1.79127
hold1885, 354.64, 541.28, 1.79127
_09706_, 367.44, 541.28, 1.79115
_09707_, 367.44, 541.28, 1.79115
_14775_, 367.44, 541.28, 1.79115
_17171_, 367.44, 541.28, 1.79115
_17179_, 367.44, 541.28, 1.79115
hold1173, 367.44, 541.28, 1.79115
FILLER_0_196_789, 367.44, 541.28, 1.79115
_09722_, 380.24, 541.28, 1.79105
_09723_, 380.24, 541.28, 1.79105
hold913, 380.24, 541.28, 1.79105
FILLER_0_195_832, 393.04, 541.28, 1.79095
FILLER_0_194_857, 405.84, 541.28, 1.79085
FILLER_0_194_865, 405.84, 541.28, 1.79085
_17759_, 418.64, 541.28, 1.79074
FILLER_0_195_889, 418.64, 541.28, 1.79074
FILLER_0_195_909, 418.64, 541.28, 1.79074
_08546_, 431.44, 541.28, 1.79065
_15416_, 431.44, 541.28, 1.79065
_15418_, 431.44, 541.28, 1.79065
hold621, 431.44, 541.28, 1.79065
FILLER_0_195_929, 431.44, 541.28, 1.79065
FILLER_0_195_937, 431.44, 541.28, 1.79065
_08550_, 444.24, 541.28, 1.79055
clkbuf_leaf_129_clk, 444.24, 541.28, 1.79055
FILLER_0_195_948, 444.24, 541.28, 1.79055
_15394_, 457.04, 541.28, 1.79051
_17737_, 457.04, 541.28, 1.79051
_17738_, 457.04, 541.28, 1.79051
hold1749, 457.04, 541.28, 1.79051
FILLER_0_194_981, 457.04, 541.28, 1.79051
FILLER_0_195_977, 457.04, 541.28, 1.79051
_08588_, 469.84, 541.28, 1.79048
_08638_, 469.84, 541.28, 1.79048
_15393_, 469.84, 541.28, 1.79048
hold1921, 469.84, 541.28, 1.79048
hold2121, 469.84, 541.28, 1.79048
FILLER_0_194_1007, 469.84, 541.28, 1.79048
_08626_, 495.308, 541.28, 1.79046
_08635_, 495.308, 541.28, 1.79046
_15370_, 495.308, 541.28, 1.79046
_15374_, 495.308, 541.28, 1.79046
hold1618, 495.308, 541.28, 1.79046
FILLER_0_194_1087, 507.977, 541.28, 1.79046
FILLER_0_195_1113, 520.645, 541.28, 1.79046
FILLER_0_194_1141, 533.314, 541.28, 1.79046
FILLER_0_195_1169, 545.982, 541.28, 1.79046
FILLER_0_194_1197, 558.651, 541.28, 1.79046
PHY_384, 5.52, 535.84, 1.79671
PHY_386, 5.52, 535.84, 1.79671
PHY_385, 571.32, 535.84, 1.79045
PHY_387, 571.32, 535.84, 1.79045
FILLER_0_192_1217, 571.32, 535.84, 1.79045
FILLER_0_193_51, 34.64, 535.84, 1.79647
FILLER_0_194_77, 34.64, 535.84, 1.79647
FILLER_0_193_105, 47.44, 535.84, 1.79622
FILLER_0_192_133, 73.04, 535.84, 1.79574
FILLER_0_193_161, 85.84, 535.84, 1.7955
FILLER_0_192_189, 98.64, 535.84, 1.79526
FILLER_0_192_197, 98.64, 535.84, 1.79526
hold927, 111.44, 535.84, 1.79502
FILLER_0_193_217, 111.44, 535.84, 1.79502
FILLER_0_193_273, 137.04, 535.84, 1.79454
FILLER_0_192_301, 149.84, 535.84, 1.79429
FILLER_0_193_329, 162.64, 535.84, 1.79405
_10580_, 188.24, 535.84, 1.79361
_10582_, 188.24, 535.84, 1.79361
_10583_, 188.24, 535.84, 1.79361
_14290_, 188.24, 535.84, 1.79361
FILLER_0_192_389, 188.24, 535.84, 1.79361
FILLER_0_193_385, 188.24, 535.84, 1.79361
FILLER_0_193_393, 188.24, 535.84, 1.79361
FILLER_0_193_401, 188.24, 535.84, 1.79361
_10569_, 201.04, 535.84, 1.79341
_10575_, 201.04, 535.84, 1.79341
_14293_, 201.04, 535.84, 1.79341
_14296_, 201.04, 535.84, 1.79341
_16745_, 201.04, 535.84, 1.79341
FILLER_0_192_421, 201.04, 535.84, 1.79341
FILLER_0_193_424, 201.04, 535.84, 1.79341
FILLER_0_194_465, 213.84, 535.84, 1.79321
_10611_, 226.64, 535.84, 1.79302
FILLER_0_193_485, 226.64, 535.84, 1.79302
FILLER_0_194_492, 226.64, 535.84, 1.79302
_10610_, 239.44, 535.84, 1.79282
_10623_, 239.44, 535.84, 1.79282
hold2124, 239.44, 535.84, 1.79282
FILLER_0_193_501, 239.44, 535.84, 1.79282
FILLER_0_193_505, 239.44, 535.84, 1.79282
_10705_, 252.24, 535.84, 1.79263
FILLER_0_192_536, 252.24, 535.84, 1.79263
_10632_, 265.04, 535.84, 1.79243
_10633_, 265.04, 535.84, 1.79243
_14261_, 265.04, 535.84, 1.79243
_16716_, 265.04, 535.84, 1.79243
hold851, 265.04, 535.84, 1.79243
FILLER_0_193_553, 265.04, 535.84, 1.79243
_10627_, 277.84, 535.84, 1.79225
_14264_, 277.84, 535.84, 1.79225
_16718_, 277.84, 535.84, 1.79225
hold1393, 277.84, 535.84, 1.79225
FILLER_0_193_587, 277.84, 535.84, 1.79225
FILLER_0_194_601, 277.84, 535.84, 1.79225
_10634_, 290.64, 535.84, 1.79207
_10635_, 290.64, 535.84, 1.79207
_14260_, 290.64, 535.84, 1.79207
hold1640, 290.64, 535.84, 1.79207
FILLER_0_192_635, 303.44, 535.84, 1.7919
FILLER_0_193_668, 316.24, 535.84, 1.79172
FILLER_0_193_721, 341.84, 535.84, 1.79141
FILLER_0_193_741, 341.84, 535.84, 1.79141
FILLER_0_194_737, 341.84, 535.84, 1.79141
_17173_, 354.64, 535.84, 1.79128
hold1667, 354.64, 535.84, 1.79128
FILLER_0_192_749, 354.64, 535.84, 1.79128
_09718_, 367.44, 535.84, 1.79115
_14773_, 367.44, 535.84, 1.79115
_17180_, 367.44, 535.84, 1.79115
hold440, 367.44, 535.84, 1.79115
FILLER_0_192_781, 367.44, 535.84, 1.79115
FILLER_0_193_781, 367.44, 535.84, 1.79115
_09704_, 380.24, 535.84, 1.79104
FILLER_0_192_801, 380.24, 535.84, 1.79104
FILLER_0_192_809, 380.24, 535.84, 1.79104
FILLER_0_192_837, 393.04, 535.84, 1.79092
FILLER_0_193_834, 393.04, 535.84, 1.79092
FILLER_0_193_853, 393.04, 535.84, 1.79092
_17691_, 405.84, 535.84, 1.7908
hold433, 405.84, 535.84, 1.7908
hold435, 405.84, 535.84, 1.7908
hold1108, 405.84, 535.84, 1.7908
_08547_, 418.64, 535.84, 1.7907
_08683_, 418.64, 535.84, 1.7907
clkbuf_leaf_119_clk, 418.64, 535.84, 1.7907
FILLER_0_192_889, 418.64, 535.84, 1.7907
FILLER_0_193_887, 418.64, 535.84, 1.7907
FILLER_0_193_897, 418.64, 535.84, 1.7907
FILLER_0_193_904, 418.64, 535.84, 1.7907
_08556_, 431.44, 535.84, 1.79063
_08557_, 431.44, 535.84, 1.79063
_15413_, 431.44, 535.84, 1.79063
_17754_, 431.44, 535.84, 1.79063
hold1865, 431.44, 535.84, 1.79063
_17732_, 444.24, 535.84, 1.79057
hold1660, 444.24, 535.84, 1.79057
FILLER_0_192_952, 444.24, 535.84, 1.79057
FILLER_0_193_949, 444.24, 535.84, 1.79057
_08600_, 457.04, 535.84, 1.79052
_17736_, 457.04, 535.84, 1.79052
_08639_, 469.84, 535.84, 1.79048
_17713_, 469.84, 535.84, 1.79048
FILLER_0_193_1000, 469.84, 535.84, 1.79048
FILLER_0_193_1009, 469.84, 535.84, 1.79048
FILLER_0_193_1021, 469.84, 535.84, 1.79048
_08634_, 495.308, 535.84, 1.79045
hold2003, 495.308, 535.84, 1.79045
FILLER_0_192_1085, 507.977, 535.84, 1.79045
FILLER_0_193_1116, 520.645, 535.84, 1.79045
FILLER_0_192_1141, 533.314, 535.84, 1.79045
FILLER_0_193_1169, 545.982, 535.84, 1.79045
FILLER_0_192_1197, 558.651, 535.84, 1.79045
PHY_380, 5.52, 530.4, 1.79668
PHY_382, 5.52, 530.4, 1.79668
output85, 5.52, 530.4, 1.79668
PHY_381, 571.32, 530.4, 1.79046
PHY_383, 571.32, 530.4, 1.79046
output65, 571.32, 530.4, 1.79046
FILLER_0_190_1217, 571.32, 530.4, 1.79046
FILLER_0_192_21, 13.68, 530.4, 1.79672
FILLER_0_190_53, 34.64, 530.4, 1.7965
FILLER_0_190_61, 34.64, 530.4, 1.7965
FILLER_0_191_51, 34.64, 530.4, 1.7965
FILLER_0_192_77, 34.64, 530.4, 1.7965
hold741, 47.44, 530.4, 1.79624
FILLER_0_191_105, 47.44, 530.4, 1.79624
_09411_, 73.04, 530.4, 1.79574
FILLER_0_190_146, 73.04, 530.4, 1.79574
_09523_, 85.84, 530.4, 1.79548
FILLER_0_191_161, 85.84, 530.4, 1.79548
FILLER_0_191_181, 85.84, 530.4, 1.79548
_09520_, 98.64, 530.4, 1.79523
_09521_, 98.64, 530.4, 1.79523
_09522_, 98.64, 530.4, 1.79523
_14878_, 98.64, 530.4, 1.79523
_17272_, 98.64, 530.4, 1.79523
hold1231, 98.64, 530.4, 1.79523
FILLER_0_191_191, 98.64, 530.4, 1.79523
FILLER_0_192_209, 98.64, 530.4, 1.79523
_09511_, 111.44, 530.4, 1.79499
_09518_, 111.44, 530.4, 1.79499
_14884_, 111.44, 530.4, 1.79499
hold1461, 111.44, 530.4, 1.79499
FILLER_0_190_245, 124.24, 530.4, 1.79474
FILLER_0_191_273, 137.04, 530.4, 1.7945
FILLER_0_190_301, 149.84, 530.4, 1.79425
FILLER_0_191_329, 162.64, 530.4, 1.79401
_10573_, 188.24, 530.4, 1.7935
_10581_, 188.24, 530.4, 1.7935
_16746_, 188.24, 530.4, 1.7935
hold900, 188.24, 530.4, 1.7935
FILLER_0_191_385, 188.24, 530.4, 1.7935
FILLER_0_192_411, 188.24, 530.4, 1.7935
_14294_, 201.04, 530.4, 1.79324
_16743_, 201.04, 530.4, 1.79324
clkbuf_leaf_82_clk, 201.04, 530.4, 1.79324
hold965, 201.04, 530.4, 1.79324
FILLER_0_191_424, 201.04, 530.4, 1.79324
FILLER_0_192_429, 201.04, 530.4, 1.79324
_10578_, 213.84, 530.4, 1.79303
_10579_, 213.84, 530.4, 1.79303
_14291_, 213.84, 530.4, 1.79303
hold1801, 213.84, 530.4, 1.79303
_16721_, 226.64, 530.4, 1.79282
_16725_, 226.64, 530.4, 1.79282
FILLER_0_190_477, 226.64, 530.4, 1.79282
FILLER_0_191_476, 226.64, 530.4, 1.79282
FILLER_0_192_489, 226.64, 530.4, 1.79282
_10622_, 239.44, 530.4, 1.79262
_14267_, 239.44, 530.4, 1.79262
hold1806, 239.44, 530.4, 1.79262
FILLER_0_190_500, 239.44, 530.4, 1.79262
FILLER_0_191_520, 239.44, 530.4, 1.79262
_10704_, 252.24, 530.4, 1.79243
_10720_, 252.24, 530.4, 1.79243
_14213_, 252.24, 530.4, 1.79243
_14221_, 252.24, 530.4, 1.79243
_16672_, 252.24, 530.4, 1.79243
_16680_, 252.24, 530.4, 1.79243
hold1466, 252.24, 530.4, 1.79243
_16712_, 265.04, 530.4, 1.79225
_16719_, 265.04, 530.4, 1.79225
hold688, 265.04, 530.4, 1.79225
hold1510, 265.04, 530.4, 1.79225
FILLER_0_191_561, 265.04, 530.4, 1.79225
FILLER_0_192_565, 265.04, 530.4, 1.79225
_10626_, 277.84, 530.4, 1.79209
_10640_, 277.84, 530.4, 1.79209
_14257_, 277.84, 530.4, 1.79209
_16715_, 277.84, 530.4, 1.79209
_16720_, 277.84, 530.4, 1.79209
hold1526, 277.84, 530.4, 1.79209
FILLER_0_190_582, 277.84, 530.4, 1.79209
FILLER_0_190_589, 277.84, 530.4, 1.79209
FILLER_0_192_600, 277.84, 530.4, 1.79209
hold1264, 290.64, 530.4, 1.79194
FILLER_0_191_612, 290.64, 530.4, 1.79194
_09588_, 303.44, 530.4, 1.7918
_09589_, 303.44, 530.4, 1.7918
_09596_, 303.44, 530.4, 1.7918
_09597_, 303.44, 530.4, 1.7918
hold151, 303.44, 530.4, 1.7918
FILLER_0_191_641, 303.44, 530.4, 1.7918
FILLER_0_191_665, 316.24, 530.4, 1.79165
_09637_, 341.84, 530.4, 1.79137
FILLER_0_190_729, 341.84, 530.4, 1.79137
FILLER_0_191_721, 341.84, 530.4, 1.79137
hold2095, 354.64, 530.4, 1.79124
_09705_, 367.44, 530.4, 1.7911
_09714_, 367.44, 530.4, 1.7911
_14767_, 367.44, 530.4, 1.7911
_14776_, 367.44, 530.4, 1.7911
FILLER_0_191_781, 367.44, 530.4, 1.7911
FILLER_0_192_791, 367.44, 530.4, 1.7911
clkbuf_leaf_118_clk, 380.24, 530.4, 1.79097
FILLER_0_190_802, 380.24, 530.4, 1.79097
_08678_, 393.04, 530.4, 1.79088
_08679_, 393.04, 530.4, 1.79088
_15346_, 393.04, 530.4, 1.79088
_17693_, 393.04, 530.4, 1.79088
_17696_, 393.04, 530.4, 1.79088
FILLER_0_191_830, 393.04, 530.4, 1.79088
FILLER_0_192_845, 393.04, 530.4, 1.79088
_08672_, 405.84, 530.4, 1.79081
_08676_, 405.84, 530.4, 1.79081
_08677_, 405.84, 530.4, 1.79081
_08682_, 405.84, 530.4, 1.79081
_15344_, 405.84, 530.4, 1.79081
_15347_, 405.84, 530.4, 1.79081
_17694_, 405.84, 530.4, 1.79081
_08667_, 418.64, 530.4, 1.79074
_08669_, 418.64, 530.4, 1.79074
_15351_, 418.64, 530.4, 1.79074
_08561_, 431.44, 530.4, 1.79068
_17752_, 431.44, 530.4, 1.79068
FILLER_0_190_916, 431.44, 530.4, 1.79068
FILLER_0_190_925, 431.44, 530.4, 1.79068
FILLER_0_192_928, 431.44, 530.4, 1.79068
FILLER_0_192_934, 431.44, 530.4, 1.79068
_08560_, 444.24, 530.4, 1.79062
_08601_, 444.24, 530.4, 1.79062
_15389_, 444.24, 530.4, 1.79062
_17733_, 444.24, 530.4, 1.79062
FILLER_0_191_946, 444.24, 530.4, 1.79062
FILLER_0_192_962, 444.24, 530.4, 1.79062
_15390_, 457.04, 530.4, 1.79057
hold1256, 457.04, 530.4, 1.79057
FILLER_0_190_969, 457.04, 530.4, 1.79057
FILLER_0_190_977, 457.04, 530.4, 1.79057
FILLER_0_190_981, 457.04, 530.4, 1.79057
_08603_, 469.84, 530.4, 1.79052
FILLER_0_190_1005, 469.84, 530.4, 1.79052
FILLER_0_191_997, 469.84, 530.4, 1.79052
FILLER_0_191_1005, 469.84, 530.4, 1.79052
FILLER_0_191_1021, 469.84, 530.4, 1.79052
FILLER_0_190_1081, 507.977, 530.4, 1.79047
FILLER_0_190_1089, 507.977, 530.4, 1.79047
FILLER_0_191_1113, 520.645, 530.4, 1.79047
FILLER_0_190_1141, 533.314, 530.4, 1.79046
FILLER_0_191_1169, 545.982, 530.4, 1.79046
FILLER_0_190_1197, 558.651, 530.4, 1.79046
FILLER_0_191_1213, 558.651, 530.4, 1.79046
PHY_376, 5.52, 524.96, 1.79686
PHY_378, 5.52, 524.96, 1.79686
PHY_377, 571.32, 524.96, 1.7904
PHY_379, 571.32, 524.96, 1.7904
FILLER_0_188_1217, 571.32, 524.96, 1.7904
_09398_, 34.64, 524.96, 1.79653
_09399_, 34.64, 524.96, 1.79653
_14946_, 34.64, 524.96, 1.79653
_17332_, 34.64, 524.96, 1.79653
_17333_, 34.64, 524.96, 1.79653
_17336_, 34.64, 524.96, 1.79653
FILLER_0_188_53, 34.64, 524.96, 1.79653
FILLER_0_189_51, 34.64, 524.96, 1.79653
FILLER_0_189_57, 34.64, 524.96, 1.79653
_09393_, 47.44, 524.96, 1.79622
_09400_, 47.44, 524.96, 1.79622
_14949_, 47.44, 524.96, 1.79622
_17340_, 47.44, 524.96, 1.79622
hold1191, 47.44, 524.96, 1.79622
hold1598, 47.44, 524.96, 1.79622
FILLER_0_190_96, 47.44, 524.96, 1.79622
_09384_, 60.24, 524.96, 1.79593
_09385_, 60.24, 524.96, 1.79593
_09388_, 60.24, 524.96, 1.79593
_09389_, 60.24, 524.96, 1.79593
_14953_, 60.24, 524.96, 1.79593
hold514, 60.24, 524.96, 1.79593
hold533, 60.24, 524.96, 1.79593
FILLER_0_189_131, 60.24, 524.96, 1.79593
_09410_, 73.04, 524.96, 1.79563
_09414_, 73.04, 524.96, 1.79563
_09415_, 73.04, 524.96, 1.79563
_14939_, 73.04, 524.96, 1.79563
_17327_, 73.04, 524.96, 1.79563
hold436, 73.04, 524.96, 1.79563
hold964, 73.04, 524.96, 1.79563
FILLER_0_189_158, 73.04, 524.96, 1.79563
_09418_, 85.84, 524.96, 1.79534
_09419_, 85.84, 524.96, 1.79534
_14935_, 85.84, 524.96, 1.79534
_17271_, 85.84, 524.96, 1.79534
_17280_, 85.84, 524.96, 1.79534
hold622, 85.84, 524.96, 1.79534
FILLER_0_189_164, 85.84, 524.96, 1.79534
_09504_, 98.64, 524.96, 1.79507
_09505_, 98.64, 524.96, 1.79507
_09519_, 98.64, 524.96, 1.79507
_14879_, 98.64, 524.96, 1.79507
_14880_, 98.64, 524.96, 1.79507
clkbuf_leaf_70_clk, 98.64, 524.96, 1.79507
hold203, 98.64, 524.96, 1.79507
_09510_, 111.44, 524.96, 1.79484
_17277_, 111.44, 524.96, 1.79484
hold560, 111.44, 524.96, 1.79484
FILLER_0_188_245, 124.24, 524.96, 1.79462
FILLER_0_189_269, 124.24, 524.96, 1.79462
FILLER_0_189_277, 137.04, 524.96, 1.7944
_11083_, 162.64, 524.96, 1.79395
_16491_, 162.64, 524.96, 1.79395
FILLER_0_188_333, 162.64, 524.96, 1.79395
FILLER_0_188_341, 162.64, 524.96, 1.79395
FILLER_0_189_329, 162.64, 524.96, 1.79395
FILLER_0_189_337, 162.64, 524.96, 1.79395
FILLER_0_190_345, 162.64, 524.96, 1.79395
FILLER_0_190_355, 162.64, 524.96, 1.79395
_10570_, 188.24, 524.96, 1.79351
_10572_, 188.24, 524.96, 1.79351
_11078_, 188.24, 524.96, 1.79351
FILLER_0_188_388, 188.24, 524.96, 1.79351
_10567_, 201.04, 524.96, 1.79327
FILLER_0_188_421, 201.04, 524.96, 1.79327
FILLER_0_189_433, 201.04, 524.96, 1.79327
FILLER_0_190_433, 201.04, 524.96, 1.79327
_10566_, 213.84, 524.96, 1.79304
_10618_, 213.84, 524.96, 1.79304
_10619_, 213.84, 524.96, 1.79304
_16723_, 213.84, 524.96, 1.79304
hold348, 213.84, 524.96, 1.79304
FILLER_0_188_452, 213.84, 524.96, 1.79304
FILLER_0_189_440, 213.84, 524.96, 1.79304
_10607_, 226.64, 524.96, 1.79282
_14269_, 226.64, 524.96, 1.79282
_14275_, 226.64, 524.96, 1.79282
_16729_, 226.64, 524.96, 1.79282
hold998, 226.64, 524.96, 1.79282
FILLER_0_189_473, 226.64, 524.96, 1.79282
FILLER_0_190_493, 226.64, 524.96, 1.79282
_10710_, 239.44, 524.96, 1.7926
_10711_, 239.44, 524.96, 1.7926
_16677_, 239.44, 524.96, 1.7926
hold1275, 239.44, 524.96, 1.7926
hold1318, 239.44, 524.96, 1.7926
FILLER_0_188_504, 239.44, 524.96, 1.7926
FILLER_0_190_512, 239.44, 524.96, 1.7926
_10721_, 252.24, 524.96, 1.79239
_16674_, 252.24, 524.96, 1.79239
FILLER_0_188_526, 252.24, 524.96, 1.79239
FILLER_0_188_533, 252.24, 524.96, 1.79239
FILLER_0_189_528, 252.24, 524.96, 1.79239
_10641_, 265.04, 524.96, 1.79219
_10716_, 265.04, 524.96, 1.79219
FILLER_0_188_559, 265.04, 524.96, 1.79219
FILLER_0_189_555, 265.04, 524.96, 1.79219
FILLER_0_189_573, 265.04, 524.96, 1.79219
FILLER_0_190_573, 265.04, 524.96, 1.79219
_10625_, 277.84, 524.96, 1.79199
_14265_, 277.84, 524.96, 1.79199
clkbuf_leaf_86_clk, 277.84, 524.96, 1.79199
FILLER_0_188_585, 277.84, 524.96, 1.79199
_10624_, 290.64, 524.96, 1.79184
_10638_, 290.64, 524.96, 1.79184
_14262_, 290.64, 524.96, 1.79184
_17238_, 290.64, 524.96, 1.79184
hold2084, 290.64, 524.96, 1.79184
FILLER_0_189_608, 290.64, 524.96, 1.79184
FILLER_0_189_617, 290.64, 524.96, 1.79184
FILLER_0_189_625, 290.64, 524.96, 1.79184
FILLER_0_190_624, 290.64, 524.96, 1.79184
FILLER_0_190_632, 290.64, 524.96, 1.79184
_09603_, 303.44, 524.96, 1.7917
_14833_, 303.44, 524.96, 1.7917
_14840_, 303.44, 524.96, 1.7917
_17234_, 303.44, 524.96, 1.7917
hold742, 303.44, 524.96, 1.7917
_09592_, 316.24, 524.96, 1.79157
_09593_, 316.24, 524.96, 1.79157
_14838_, 316.24, 524.96, 1.79157
_17213_, 316.24, 524.96, 1.79157
hold1485, 316.24, 524.96, 1.79157
_09641_, 341.84, 524.96, 1.79126
_09643_, 341.84, 524.96, 1.79126
_17211_, 341.84, 524.96, 1.79126
_17214_, 341.84, 524.96, 1.79126
clkbuf_leaf_116_clk, 341.84, 524.96, 1.79126
FILLER_0_189_719, 341.84, 524.96, 1.79126
FILLER_0_189_725, 341.84, 524.96, 1.79126
FILLER_0_189_729, 341.84, 524.96, 1.79126
_09636_, 354.64, 524.96, 1.79115
_09713_, 354.64, 524.96, 1.79115
_09715_, 354.64, 524.96, 1.79115
_14771_, 354.64, 524.96, 1.79115
_17176_, 354.64, 524.96, 1.79115
hold1774, 354.64, 524.96, 1.79115
FILLER_0_189_761, 354.64, 524.96, 1.79115
FILLER_0_190_765, 354.64, 524.96, 1.79115
_09709_, 367.44, 524.96, 1.79105
_09712_, 367.44, 524.96, 1.79105
_14774_, 367.44, 524.96, 1.79105
_17178_, 367.44, 524.96, 1.79105
hold1702, 367.44, 524.96, 1.79105
hold1874, 367.44, 524.96, 1.79105
FILLER_0_188_781, 367.44, 524.96, 1.79105
_09708_, 380.24, 524.96, 1.79096
hold905, 380.24, 524.96, 1.79096
FILLER_0_188_807, 380.24, 524.96, 1.79096
FILLER_0_190_825, 380.24, 524.96, 1.79096
_08673_, 393.04, 524.96, 1.79086
hold902, 393.04, 524.96, 1.79086
FILLER_0_189_835, 393.04, 524.96, 1.79086
_15349_, 405.84, 524.96, 1.79077
_15352_, 405.84, 524.96, 1.79077
_17698_, 405.84, 524.96, 1.79077
_17699_, 405.84, 524.96, 1.79077
FILLER_0_188_857, 405.84, 524.96, 1.79077
FILLER_0_188_865, 405.84, 524.96, 1.79077
FILLER_0_189_872, 405.84, 524.96, 1.79077
FILLER_0_190_872, 405.84, 524.96, 1.79077
_08666_, 418.64, 524.96, 1.7907
_08668_, 418.64, 524.96, 1.7907
_17753_, 418.64, 524.96, 1.7907
hold625, 418.64, 524.96, 1.7907
hold1756, 418.64, 524.96, 1.7907
FILLER_0_189_903, 418.64, 524.96, 1.7907
_08558_, 431.44, 524.96, 1.79063
_08559_, 431.44, 524.96, 1.79063
_15411_, 431.44, 524.96, 1.79063
_15412_, 431.44, 524.96, 1.79063
hold246, 431.44, 524.96, 1.79063
hold674, 431.44, 524.96, 1.79063
FILLER_0_188_913, 431.44, 524.96, 1.79063
_08598_, 444.24, 524.96, 1.79056
_08599_, 444.24, 524.96, 1.79056
_17735_, 444.24, 524.96, 1.79056
hold1718, 444.24, 524.96, 1.79056
_08584_, 457.04, 524.96, 1.7905
_08585_, 457.04, 524.96, 1.7905
_15392_, 457.04, 524.96, 1.7905
_17740_, 457.04, 524.96, 1.7905
hold1202, 457.04, 524.96, 1.7905
hold1261, 457.04, 524.96, 1.7905
FILLER_0_188_977, 457.04, 524.96, 1.7905
_08602_, 469.84, 524.96, 1.79045
_08643_, 469.84, 524.96, 1.79045
_15366_, 469.84, 524.96, 1.79045
_15388_, 469.84, 524.96, 1.79045
_15397_, 469.84, 524.96, 1.79045
_17711_, 469.84, 524.96, 1.79045
hold1990, 469.84, 524.96, 1.79045
_08624_, 495.308, 524.96, 1.7904
_08625_, 495.308, 524.96, 1.7904
_15375_, 495.308, 524.96, 1.7904
_17720_, 495.308, 524.96, 1.7904
hold1044, 495.308, 524.96, 1.7904
FILLER_0_189_1053, 495.308, 524.96, 1.7904
FILLER_0_189_1068, 495.308, 524.96, 1.7904
FILLER_0_188_1089, 507.977, 524.96, 1.7904
FILLER_0_189_1116, 520.645, 524.96, 1.7904
FILLER_0_188_1141, 533.314, 524.96, 1.7904
FILLER_0_189_1169, 545.982, 524.96, 1.7904
FILLER_0_188_1197, 558.651, 524.96, 1.7904
PHY_372, 5.52, 519.52, 1.79701
PHY_374, 5.52, 519.52, 1.79701
PHY_373, 571.32, 519.52, 1.79046
PHY_375, 571.32, 519.52, 1.79046
FILLER_0_186_1217, 571.32, 519.52, 1.79046
_09401_, 34.64, 519.52, 1.79671
_14945_, 34.64, 519.52, 1.79671
FILLER_0_187_51, 34.64, 519.52, 1.79671
FILLER_0_187_57, 34.64, 519.52, 1.79671
FILLER_0_187_65, 34.64, 519.52, 1.79671
FILLER_0_187_71, 34.64, 519.52, 1.79671
_09392_, 47.44, 519.52, 1.79641
_17338_, 47.44, 519.52, 1.79641
FILLER_0_187_101, 47.44, 519.52, 1.79641
FILLER_0_188_96, 47.44, 519.52, 1.79641
_14951_, 60.24, 519.52, 1.79612
FILLER_0_186_109, 60.24, 519.52, 1.79612
FILLER_0_186_117, 60.24, 519.52, 1.79612
FILLER_0_187_109, 60.24, 519.52, 1.79612
FILLER_0_187_128, 60.24, 519.52, 1.79612
FILLER_0_188_123, 60.24, 519.52, 1.79612
FILLER_0_188_131, 60.24, 519.52, 1.79612
_14936_, 73.04, 519.52, 1.79583
_14937_, 73.04, 519.52, 1.79583
_17323_, 73.04, 519.52, 1.79583
_17325_, 73.04, 519.52, 1.79583
FILLER_0_187_159, 73.04, 519.52, 1.79583
_09421_, 85.84, 519.52, 1.79555
_17322_, 85.84, 519.52, 1.79555
_09420_, 98.64, 519.52, 1.79528
_14887_, 98.64, 519.52, 1.79528
_17273_, 98.64, 519.52, 1.79528
FILLER_0_186_193, 98.64, 519.52, 1.79528
FILLER_0_188_209, 98.64, 519.52, 1.79528
_09507_, 111.44, 519.52, 1.79502
_17279_, 111.44, 519.52, 1.79502
FILLER_0_187_220, 111.44, 519.52, 1.79502
FILLER_0_187_225, 111.44, 519.52, 1.79502
_10987_, 124.24, 519.52, 1.79476
_11000_, 124.24, 519.52, 1.79476
_11001_, 124.24, 519.52, 1.79476
_16532_, 124.24, 519.52, 1.79476
hold280, 124.24, 519.52, 1.79476
FILLER_0_188_265, 124.24, 519.52, 1.79476
_10985_, 137.04, 519.52, 1.79451
_10986_, 137.04, 519.52, 1.79451
hold273, 137.04, 519.52, 1.79451
hold731, 137.04, 519.52, 1.79451
FILLER_0_187_289, 137.04, 519.52, 1.79451
_10984_, 149.84, 519.52, 1.79427
hold305, 149.84, 519.52, 1.79427
hold649, 149.84, 519.52, 1.79427
FILLER_0_187_326, 149.84, 519.52, 1.79427
_11073_, 162.64, 519.52, 1.79402
_16496_, 162.64, 519.52, 1.79402
FILLER_0_187_349, 162.64, 519.52, 1.79402
_10571_, 188.24, 519.52, 1.79354
_14016_, 188.24, 519.52, 1.79354
_14295_, 188.24, 519.52, 1.79354
_16747_, 188.24, 519.52, 1.79354
_16750_, 188.24, 519.52, 1.79354
hold1743, 188.24, 519.52, 1.79354
hold1762, 188.24, 519.52, 1.79354
FILLER_0_187_388, 188.24, 519.52, 1.79354
FILLER_0_187_393, 188.24, 519.52, 1.79354
_10564_, 201.04, 519.52, 1.79331
_10565_, 201.04, 519.52, 1.79331
_14298_, 201.04, 519.52, 1.79331
_16744_, 201.04, 519.52, 1.79331
_16749_, 201.04, 519.52, 1.79331
FILLER_0_186_424, 201.04, 519.52, 1.79331
_10605_, 213.84, 519.52, 1.79309
_14288_, 213.84, 519.52, 1.79309
_14297_, 213.84, 519.52, 1.79309
_16730_, 213.84, 519.52, 1.79309
hold391, 213.84, 519.52, 1.79309
hold925, 213.84, 519.52, 1.79309
_10604_, 226.64, 519.52, 1.79289
_10606_, 226.64, 519.52, 1.79289
_14266_, 226.64, 519.52, 1.79289
_14276_, 226.64, 519.52, 1.79289
FILLER_0_186_467, 226.64, 519.52, 1.79289
FILLER_0_187_471, 226.64, 519.52, 1.79289
_14218_, 239.44, 519.52, 1.79269
_10717_, 252.24, 519.52, 1.79248
_14211_, 252.24, 519.52, 1.79248
_14215_, 252.24, 519.52, 1.79248
FILLER_0_186_529, 252.24, 519.52, 1.79248
_10642_, 265.04, 519.52, 1.79228
_10643_, 265.04, 519.52, 1.79228
_14256_, 265.04, 519.52, 1.79228
_16711_, 265.04, 519.52, 1.79228
hold772, 265.04, 519.52, 1.79228
hold817, 265.04, 519.52, 1.79228
FILLER_0_187_553, 265.04, 519.52, 1.79228
_14258_, 277.84, 519.52, 1.79209
_16713_, 277.84, 519.52, 1.79209
hold1446, 277.84, 519.52, 1.79209
FILLER_0_187_593, 277.84, 519.52, 1.79209
FILLER_0_188_601, 277.84, 519.52, 1.79209
_10630_, 290.64, 519.52, 1.79191
_10631_, 290.64, 519.52, 1.79191
_17231_, 290.64, 519.52, 1.79191
hold1555, 290.64, 519.52, 1.79191
_09602_, 303.44, 519.52, 1.79173
_14836_, 303.44, 519.52, 1.79173
clkbuf_leaf_115_clk, 303.44, 519.52, 1.79173
hold473, 303.44, 519.52, 1.79173
FILLER_0_186_638, 303.44, 519.52, 1.79173
_09594_, 316.24, 519.52, 1.7916
_09595_, 316.24, 519.52, 1.7916
_14837_, 316.24, 519.52, 1.7916
_17236_, 316.24, 519.52, 1.7916
hold184, 316.24, 519.52, 1.7916
FILLER_0_187_687, 316.24, 519.52, 1.7916
_09640_, 341.84, 519.52, 1.79135
_17218_, 341.84, 519.52, 1.79135
hold1965, 341.84, 519.52, 1.79135
FILLER_0_186_724, 341.84, 519.52, 1.79135
_14814_, 354.64, 519.52, 1.79124
_17175_, 354.64, 519.52, 1.79124
hold1281, 354.64, 519.52, 1.79124
FILLER_0_186_751, 354.64, 519.52, 1.79124
_17172_, 367.44, 519.52, 1.79114
FILLER_0_186_784, 367.44, 519.52, 1.79114
FILLER_0_187_779, 367.44, 519.52, 1.79114
hold593, 380.24, 519.52, 1.79104
FILLER_0_186_808, 380.24, 519.52, 1.79104
_17695_, 393.04, 519.52, 1.79095
FILLER_0_186_833, 393.04, 519.52, 1.79095
FILLER_0_187_837, 393.04, 519.52, 1.79095
FILLER_0_187_853, 393.04, 519.52, 1.79095
_08664_, 405.84, 519.52, 1.79086
_08674_, 405.84, 519.52, 1.79086
_15345_, 405.84, 519.52, 1.79086
_15348_, 405.84, 519.52, 1.79086
hold901, 405.84, 519.52, 1.79086
FILLER_0_187_866, 405.84, 519.52, 1.79086
_08670_, 418.64, 519.52, 1.79078
_15343_, 418.64, 519.52, 1.79078
_17758_, 418.64, 519.52, 1.79078
FILLER_0_187_897, 418.64, 519.52, 1.79078
FILLER_0_188_905, 418.64, 519.52, 1.79078
_08548_, 431.44, 519.52, 1.7907
_15409_, 431.44, 519.52, 1.7907
_15414_, 431.44, 519.52, 1.7907
_15417_, 431.44, 519.52, 1.7907
_17755_, 431.44, 519.52, 1.7907
FILLER_0_186_916, 431.44, 519.52, 1.7907
FILLER_0_188_937, 431.44, 519.52, 1.7907
_08554_, 444.24, 519.52, 1.79063
_08594_, 444.24, 519.52, 1.79063
_08595_, 444.24, 519.52, 1.79063
FILLER_0_186_948, 444.24, 519.52, 1.79063
FILLER_0_187_948, 444.24, 519.52, 1.79063
FILLER_0_188_954, 444.24, 519.52, 1.79063
FILLER_0_188_966, 444.24, 519.52, 1.79063
_15387_, 457.04, 519.52, 1.79056
_17731_, 457.04, 519.52, 1.79056
FILLER_0_187_977, 457.04, 519.52, 1.79056
_08631_, 469.84, 519.52, 1.79051
_15365_, 469.84, 519.52, 1.79051
_17717_, 469.84, 519.52, 1.79051
FILLER_0_187_1004, 469.84, 519.52, 1.79051
FILLER_0_187_1015, 469.84, 519.52, 1.79051
_15373_, 495.308, 519.52, 1.79046
FILLER_0_187_1061, 495.308, 519.52, 1.79046
FILLER_0_186_1088, 507.977, 519.52, 1.79046
FILLER_0_187_1113, 520.645, 519.52, 1.79046
FILLER_0_186_1141, 533.314, 519.52, 1.79046
FILLER_0_187_1169, 545.982, 519.52, 1.79046
FILLER_0_186_1197, 558.651, 519.52, 1.79046
PHY_368, 5.52, 514.08, 1.79713
PHY_370, 5.52, 514.08, 1.79713
PHY_369, 571.32, 514.08, 1.78988
PHY_371, 571.32, 514.08, 1.78988
output84, 571.32, 514.08, 1.78988
ANTENNA_21, 571.32, 514.08, 1.78988
FILLER_0_184_1217, 571.32, 514.08, 1.78988
_09403_, 34.64, 514.08, 1.79679
FILLER_0_184_53, 34.64, 514.08, 1.79679
FILLER_0_184_61, 34.64, 514.08, 1.79679
FILLER_0_185_51, 34.64, 514.08, 1.79679
FILLER_0_185_69, 34.64, 514.08, 1.79679
FILLER_0_186_77, 34.64, 514.08, 1.79679
_09402_, 47.44, 514.08, 1.79645
_14944_, 47.44, 514.08, 1.79645
hold647, 47.44, 514.08, 1.79645
FILLER_0_184_88, 47.44, 514.08, 1.79645
FILLER_0_185_102, 47.44, 514.08, 1.79645
_09417_, 60.24, 514.08, 1.79612
_17324_, 60.24, 514.08, 1.79612
clkbuf_leaf_68_clk, 60.24, 514.08, 1.79612
FILLER_0_185_113, 60.24, 514.08, 1.79612
FILLER_0_185_121, 60.24, 514.08, 1.79612
_09416_, 73.04, 514.08, 1.79583
hold1505, 73.04, 514.08, 1.79583
FILLER_0_184_136, 73.04, 514.08, 1.79583
FILLER_0_185_159, 73.04, 514.08, 1.79583
FILLER_0_186_156, 73.04, 514.08, 1.79583
_14934_, 85.84, 514.08, 1.79555
hold563, 85.84, 514.08, 1.79555
FILLER_0_185_186, 85.84, 514.08, 1.79555
_09512_, 98.64, 514.08, 1.79526
_09513_, 98.64, 514.08, 1.79526
_09517_, 98.64, 514.08, 1.79526
_14883_, 98.64, 514.08, 1.79526
hold810, 98.64, 514.08, 1.79526
FILLER_0_185_205, 98.64, 514.08, 1.79526
_09506_, 111.44, 514.08, 1.79498
_09515_, 111.44, 514.08, 1.79498
_14886_, 111.44, 514.08, 1.79498
hold420, 111.44, 514.08, 1.79498
hold549, 111.44, 514.08, 1.79498
FILLER_0_184_222, 111.44, 514.08, 1.79498
FILLER_0_185_225, 111.44, 514.08, 1.79498
FILLER_0_185_232, 111.44, 514.08, 1.79498
_16537_, 124.24, 514.08, 1.7947
_16539_, 124.24, 514.08, 1.7947
FILLER_0_184_245, 124.24, 514.08, 1.7947
FILLER_0_184_253, 124.24, 514.08, 1.7947
_10990_, 137.04, 514.08, 1.79443
_14064_, 137.04, 514.08, 1.79443
_16531_, 137.04, 514.08, 1.79443
_16540_, 137.04, 514.08, 1.79443
clkbuf_leaf_71_clk, 137.04, 514.08, 1.79443
_11002_, 149.84, 514.08, 1.79422
_14065_, 149.84, 514.08, 1.79422
FILLER_0_184_302, 149.84, 514.08, 1.79422
_11065_, 162.64, 514.08, 1.79401
FILLER_0_184_333, 162.64, 514.08, 1.79401
FILLER_0_185_332, 162.64, 514.08, 1.79401
_11074_, 188.24, 514.08, 1.79359
hold197, 188.24, 514.08, 1.79359
_10576_, 201.04, 514.08, 1.79338
_10577_, 201.04, 514.08, 1.79338
_14292_, 201.04, 514.08, 1.79338
FILLER_0_184_413, 201.04, 514.08, 1.79338
FILLER_0_185_437, 201.04, 514.08, 1.79338
FILLER_0_185_445, 213.84, 514.08, 1.79316
_10550_, 226.64, 514.08, 1.79295
_10551_, 226.64, 514.08, 1.79295
_10562_, 226.64, 514.08, 1.79295
_10563_, 226.64, 514.08, 1.79295
FILLER_0_185_476, 226.64, 514.08, 1.79295
_10706_, 239.44, 514.08, 1.79274
_14220_, 239.44, 514.08, 1.79274
_16679_, 239.44, 514.08, 1.79274
hold1162, 239.44, 514.08, 1.79274
FILLER_0_185_500, 239.44, 514.08, 1.79274
_10715_, 252.24, 514.08, 1.79254
_14212_, 252.24, 514.08, 1.79254
_14216_, 252.24, 514.08, 1.79254
_16671_, 252.24, 514.08, 1.79254
_16675_, 252.24, 514.08, 1.79254
FILLER_0_185_525, 252.24, 514.08, 1.79254
FILLER_0_185_533, 252.24, 514.08, 1.79254
FILLER_0_186_539, 252.24, 514.08, 1.79254
FILLER_0_186_550, 252.24, 514.08, 1.79254
_10637_, 265.04, 514.08, 1.79235
_10714_, 265.04, 514.08, 1.79235
_14255_, 265.04, 514.08, 1.79235
_16714_, 265.04, 514.08, 1.79235
hold488, 265.04, 514.08, 1.79235
FILLER_0_185_568, 265.04, 514.08, 1.79235
FILLER_0_186_565, 265.04, 514.08, 1.79235
_10636_, 277.84, 514.08, 1.79217
_14259_, 277.84, 514.08, 1.79217
_16717_, 277.84, 514.08, 1.79217
FILLER_0_184_585, 277.84, 514.08, 1.79217
_10639_, 290.64, 514.08, 1.792
FILLER_0_185_608, 290.64, 514.08, 1.792
_17235_, 303.44, 514.08, 1.79183
FILLER_0_184_637, 303.44, 514.08, 1.79183
FILLER_0_186_657, 303.44, 514.08, 1.79183
FILLER_0_185_665, 316.24, 514.08, 1.79167
_09628_, 341.84, 514.08, 1.7914
_09629_, 341.84, 514.08, 1.7914
_09632_, 341.84, 514.08, 1.7914
_09642_, 341.84, 514.08, 1.7914
_14811_, 341.84, 514.08, 1.7914
_14818_, 341.84, 514.08, 1.7914
FILLER_0_185_721, 341.84, 514.08, 1.7914
_14766_, 354.64, 514.08, 1.79129
_14772_, 354.64, 514.08, 1.79129
FILLER_0_184_753, 354.64, 514.08, 1.79129
FILLER_0_185_753, 354.64, 514.08, 1.79129
_09720_, 367.44, 514.08, 1.79119
_09721_, 367.44, 514.08, 1.79119
_14768_, 367.44, 514.08, 1.79119
FILLER_0_185_780, 367.44, 514.08, 1.79119
FILLER_0_184_805, 380.24, 514.08, 1.79108
FILLER_0_186_825, 380.24, 514.08, 1.79108
_08675_, 393.04, 514.08, 1.79098
_17692_, 393.04, 514.08, 1.79098
FILLER_0_185_833, 393.04, 514.08, 1.79098
FILLER_0_185_846, 393.04, 514.08, 1.79098
_08665_, 405.84, 514.08, 1.79089
_08680_, 405.84, 514.08, 1.79089
_08681_, 405.84, 514.08, 1.79089
_17700_, 405.84, 514.08, 1.79089
hold719, 405.84, 514.08, 1.79089
hold2032, 405.84, 514.08, 1.79089
_08549_, 418.64, 514.08, 1.7908
_08671_, 418.64, 514.08, 1.7908
_15350_, 418.64, 514.08, 1.7908
hold1524, 418.64, 514.08, 1.7908
_08555_, 431.44, 514.08, 1.79071
FILLER_0_184_920, 431.44, 514.08, 1.79071
_08604_, 444.24, 514.08, 1.79063
_08605_, 444.24, 514.08, 1.79063
_17730_, 444.24, 514.08, 1.79063
hold1952, 444.24, 514.08, 1.79063
FILLER_0_184_949, 444.24, 514.08, 1.79063
FILLER_0_185_944, 444.24, 514.08, 1.79063
hold1740, 457.04, 514.08, 1.79055
FILLER_0_184_981, 457.04, 514.08, 1.79055
_15371_, 469.84, 514.08, 1.79047
_17716_, 469.84, 514.08, 1.79047
hold833, 469.84, 514.08, 1.79047
FILLER_0_184_1004, 469.84, 514.08, 1.79047
FILLER_0_185_997, 469.84, 514.08, 1.79047
FILLER_0_185_1005, 469.84, 514.08, 1.79047
_08628_, 495.308, 514.08, 1.79033
_08629_, 495.308, 514.08, 1.79033
hold1536, 495.308, 514.08, 1.79033
FILLER_0_185_1054, 495.308, 514.08, 1.79033
FILLER_0_184_1087, 507.977, 514.08, 1.79025
FILLER_0_185_1113, 520.645, 514.08, 1.79018
FILLER_0_184_1141, 533.314, 514.08, 1.7901
FILLER_0_185_1169, 545.982, 514.08, 1.79003
FILLER_0_184_1197, 558.651, 514.08, 1.78995
FILLER_0_185_1213, 558.651, 514.08, 1.78995
PHY_364, 5.52, 508.64, 1.79726
PHY_366, 5.52, 508.64, 1.79726
PHY_365, 571.32, 508.64, 1.79044
PHY_367, 571.32, 508.64, 1.79044
FILLER_0_182_1217, 571.32, 508.64, 1.79044
_17331_, 34.64, 508.64, 1.79689
_17334_, 34.64, 508.64, 1.79689
clkbuf_leaf_67_clk, 34.64, 508.64, 1.79689
FILLER_0_182_53, 34.64, 508.64, 1.79689
FILLER_0_183_51, 34.64, 508.64, 1.79689
FILLER_0_183_57, 34.64, 508.64, 1.79689
_09391_, 47.44, 508.64, 1.79657
_09394_, 47.44, 508.64, 1.79657
_09395_, 47.44, 508.64, 1.79657
_14947_, 47.44, 508.64, 1.79657
_14948_, 47.44, 508.64, 1.79657
_14950_, 47.44, 508.64, 1.79657
_17337_, 47.44, 508.64, 1.79657
hold546, 47.44, 508.64, 1.79657
hold2049, 47.44, 508.64, 1.79657
FILLER_0_183_95, 47.44, 508.64, 1.79657
_09386_, 60.24, 508.64, 1.79626
_09387_, 60.24, 508.64, 1.79626
_09390_, 60.24, 508.64, 1.79626
_14952_, 60.24, 508.64, 1.79626
_17328_, 60.24, 508.64, 1.79626
hold146, 60.24, 508.64, 1.79626
hold1277, 60.24, 508.64, 1.79626
FILLER_0_184_128, 60.24, 508.64, 1.79626
_09408_, 73.04, 508.64, 1.79596
_09409_, 73.04, 508.64, 1.79596
_09413_, 73.04, 508.64, 1.79596
_14940_, 73.04, 508.64, 1.79596
hold493, 73.04, 508.64, 1.79596
FILLER_0_183_157, 73.04, 508.64, 1.79596
_09405_, 85.84, 508.64, 1.79566
_14933_, 85.84, 508.64, 1.79566
_14942_, 85.84, 508.64, 1.79566
_17276_, 85.84, 508.64, 1.79566
hold1265, 85.84, 508.64, 1.79566
FILLER_0_182_172, 85.84, 508.64, 1.79566
FILLER_0_183_164, 85.84, 508.64, 1.79566
FILLER_0_183_169, 85.84, 508.64, 1.79566
FILLER_0_184_185, 85.84, 508.64, 1.79566
_09404_, 98.64, 508.64, 1.79537
_14881_, 98.64, 508.64, 1.79537
_14882_, 98.64, 508.64, 1.79537
_17274_, 98.64, 508.64, 1.79537
_17275_, 98.64, 508.64, 1.79537
_09514_, 111.44, 508.64, 1.7951
_14885_, 111.44, 508.64, 1.7951
_17278_, 111.44, 508.64, 1.7951
_09508_, 124.24, 508.64, 1.79483
_10991_, 124.24, 508.64, 1.79483
_14057_, 124.24, 508.64, 1.79483
_14062_, 124.24, 508.64, 1.79483
FILLER_0_184_271, 124.24, 508.64, 1.79483
_11003_, 137.04, 508.64, 1.79456
_14056_, 137.04, 508.64, 1.79456
_16536_, 137.04, 508.64, 1.79456
FILLER_0_183_293, 137.04, 508.64, 1.79456
_10992_, 149.84, 508.64, 1.7943
_10993_, 149.84, 508.64, 1.7943
_10999_, 149.84, 508.64, 1.7943
hold266, 149.84, 508.64, 1.7943
hold633, 149.84, 508.64, 1.7943
FILLER_0_183_327, 149.84, 508.64, 1.7943
_11064_, 162.64, 508.64, 1.79405
_16494_, 162.64, 508.64, 1.79405
_16500_, 162.64, 508.64, 1.79405
hold159, 162.64, 508.64, 1.79405
FILLER_0_184_349, 162.64, 508.64, 1.79405
_11071_, 188.24, 508.64, 1.79354
_16497_, 188.24, 508.64, 1.79354
_10560_, 201.04, 508.64, 1.79329
_10561_, 201.04, 508.64, 1.79329
_11070_, 201.04, 508.64, 1.79329
_14301_, 201.04, 508.64, 1.79329
_14304_, 201.04, 508.64, 1.79329
hold2035, 201.04, 508.64, 1.79329
FILLER_0_182_417, 201.04, 508.64, 1.79329
FILLER_0_182_421, 201.04, 508.64, 1.79329
FILLER_0_183_420, 201.04, 508.64, 1.79329
_10552_, 213.84, 508.64, 1.79303
_10553_, 213.84, 508.64, 1.79303
_10555_, 213.84, 508.64, 1.79303
_14305_, 213.84, 508.64, 1.79303
_16756_, 213.84, 508.64, 1.79303
_16757_, 213.84, 508.64, 1.79303
hold173, 213.84, 508.64, 1.79303
FILLER_0_184_457, 213.84, 508.64, 1.79303
_14300_, 226.64, 508.64, 1.7928
_14306_, 226.64, 508.64, 1.7928
_16751_, 226.64, 508.64, 1.7928
clkbuf_leaf_84_clk, 226.64, 508.64, 1.7928
hold309, 226.64, 508.64, 1.7928
hold1038, 226.64, 508.64, 1.7928
FILLER_0_182_469, 226.64, 508.64, 1.7928
_10707_, 239.44, 508.64, 1.79261
_10712_, 239.44, 508.64, 1.79261
_10713_, 239.44, 508.64, 1.79261
_14217_, 239.44, 508.64, 1.79261
_16676_, 239.44, 508.64, 1.79261
hold1354, 239.44, 508.64, 1.79261
FILLER_0_182_497, 239.44, 508.64, 1.79261
FILLER_0_183_496, 239.44, 508.64, 1.79261
_10722_, 252.24, 508.64, 1.79243
_10723_, 252.24, 508.64, 1.79243
_14219_, 252.24, 508.64, 1.79243
_16678_, 252.24, 508.64, 1.79243
hold797, 252.24, 508.64, 1.79243
FILLER_0_183_525, 252.24, 508.64, 1.79243
hold364, 265.04, 508.64, 1.79226
FILLER_0_183_557, 265.04, 508.64, 1.79226
_10689_, 277.84, 508.64, 1.79209
FILLER_0_182_585, 277.84, 508.64, 1.79209
FILLER_0_182_589, 277.84, 508.64, 1.79209
FILLER_0_183_609, 290.64, 508.64, 1.79192
FILLER_0_183_629, 290.64, 508.64, 1.79192
_09586_, 303.44, 508.64, 1.79175
_09587_, 303.44, 508.64, 1.79175
_09590_, 303.44, 508.64, 1.79175
_14839_, 303.44, 508.64, 1.79175
_17233_, 303.44, 508.64, 1.79175
_17237_, 303.44, 508.64, 1.79175
hold437, 303.44, 508.64, 1.79175
FILLER_0_184_657, 303.44, 508.64, 1.79175
_09598_, 316.24, 508.64, 1.7916
_14832_, 316.24, 508.64, 1.7916
_14842_, 316.24, 508.64, 1.7916
_17220_, 316.24, 508.64, 1.7916
_17240_, 316.24, 508.64, 1.7916
hold1709, 316.24, 508.64, 1.7916
FILLER_0_183_669, 316.24, 508.64, 1.7916
FILLER_0_183_679, 316.24, 508.64, 1.7916
_09631_, 341.84, 508.64, 1.79135
_09634_, 341.84, 508.64, 1.79135
_09635_, 341.84, 508.64, 1.79135
_14810_, 341.84, 508.64, 1.79135
_14815_, 341.84, 508.64, 1.79135
_17217_, 341.84, 508.64, 1.79135
hold635, 341.84, 508.64, 1.79135
FILLER_0_182_721, 341.84, 508.64, 1.79135
FILLER_0_184_745, 341.84, 508.64, 1.79135
_09577_, 354.64, 508.64, 1.79125
_09630_, 354.64, 508.64, 1.79125
hold1875, 354.64, 508.64, 1.79125
hold1917, 354.64, 508.64, 1.79125
FILLER_0_183_767, 354.64, 508.64, 1.79125
_09576_, 367.44, 508.64, 1.79115
_09582_, 367.44, 508.64, 1.79115
hold115, 367.44, 508.64, 1.79115
hold1252, 367.44, 508.64, 1.79115
FILLER_0_183_777, 367.44, 508.64, 1.79115
FILLER_0_183_793, 367.44, 508.64, 1.79115
_09579_, 380.24, 508.64, 1.79105
_14846_, 380.24, 508.64, 1.79105
FILLER_0_183_801, 380.24, 508.64, 1.79105
FILLER_0_183_807, 380.24, 508.64, 1.79105
FILLER_0_184_849, 393.04, 508.64, 1.79095
_15353_, 405.84, 508.64, 1.79086
_17697_, 405.84, 508.64, 1.79086
FILLER_0_182_862, 405.84, 508.64, 1.79086
_08689_, 418.64, 508.64, 1.79077
_17688_, 418.64, 508.64, 1.79077
FILLER_0_182_889, 418.64, 508.64, 1.79077
FILLER_0_183_889, 418.64, 508.64, 1.79077
FILLER_0_183_897, 418.64, 508.64, 1.79077
FILLER_0_183_903, 418.64, 508.64, 1.79077
_08688_, 431.44, 508.64, 1.79068
_17685_, 431.44, 508.64, 1.79068
hold553, 431.44, 508.64, 1.79068
hold1130, 431.44, 508.64, 1.79068
hold1131, 431.44, 508.64, 1.79068
_08612_, 444.24, 508.64, 1.79061
_15386_, 444.24, 508.64, 1.79061
_17726_, 444.24, 508.64, 1.79061
FILLER_0_184_960, 444.24, 508.64, 1.79061
_08613_, 457.04, 508.64, 1.79054
_08616_, 457.04, 508.64, 1.79054
_08617_, 457.04, 508.64, 1.79054
_08621_, 457.04, 508.64, 1.79054
_15376_, 457.04, 508.64, 1.79054
_15378_, 457.04, 508.64, 1.79054
_15380_, 457.04, 508.64, 1.79054
_15382_, 457.04, 508.64, 1.79054
_17724_, 457.04, 508.64, 1.79054
_08632_, 469.84, 508.64, 1.79049
_08633_, 469.84, 508.64, 1.79049
_08715_, 469.84, 508.64, 1.79049
_17675_, 469.84, 508.64, 1.79049
FILLER_0_183_999, 469.84, 508.64, 1.79049
FILLER_0_183_1009, 469.84, 508.64, 1.79049
FILLER_0_183_1019, 469.84, 508.64, 1.79049
hold1070, 495.308, 508.64, 1.79044
hold2002, 495.308, 508.64, 1.79044
FILLER_0_183_1061, 495.308, 508.64, 1.79044
FILLER_0_182_1081, 507.977, 508.64, 1.79044
FILLER_0_182_1089, 507.977, 508.64, 1.79044
FILLER_0_183_1113, 520.645, 508.64, 1.79044
FILLER_0_182_1141, 533.314, 508.64, 1.79044
FILLER_0_183_1169, 545.982, 508.64, 1.79044
FILLER_0_182_1197, 558.651, 508.64, 1.79044
PHY_360, 5.52, 503.2, 1.79745
PHY_362, 5.52, 503.2, 1.79745
PHY_361, 571.32, 503.2, 1.7904
PHY_363, 571.32, 503.2, 1.7904
FILLER_0_180_1217, 571.32, 503.2, 1.7904
_09397_, 34.64, 503.2, 1.79708
_09490_, 34.64, 503.2, 1.79708
_17335_, 34.64, 503.2, 1.79708
hold629, 34.64, 503.2, 1.79708
FILLER_0_181_51, 34.64, 503.2, 1.79708
FILLER_0_181_57, 34.64, 503.2, 1.79708
FILLER_0_181_65, 34.64, 503.2, 1.79708
_09396_, 47.44, 503.2, 1.79672
_14943_, 47.44, 503.2, 1.79672
_17339_, 47.44, 503.2, 1.79672
hold1285, 47.44, 503.2, 1.79672
FILLER_0_181_101, 47.44, 503.2, 1.79672
FILLER_0_181_109, 60.24, 503.2, 1.79636
_09412_, 73.04, 503.2, 1.79601
_14932_, 73.04, 503.2, 1.79601
_14938_, 73.04, 503.2, 1.79601
_17321_, 73.04, 503.2, 1.79601
_17326_, 73.04, 503.2, 1.79601
hold1336, 73.04, 503.2, 1.79601
FILLER_0_180_137, 73.04, 503.2, 1.79601
FILLER_0_181_137, 73.04, 503.2, 1.79601
_09422_, 85.84, 503.2, 1.79568
_09423_, 85.84, 503.2, 1.79568
_17329_, 85.84, 503.2, 1.79568
_17330_, 85.84, 503.2, 1.79568
clkbuf_leaf_69_clk, 85.84, 503.2, 1.79568
_09406_, 98.64, 503.2, 1.79539
_09516_, 98.64, 503.2, 1.79539
_14877_, 98.64, 503.2, 1.79539
_14941_, 98.64, 503.2, 1.79539
hold1906, 98.64, 503.2, 1.79539
hold2117, 98.64, 503.2, 1.79539
FILLER_0_181_209, 98.64, 503.2, 1.79539
_09509_, 111.44, 503.2, 1.79511
hold1018, 111.44, 503.2, 1.79511
hold1550, 111.44, 503.2, 1.79511
FILLER_0_181_217, 111.44, 503.2, 1.79511
_10988_, 124.24, 503.2, 1.79484
_10989_, 124.24, 503.2, 1.79484
_10994_, 124.24, 503.2, 1.79484
_10995_, 124.24, 503.2, 1.79484
_14063_, 124.24, 503.2, 1.79484
_16538_, 124.24, 503.2, 1.79484
hold626, 124.24, 503.2, 1.79484
hold1531, 124.24, 503.2, 1.79484
FILLER_0_180_248, 124.24, 503.2, 1.79484
FILLER_0_181_248, 124.24, 503.2, 1.79484
FILLER_0_182_265, 124.24, 503.2, 1.79484
_14060_, 137.04, 503.2, 1.79457
_16533_, 137.04, 503.2, 1.79457
_16534_, 137.04, 503.2, 1.79457
FILLER_0_181_281, 137.04, 503.2, 1.79457
FILLER_0_181_289, 137.04, 503.2, 1.79457
FILLER_0_182_290, 137.04, 503.2, 1.79457
_10998_, 149.84, 503.2, 1.79431
_14058_, 149.84, 503.2, 1.79431
_14061_, 149.84, 503.2, 1.79431
FILLER_0_181_327, 149.84, 503.2, 1.79431
_11076_, 162.64, 503.2, 1.79406
_11077_, 162.64, 503.2, 1.79406
_16499_, 162.64, 503.2, 1.79406
FILLER_0_181_337, 162.64, 503.2, 1.79406
_11068_, 188.24, 503.2, 1.79355
_14013_, 188.24, 503.2, 1.79355
_14018_, 188.24, 503.2, 1.79355
hold452, 188.24, 503.2, 1.79355
hold1725, 188.24, 503.2, 1.79355
_11080_, 201.04, 503.2, 1.79329
_16755_, 201.04, 503.2, 1.79329
_16758_, 201.04, 503.2, 1.79329
clkbuf_leaf_83_clk, 201.04, 503.2, 1.79329
FILLER_0_180_415, 201.04, 503.2, 1.79329
FILLER_0_180_421, 201.04, 503.2, 1.79329
FILLER_0_181_422, 201.04, 503.2, 1.79329
_10554_, 213.84, 503.2, 1.79309
hold1456, 213.84, 503.2, 1.79309
hold1491, 213.84, 503.2, 1.79309
FILLER_0_181_460, 213.84, 503.2, 1.79309
_14299_, 226.64, 503.2, 1.79288
FILLER_0_180_469, 226.64, 503.2, 1.79288
FILLER_0_181_468, 226.64, 503.2, 1.79288
_10719_, 239.44, 503.2, 1.79268
_14214_, 239.44, 503.2, 1.79268
_16673_, 239.44, 503.2, 1.79268
FILLER_0_181_501, 239.44, 503.2, 1.79268
FILLER_0_182_519, 239.44, 503.2, 1.79268
_10708_, 252.24, 503.2, 1.79249
_10709_, 252.24, 503.2, 1.79249
_10718_, 252.24, 503.2, 1.79249
FILLER_0_180_525, 252.24, 503.2, 1.79249
FILLER_0_181_528, 252.24, 503.2, 1.79249
_10702_, 265.04, 503.2, 1.7923
_10703_, 265.04, 503.2, 1.7923
_16688_, 265.04, 503.2, 1.7923
FILLER_0_180_557, 265.04, 503.2, 1.7923
FILLER_0_181_556, 265.04, 503.2, 1.7923
FILLER_0_181_561, 265.04, 503.2, 1.7923
FILLER_0_182_573, 265.04, 503.2, 1.7923
_10685_, 277.84, 503.2, 1.79211
_10688_, 277.84, 503.2, 1.79211
_16690_, 277.84, 503.2, 1.79211
hold1313, 277.84, 503.2, 1.79211
hold1322, 277.84, 503.2, 1.79211
FILLER_0_181_605, 277.84, 503.2, 1.79211
_17239_, 290.64, 503.2, 1.79193
hold1779, 290.64, 503.2, 1.79193
FILLER_0_181_613, 290.64, 503.2, 1.79193
FILLER_0_182_627, 290.64, 503.2, 1.79193
_09591_, 303.44, 503.2, 1.79176
_14841_, 303.44, 503.2, 1.79176
hold172, 303.44, 503.2, 1.79176
FILLER_0_180_641, 303.44, 503.2, 1.79176
FILLER_0_180_645, 303.44, 503.2, 1.79176
FILLER_0_181_656, 303.44, 503.2, 1.79176
_09585_, 316.24, 503.2, 1.79159
_09599_, 316.24, 503.2, 1.79159
_14834_, 316.24, 503.2, 1.79159
_14835_, 316.24, 503.2, 1.79159
hold303, 316.24, 503.2, 1.79159
hold343, 316.24, 503.2, 1.79159
FILLER_0_181_665, 316.24, 503.2, 1.79159
_17215_, 341.84, 503.2, 1.79126
_14817_, 354.64, 503.2, 1.79109
_17244_, 354.64, 503.2, 1.79109
_17250_, 354.64, 503.2, 1.79109
FILLER_0_180_749, 354.64, 503.2, 1.79109
FILLER_0_180_757, 354.64, 503.2, 1.79109
FILLER_0_181_752, 354.64, 503.2, 1.79109
_09565_, 367.44, 503.2, 1.79094
_14844_, 367.44, 503.2, 1.79094
_17243_, 367.44, 503.2, 1.79094
clkbuf_leaf_117_clk, 367.44, 503.2, 1.79094
hold2098, 367.44, 503.2, 1.79094
_09570_, 380.24, 503.2, 1.79084
_09578_, 380.24, 503.2, 1.79084
_17249_, 380.24, 503.2, 1.79084
hold230, 380.24, 503.2, 1.79084
hold738, 380.24, 503.2, 1.79084
hold756, 380.24, 503.2, 1.79084
FILLER_0_181_805, 380.24, 503.2, 1.79084
_08583_, 393.04, 503.2, 1.79074
FILLER_0_180_842, 393.04, 503.2, 1.79074
FILLER_0_181_836, 393.04, 503.2, 1.79074
FILLER_0_181_853, 393.04, 503.2, 1.79074
hold1443, 405.84, 503.2, 1.79064
hold1492, 405.84, 503.2, 1.79064
FILLER_0_182_881, 405.84, 503.2, 1.79064
_17689_, 418.64, 503.2, 1.79055
clkbuf_leaf_120_clk, 418.64, 503.2, 1.79055
FILLER_0_181_892, 418.64, 503.2, 1.79055
_08686_, 431.44, 503.2, 1.7905
_08694_, 431.44, 503.2, 1.7905
_08695_, 431.44, 503.2, 1.7905
_15337_, 431.44, 503.2, 1.7905
_17725_, 431.44, 503.2, 1.7905
FILLER_0_180_914, 431.44, 503.2, 1.7905
FILLER_0_181_931, 431.44, 503.2, 1.7905
_08614_, 444.24, 503.2, 1.79047
_08615_, 444.24, 503.2, 1.79047
_15381_, 444.24, 503.2, 1.79047
hold1391, 444.24, 503.2, 1.79047
FILLER_0_181_944, 444.24, 503.2, 1.79047
FILLER_0_181_965, 444.24, 503.2, 1.79047
_08609_, 457.04, 503.2, 1.79043
_08620_, 457.04, 503.2, 1.79043
_17722_, 457.04, 503.2, 1.79043
_17728_, 457.04, 503.2, 1.79043
hold876, 457.04, 503.2, 1.79043
hold1925, 457.04, 503.2, 1.79043
_17671_, 469.84, 503.2, 1.79042
FILLER_0_181_1000, 469.84, 503.2, 1.79042
_08720_, 495.308, 503.2, 1.7904
FILLER_0_181_1057, 495.308, 503.2, 1.7904
FILLER_0_180_1086, 507.977, 503.2, 1.7904
FILLER_0_181_1113, 520.645, 503.2, 1.7904
FILLER_0_180_1141, 533.314, 503.2, 1.7904
FILLER_0_181_1169, 545.982, 503.2, 1.7904
FILLER_0_180_1197, 558.651, 503.2, 1.7904
PHY_356, 5.52, 497.76, 1.79761
PHY_358, 5.52, 497.76, 1.79761
output44, 5.52, 497.76, 1.79761
PHY_357, 571.32, 497.76, 1.79042
PHY_359, 571.32, 497.76, 1.79042
ANTENNA_16, 13.68, 497.76, 1.79762
FILLER_0_179_25, 13.68, 497.76, 1.79762
_09502_, 34.64, 497.76, 1.79727
_17281_, 34.64, 497.76, 1.79727
hold591, 34.64, 497.76, 1.79727
FILLER_0_180_74, 34.64, 497.76, 1.79727
_09500_, 47.44, 497.76, 1.79691
_14890_, 47.44, 497.76, 1.79691
hold704, 47.44, 497.76, 1.79691
FILLER_0_179_104, 47.44, 497.76, 1.79691
clkbuf_leaf_66_clk, 60.24, 497.76, 1.79656
FILLER_0_180_129, 60.24, 497.76, 1.79656
FILLER_0_178_133, 73.04, 497.76, 1.79624
_09407_, 85.84, 497.76, 1.79592
FILLER_0_179_161, 85.84, 497.76, 1.79592
FILLER_0_179_169, 85.84, 497.76, 1.79592
_09379_, 98.64, 497.76, 1.7956
FILLER_0_178_189, 98.64, 497.76, 1.7956
_17341_, 111.44, 497.76, 1.79529
FILLER_0_179_217, 111.44, 497.76, 1.79529
_16535_, 124.24, 497.76, 1.79497
FILLER_0_178_245, 124.24, 497.76, 1.79497
FILLER_0_179_249, 124.24, 497.76, 1.79497
_10997_, 137.04, 497.76, 1.79467
_14055_, 137.04, 497.76, 1.79467
_14059_, 137.04, 497.76, 1.79467
hold677, 137.04, 497.76, 1.79467
FILLER_0_179_272, 137.04, 497.76, 1.79467
FILLER_0_179_281, 137.04, 497.76, 1.79467
FILLER_0_179_292, 137.04, 497.76, 1.79467
_10996_, 149.84, 497.76, 1.79437
FILLER_0_178_301, 149.84, 497.76, 1.79437
_11131_, 162.64, 497.76, 1.79407
_14011_, 162.64, 497.76, 1.79407
clkbuf_leaf_80_clk, 162.64, 497.76, 1.79407
hold148, 162.64, 497.76, 1.79407
FILLER_0_179_329, 162.64, 497.76, 1.79407
FILLER_0_180_348, 162.64, 497.76, 1.79407
_11081_, 188.24, 497.76, 1.79355
hold811, 188.24, 497.76, 1.79355
FILLER_0_179_389, 188.24, 497.76, 1.79355
_16752_, 201.04, 497.76, 1.7933
FILLER_0_178_417, 201.04, 497.76, 1.7933
FILLER_0_178_421, 201.04, 497.76, 1.7933
_10548_, 213.84, 497.76, 1.79305
_14307_, 213.84, 497.76, 1.79305
_16754_, 213.84, 497.76, 1.79305
FILLER_0_179_444, 213.84, 497.76, 1.79305
_10556_, 226.64, 497.76, 1.79281
_14302_, 226.64, 497.76, 1.79281
_16759_, 226.64, 497.76, 1.79281
hold1880, 226.64, 497.76, 1.79281
hold939, 239.44, 497.76, 1.79257
FILLER_0_179_499, 239.44, 497.76, 1.79257
_10692_, 252.24, 497.76, 1.79234
_10693_, 252.24, 497.76, 1.79234
_16686_, 252.24, 497.76, 1.79234
FILLER_0_178_533, 252.24, 497.76, 1.79234
_14222_, 265.04, 497.76, 1.79212
_14228_, 265.04, 497.76, 1.79212
_16681_, 265.04, 497.76, 1.79212
clkbuf_leaf_87_clk, 265.04, 497.76, 1.79212
hold416, 265.04, 497.76, 1.79212
_10684_, 277.84, 497.76, 1.79194
_14223_, 277.84, 497.76, 1.79194
_14230_, 277.84, 497.76, 1.79194
_14232_, 277.84, 497.76, 1.79194
FILLER_0_178_585, 277.84, 497.76, 1.79194
FILLER_0_179_588, 277.84, 497.76, 1.79194
FILLER_0_179_611, 290.64, 497.76, 1.79177
FILLER_0_179_629, 290.64, 497.76, 1.79177
_09601_, 303.44, 497.76, 1.7916
_17232_, 303.44, 497.76, 1.7916
clkbuf_leaf_114_clk, 303.44, 497.76, 1.7916
FILLER_0_178_637, 303.44, 497.76, 1.7916
FILLER_0_179_654, 303.44, 497.76, 1.7916
FILLER_0_179_661, 303.44, 497.76, 1.7916
_09600_, 316.24, 497.76, 1.79148
clkbuf_leaf_113_clk, 316.24, 497.76, 1.79148
FILLER_0_179_669, 316.24, 497.76, 1.79148
FILLER_0_179_685, 316.24, 497.76, 1.79148
_09689_, 341.84, 497.76, 1.79127
FILLER_0_179_718, 341.84, 497.76, 1.79127
_14853_, 354.64, 497.76, 1.79116
_17241_, 354.64, 497.76, 1.79116
FILLER_0_178_752, 354.64, 497.76, 1.79116
FILLER_0_178_757, 354.64, 497.76, 1.79116
FILLER_0_179_765, 354.64, 497.76, 1.79116
_09564_, 367.44, 497.76, 1.79105
_09571_, 367.44, 497.76, 1.79105
_09583_, 367.44, 497.76, 1.79105
_14847_, 367.44, 497.76, 1.79105
_14850_, 367.44, 497.76, 1.79105
_17247_, 367.44, 497.76, 1.79105
FILLER_0_179_776, 367.44, 497.76, 1.79105
FILLER_0_179_788, 367.44, 497.76, 1.79105
_09566_, 380.24, 497.76, 1.79095
_09567_, 380.24, 497.76, 1.79095
_14852_, 380.24, 497.76, 1.79095
FILLER_0_178_807, 380.24, 497.76, 1.79095
_17741_, 393.04, 497.76, 1.79085
_17742_, 393.04, 497.76, 1.79085
_17746_, 393.04, 497.76, 1.79085
FILLER_0_179_837, 393.04, 497.76, 1.79085
FILLER_0_179_841, 393.04, 497.76, 1.79085
_08570_, 405.84, 497.76, 1.79077
_08573_, 405.84, 497.76, 1.79077
_08580_, 405.84, 497.76, 1.79077
_08582_, 405.84, 497.76, 1.79077
_15400_, 405.84, 497.76, 1.79077
_17747_, 405.84, 497.76, 1.79077
hold1230, 405.84, 497.76, 1.79077
_08687_, 418.64, 497.76, 1.7907
_15340_, 418.64, 497.76, 1.7907
_15341_, 418.64, 497.76, 1.7907
FILLER_0_179_890, 418.64, 497.76, 1.7907
_08690_, 431.44, 497.76, 1.79063
_08691_, 431.44, 497.76, 1.79063
_15339_, 431.44, 497.76, 1.79063
_17687_, 431.44, 497.76, 1.79063
hold1895, 431.44, 497.76, 1.79063
FILLER_0_179_921, 431.44, 497.76, 1.79063
FILLER_0_179_934, 431.44, 497.76, 1.79063
_08610_, 444.24, 497.76, 1.79057
_08611_, 444.24, 497.76, 1.79057
_17727_, 444.24, 497.76, 1.79057
FILLER_0_178_945, 444.24, 497.76, 1.79057
FILLER_0_179_947, 444.24, 497.76, 1.79057
FILLER_0_180_964, 444.24, 497.76, 1.79057
_08608_, 457.04, 497.76, 1.79052
_15384_, 457.04, 497.76, 1.79052
hold1982, 457.04, 497.76, 1.79052
FILLER_0_178_976, 457.04, 497.76, 1.79052
FILLER_0_179_973, 457.04, 497.76, 1.79052
FILLER_0_179_980, 457.04, 497.76, 1.79052
_08723_, 469.84, 497.76, 1.79047
_15321_, 469.84, 497.76, 1.79047
_15322_, 469.84, 497.76, 1.79047
_15326_, 469.84, 497.76, 1.79047
_17680_, 469.84, 497.76, 1.79047
FILLER_0_180_1013, 469.84, 497.76, 1.79047
hold1109, 495.308, 497.76, 1.79042
FILLER_0_178_1052, 495.308, 497.76, 1.79042
FILLER_0_179_1057, 495.308, 497.76, 1.79042
FILLER_0_179_1113, 520.645, 497.76, 1.79042
FILLER_0_178_1141, 533.314, 497.76, 1.79042
_08516_, 545.982, 497.76, 1.79042
FILLER_0_179_1169, 545.982, 497.76, 1.79042
_08508_, 558.651, 497.76, 1.79042
_08509_, 558.651, 497.76, 1.79042
FILLER_0_178_1196, 558.651, 497.76, 1.79042
PHY_352, 5.52, 492.32, 1.79786
PHY_354, 5.52, 492.32, 1.79786
PHY_353, 571.32, 492.32, 1.78997
PHY_355, 571.32, 492.32, 1.78997
output49, 571.32, 492.32, 1.78997
ANTENNA_19, 571.32, 492.32, 1.78997
FILLER_0_176_1224, 571.32, 492.32, 1.78997
_09501_, 34.64, 492.32, 1.79748
_09503_, 34.64, 492.32, 1.79748
_14889_, 34.64, 492.32, 1.79748
_14895_, 34.64, 492.32, 1.79748
_14896_, 34.64, 492.32, 1.79748
_17282_, 34.64, 492.32, 1.79748
FILLER_0_177_51, 34.64, 492.32, 1.79748
FILLER_0_177_65, 34.64, 492.32, 1.79748
FILLER_0_178_70, 34.64, 492.32, 1.79748
_17355_, 47.44, 492.32, 1.79711
FILLER_0_177_103, 47.44, 492.32, 1.79711
_09354_, 60.24, 492.32, 1.79675
_09355_, 60.24, 492.32, 1.79675
_14970_, 60.24, 492.32, 1.79675
hold937, 60.24, 492.32, 1.79675
_14967_, 73.04, 492.32, 1.79639
hold568, 73.04, 492.32, 1.79639
FILLER_0_177_151, 73.04, 492.32, 1.79639
_09360_, 85.84, 492.32, 1.79603
_09361_, 85.84, 492.32, 1.79603
hold1080, 85.84, 492.32, 1.79603
FILLER_0_176_173, 85.84, 492.32, 1.79603
FILLER_0_177_180, 85.84, 492.32, 1.79603
_17343_, 98.64, 492.32, 1.79568
hold458, 98.64, 492.32, 1.79568
hold1567, 98.64, 492.32, 1.79568
_09382_, 111.44, 492.32, 1.79533
_09383_, 111.44, 492.32, 1.79533
_14955_, 111.44, 492.32, 1.79533
_14957_, 111.44, 492.32, 1.79533
_17346_, 111.44, 492.32, 1.79533
clkbuf_leaf_72_clk, 111.44, 492.32, 1.79533
hold464, 111.44, 492.32, 1.79533
FILLER_0_177_274, 137.04, 492.32, 1.79473
_11128_, 149.84, 492.32, 1.79444
_11129_, 149.84, 492.32, 1.79444
_16463_, 149.84, 492.32, 1.79444
_16468_, 149.84, 492.32, 1.79444
FILLER_0_176_301, 149.84, 492.32, 1.79444
FILLER_0_176_309, 149.84, 492.32, 1.79444
FILLER_0_177_305, 149.84, 492.32, 1.79444
_11130_, 162.64, 492.32, 1.79416
_13985_, 162.64, 492.32, 1.79416
_16467_, 162.64, 492.32, 1.79416
hold155, 162.64, 492.32, 1.79416
hold163, 162.64, 492.32, 1.79416
FILLER_0_178_349, 162.64, 492.32, 1.79416
_11007_, 188.24, 492.32, 1.79365
_16529_, 188.24, 492.32, 1.79365
FILLER_0_177_386, 188.24, 492.32, 1.79365
FILLER_0_178_409, 188.24, 492.32, 1.79365
_10549_, 201.04, 492.32, 1.79343
_11011_, 201.04, 492.32, 1.79343
FILLER_0_178_429, 201.04, 492.32, 1.79343
FILLER_0_178_435, 201.04, 492.32, 1.79343
_10557_, 213.84, 492.32, 1.7932
_14303_, 213.84, 492.32, 1.7932
hold384, 213.84, 492.32, 1.7932
FILLER_0_177_457, 213.84, 492.32, 1.7932
FILLER_0_177_465, 213.84, 492.32, 1.7932
_10546_, 226.64, 492.32, 1.79298
_10547_, 226.64, 492.32, 1.79298
_10559_, 226.64, 492.32, 1.79298
_14308_, 226.64, 492.32, 1.79298
_16753_, 226.64, 492.32, 1.79298
_16760_, 226.64, 492.32, 1.79298
FILLER_0_176_469, 226.64, 492.32, 1.79298
_10544_, 239.44, 492.32, 1.79277
_10558_, 239.44, 492.32, 1.79277
hold1962, 239.44, 492.32, 1.79277
_10691_, 252.24, 492.32, 1.79257
_16687_, 252.24, 492.32, 1.79257
hold353, 252.24, 492.32, 1.79257
FILLER_0_176_529, 252.24, 492.32, 1.79257
FILLER_0_176_533, 252.24, 492.32, 1.79257
FILLER_0_177_525, 252.24, 492.32, 1.79257
_10696_, 265.04, 492.32, 1.79237
_10697_, 265.04, 492.32, 1.79237
_14226_, 265.04, 492.32, 1.79237
hold461, 265.04, 492.32, 1.79237
FILLER_0_178_577, 265.04, 492.32, 1.79237
_10695_, 277.84, 492.32, 1.79217
_14227_, 277.84, 492.32, 1.79217
_16685_, 277.84, 492.32, 1.79217
FILLER_0_177_588, 277.84, 492.32, 1.79217
_09618_, 290.64, 492.32, 1.79198
_09619_, 290.64, 492.32, 1.79198
_09623_, 290.64, 492.32, 1.79198
_17223_, 290.64, 492.32, 1.79198
hold1069, 290.64, 492.32, 1.79198
FILLER_0_176_609, 290.64, 492.32, 1.79198
FILLER_0_177_607, 290.64, 492.32, 1.79198
FILLER_0_177_617, 290.64, 492.32, 1.79198
_09606_, 303.44, 492.32, 1.79179
_09607_, 303.44, 492.32, 1.79179
hold161, 303.44, 492.32, 1.79179
FILLER_0_178_657, 303.44, 492.32, 1.79179
_14828_, 316.24, 492.32, 1.79161
_17183_, 316.24, 492.32, 1.79161
hold453, 316.24, 492.32, 1.79161
FILLER_0_176_665, 316.24, 492.32, 1.79161
FILLER_0_177_665, 316.24, 492.32, 1.79161
_09688_, 341.84, 492.32, 1.79131
_09696_, 341.84, 492.32, 1.79131
_09697_, 341.84, 492.32, 1.79131
_14781_, 341.84, 492.32, 1.79131
_14782_, 341.84, 492.32, 1.79131
_17188_, 341.84, 492.32, 1.79131
hold676, 341.84, 492.32, 1.79131
FILLER_0_177_721, 341.84, 492.32, 1.79131
_14843_, 354.64, 492.32, 1.79119
hold1957, 354.64, 492.32, 1.79119
FILLER_0_176_750, 354.64, 492.32, 1.79119
_09574_, 367.44, 492.32, 1.79108
_14848_, 367.44, 492.32, 1.79108
_17246_, 367.44, 492.32, 1.79108
hold114, 367.44, 492.32, 1.79108
FILLER_0_177_781, 367.44, 492.32, 1.79108
_09573_, 380.24, 492.32, 1.79097
_14849_, 380.24, 492.32, 1.79097
hold832, 380.24, 492.32, 1.79097
FILLER_0_177_826, 380.24, 492.32, 1.79097
FILLER_0_178_825, 380.24, 492.32, 1.79097
_08581_, 393.04, 492.32, 1.79086
hold1314, 393.04, 492.32, 1.79086
FILLER_0_176_839, 393.04, 492.32, 1.79086
FILLER_0_177_834, 393.04, 492.32, 1.79086
FILLER_0_177_853, 393.04, 492.32, 1.79086
_08571_, 405.84, 492.32, 1.79075
_08572_, 405.84, 492.32, 1.79075
_15399_, 405.84, 492.32, 1.79075
_15404_, 405.84, 492.32, 1.79075
_15405_, 405.84, 492.32, 1.79075
FILLER_0_176_863, 405.84, 492.32, 1.79075
_08684_, 418.64, 492.32, 1.79065
_17690_, 418.64, 492.32, 1.79065
hold1442, 418.64, 492.32, 1.79065
FILLER_0_176_893, 418.64, 492.32, 1.79065
FILLER_0_177_891, 418.64, 492.32, 1.79065
FILLER_0_178_899, 418.64, 492.32, 1.79065
FILLER_0_178_907, 418.64, 492.32, 1.79065
_08693_, 431.44, 492.32, 1.79055
_17686_, 431.44, 492.32, 1.79055
FILLER_0_176_920, 431.44, 492.32, 1.79055
_15379_, 444.24, 492.32, 1.79046
_15383_, 444.24, 492.32, 1.79046
_15385_, 444.24, 492.32, 1.79046
clkbuf_leaf_128_clk, 444.24, 492.32, 1.79046
hold1706, 444.24, 492.32, 1.79046
FILLER_0_176_953, 444.24, 492.32, 1.79046
FILLER_0_177_944, 444.24, 492.32, 1.79046
FILLER_0_177_953, 444.24, 492.32, 1.79046
_15377_, 457.04, 492.32, 1.79042
hold1914, 457.04, 492.32, 1.79042
FILLER_0_178_993, 457.04, 492.32, 1.79042
_08704_, 469.84, 492.32, 1.79038
_08705_, 469.84, 492.32, 1.79038
_08706_, 469.84, 492.32, 1.79038
_08707_, 469.84, 492.32, 1.79038
_08713_, 469.84, 492.32, 1.79038
_15330_, 469.84, 492.32, 1.79038
hold636, 469.84, 492.32, 1.79038
hold1480, 469.84, 492.32, 1.79038
FILLER_0_177_997, 469.84, 492.32, 1.79038
FILLER_0_177_1005, 469.84, 492.32, 1.79038
_08710_, 495.308, 492.32, 1.79026
hold642, 495.308, 492.32, 1.79026
FILLER_0_177_1061, 495.308, 492.32, 1.79026
FILLER_0_176_1089, 507.977, 492.32, 1.79018
_08467_, 520.645, 492.32, 1.7901
_08480_, 520.645, 492.32, 1.7901
_08481_, 520.645, 492.32, 1.7901
_17792_, 520.645, 492.32, 1.7901
FILLER_0_177_1113, 520.645, 492.32, 1.7901
FILLER_0_177_1121, 520.645, 492.32, 1.7901
_08466_, 533.314, 492.32, 1.79003
_08521_, 533.314, 492.32, 1.79003
clkbuf_leaf_131_clk, 533.314, 492.32, 1.79003
hold292, 533.314, 492.32, 1.79003
FILLER_0_178_1161, 533.314, 492.32, 1.79003
_08511_, 545.982, 492.32, 1.79
_15434_, 545.982, 492.32, 1.79
_15436_, 545.982, 492.32, 1.79
_17778_, 545.982, 492.32, 1.79
hold1841, 545.982, 492.32, 1.79
hold1932, 545.982, 492.32, 1.79
FILLER_0_178_1183, 545.982, 492.32, 1.79
_08510_, 558.651, 492.32, 1.78998
_15439_, 558.651, 492.32, 1.78998
hold289, 558.651, 492.32, 1.78998
hold1603, 558.651, 492.32, 1.78998
ANTENNA_20, 558.651, 492.32, 1.78998
FILLER_0_177_1211, 558.651, 492.32, 1.78998
PHY_348, 5.52, 486.88, 1.79806
PHY_350, 5.52, 486.88, 1.79806
PHY_349, 571.32, 486.88, 1.79016
PHY_351, 571.32, 486.88, 1.79016
FILLER_0_174_1217, 571.32, 486.88, 1.79016
_09486_, 34.64, 486.88, 1.79767
_09487_, 34.64, 486.88, 1.79767
hold1488, 34.64, 486.88, 1.79767
FILLER_0_175_51, 34.64, 486.88, 1.79767
FILLER_0_176_77, 34.64, 486.88, 1.79767
_09345_, 47.44, 486.88, 1.79728
_14888_, 47.44, 486.88, 1.79728
_17360_, 47.44, 486.88, 1.79728
hold938, 47.44, 486.88, 1.79728
FILLER_0_175_81, 47.44, 486.88, 1.79728
_09344_, 60.24, 486.88, 1.79689
_09357_, 60.24, 486.88, 1.79689
_14969_, 60.24, 486.88, 1.79689
_14975_, 60.24, 486.88, 1.79689
_17354_, 60.24, 486.88, 1.79689
hold132, 60.24, 486.88, 1.79689
FILLER_0_174_115, 60.24, 486.88, 1.79689
FILLER_0_175_124, 60.24, 486.88, 1.79689
_09353_, 73.04, 486.88, 1.79652
_09356_, 73.04, 486.88, 1.79652
_17352_, 73.04, 486.88, 1.79652
_17356_, 73.04, 486.88, 1.79652
FILLER_0_174_137, 73.04, 486.88, 1.79652
FILLER_0_175_133, 73.04, 486.88, 1.79652
_09352_, 85.84, 486.88, 1.79616
_09369_, 85.84, 486.88, 1.79616
_17348_, 85.84, 486.88, 1.79616
hold341, 85.84, 486.88, 1.79616
FILLER_0_175_177, 85.84, 486.88, 1.79616
FILLER_0_175_185, 85.84, 486.88, 1.79616
_09368_, 98.64, 486.88, 1.79581
_09374_, 98.64, 486.88, 1.79581
_09375_, 98.64, 486.88, 1.79581
_09378_, 98.64, 486.88, 1.79581
_14962_, 98.64, 486.88, 1.79581
hold147, 98.64, 486.88, 1.79581
_09372_, 111.44, 486.88, 1.79546
_09373_, 111.44, 486.88, 1.79546
_14960_, 111.44, 486.88, 1.79546
hold987, 111.44, 486.88, 1.79546
FILLER_0_175_225, 111.44, 486.88, 1.79546
FILLER_0_175_236, 111.44, 486.88, 1.79546
_11098_, 124.24, 486.88, 1.79511
_11099_, 124.24, 486.88, 1.79511
_14003_, 124.24, 486.88, 1.79511
_16482_, 124.24, 486.88, 1.79511
_16483_, 124.24, 486.88, 1.79511
hold1284, 124.24, 486.88, 1.79511
FILLER_0_175_245, 124.24, 486.88, 1.79511
FILLER_0_175_263, 124.24, 486.88, 1.79511
FILLER_0_175_271, 124.24, 486.88, 1.79511
FILLER_0_176_265, 124.24, 486.88, 1.79511
_11088_, 137.04, 486.88, 1.79478
_11089_, 137.04, 486.88, 1.79478
_11100_, 137.04, 486.88, 1.79478
_11101_, 137.04, 486.88, 1.79478
_11103_, 137.04, 486.88, 1.79478
_14001_, 137.04, 486.88, 1.79478
_14002_, 137.04, 486.88, 1.79478
_14008_, 137.04, 486.88, 1.79478
_16481_, 137.04, 486.88, 1.79478
hold1019, 137.04, 486.88, 1.79478
hold1063, 137.04, 486.88, 1.79478
FILLER_0_174_273, 137.04, 486.88, 1.79478
_11102_, 149.84, 486.88, 1.79445
_11138_, 149.84, 486.88, 1.79445
_11139_, 149.84, 486.88, 1.79445
_13981_, 149.84, 486.88, 1.79445
hold1065, 149.84, 486.88, 1.79445
FILLER_0_175_312, 149.84, 486.88, 1.79445
_11124_, 162.64, 486.88, 1.79413
_13978_, 162.64, 486.88, 1.79413
_13986_, 162.64, 486.88, 1.79413
_16465_, 162.64, 486.88, 1.79413
_16466_, 162.64, 486.88, 1.79413
hold891, 162.64, 486.88, 1.79413
FILLER_0_175_345, 162.64, 486.88, 1.79413
_11006_, 188.24, 486.88, 1.79347
_14053_, 188.24, 486.88, 1.79347
_16527_, 188.24, 486.88, 1.79347
clkbuf_5_14__f_clk, 188.24, 486.88, 1.79347
hold1518, 188.24, 486.88, 1.79347
hold1763, 188.24, 486.88, 1.79347
_11010_, 201.04, 486.88, 1.79323
_11023_, 201.04, 486.88, 1.79323
_14051_, 201.04, 486.88, 1.79323
hold1369, 201.04, 486.88, 1.79323
FILLER_0_174_417, 201.04, 486.88, 1.79323
FILLER_0_174_421, 201.04, 486.88, 1.79323
FILLER_0_175_432, 201.04, 486.88, 1.79323
_11022_, 213.84, 486.88, 1.79299
_14052_, 213.84, 486.88, 1.79299
hold423, 213.84, 486.88, 1.79299
hold1335, 213.84, 486.88, 1.79299
_10545_, 226.64, 486.88, 1.79275
_14309_, 226.64, 486.88, 1.79275
clkbuf_leaf_88_clk, 239.44, 486.88, 1.79251
FILLER_0_175_499, 239.44, 486.88, 1.79251
FILLER_0_175_505, 239.44, 486.88, 1.79251
FILLER_0_176_521, 239.44, 486.88, 1.79251
_10690_, 252.24, 486.88, 1.79232
_14229_, 252.24, 486.88, 1.79232
_16684_, 252.24, 486.88, 1.79232
FILLER_0_174_525, 252.24, 486.88, 1.79232
FILLER_0_174_533, 252.24, 486.88, 1.79232
_10700_, 265.04, 486.88, 1.79213
_10701_, 265.04, 486.88, 1.79213
_14224_, 265.04, 486.88, 1.79213
_16682_, 265.04, 486.88, 1.79213
_16689_, 265.04, 486.88, 1.79213
hold1649, 265.04, 486.88, 1.79213
FILLER_0_175_554, 265.04, 486.88, 1.79213
_10686_, 277.84, 486.88, 1.79196
_10687_, 277.84, 486.88, 1.79196
_10694_, 277.84, 486.88, 1.79196
_14231_, 277.84, 486.88, 1.79196
hold1450, 277.84, 486.88, 1.79196
FILLER_0_175_600, 277.84, 486.88, 1.79196
_14822_, 290.64, 486.88, 1.79179
_17221_, 290.64, 486.88, 1.79179
_17229_, 290.64, 486.88, 1.79179
FILLER_0_175_612, 290.64, 486.88, 1.79179
FILLER_0_175_617, 290.64, 486.88, 1.79179
_09611_, 303.44, 486.88, 1.79163
_09622_, 303.44, 486.88, 1.79163
_14824_, 303.44, 486.88, 1.79163
_14830_, 303.44, 486.88, 1.79163
_17227_, 303.44, 486.88, 1.79163
hold2111, 303.44, 486.88, 1.79163
FILLER_0_176_653, 303.44, 486.88, 1.79163
_09610_, 316.24, 486.88, 1.79148
_14777_, 341.84, 486.88, 1.79116
_14785_, 341.84, 486.88, 1.79116
_17182_, 341.84, 486.88, 1.79116
_17184_, 341.84, 486.88, 1.79116
_09575_, 354.64, 486.88, 1.79101
_09700_, 354.64, 486.88, 1.79101
_14851_, 354.64, 486.88, 1.79101
_17245_, 354.64, 486.88, 1.79101
_17248_, 354.64, 486.88, 1.79101
FILLER_0_174_753, 354.64, 486.88, 1.79101
_09568_, 367.44, 486.88, 1.79087
_09580_, 367.44, 486.88, 1.79087
_17242_, 367.44, 486.88, 1.79087
hold1083, 367.44, 486.88, 1.79087
hold1642, 367.44, 486.88, 1.79087
FILLER_0_176_789, 367.44, 486.88, 1.79087
FILLER_0_176_797, 367.44, 486.88, 1.79087
_09572_, 380.24, 486.88, 1.79073
clkbuf_leaf_121_clk, 380.24, 486.88, 1.79073
FILLER_0_174_807, 380.24, 486.88, 1.79073
_08576_, 393.04, 486.88, 1.79065
_17744_, 393.04, 486.88, 1.79065
hold1750, 393.04, 486.88, 1.79065
FILLER_0_174_837, 393.04, 486.88, 1.79065
FILLER_0_175_829, 393.04, 486.88, 1.79065
FILLER_0_175_837, 393.04, 486.88, 1.79065
FILLER_0_176_851, 393.04, 486.88, 1.79065
_15407_, 405.84, 486.88, 1.79057
_17749_, 405.84, 486.88, 1.79057
FILLER_0_174_858, 405.84, 486.88, 1.79057
FILLER_0_175_873, 405.84, 486.88, 1.79057
_08685_, 418.64, 486.88, 1.7905
_15332_, 418.64, 486.88, 1.7905
_15342_, 418.64, 486.88, 1.7905
_17683_, 418.64, 486.88, 1.7905
FILLER_0_175_892, 418.64, 486.88, 1.7905
FILLER_0_175_897, 418.64, 486.88, 1.7905
FILLER_0_175_905, 418.64, 486.88, 1.7905
_08692_, 431.44, 486.88, 1.79044
_15335_, 431.44, 486.88, 1.79044
_15338_, 431.44, 486.88, 1.79044
FILLER_0_174_920, 431.44, 486.88, 1.79044
FILLER_0_174_925, 431.44, 486.88, 1.79044
FILLER_0_175_926, 431.44, 486.88, 1.79044
_08607_, 444.24, 486.88, 1.79039
_17721_, 444.24, 486.88, 1.79039
_17729_, 444.24, 486.88, 1.79039
hold456, 444.24, 486.88, 1.79039
FILLER_0_174_950, 444.24, 486.88, 1.79039
_08606_, 457.04, 486.88, 1.79034
_08618_, 457.04, 486.88, 1.79034
_08619_, 457.04, 486.88, 1.79034
_08623_, 457.04, 486.88, 1.79034
_17676_, 457.04, 486.88, 1.79034
hold1868, 457.04, 486.88, 1.79034
hold2036, 457.04, 486.88, 1.79034
FILLER_0_174_977, 457.04, 486.88, 1.79034
_08712_, 469.84, 486.88, 1.79031
_17674_, 469.84, 486.88, 1.79031
clkbuf_leaf_127_clk, 469.84, 486.88, 1.79031
hold1449, 469.84, 486.88, 1.79031
_08708_, 495.308, 486.88, 1.79029
_08709_, 495.308, 486.88, 1.79029
_08716_, 495.308, 486.88, 1.79029
_15329_, 495.308, 486.88, 1.79029
_08465_, 507.977, 486.88, 1.79025
_08475_, 507.977, 486.88, 1.79025
_15464_, 507.977, 486.88, 1.79025
FILLER_0_174_1085, 507.977, 486.88, 1.79025
FILLER_0_175_1089, 507.977, 486.88, 1.79025
FILLER_0_176_1105, 507.977, 486.88, 1.79025
_15456_, 520.645, 486.88, 1.79021
_15459_, 520.645, 486.88, 1.79021
_17799_, 520.645, 486.88, 1.79021
hold792, 520.645, 486.88, 1.79021
hold1890, 520.645, 486.88, 1.79021
FILLER_0_175_1112, 520.645, 486.88, 1.79021
_08517_, 533.314, 486.88, 1.79018
_17772_, 533.314, 486.88, 1.79018
_17774_, 533.314, 486.88, 1.79018
_08520_, 545.982, 486.88, 1.79016
_17771_, 545.982, 486.88, 1.79016
_17777_, 545.982, 486.88, 1.79016
FILLER_0_175_1165, 545.982, 486.88, 1.79016
FILLER_0_175_1172, 545.982, 486.88, 1.79016
_08522_, 558.651, 486.88, 1.79016
_15433_, 558.651, 486.88, 1.79016
_15440_, 558.651, 486.88, 1.79016
hold793, 558.651, 486.88, 1.79016
FILLER_0_174_1193, 558.651, 486.88, 1.79016
FILLER_0_174_1201, 558.651, 486.88, 1.79016
FILLER_0_176_1216, 558.651, 486.88, 1.79016
PHY_344, 5.52, 481.44, 1.79763
PHY_346, 5.52, 481.44, 1.79763
PHY_345, 571.32, 481.44, 1.79029
PHY_347, 571.32, 481.44, 1.79029
_09496_, 34.64, 481.44, 1.79724
_09497_, 34.64, 481.44, 1.79724
_14892_, 34.64, 481.44, 1.79724
_17283_, 34.64, 481.44, 1.79724
_17284_, 34.64, 481.44, 1.79724
hold1594, 34.64, 481.44, 1.79724
hold1666, 34.64, 481.44, 1.79724
_09498_, 47.44, 481.44, 1.79687
hold1419, 47.44, 481.44, 1.79687
hold1475, 47.44, 481.44, 1.79687
_09348_, 60.24, 481.44, 1.7965
_14965_, 60.24, 481.44, 1.7965
_14973_, 60.24, 481.44, 1.7965
_17358_, 60.24, 481.44, 1.7965
FILLER_0_173_109, 60.24, 481.44, 1.7965
FILLER_0_173_113, 60.24, 481.44, 1.7965
FILLER_0_173_121, 60.24, 481.44, 1.7965
_09363_, 73.04, 481.44, 1.79614
_14966_, 73.04, 481.44, 1.79614
_14971_, 73.04, 481.44, 1.79614
_14974_, 73.04, 481.44, 1.79614
FILLER_0_172_141, 73.04, 481.44, 1.79614
FILLER_0_173_153, 73.04, 481.44, 1.79614
_17345_, 85.84, 481.44, 1.79577
hold516, 85.84, 481.44, 1.79577
FILLER_0_173_162, 85.84, 481.44, 1.79577
FILLER_0_174_181, 85.84, 481.44, 1.79577
_09381_, 98.64, 481.44, 1.79542
_14954_, 98.64, 481.44, 1.79542
_14959_, 98.64, 481.44, 1.79542
_17350_, 98.64, 481.44, 1.79542
clkbuf_leaf_73_clk, 98.64, 481.44, 1.79542
FILLER_0_174_206, 98.64, 481.44, 1.79542
_09364_, 111.44, 481.44, 1.79511
_09365_, 111.44, 481.44, 1.79511
_09370_, 111.44, 481.44, 1.79511
_09371_, 111.44, 481.44, 1.79511
_14961_, 111.44, 481.44, 1.79511
_14964_, 111.44, 481.44, 1.79511
hold1017, 111.44, 481.44, 1.79511
FILLER_0_173_237, 111.44, 481.44, 1.79511
FILLER_0_174_242, 111.44, 481.44, 1.79511
_11085_, 124.24, 481.44, 1.79481
_16490_, 124.24, 481.44, 1.79481
hold131, 124.24, 481.44, 1.79481
FILLER_0_172_249, 124.24, 481.44, 1.79481
FILLER_0_173_245, 124.24, 481.44, 1.79481
_14010_, 137.04, 481.44, 1.79451
_16488_, 137.04, 481.44, 1.79451
_11125_, 149.84, 481.44, 1.79422
_16470_, 149.84, 481.44, 1.79422
FILLER_0_173_313, 149.84, 481.44, 1.79422
FILLER_0_173_321, 149.84, 481.44, 1.79422
_13988_, 162.64, 481.44, 1.79394
FILLER_0_173_332, 162.64, 481.44, 1.79394
FILLER_0_174_355, 162.64, 481.44, 1.79394
_14048_, 188.24, 481.44, 1.79334
_14049_, 188.24, 481.44, 1.79334
clkbuf_leaf_78_clk, 188.24, 481.44, 1.79334
FILLER_0_172_393, 188.24, 481.44, 1.79334
FILLER_0_174_404, 188.24, 481.44, 1.79334
_14045_, 201.04, 481.44, 1.79307
_16521_, 201.04, 481.44, 1.79307
_16528_, 201.04, 481.44, 1.79307
hold360, 201.04, 481.44, 1.79307
_11008_, 213.84, 481.44, 1.79281
_11009_, 213.84, 481.44, 1.79281
_10669_, 226.64, 481.44, 1.79255
_10670_, 226.64, 481.44, 1.79255
clkbuf_5_15__f_clk, 226.64, 481.44, 1.79255
FILLER_0_172_473, 226.64, 481.44, 1.79255
FILLER_0_172_477, 226.64, 481.44, 1.79255
_10676_, 239.44, 481.44, 1.79238
_10677_, 239.44, 481.44, 1.79238
_10679_, 239.44, 481.44, 1.79238
_16694_, 239.44, 481.44, 1.79238
hold1014, 239.44, 481.44, 1.79238
FILLER_0_173_500, 239.44, 481.44, 1.79238
FILLER_0_173_505, 239.44, 481.44, 1.79238
_10678_, 252.24, 481.44, 1.79222
_10698_, 252.24, 481.44, 1.79222
_14225_, 252.24, 481.44, 1.79222
_16683_, 252.24, 481.44, 1.79222
hold877, 252.24, 481.44, 1.79222
hold1627, 252.24, 481.44, 1.79222
FILLER_0_172_527, 252.24, 481.44, 1.79222
FILLER_0_174_541, 252.24, 481.44, 1.79222
hold1700, 265.04, 481.44, 1.79206
FILLER_0_172_556, 265.04, 481.44, 1.79206
FILLER_0_173_552, 265.04, 481.44, 1.79206
FILLER_0_174_575, 265.04, 481.44, 1.79206
hold415, 277.84, 481.44, 1.7919
FILLER_0_172_579, 277.84, 481.44, 1.7919
FILLER_0_173_609, 290.64, 481.44, 1.79175
_17230_, 303.44, 481.44, 1.79159
FILLER_0_172_637, 303.44, 481.44, 1.79159
FILLER_0_173_653, 303.44, 481.44, 1.79159
FILLER_0_174_648, 303.44, 481.44, 1.79159
_09604_, 316.24, 481.44, 1.79145
_09605_, 316.24, 481.44, 1.79145
_14821_, 316.24, 481.44, 1.79145
_14831_, 316.24, 481.44, 1.79145
_17190_, 316.24, 481.44, 1.79145
hold342, 316.24, 481.44, 1.79145
FILLER_0_172_669, 316.24, 481.44, 1.79145
FILLER_0_173_668, 316.24, 481.44, 1.79145
FILLER_0_173_679, 316.24, 481.44, 1.79145
_09686_, 341.84, 481.44, 1.79121
_09701_, 341.84, 481.44, 1.79121
_14779_, 341.84, 481.44, 1.79121
hold1029, 341.84, 481.44, 1.79121
FILLER_0_172_723, 341.84, 481.44, 1.79121
FILLER_0_173_723, 341.84, 481.44, 1.79121
_09569_, 354.64, 481.44, 1.79111
FILLER_0_172_752, 354.64, 481.44, 1.79111
FILLER_0_173_759, 354.64, 481.44, 1.79111
_09581_, 367.44, 481.44, 1.79101
_09743_, 367.44, 481.44, 1.79101
_14845_, 367.44, 481.44, 1.79101
FILLER_0_172_781, 367.44, 481.44, 1.79101
FILLER_0_173_779, 367.44, 481.44, 1.79101
_09728_, 380.24, 481.44, 1.79091
_09729_, 380.24, 481.44, 1.79091
_09742_, 380.24, 481.44, 1.79091
hold1657, 380.24, 481.44, 1.79091
FILLER_0_173_802, 380.24, 481.44, 1.79091
FILLER_0_173_808, 380.24, 481.44, 1.79091
_08564_, 393.04, 481.44, 1.79081
_08568_, 393.04, 481.44, 1.79081
_08569_, 393.04, 481.44, 1.79081
_08577_, 393.04, 481.44, 1.79081
_09739_, 393.04, 481.44, 1.79081
_15402_, 393.04, 481.44, 1.79081
_15406_, 393.04, 481.44, 1.79081
_17748_, 393.04, 481.44, 1.79081
hold869, 393.04, 481.44, 1.79081
hold1319, 393.04, 481.44, 1.79081
FILLER_0_172_832, 393.04, 481.44, 1.79081
FILLER_0_173_831, 393.04, 481.44, 1.79081
_08566_, 405.84, 481.44, 1.79072
_08567_, 405.84, 481.44, 1.79072
_15398_, 405.84, 481.44, 1.79072
_15408_, 405.84, 481.44, 1.79072
hold1114, 405.84, 481.44, 1.79072
FILLER_0_172_862, 405.84, 481.44, 1.79072
FILLER_0_172_869, 405.84, 481.44, 1.79072
_08698_, 418.64, 481.44, 1.79064
_08699_, 418.64, 481.44, 1.79064
_08703_, 418.64, 481.44, 1.79064
_15333_, 418.64, 481.44, 1.79064
_17681_, 418.64, 481.44, 1.79064
hold313, 418.64, 481.44, 1.79064
hold476, 418.64, 481.44, 1.79064
hold480, 418.64, 481.44, 1.79064
FILLER_0_173_900, 418.64, 481.44, 1.79064
_08697_, 431.44, 481.44, 1.79056
_08701_, 431.44, 481.44, 1.79056
_08702_, 431.44, 481.44, 1.79056
_15334_, 431.44, 481.44, 1.79056
_17682_, 431.44, 481.44, 1.79056
hold712, 431.44, 481.44, 1.79056
FILLER_0_173_912, 431.44, 481.44, 1.79056
FILLER_0_174_935, 431.44, 481.44, 1.79056
_08700_, 444.24, 481.44, 1.7905
_15336_, 444.24, 481.44, 1.7905
_17723_, 444.24, 481.44, 1.7905
FILLER_0_173_944, 444.24, 481.44, 1.7905
_08622_, 457.04, 481.44, 1.79044
_17679_, 457.04, 481.44, 1.79044
FILLER_0_174_987, 457.04, 481.44, 1.79044
_15327_, 469.84, 481.44, 1.79038
FILLER_0_173_1001, 469.84, 481.44, 1.79038
_08390_, 495.308, 481.44, 1.79031
_08393_, 495.308, 481.44, 1.79031
_15504_, 495.308, 481.44, 1.79031
hold602, 495.308, 481.44, 1.79031
FILLER_0_173_1057, 495.308, 481.44, 1.79031
FILLER_0_173_1065, 495.308, 481.44, 1.79031
_08392_, 507.977, 481.44, 1.7903
_17795_, 507.977, 481.44, 1.7903
_17800_, 507.977, 481.44, 1.7903
FILLER_0_172_1088, 507.977, 481.44, 1.7903
_08464_, 520.645, 481.44, 1.79029
_08471_, 520.645, 481.44, 1.79029
_08474_, 520.645, 481.44, 1.79029
_15463_, 520.645, 481.44, 1.79029
hold845, 520.645, 481.44, 1.79029
FILLER_0_172_1113, 520.645, 481.44, 1.79029
FILLER_0_173_1121, 520.645, 481.44, 1.79029
_08470_, 533.314, 481.44, 1.79029
FILLER_0_172_1145, 533.314, 481.44, 1.79029
_08523_, 545.982, 481.44, 1.79029
hold599, 545.982, 481.44, 1.79029
FILLER_0_173_1169, 545.982, 481.44, 1.79029
_15435_, 558.651, 481.44, 1.79029
FILLER_0_172_1193, 558.651, 481.44, 1.79029
FILLER_0_172_1201, 558.651, 481.44, 1.79029
PHY_340, 5.52, 476, 1.79715
PHY_342, 5.52, 476, 1.79715
output93, 5.52, 476, 1.79715
PHY_341, 571.32, 476, 1.78976
PHY_343, 571.32, 476, 1.78976
output82, 571.32, 476, 1.78976
FILLER_0_170_1218, 571.32, 476, 1.78976
FILLER_0_172_21, 13.68, 476, 1.79719
_09484_, 34.64, 476, 1.79689
_14897_, 34.64, 476, 1.79689
_14898_, 34.64, 476, 1.79689
_17286_, 34.64, 476, 1.79689
_09492_, 47.44, 476, 1.79655
_09493_, 47.44, 476, 1.79655
_09499_, 47.44, 476, 1.79655
_14891_, 47.44, 476, 1.79655
_14894_, 47.44, 476, 1.79655
FILLER_0_172_99, 47.44, 476, 1.79655
_09349_, 60.24, 476, 1.79622
_14972_, 60.24, 476, 1.79622
_17359_, 60.24, 476, 1.79622
hold1399, 60.24, 476, 1.79622
FILLER_0_171_119, 60.24, 476, 1.79622
_09346_, 73.04, 476, 1.7959
_09347_, 73.04, 476, 1.7959
_17351_, 73.04, 476, 1.7959
_17353_, 73.04, 476, 1.7959
hold883, 73.04, 476, 1.7959
_09358_, 85.84, 476, 1.79559
_09362_, 85.84, 476, 1.79559
_09376_, 85.84, 476, 1.79559
_09377_, 85.84, 476, 1.79559
_14958_, 85.84, 476, 1.79559
_17342_, 85.84, 476, 1.79559
hold441, 85.84, 476, 1.79559
FILLER_0_170_169, 85.84, 476, 1.79559
FILLER_0_171_172, 85.84, 476, 1.79559
FILLER_0_172_183, 85.84, 476, 1.79559
_09380_, 98.64, 476, 1.7953
hold351, 98.64, 476, 1.7953
hold700, 98.64, 476, 1.7953
_09367_, 111.44, 476, 1.795
_14963_, 111.44, 476, 1.795
_17349_, 111.44, 476, 1.795
hold669, 111.44, 476, 1.795
FILLER_0_172_241, 111.44, 476, 1.795
_11084_, 124.24, 476, 1.79471
_11093_, 124.24, 476, 1.79471
hold1687, 124.24, 476, 1.79471
FILLER_0_170_253, 124.24, 476, 1.79471
_14000_, 137.04, 476, 1.79442
FILLER_0_171_277, 137.04, 476, 1.79442
FILLER_0_172_287, 137.04, 476, 1.79442
FILLER_0_172_298, 137.04, 476, 1.79442
_11137_, 149.84, 476, 1.79413
_11143_, 149.84, 476, 1.79413
_14007_, 149.84, 476, 1.79413
hold479, 149.84, 476, 1.79413
FILLER_0_170_304, 149.84, 476, 1.79413
FILLER_0_171_305, 149.84, 476, 1.79413
FILLER_0_171_318, 149.84, 476, 1.79413
_11136_, 162.64, 476, 1.79385
_13982_, 162.64, 476, 1.79385
hold1915, 162.64, 476, 1.79385
hold2100, 162.64, 476, 1.79385
_11016_, 188.24, 476, 1.79333
_11017_, 188.24, 476, 1.79333
_14047_, 188.24, 476, 1.79333
_16524_, 188.24, 476, 1.79333
_16530_, 188.24, 476, 1.79333
FILLER_0_170_392, 188.24, 476, 1.79333
_11004_, 201.04, 476, 1.79311
_11021_, 201.04, 476, 1.79311
hold874, 201.04, 476, 1.79311
hold2051, 201.04, 476, 1.79311
FILLER_0_171_426, 201.04, 476, 1.79311
_10671_, 213.84, 476, 1.79289
_11012_, 213.84, 476, 1.79289
_14050_, 213.84, 476, 1.79289
hold922, 213.84, 476, 1.79289
hold2042, 213.84, 476, 1.79289
FILLER_0_171_452, 213.84, 476, 1.79289
FILLER_0_172_465, 213.84, 476, 1.79289
_10665_, 226.64, 476, 1.79268
_10668_, 226.64, 476, 1.79268
_14240_, 226.64, 476, 1.79268
_14243_, 226.64, 476, 1.79268
_16698_, 226.64, 476, 1.79268
_16700_, 226.64, 476, 1.79268
hold189, 226.64, 476, 1.79268
FILLER_0_172_483, 226.64, 476, 1.79268
FILLER_0_172_491, 226.64, 476, 1.79268
_16693_, 239.44, 476, 1.79247
hold2096, 239.44, 476, 1.79247
FILLER_0_170_505, 239.44, 476, 1.79247
FILLER_0_171_496, 239.44, 476, 1.79247
_10699_, 252.24, 476, 1.79228
_10739_, 252.24, 476, 1.79228
FILLER_0_170_533, 252.24, 476, 1.79228
_10738_, 265.04, 476, 1.79209
_10742_, 265.04, 476, 1.79209
_14201_, 265.04, 476, 1.79209
_16666_, 265.04, 476, 1.79209
hold840, 265.04, 476, 1.79209
_10732_, 277.84, 476, 1.7919
_10733_, 277.84, 476, 1.7919
hold808, 277.84, 476, 1.7919
FILLER_0_170_584, 277.84, 476, 1.7919
_09615_, 290.64, 476, 1.79172
_09620_, 290.64, 476, 1.79172
_09621_, 290.64, 476, 1.79172
_14826_, 290.64, 476, 1.79172
hold1164, 290.64, 476, 1.79172
FILLER_0_171_617, 290.64, 476, 1.79172
_09614_, 303.44, 476, 1.79154
_09617_, 303.44, 476, 1.79154
hold1807, 303.44, 476, 1.79154
hold1845, 303.44, 476, 1.79154
FILLER_0_171_661, 303.44, 476, 1.79154
_09613_, 316.24, 476, 1.79136
_14827_, 316.24, 476, 1.79136
_17187_, 316.24, 476, 1.79136
_17189_, 316.24, 476, 1.79136
FILLER_0_171_685, 316.24, 476, 1.79136
FILLER_0_172_677, 316.24, 476, 1.79136
_09692_, 341.84, 476, 1.79104
_09693_, 341.84, 476, 1.79104
_14778_, 341.84, 476, 1.79104
_14783_, 341.84, 476, 1.79104
_17181_, 341.84, 476, 1.79104
_17186_, 341.84, 476, 1.79104
hold1637, 341.84, 476, 1.79104
FILLER_0_171_722, 341.84, 476, 1.79104
FILLER_0_172_741, 341.84, 476, 1.79104
_09702_, 354.64, 476, 1.79091
_09734_, 354.64, 476, 1.79091
_09735_, 354.64, 476, 1.79091
_14760_, 354.64, 476, 1.79091
_17165_, 354.64, 476, 1.79091
hold1463, 354.64, 476, 1.79091
FILLER_0_171_749, 354.64, 476, 1.79091
FILLER_0_171_756, 354.64, 476, 1.79091
_17161_, 367.44, 476, 1.79079
_17168_, 367.44, 476, 1.79079
hold1370, 367.44, 476, 1.79079
FILLER_0_171_779, 367.44, 476, 1.79079
_14756_, 380.24, 476, 1.79069
_14763_, 380.24, 476, 1.79069
_17163_, 380.24, 476, 1.79069
hold1869, 380.24, 476, 1.79069
FILLER_0_170_805, 380.24, 476, 1.79069
FILLER_0_170_813, 380.24, 476, 1.79069
_08565_, 393.04, 476, 1.79059
_09738_, 393.04, 476, 1.79059
_17750_, 393.04, 476, 1.79059
_08574_, 405.84, 476, 1.7905
_08575_, 405.84, 476, 1.7905
_15401_, 405.84, 476, 1.7905
_17743_, 405.84, 476, 1.7905
FILLER_0_170_862, 405.84, 476, 1.7905
FILLER_0_171_861, 405.84, 476, 1.7905
FILLER_0_172_881, 405.84, 476, 1.7905
_08578_, 418.64, 476, 1.79041
_08579_, 418.64, 476, 1.79041
FILLER_0_171_892, 418.64, 476, 1.79041
FILLER_0_171_909, 418.64, 476, 1.79041
_08696_, 431.44, 476, 1.79033
_17684_, 431.44, 476, 1.79033
hold187, 431.44, 476, 1.79033
FILLER_0_170_913, 431.44, 476, 1.79033
FILLER_0_170_921, 431.44, 476, 1.79033
_08727_, 444.24, 476, 1.79025
_17667_, 444.24, 476, 1.79025
clkbuf_leaf_126_clk, 444.24, 476, 1.79025
hold1349, 457.04, 476, 1.79022
hold1829, 457.04, 476, 1.79022
FILLER_0_170_981, 457.04, 476, 1.79022
FILLER_0_171_974, 457.04, 476, 1.79022
_08742_, 469.84, 476, 1.7902
_08743_, 469.84, 476, 1.7902
_17833_, 469.84, 476, 1.7902
hold457, 469.84, 476, 1.7902
FILLER_0_171_997, 469.84, 476, 1.7902
FILLER_0_171_1005, 469.84, 476, 1.7902
_17836_, 495.308, 476, 1.79009
_17838_, 495.308, 476, 1.79009
_08388_, 507.977, 476, 1.79002
hold120, 507.977, 476, 1.79002
hold287, 507.977, 476, 1.79002
FILLER_0_170_1082, 507.977, 476, 1.79002
_08483_, 520.645, 476, 1.78996
_15458_, 520.645, 476, 1.78996
_15461_, 520.645, 476, 1.78996
_17797_, 520.645, 476, 1.78996
FILLER_0_171_1117, 520.645, 476, 1.78996
FILLER_0_171_1121, 520.645, 476, 1.78996
FILLER_0_171_1133, 520.645, 476, 1.78996
_08515_, 533.314, 476, 1.7899
_17775_, 533.314, 476, 1.7899
hold1254, 533.314, 476, 1.7899
hold1296, 533.314, 476, 1.7899
FILLER_0_171_1151, 533.314, 476, 1.7899
FILLER_0_172_1149, 533.314, 476, 1.7899
_08514_, 545.982, 476, 1.78984
_08519_, 545.982, 476, 1.78984
_15437_, 545.982, 476, 1.78984
_17773_, 545.982, 476, 1.78984
hold897, 545.982, 476, 1.78984
FILLER_0_171_1167, 545.982, 476, 1.78984
FILLER_0_172_1183, 545.982, 476, 1.78984
_08518_, 558.651, 476, 1.7898
hold1149, 558.651, 476, 1.7898
FILLER_0_171_1214, 558.651, 476, 1.7898
PHY_336, 5.52, 470.56, 1.79685
PHY_338, 5.52, 470.56, 1.79685
PHY_337, 571.32, 470.56, 1.78973
PHY_339, 571.32, 470.56, 1.78973
FILLER_0_168_1217, 571.32, 470.56, 1.78973
FILLER_0_169_1220, 571.32, 470.56, 1.78973
clkbuf_leaf_65_clk, 34.64, 470.56, 1.79646
hold2066, 34.64, 470.56, 1.79646
FILLER_0_169_51, 34.64, 470.56, 1.79646
FILLER_0_169_69, 34.64, 470.56, 1.79646
_17357_, 47.44, 470.56, 1.79612
FILLER_0_169_104, 47.44, 470.56, 1.79612
FILLER_0_170_97, 47.44, 470.56, 1.79612
_09350_, 60.24, 470.56, 1.79578
_09351_, 60.24, 470.56, 1.79578
hold1360, 60.24, 470.56, 1.79578
FILLER_0_169_116, 60.24, 470.56, 1.79578
_09359_, 73.04, 470.56, 1.79545
_14968_, 73.04, 470.56, 1.79545
clkbuf_leaf_62_clk, 73.04, 470.56, 1.79545
FILLER_0_168_133, 73.04, 470.56, 1.79545
_17344_, 85.84, 470.56, 1.79515
hold330, 85.84, 470.56, 1.79515
FILLER_0_169_163, 85.84, 470.56, 1.79515
_14956_, 98.64, 470.56, 1.79487
_17347_, 98.64, 470.56, 1.79487
FILLER_0_168_193, 98.64, 470.56, 1.79487
FILLER_0_170_208, 98.64, 470.56, 1.79487
_09366_, 111.44, 470.56, 1.79459
FILLER_0_169_217, 111.44, 470.56, 1.79459
FILLER_0_169_237, 111.44, 470.56, 1.79459
_11092_, 124.24, 470.56, 1.79431
_14006_, 124.24, 470.56, 1.79431
_14009_, 124.24, 470.56, 1.79431
_16486_, 124.24, 470.56, 1.79431
_16489_, 124.24, 470.56, 1.79431
hold125, 124.24, 470.56, 1.79431
FILLER_0_168_245, 124.24, 470.56, 1.79431
FILLER_0_169_245, 124.24, 470.56, 1.79431
_11090_, 137.04, 470.56, 1.79404
_11091_, 137.04, 470.56, 1.79404
_11095_, 137.04, 470.56, 1.79404
_11097_, 137.04, 470.56, 1.79404
_14004_, 137.04, 470.56, 1.79404
_14005_, 137.04, 470.56, 1.79404
_16484_, 137.04, 470.56, 1.79404
_16487_, 137.04, 470.56, 1.79404
hold366, 137.04, 470.56, 1.79404
FILLER_0_170_287, 137.04, 470.56, 1.79404
_11096_, 149.84, 470.56, 1.7938
_16461_, 149.84, 470.56, 1.7938
_16464_, 149.84, 470.56, 1.7938
hold1539, 149.84, 470.56, 1.7938
FILLER_0_168_302, 149.84, 470.56, 1.7938
FILLER_0_168_309, 149.84, 470.56, 1.7938
_11142_, 162.64, 470.56, 1.79356
_13979_, 162.64, 470.56, 1.79356
_13980_, 162.64, 470.56, 1.79356
_13987_, 162.64, 470.56, 1.79356
_16469_, 162.64, 470.56, 1.79356
hold1540, 162.64, 470.56, 1.79356
FILLER_0_169_343, 162.64, 470.56, 1.79356
FILLER_0_170_350, 162.64, 470.56, 1.79356
_11005_, 188.24, 470.56, 1.79308
_14054_, 188.24, 470.56, 1.79308
FILLER_0_169_393, 188.24, 470.56, 1.79308
_16522_, 201.04, 470.56, 1.79281
_16526_, 201.04, 470.56, 1.79281
hold359, 201.04, 470.56, 1.79281
FILLER_0_168_412, 201.04, 470.56, 1.79281
FILLER_0_169_421, 201.04, 470.56, 1.79281
_11013_, 213.84, 470.56, 1.79257
_11020_, 213.84, 470.56, 1.79257
_14046_, 213.84, 470.56, 1.79257
clkbuf_leaf_92_clk, 213.84, 470.56, 1.79257
FILLER_0_168_441, 213.84, 470.56, 1.79257
_10664_, 226.64, 470.56, 1.79235
_14241_, 226.64, 470.56, 1.79235
_16697_, 226.64, 470.56, 1.79235
FILLER_0_168_467, 226.64, 470.56, 1.79235
FILLER_0_169_493, 226.64, 470.56, 1.79235
_14236_, 239.44, 470.56, 1.79215
_14237_, 239.44, 470.56, 1.79215
FILLER_0_169_501, 239.44, 470.56, 1.79215
_10743_, 252.24, 470.56, 1.79194
_16661_, 252.24, 470.56, 1.79194
_16663_, 252.24, 470.56, 1.79194
_16668_, 252.24, 470.56, 1.79194
FILLER_0_168_525, 252.24, 470.56, 1.79194
FILLER_0_169_529, 252.24, 470.56, 1.79194
FILLER_0_169_537, 252.24, 470.56, 1.79194
_14203_, 265.04, 470.56, 1.79176
_14208_, 265.04, 470.56, 1.79176
hold301, 265.04, 470.56, 1.79176
FILLER_0_169_573, 265.04, 470.56, 1.79176
_10730_, 277.84, 470.56, 1.79158
_10731_, 277.84, 470.56, 1.79158
_14206_, 277.84, 470.56, 1.79158
_16667_, 277.84, 470.56, 1.79158
FILLER_0_168_589, 277.84, 470.56, 1.79158
FILLER_0_170_596, 277.84, 470.56, 1.79158
_14823_, 290.64, 470.56, 1.7914
_17222_, 290.64, 470.56, 1.7914
_17224_, 290.64, 470.56, 1.7914
_17225_, 290.64, 470.56, 1.7914
hold1835, 290.64, 470.56, 1.7914
FILLER_0_168_608, 290.64, 470.56, 1.7914
_09616_, 303.44, 470.56, 1.79125
_14825_, 303.44, 470.56, 1.79125
_17226_, 303.44, 470.56, 1.79125
_17228_, 303.44, 470.56, 1.79125
FILLER_0_168_645, 303.44, 470.56, 1.79125
FILLER_0_169_643, 303.44, 470.56, 1.79125
_09608_, 316.24, 470.56, 1.79111
_09612_, 316.24, 470.56, 1.79111
hold1624, 316.24, 470.56, 1.79111
hold2025, 316.24, 470.56, 1.79111
_09703_, 341.84, 470.56, 1.79072
clkbuf_5_26__f_clk, 341.84, 470.56, 1.79072
hold1028, 341.84, 470.56, 1.79072
FILLER_0_169_745, 341.84, 470.56, 1.79072
_09737_, 354.64, 470.56, 1.79055
_14755_, 354.64, 470.56, 1.79055
_17164_, 354.64, 470.56, 1.79055
_09736_, 367.44, 470.56, 1.7904
_14759_, 367.44, 470.56, 1.7904
hold767, 367.44, 470.56, 1.7904
FILLER_0_170_798, 367.44, 470.56, 1.7904
_09725_, 380.24, 470.56, 1.79024
_14758_, 380.24, 470.56, 1.79024
_14765_, 380.24, 470.56, 1.79024
clkbuf_5_27__f_clk, 380.24, 470.56, 1.79024
hold1882, 380.24, 470.56, 1.79024
FILLER_0_169_809, 380.24, 470.56, 1.79024
clkbuf_leaf_122_clk, 393.04, 470.56, 1.79017
FILLER_0_169_834, 393.04, 470.56, 1.79017
FILLER_0_169_841, 393.04, 470.56, 1.79017
_15403_, 405.84, 470.56, 1.79014
_17745_, 405.84, 470.56, 1.79014
hold243, 405.84, 470.56, 1.79014
FILLER_0_168_857, 405.84, 470.56, 1.79014
FILLER_0_168_865, 405.84, 470.56, 1.79014
FILLER_0_169_885, 418.64, 470.56, 1.79012
FILLER_0_169_893, 418.64, 470.56, 1.79012
FILLER_0_168_917, 431.44, 470.56, 1.79009
_08726_, 444.24, 470.56, 1.79007
_17668_, 444.24, 470.56, 1.79007
_17669_, 444.24, 470.56, 1.79007
FILLER_0_169_945, 444.24, 470.56, 1.79007
_08730_, 457.04, 470.56, 1.79006
_08731_, 457.04, 470.56, 1.79006
_08741_, 457.04, 470.56, 1.79006
_15311_, 457.04, 470.56, 1.79006
_15319_, 457.04, 470.56, 1.79006
_17662_, 457.04, 470.56, 1.79006
hold179, 457.04, 470.56, 1.79006
FILLER_0_170_989, 457.04, 470.56, 1.79006
_08740_, 469.84, 470.56, 1.79006
_17835_, 469.84, 470.56, 1.79006
hold903, 469.84, 470.56, 1.79006
_08389_, 495.308, 470.56, 1.78998
_15506_, 495.308, 470.56, 1.78998
FILLER_0_170_1065, 495.308, 470.56, 1.78998
_08387_, 507.977, 470.56, 1.78989
_08477_, 507.977, 470.56, 1.78989
_15507_, 507.977, 470.56, 1.78989
_17794_, 507.977, 470.56, 1.78989
FILLER_0_168_1087, 507.977, 470.56, 1.78989
FILLER_0_170_1093, 507.977, 470.56, 1.78989
_08468_, 520.645, 470.56, 1.78981
_08476_, 520.645, 470.56, 1.78981
_15455_, 520.645, 470.56, 1.78981
_15460_, 520.645, 470.56, 1.78981
_17791_, 520.645, 470.56, 1.78981
hold598, 520.645, 470.56, 1.78981
FILLER_0_168_1114, 520.645, 470.56, 1.78981
FILLER_0_169_1111, 520.645, 470.56, 1.78981
FILLER_0_169_1132, 520.645, 470.56, 1.78981
_08482_, 533.314, 470.56, 1.78974
_17780_, 533.314, 470.56, 1.78974
clkbuf_leaf_132_clk, 533.314, 470.56, 1.78974
_08504_, 545.982, 470.56, 1.78973
_08505_, 545.982, 470.56, 1.78973
_15442_, 545.982, 470.56, 1.78973
_17776_, 545.982, 470.56, 1.78973
_17779_, 545.982, 470.56, 1.78973
FILLER_0_168_1163, 545.982, 470.56, 1.78973
FILLER_0_169_1171, 545.982, 470.56, 1.78973
FILLER_0_170_1180, 545.982, 470.56, 1.78973
_08506_, 558.651, 470.56, 1.78973
_08512_, 558.651, 470.56, 1.78973
_08513_, 558.651, 470.56, 1.78973
_15438_, 558.651, 470.56, 1.78973
hold870, 558.651, 470.56, 1.78973
hold1147, 558.651, 470.56, 1.78973
FILLER_0_169_1189, 558.651, 470.56, 1.78973
FILLER_0_169_1198, 558.651, 470.56, 1.78973
PHY_332, 5.52, 465.12, 1.79654
PHY_334, 5.52, 465.12, 1.79654
PHY_333, 571.32, 465.12, 1.79005
PHY_335, 571.32, 465.12, 1.79005
FILLER_0_166_1217, 571.32, 465.12, 1.79005
FILLER_0_167_1222, 571.32, 465.12, 1.79005
_09429_, 34.64, 465.12, 1.79621
_09440_, 34.64, 465.12, 1.79621
_09442_, 34.64, 465.12, 1.79621
hold1457, 34.64, 465.12, 1.79621
FILLER_0_167_51, 34.64, 465.12, 1.79621
_09428_, 47.44, 465.12, 1.79589
_09434_, 47.44, 465.12, 1.79589
hold950, 47.44, 465.12, 1.79589
hold1534, 47.44, 465.12, 1.79589
FILLER_0_167_103, 47.44, 465.12, 1.79589
_09536_, 60.24, 465.12, 1.79557
_09537_, 60.24, 465.12, 1.79557
_14870_, 60.24, 465.12, 1.79557
hold1016, 60.24, 465.12, 1.79557
_09533_, 73.04, 465.12, 1.79525
_17266_, 73.04, 465.12, 1.79525
FILLER_0_166_133, 73.04, 465.12, 1.79525
FILLER_0_166_141, 73.04, 465.12, 1.79525
_14874_, 85.84, 465.12, 1.79494
hold410, 85.84, 465.12, 1.79494
_09465_, 98.64, 465.12, 1.79463
_09466_, 98.64, 465.12, 1.79463
_17300_, 98.64, 465.12, 1.79463
hold1964, 98.64, 465.12, 1.79463
_09467_, 111.44, 465.12, 1.79432
_17291_, 111.44, 465.12, 1.79432
clkbuf_leaf_74_clk, 111.44, 465.12, 1.79432
hold1268, 111.44, 465.12, 1.79432
FILLER_0_167_237, 111.44, 465.12, 1.79432
_09482_, 124.24, 465.12, 1.79406
_11086_, 124.24, 465.12, 1.79406
_11087_, 124.24, 465.12, 1.79406
hold400, 124.24, 465.12, 1.79406
FILLER_0_166_248, 124.24, 465.12, 1.79406
_11094_, 137.04, 465.12, 1.7938
_16485_, 137.04, 465.12, 1.7938
clkbuf_leaf_75_clk, 137.04, 465.12, 1.7938
hold1860, 137.04, 465.12, 1.7938
FILLER_0_166_273, 137.04, 465.12, 1.7938
_11141_, 149.84, 465.12, 1.79359
_16462_, 149.84, 465.12, 1.79359
FILLER_0_166_301, 149.84, 465.12, 1.79359
FILLER_0_167_318, 149.84, 465.12, 1.79359
_11140_, 162.64, 465.12, 1.79339
FILLER_0_166_333, 162.64, 465.12, 1.79339
FILLER_0_166_341, 162.64, 465.12, 1.79339
FILLER_0_167_329, 162.64, 465.12, 1.79339
_11112_, 188.24, 465.12, 1.79296
_11113_, 188.24, 465.12, 1.79296
_11120_, 188.24, 465.12, 1.79296
_13991_, 188.24, 465.12, 1.79296
_16476_, 188.24, 465.12, 1.79296
hold1864, 188.24, 465.12, 1.79296
FILLER_0_168_398, 188.24, 465.12, 1.79296
_16691_, 213.84, 465.12, 1.79254
FILLER_0_167_441, 213.84, 465.12, 1.79254
_10681_, 226.64, 465.12, 1.79234
_10682_, 226.64, 465.12, 1.79234
_10683_, 226.64, 465.12, 1.79234
_14233_, 226.64, 465.12, 1.79234
_14234_, 226.64, 465.12, 1.79234
hold1078, 226.64, 465.12, 1.79234
_10672_, 239.44, 465.12, 1.79213
_10673_, 239.44, 465.12, 1.79213
_10675_, 239.44, 465.12, 1.79213
_14238_, 239.44, 465.12, 1.79213
_14239_, 239.44, 465.12, 1.79213
_16695_, 239.44, 465.12, 1.79213
hold1992, 239.44, 465.12, 1.79213
FILLER_0_166_496, 239.44, 465.12, 1.79213
_10674_, 252.24, 465.12, 1.79194
_10728_, 252.24, 465.12, 1.79194
_10729_, 252.24, 465.12, 1.79194
hold1582, 252.24, 465.12, 1.79194
FILLER_0_166_528, 252.24, 465.12, 1.79194
FILLER_0_167_547, 252.24, 465.12, 1.79194
_14200_, 265.04, 465.12, 1.79175
_14205_, 265.04, 465.12, 1.79175
_16670_, 265.04, 465.12, 1.79175
hold574, 265.04, 465.12, 1.79175
_10724_, 277.84, 465.12, 1.79157
_14207_, 277.84, 465.12, 1.79157
_14210_, 277.84, 465.12, 1.79157
hold1561, 277.84, 465.12, 1.79157
FILLER_0_166_592, 277.84, 465.12, 1.79157
hold1257, 290.64, 465.12, 1.79139
_09609_, 303.44, 465.12, 1.79121
_09644_, 303.44, 465.12, 1.79121
clkbuf_leaf_111_clk, 303.44, 465.12, 1.79121
FILLER_0_166_640, 303.44, 465.12, 1.79121
FILLER_0_167_653, 303.44, 465.12, 1.79121
FILLER_0_168_653, 303.44, 465.12, 1.79121
_09646_, 316.24, 465.12, 1.79108
_14829_, 316.24, 465.12, 1.79108
hold1828, 316.24, 465.12, 1.79108
FILLER_0_167_665, 316.24, 465.12, 1.79108
_09552_, 341.84, 465.12, 1.79081
_09553_, 341.84, 465.12, 1.79081
_17256_, 341.84, 465.12, 1.79081
hold272, 341.84, 465.12, 1.79081
hold1854, 341.84, 465.12, 1.79081
_09727_, 354.64, 465.12, 1.79068
_17167_, 354.64, 465.12, 1.79068
_17169_, 354.64, 465.12, 1.79068
clkbuf_leaf_108_clk, 354.64, 465.12, 1.79068
FILLER_0_166_753, 354.64, 465.12, 1.79068
FILLER_0_167_746, 354.64, 465.12, 1.79068
_09726_, 367.44, 465.12, 1.79061
_09730_, 367.44, 465.12, 1.79061
_14764_, 367.44, 465.12, 1.79061
_17166_, 367.44, 465.12, 1.79061
hold693, 367.44, 465.12, 1.79061
FILLER_0_167_775, 367.44, 465.12, 1.79061
FILLER_0_167_788, 367.44, 465.12, 1.79061
FILLER_0_168_796, 367.44, 465.12, 1.79061
_09724_, 380.24, 465.12, 1.79054
_09732_, 380.24, 465.12, 1.79054
_09733_, 380.24, 465.12, 1.79054
_14761_, 380.24, 465.12, 1.79054
_17170_, 380.24, 465.12, 1.79054
hold270, 393.04, 465.12, 1.79049
FILLER_0_167_833, 393.04, 465.12, 1.79049
_08654_, 405.84, 465.12, 1.79043
FILLER_0_166_864, 405.84, 465.12, 1.79043
FILLER_0_166_869, 405.84, 465.12, 1.79043
FILLER_0_167_877, 405.84, 465.12, 1.79043
hold1121, 418.64, 465.12, 1.79037
FILLER_0_167_893, 418.64, 465.12, 1.79037
_08662_, 431.44, 465.12, 1.79032
hold225, 431.44, 465.12, 1.79032
FILLER_0_166_918, 431.44, 465.12, 1.79032
_08728_, 444.24, 465.12, 1.79026
_08729_, 444.24, 465.12, 1.79026
FILLER_0_167_945, 444.24, 465.12, 1.79026
FILLER_0_167_953, 444.24, 465.12, 1.79026
FILLER_0_167_965, 444.24, 465.12, 1.79026
_15312_, 457.04, 465.12, 1.79021
_15317_, 457.04, 465.12, 1.79021
_15318_, 457.04, 465.12, 1.79021
_17661_, 457.04, 465.12, 1.79021
FILLER_0_166_969, 457.04, 465.12, 1.79021
FILLER_0_166_977, 457.04, 465.12, 1.79021
FILLER_0_167_988, 457.04, 465.12, 1.79021
FILLER_0_166_1005, 469.84, 465.12, 1.79016
FILLER_0_168_1015, 469.84, 465.12, 1.79016
_08402_, 495.308, 465.12, 1.79008
_15499_, 495.308, 465.12, 1.79008
_17831_, 495.308, 465.12, 1.79008
_17839_, 495.308, 465.12, 1.79008
hold699, 495.308, 465.12, 1.79008
hold1066, 495.308, 465.12, 1.79008
FILLER_0_167_1060, 495.308, 465.12, 1.79008
_08386_, 507.977, 465.12, 1.79007
_08469_, 507.977, 465.12, 1.79007
hold1259, 507.977, 465.12, 1.79007
hold1728, 507.977, 465.12, 1.79007
FILLER_0_167_1094, 507.977, 465.12, 1.79007
FILLER_0_168_1101, 507.977, 465.12, 1.79007
_08473_, 520.645, 465.12, 1.79006
_08479_, 520.645, 465.12, 1.79006
_15454_, 520.645, 465.12, 1.79006
_15462_, 520.645, 465.12, 1.79006
_17793_, 520.645, 465.12, 1.79006
hold915, 520.645, 465.12, 1.79006
_08478_, 533.314, 465.12, 1.79005
_15432_, 533.314, 465.12, 1.79005
hold1148, 533.314, 465.12, 1.79005
_08436_, 545.982, 465.12, 1.79005
_08437_, 545.982, 465.12, 1.79005
_08507_, 545.982, 465.12, 1.79005
_15441_, 545.982, 465.12, 1.79005
FILLER_0_167_1171, 545.982, 465.12, 1.79005
FILLER_0_167_1177, 545.982, 465.12, 1.79005
FILLER_0_166_1200, 558.651, 465.12, 1.79005
top_126, 5.52, 459.68, 1.79619
PHY_328, 5.52, 459.68, 1.79619
PHY_330, 5.52, 459.68, 1.79619
top_134, 571.32, 459.68, 1.78995
PHY_329, 571.32, 459.68, 1.78995
PHY_331, 571.32, 459.68, 1.78995
FILLER_0_164_1218, 571.32, 459.68, 1.78995
FILLER_0_165_1223, 571.32, 459.68, 1.78995
_09441_, 34.64, 459.68, 1.79588
_09443_, 34.64, 459.68, 1.79588
_14922_, 34.64, 459.68, 1.79588
_14923_, 34.64, 459.68, 1.79588
_17315_, 34.64, 459.68, 1.79588
_17318_, 34.64, 459.68, 1.79588
hold491, 34.64, 459.68, 1.79588
FILLER_0_165_63, 34.64, 459.68, 1.79588
_09435_, 47.44, 459.68, 1.79558
_14876_, 47.44, 459.68, 1.79558
_14921_, 47.44, 459.68, 1.79558
_14926_, 47.44, 459.68, 1.79558
_14929_, 47.44, 459.68, 1.79558
_17264_, 47.44, 459.68, 1.79558
hold668, 47.44, 459.68, 1.79558
FILLER_0_164_81, 47.44, 459.68, 1.79558
FILLER_0_164_88, 47.44, 459.68, 1.79558
_09526_, 60.24, 459.68, 1.79529
_17269_, 60.24, 459.68, 1.79529
hold826, 60.24, 459.68, 1.79529
_09527_, 73.04, 459.68, 1.79501
_09532_, 73.04, 459.68, 1.79501
_14866_, 73.04, 459.68, 1.79501
_17263_, 73.04, 459.68, 1.79501
_17268_, 73.04, 459.68, 1.79501
FILLER_0_164_137, 73.04, 459.68, 1.79501
FILLER_0_164_141, 73.04, 459.68, 1.79501
_09528_, 85.84, 459.68, 1.79474
_09529_, 85.84, 459.68, 1.79474
_09538_, 85.84, 459.68, 1.79474
hold469, 85.84, 459.68, 1.79474
_14899_, 98.64, 459.68, 1.79448
_17299_, 98.64, 459.68, 1.79448
FILLER_0_164_197, 98.64, 459.68, 1.79448
FILLER_0_165_189, 98.64, 459.68, 1.79448
_09464_, 111.44, 459.68, 1.79422
_09477_, 111.44, 459.68, 1.79422
_09479_, 111.44, 459.68, 1.79422
_09483_, 111.44, 459.68, 1.79422
_14900_, 111.44, 459.68, 1.79422
_14909_, 111.44, 459.68, 1.79422
FILLER_0_164_224, 111.44, 459.68, 1.79422
FILLER_0_165_225, 111.44, 459.68, 1.79422
_09476_, 124.24, 459.68, 1.79397
_14903_, 124.24, 459.68, 1.79397
hold434, 124.24, 459.68, 1.79397
hold1260, 124.24, 459.68, 1.79397
FILLER_0_165_249, 124.24, 459.68, 1.79397
FILLER_0_165_273, 137.04, 459.68, 1.79372
_11050_, 149.84, 459.68, 1.79346
hold955, 149.84, 459.68, 1.79346
FILLER_0_164_300, 149.84, 459.68, 1.79346
_16477_, 162.64, 459.68, 1.79321
clkbuf_leaf_77_clk, 162.64, 459.68, 1.79321
hold1503, 162.64, 459.68, 1.79321
FILLER_0_165_329, 162.64, 459.68, 1.79321
FILLER_0_165_337, 162.64, 459.68, 1.79321
_11116_, 188.24, 459.68, 1.79279
_13990_, 188.24, 459.68, 1.79279
_13995_, 188.24, 459.68, 1.79279
_16474_, 188.24, 459.68, 1.79279
FILLER_0_165_388, 188.24, 459.68, 1.79279
FILLER_0_166_398, 188.24, 459.68, 1.79279
FILLER_0_166_410, 188.24, 459.68, 1.79279
_11123_, 201.04, 459.68, 1.79257
hold1572, 201.04, 459.68, 1.79257
FILLER_0_164_421, 201.04, 459.68, 1.79257
FILLER_0_165_438, 201.04, 459.68, 1.79257
FILLER_0_165_461, 213.84, 459.68, 1.79235
FILLER_0_166_457, 213.84, 459.68, 1.79235
_10680_, 226.64, 459.68, 1.79213
_14235_, 226.64, 459.68, 1.79213
_16692_, 226.64, 459.68, 1.79213
hold1506, 226.64, 459.68, 1.79213
FILLER_0_164_468, 226.64, 459.68, 1.79213
FILLER_0_165_490, 226.64, 459.68, 1.79213
_14242_, 239.44, 459.68, 1.79192
_16696_, 239.44, 459.68, 1.79192
FILLER_0_165_498, 239.44, 459.68, 1.79192
_10740_, 252.24, 459.68, 1.79172
_10741_, 252.24, 459.68, 1.79172
_16662_, 252.24, 459.68, 1.79172
FILLER_0_164_524, 252.24, 459.68, 1.79172
FILLER_0_165_525, 252.24, 459.68, 1.79172
FILLER_0_165_533, 252.24, 459.68, 1.79172
FILLER_0_166_541, 252.24, 459.68, 1.79172
_10735_, 265.04, 459.68, 1.79152
_14202_, 265.04, 459.68, 1.79152
_16665_, 265.04, 459.68, 1.79152
clkbuf_leaf_89_clk, 265.04, 459.68, 1.79152
FILLER_0_164_557, 265.04, 459.68, 1.79152
_10725_, 277.84, 459.68, 1.79138
_14209_, 277.84, 459.68, 1.79138
_16669_, 277.84, 459.68, 1.79138
FILLER_0_164_583, 277.84, 459.68, 1.79138
FILLER_0_164_589, 277.84, 459.68, 1.79138
FILLER_0_165_584, 277.84, 459.68, 1.79138
FILLER_0_166_598, 277.84, 459.68, 1.79138
_09655_, 290.64, 459.68, 1.79125
_10726_, 290.64, 459.68, 1.79125
FILLER_0_164_613, 290.64, 459.68, 1.79125
FILLER_0_165_610, 290.64, 459.68, 1.79125
_09654_, 303.44, 459.68, 1.79111
_14804_, 303.44, 459.68, 1.79111
_17209_, 303.44, 459.68, 1.79111
hold1110, 303.44, 459.68, 1.79111
hold2086, 303.44, 459.68, 1.79111
FILLER_0_166_660, 303.44, 459.68, 1.79111
_09647_, 316.24, 459.68, 1.79099
_09656_, 316.24, 459.68, 1.79099
_14803_, 316.24, 459.68, 1.79099
_14808_, 316.24, 459.68, 1.79099
_17204_, 316.24, 459.68, 1.79099
FILLER_0_165_680, 316.24, 459.68, 1.79099
_14857_, 341.84, 459.68, 1.79076
_14860_, 341.84, 459.68, 1.79076
FILLER_0_165_722, 341.84, 459.68, 1.79076
_09731_, 354.64, 459.68, 1.79065
_14762_, 354.64, 459.68, 1.79065
hold714, 354.64, 459.68, 1.79065
FILLER_0_164_748, 354.64, 459.68, 1.79065
FILLER_0_165_758, 354.64, 459.68, 1.79065
_09741_, 380.24, 459.68, 1.79043
_14757_, 380.24, 459.68, 1.79043
_17162_, 380.24, 459.68, 1.79043
hold324, 380.24, 459.68, 1.79043
FILLER_0_164_804, 380.24, 459.68, 1.79043
FILLER_0_165_819, 380.24, 459.68, 1.79043
FILLER_0_166_816, 380.24, 459.68, 1.79043
_09740_, 393.04, 459.68, 1.79033
FILLER_0_165_831, 393.04, 459.68, 1.79033
_08653_, 405.84, 459.68, 1.79023
_08655_, 405.84, 459.68, 1.79023
_15360_, 405.84, 459.68, 1.79023
_17705_, 405.84, 459.68, 1.79023
_17706_, 405.84, 459.68, 1.79023
clkbuf_leaf_123_clk, 405.84, 459.68, 1.79023
FILLER_0_164_861, 405.84, 459.68, 1.79023
_08652_, 418.64, 459.68, 1.79018
_08663_, 418.64, 459.68, 1.79018
_15359_, 418.64, 459.68, 1.79018
_17701_, 418.64, 459.68, 1.79018
hold1486, 418.64, 459.68, 1.79018
FILLER_0_164_892, 418.64, 459.68, 1.79018
FILLER_0_165_900, 418.64, 459.68, 1.79018
FILLER_0_166_904, 418.64, 459.68, 1.79018
_15355_, 431.44, 459.68, 1.79015
_15361_, 431.44, 459.68, 1.79015
FILLER_0_164_921, 431.44, 459.68, 1.79015
FILLER_0_164_925, 431.44, 459.68, 1.79015
_08736_, 444.24, 459.68, 1.79011
_08737_, 444.24, 459.68, 1.79011
_15314_, 444.24, 459.68, 1.79011
_17664_, 444.24, 459.68, 1.79011
hold136, 444.24, 459.68, 1.79011
FILLER_0_164_940, 444.24, 459.68, 1.79011
FILLER_0_165_947, 444.24, 459.68, 1.79011
_08735_, 457.04, 459.68, 1.79008
_15313_, 457.04, 459.68, 1.79008
hold804, 457.04, 459.68, 1.79008
_17840_, 469.84, 459.68, 1.79005
FILLER_0_165_1003, 469.84, 459.68, 1.79005
FILLER_0_165_1021, 469.84, 459.68, 1.79005
FILLER_0_166_1013, 469.84, 459.68, 1.79005
_08403_, 495.308, 459.68, 1.79
_15498_, 495.308, 459.68, 1.79
_17834_, 495.308, 459.68, 1.79
FILLER_0_165_1061, 495.308, 459.68, 1.79
_08396_, 507.977, 459.68, 1.78997
_08397_, 507.977, 459.68, 1.78997
_15502_, 507.977, 459.68, 1.78997
_17796_, 507.977, 459.68, 1.78997
_17798_, 507.977, 459.68, 1.78997
FILLER_0_164_1085, 507.977, 459.68, 1.78997
FILLER_0_165_1092, 507.977, 459.68, 1.78997
_08472_, 520.645, 459.68, 1.78996
_15457_, 520.645, 459.68, 1.78996
hold2009, 520.645, 459.68, 1.78996
_08435_, 533.314, 459.68, 1.78995
_17815_, 533.314, 459.68, 1.78995
FILLER_0_164_1141, 533.314, 459.68, 1.78995
FILLER_0_166_1149, 533.314, 459.68, 1.78995
_15481_, 545.982, 459.68, 1.78995
hold143, 545.982, 459.68, 1.78995
hold1645, 545.982, 459.68, 1.78995
FILLER_0_165_1186, 545.982, 459.68, 1.78995
_08426_, 558.651, 459.68, 1.78995
_08430_, 558.651, 459.68, 1.78995
_15483_, 558.651, 459.68, 1.78995
_15485_, 558.651, 459.68, 1.78995
hold800, 558.651, 459.68, 1.78995
FILLER_0_165_1205, 558.651, 459.68, 1.78995
PHY_324, 5.52, 454.24, 1.79586
PHY_326, 5.52, 454.24, 1.79586
PHY_325, 571.32, 454.24, 1.78976
PHY_327, 571.32, 454.24, 1.78976
FILLER_0_162_1217, 571.32, 454.24, 1.78976
FILLER_0_163_1223, 571.32, 454.24, 1.78976
_09424_, 34.64, 454.24, 1.79554
_09425_, 34.64, 454.24, 1.79554
_14931_, 34.64, 454.24, 1.79554
FILLER_0_163_53, 34.64, 454.24, 1.79554
FILLER_0_164_74, 34.64, 454.24, 1.79554
_09436_, 47.44, 454.24, 1.79522
_09525_, 47.44, 454.24, 1.79522
_17270_, 47.44, 454.24, 1.79522
FILLER_0_162_81, 47.44, 454.24, 1.79522
FILLER_0_163_96, 47.44, 454.24, 1.79522
FILLER_0_164_96, 47.44, 454.24, 1.79522
_09524_, 60.24, 454.24, 1.79491
_14875_, 60.24, 454.24, 1.79491
FILLER_0_163_109, 60.24, 454.24, 1.79491
_09539_, 73.04, 454.24, 1.7946
_14869_, 73.04, 454.24, 1.7946
_14872_, 73.04, 454.24, 1.7946
FILLER_0_162_133, 73.04, 454.24, 1.7946
clkbuf_5_11__f_clk, 85.84, 454.24, 1.7943
FILLER_0_162_165, 85.84, 454.24, 1.7943
FILLER_0_162_173, 85.84, 454.24, 1.7943
FILLER_0_163_161, 85.84, 454.24, 1.7943
FILLER_0_163_181, 85.84, 454.24, 1.7943
_09453_, 98.64, 454.24, 1.79407
_14865_, 98.64, 454.24, 1.79407
_14908_, 98.64, 454.24, 1.79407
FILLER_0_164_206, 98.64, 454.24, 1.79407
_17293_, 111.44, 454.24, 1.79384
_17294_, 111.44, 454.24, 1.79384
FILLER_0_163_218, 111.44, 454.24, 1.79384
FILLER_0_163_225, 111.44, 454.24, 1.79384
_09478_, 124.24, 454.24, 1.79362
_14902_, 124.24, 454.24, 1.79362
FILLER_0_162_248, 124.24, 454.24, 1.79362
FILLER_0_162_253, 124.24, 454.24, 1.79362
_11056_, 137.04, 454.24, 1.79341
_16507_, 137.04, 454.24, 1.79341
_16509_, 137.04, 454.24, 1.79341
hold1991, 137.04, 454.24, 1.79341
FILLER_0_163_284, 137.04, 454.24, 1.79341
_11053_, 149.84, 454.24, 1.79321
_16506_, 149.84, 454.24, 1.79321
_16510_, 149.84, 454.24, 1.79321
hold228, 149.84, 454.24, 1.79321
FILLER_0_164_324, 149.84, 454.24, 1.79321
_11044_, 162.64, 454.24, 1.79303
_11052_, 162.64, 454.24, 1.79303
_11110_, 162.64, 454.24, 1.79303
_11111_, 162.64, 454.24, 1.79303
hold1493, 162.64, 454.24, 1.79303
FILLER_0_163_349, 162.64, 454.24, 1.79303
FILLER_0_164_342, 162.64, 454.24, 1.79303
_11104_, 188.24, 454.24, 1.79261
_11117_, 188.24, 454.24, 1.79261
_13993_, 188.24, 454.24, 1.79261
_16471_, 188.24, 454.24, 1.79261
hold1501, 188.24, 454.24, 1.79261
FILLER_0_163_400, 188.24, 454.24, 1.79261
_11122_, 201.04, 454.24, 1.79239
hold1693, 201.04, 454.24, 1.79239
FILLER_0_163_438, 201.04, 454.24, 1.79239
_10586_, 213.84, 454.24, 1.79216
_10587_, 213.84, 454.24, 1.79216
_16739_, 213.84, 454.24, 1.79216
hold288, 213.84, 454.24, 1.79216
_16699_, 226.64, 454.24, 1.79195
clkbuf_leaf_91_clk, 226.64, 454.24, 1.79195
FILLER_0_162_469, 226.64, 454.24, 1.79195
FILLER_0_163_478, 226.64, 454.24, 1.79195
FILLER_0_164_482, 226.64, 454.24, 1.79195
_10666_, 239.44, 454.24, 1.79179
_10667_, 239.44, 454.24, 1.79179
hold1471, 239.44, 454.24, 1.79179
_10644_, 252.24, 454.24, 1.79163
FILLER_0_162_525, 252.24, 454.24, 1.79163
_10659_, 265.04, 454.24, 1.79147
_10734_, 265.04, 454.24, 1.79147
hold871, 265.04, 454.24, 1.79147
hold1307, 265.04, 454.24, 1.79147
FILLER_0_162_555, 265.04, 454.24, 1.79147
FILLER_0_163_556, 265.04, 454.24, 1.79147
FILLER_0_163_573, 265.04, 454.24, 1.79147
FILLER_0_164_571, 265.04, 454.24, 1.79147
_10655_, 277.84, 454.24, 1.79131
_10727_, 277.84, 454.24, 1.79131
_10736_, 277.84, 454.24, 1.79131
_10737_, 277.84, 454.24, 1.79131
_14204_, 277.84, 454.24, 1.79131
_16664_, 277.84, 454.24, 1.79131
hold1267, 277.84, 454.24, 1.79131
FILLER_0_162_581, 277.84, 454.24, 1.79131
FILLER_0_162_589, 277.84, 454.24, 1.79131
FILLER_0_163_581, 277.84, 454.24, 1.79131
FILLER_0_164_599, 277.84, 454.24, 1.79131
_17205_, 290.64, 454.24, 1.79116
_17210_, 290.64, 454.24, 1.79116
FILLER_0_163_607, 290.64, 454.24, 1.79116
_09645_, 303.44, 454.24, 1.79103
_14809_, 303.44, 454.24, 1.79103
hold655, 303.44, 454.24, 1.79103
FILLER_0_164_661, 303.44, 454.24, 1.79103
_09657_, 316.24, 454.24, 1.7909
_14754_, 316.24, 454.24, 1.7909
_14799_, 316.24, 454.24, 1.7909
FILLER_0_163_663, 316.24, 454.24, 1.7909
FILLER_0_163_682, 316.24, 454.24, 1.7909
_09560_, 341.84, 454.24, 1.79065
_09561_, 341.84, 454.24, 1.79065
_14856_, 341.84, 454.24, 1.79065
_17257_, 341.84, 454.24, 1.79065
hold675, 341.84, 454.24, 1.79065
FILLER_0_162_729, 341.84, 454.24, 1.79065
_09550_, 354.64, 454.24, 1.79055
_09675_, 354.64, 454.24, 1.79055
FILLER_0_162_757, 354.64, 454.24, 1.79055
FILLER_0_163_764, 354.64, 454.24, 1.79055
_09664_, 367.44, 454.24, 1.79045
_09674_, 367.44, 454.24, 1.79045
_17200_, 367.44, 454.24, 1.79045
hold368, 367.44, 454.24, 1.79045
hold1362, 367.44, 454.24, 1.79045
FILLER_0_163_777, 367.44, 454.24, 1.79045
_14792_, 380.24, 454.24, 1.79035
_14795_, 380.24, 454.24, 1.79035
_17197_, 380.24, 454.24, 1.79035
hold392, 380.24, 454.24, 1.79035
FILLER_0_162_802, 380.24, 454.24, 1.79035
FILLER_0_162_808, 380.24, 454.24, 1.79035
FILLER_0_163_830, 393.04, 454.24, 1.79026
FILLER_0_162_869, 405.84, 454.24, 1.79018
_08646_, 418.64, 454.24, 1.79009
_08647_, 418.64, 454.24, 1.79009
_15354_, 418.64, 454.24, 1.79009
_15363_, 418.64, 454.24, 1.79009
_17707_, 418.64, 454.24, 1.79009
hold297, 418.64, 454.24, 1.79009
FILLER_0_163_889, 418.64, 454.24, 1.79009
FILLER_0_164_905, 418.64, 454.24, 1.79009
_08650_, 431.44, 454.24, 1.79001
_08651_, 431.44, 454.24, 1.79001
_15364_, 431.44, 454.24, 1.79001
hold639, 431.44, 454.24, 1.79001
FILLER_0_162_925, 431.44, 454.24, 1.79001
_08738_, 444.24, 454.24, 1.78993
_08739_, 444.24, 454.24, 1.78993
_17663_, 444.24, 454.24, 1.78993
FILLER_0_162_949, 444.24, 454.24, 1.78993
FILLER_0_163_946, 444.24, 454.24, 1.78993
_08724_, 457.04, 454.24, 1.78987
_15310_, 457.04, 454.24, 1.78987
_15315_, 457.04, 454.24, 1.78987
_17665_, 457.04, 454.24, 1.78987
clkbuf_leaf_125_clk, 457.04, 454.24, 1.78987
FILLER_0_162_977, 457.04, 454.24, 1.78987
FILLER_0_163_993, 457.04, 454.24, 1.78987
_08734_, 469.84, 454.24, 1.78984
clkbuf_5_30__f_clk, 469.84, 454.24, 1.78984
hold1037, 469.84, 454.24, 1.78984
hold1844, 469.84, 454.24, 1.78984
FILLER_0_162_1001, 469.84, 454.24, 1.78984
FILLER_0_162_1056, 495.308, 454.24, 1.78988
FILLER_0_163_1053, 495.308, 454.24, 1.78988
FILLER_0_163_1061, 495.308, 454.24, 1.78988
_08352_, 507.977, 454.24, 1.78985
_08353_, 507.977, 454.24, 1.78985
hold1748, 507.977, 454.24, 1.78985
FILLER_0_162_1080, 507.977, 454.24, 1.78985
FILLER_0_163_1089, 507.977, 454.24, 1.78985
FILLER_0_163_1111, 520.645, 454.24, 1.78982
_08434_, 533.314, 454.24, 1.78979
_08441_, 533.314, 454.24, 1.78979
_17812_, 533.314, 454.24, 1.78979
_17814_, 533.314, 454.24, 1.78979
FILLER_0_162_1137, 533.314, 454.24, 1.78979
FILLER_0_162_1145, 533.314, 454.24, 1.78979
FILLER_0_164_1149, 533.314, 454.24, 1.78979
_08431_, 545.982, 454.24, 1.78977
_08440_, 545.982, 454.24, 1.78977
_15480_, 545.982, 454.24, 1.78977
_17817_, 545.982, 454.24, 1.78977
hold1203, 545.982, 454.24, 1.78977
FILLER_0_162_1163, 545.982, 454.24, 1.78977
FILLER_0_163_1180, 545.982, 454.24, 1.78977
FILLER_0_163_1188, 545.982, 454.24, 1.78977
_08427_, 558.651, 454.24, 1.78976
_17819_, 558.651, 454.24, 1.78976
hold134, 558.651, 454.24, 1.78976
FILLER_0_162_1194, 558.651, 454.24, 1.78976
PHY_320, 5.52, 448.8, 1.79549
PHY_322, 5.52, 448.8, 1.79549
PHY_321, 571.32, 448.8, 1.78951
PHY_323, 571.32, 448.8, 1.78951
FILLER_0_160_1217, 571.32, 448.8, 1.78951
_17317_, 34.64, 448.8, 1.7951
clkbuf_leaf_64_clk, 34.64, 448.8, 1.7951
FILLER_0_161_51, 34.64, 448.8, 1.7951
FILLER_0_161_69, 34.64, 448.8, 1.7951
_09427_, 47.44, 448.8, 1.79475
_09430_, 47.44, 448.8, 1.79475
_09431_, 47.44, 448.8, 1.79475
_14928_, 47.44, 448.8, 1.79475
clkbuf_5_10__f_clk, 47.44, 448.8, 1.79475
hold557, 47.44, 448.8, 1.79475
FILLER_0_162_97, 47.44, 448.8, 1.79475
_14867_, 60.24, 448.8, 1.79449
_14868_, 60.24, 448.8, 1.79449
_14873_, 60.24, 448.8, 1.79449
hold1381, 60.24, 448.8, 1.79449
_14871_, 73.04, 448.8, 1.79423
_17265_, 73.04, 448.8, 1.79423
hold1656, 73.04, 448.8, 1.79423
FILLER_0_161_134, 73.04, 448.8, 1.79423
_09444_, 85.84, 448.8, 1.79398
_09445_, 85.84, 448.8, 1.79398
_14910_, 85.84, 448.8, 1.79398
_14916_, 85.84, 448.8, 1.79398
clkbuf_leaf_61_clk, 85.84, 448.8, 1.79398
hold1295, 85.84, 448.8, 1.79398
FILLER_0_162_182, 85.84, 448.8, 1.79398
_17292_, 98.64, 448.8, 1.79378
hold1366, 98.64, 448.8, 1.79378
hold1953, 98.64, 448.8, 1.79378
_09471_, 111.44, 448.8, 1.79359
hold1232, 111.44, 448.8, 1.79359
FILLER_0_162_234, 111.44, 448.8, 1.79359
FILLER_0_162_242, 111.44, 448.8, 1.79359
_09475_, 124.24, 448.8, 1.79339
_16504_, 124.24, 448.8, 1.79339
FILLER_0_160_253, 124.24, 448.8, 1.79339
_11046_, 137.04, 448.8, 1.79321
_11047_, 137.04, 448.8, 1.79321
_11057_, 137.04, 448.8, 1.79321
_14026_, 137.04, 448.8, 1.79321
_14031_, 137.04, 448.8, 1.79321
_16501_, 137.04, 448.8, 1.79321
FILLER_0_161_277, 137.04, 448.8, 1.79321
FILLER_0_161_284, 137.04, 448.8, 1.79321
FILLER_0_161_297, 137.04, 448.8, 1.79321
_11045_, 149.84, 448.8, 1.79303
_11051_, 149.84, 448.8, 1.79303
_14023_, 149.84, 448.8, 1.79303
_14028_, 149.84, 448.8, 1.79303
_14029_, 149.84, 448.8, 1.79303
_14032_, 149.84, 448.8, 1.79303
FILLER_0_161_308, 149.84, 448.8, 1.79303
FILLER_0_161_316, 149.84, 448.8, 1.79303
_16478_, 162.64, 448.8, 1.79285
_16479_, 162.64, 448.8, 1.79285
FILLER_0_161_328, 162.64, 448.8, 1.79285
FILLER_0_161_337, 162.64, 448.8, 1.79285
_13999_, 188.24, 448.8, 1.79249
_16473_, 188.24, 448.8, 1.79249
hold1502, 188.24, 448.8, 1.79249
FILLER_0_161_389, 188.24, 448.8, 1.79249
FILLER_0_161_393, 188.24, 448.8, 1.79249
FILLER_0_161_404, 188.24, 448.8, 1.79249
_11118_, 201.04, 448.8, 1.79229
_11119_, 201.04, 448.8, 1.79229
_13992_, 201.04, 448.8, 1.79229
FILLER_0_160_413, 201.04, 448.8, 1.79229
FILLER_0_162_432, 201.04, 448.8, 1.79229
_10601_, 213.84, 448.8, 1.7921
_14199_, 213.84, 448.8, 1.7921
_14277_, 213.84, 448.8, 1.7921
_14286_, 213.84, 448.8, 1.7921
_16732_, 213.84, 448.8, 1.7921
FILLER_0_161_443, 213.84, 448.8, 1.7921
_10598_, 226.64, 448.8, 1.79191
_10599_, 226.64, 448.8, 1.79191
_14279_, 226.64, 448.8, 1.79191
_14280_, 226.64, 448.8, 1.79191
_16733_, 226.64, 448.8, 1.79191
hold1557, 226.64, 448.8, 1.79191
FILLER_0_160_470, 226.64, 448.8, 1.79191
FILLER_0_161_471, 226.64, 448.8, 1.79191
FILLER_0_161_485, 226.64, 448.8, 1.79191
_14284_, 239.44, 448.8, 1.79174
_16710_, 239.44, 448.8, 1.79174
FILLER_0_161_498, 239.44, 448.8, 1.79174
FILLER_0_161_517, 239.44, 448.8, 1.79174
_10645_, 252.24, 448.8, 1.79157
_14244_, 252.24, 448.8, 1.79157
_14254_, 252.24, 448.8, 1.79157
_16703_, 252.24, 448.8, 1.79157
hold1872, 252.24, 448.8, 1.79157
FILLER_0_160_524, 252.24, 448.8, 1.79157
_10658_, 265.04, 448.8, 1.79141
_16705_, 265.04, 448.8, 1.79141
_10654_, 277.84, 448.8, 1.79126
_14249_, 277.84, 448.8, 1.79126
hold1165, 277.84, 448.8, 1.79126
FILLER_0_162_595, 277.84, 448.8, 1.79126
_17202_, 290.64, 448.8, 1.79111
FILLER_0_160_613, 290.64, 448.8, 1.79111
FILLER_0_161_612, 290.64, 448.8, 1.79111
_09658_, 303.44, 448.8, 1.79097
_09659_, 303.44, 448.8, 1.79097
_09660_, 303.44, 448.8, 1.79097
_14800_, 303.44, 448.8, 1.79097
FILLER_0_160_635, 303.44, 448.8, 1.79097
_09650_, 316.24, 448.8, 1.79083
_09651_, 316.24, 448.8, 1.79083
_14806_, 316.24, 448.8, 1.79083
hold250, 316.24, 448.8, 1.79083
FILLER_0_162_689, 316.24, 448.8, 1.79083
_09551_, 341.84, 448.8, 1.79057
_14858_, 341.84, 448.8, 1.79057
_14861_, 341.84, 448.8, 1.79057
FILLER_0_161_721, 341.84, 448.8, 1.79057
_14788_, 354.64, 448.8, 1.79046
_17195_, 354.64, 448.8, 1.79046
FILLER_0_160_751, 354.64, 448.8, 1.79046
_09665_, 367.44, 448.8, 1.79035
_14793_, 367.44, 448.8, 1.79035
_14798_, 367.44, 448.8, 1.79035
_17194_, 367.44, 448.8, 1.79035
FILLER_0_161_776, 367.44, 448.8, 1.79035
FILLER_0_161_791, 367.44, 448.8, 1.79035
_09670_, 380.24, 448.8, 1.79026
_09671_, 380.24, 448.8, 1.79026
_09676_, 380.24, 448.8, 1.79026
_09677_, 380.24, 448.8, 1.79026
hold888, 380.24, 448.8, 1.79026
FILLER_0_160_806, 380.24, 448.8, 1.79026
_17703_, 393.04, 448.8, 1.79016
FILLER_0_161_830, 393.04, 448.8, 1.79016
_08658_, 405.84, 448.8, 1.79007
_08659_, 405.84, 448.8, 1.79007
_15357_, 405.84, 448.8, 1.79007
_17709_, 405.84, 448.8, 1.79007
hold711, 405.84, 448.8, 1.79007
FILLER_0_160_857, 405.84, 448.8, 1.79007
FILLER_0_160_863, 405.84, 448.8, 1.79007
FILLER_0_160_869, 405.84, 448.8, 1.79007
_15309_, 418.64, 448.8, 1.79
_17710_, 418.64, 448.8, 1.79
clkbuf_leaf_124_clk, 418.64, 448.8, 1.79
FILLER_0_161_891, 418.64, 448.8, 1.79
FILLER_0_161_897, 418.64, 448.8, 1.79
FILLER_0_161_905, 418.64, 448.8, 1.79
FILLER_0_162_910, 418.64, 448.8, 1.79
_08644_, 431.44, 448.8, 1.78996
_08645_, 431.44, 448.8, 1.78996
_15356_, 431.44, 448.8, 1.78996
hold219, 431.44, 448.8, 1.78996
_08725_, 444.24, 448.8, 1.78992
_15320_, 444.24, 448.8, 1.78992
_17670_, 444.24, 448.8, 1.78992
FILLER_0_161_943, 444.24, 448.8, 1.78992
FILLER_0_161_953, 444.24, 448.8, 1.78992
_17666_, 457.04, 448.8, 1.7899
hold258, 457.04, 448.8, 1.7899
FILLER_0_160_971, 457.04, 448.8, 1.7899
FILLER_0_161_968, 457.04, 448.8, 1.7899
FILLER_0_161_983, 457.04, 448.8, 1.7899
_08732_, 469.84, 448.8, 1.78987
_15316_, 469.84, 448.8, 1.78987
FILLER_0_161_1021, 469.84, 448.8, 1.78987
_08408_, 495.308, 448.8, 1.78975
_08420_, 495.308, 448.8, 1.78975
_08421_, 495.308, 448.8, 1.78975
hold1652, 495.308, 448.8, 1.78975
hold1798, 495.308, 448.8, 1.78975
_08345_, 507.977, 448.8, 1.78964
_15420_, 507.977, 448.8, 1.78964
_17856_, 507.977, 448.8, 1.78964
clkbuf_leaf_135_clk, 507.977, 448.8, 1.78964
FILLER_0_161_1081, 507.977, 448.8, 1.78964
_08344_, 520.645, 448.8, 1.78959
_08351_, 520.645, 448.8, 1.78959
_08356_, 520.645, 448.8, 1.78959
_08357_, 520.645, 448.8, 1.78959
_15526_, 520.645, 448.8, 1.78959
_17857_, 520.645, 448.8, 1.78959
hold827, 520.645, 448.8, 1.78959
FILLER_0_161_1121, 520.645, 448.8, 1.78959
FILLER_0_161_1133, 520.645, 448.8, 1.78959
_15476_, 533.314, 448.8, 1.78955
_15478_, 533.314, 448.8, 1.78955
hold1396, 533.314, 448.8, 1.78955
hold1683, 533.314, 448.8, 1.78955
FILLER_0_162_1149, 533.314, 448.8, 1.78955
_15479_, 545.982, 448.8, 1.78951
clkbuf_leaf_133_clk, 545.982, 448.8, 1.78951
hold1117, 545.982, 448.8, 1.78951
FILLER_0_161_1168, 545.982, 448.8, 1.78951
FILLER_0_161_1177, 545.982, 448.8, 1.78951
_08425_, 558.651, 448.8, 1.78951
_15486_, 558.651, 448.8, 1.78951
FILLER_0_160_1191, 558.651, 448.8, 1.78951
PHY_316, 5.52, 443.36, 1.79525
PHY_318, 5.52, 443.36, 1.79525
output35, 5.52, 443.36, 1.79525
PHY_317, 571.32, 443.36, 1.78967
PHY_319, 571.32, 443.36, 1.78967
FILLER_0_158_1224, 571.32, 443.36, 1.78967
FILLER_0_159_1223, 571.32, 443.36, 1.78967
_09437_, 34.64, 443.36, 1.79499
_14924_, 34.64, 443.36, 1.79499
_14925_, 34.64, 443.36, 1.79499
_14927_, 34.64, 443.36, 1.79499
_17319_, 34.64, 443.36, 1.79499
FILLER_0_159_63, 34.64, 443.36, 1.79499
_09426_, 47.44, 443.36, 1.79473
_17261_, 47.44, 443.36, 1.79473
hold908, 47.44, 443.36, 1.79473
hold1358, 47.44, 443.36, 1.79473
FILLER_0_159_97, 47.44, 443.36, 1.79473
_09530_, 60.24, 443.36, 1.79447
_09531_, 60.24, 443.36, 1.79447
_09540_, 60.24, 443.36, 1.79447
_09541_, 60.24, 443.36, 1.79447
_09542_, 60.24, 443.36, 1.79447
_09543_, 60.24, 443.36, 1.79447
_17262_, 60.24, 443.36, 1.79447
hold687, 60.24, 443.36, 1.79447
_09534_, 73.04, 443.36, 1.79422
_09535_, 73.04, 443.36, 1.79422
_17310_, 73.04, 443.36, 1.79422
hold542, 73.04, 443.36, 1.79422
FILLER_0_158_134, 73.04, 443.36, 1.79422
FILLER_0_158_141, 73.04, 443.36, 1.79422
_17306_, 85.84, 443.36, 1.79398
_17309_, 85.84, 443.36, 1.79398
hold1188, 85.84, 443.36, 1.79398
_09446_, 98.64, 443.36, 1.79376
_09452_, 98.64, 443.36, 1.79376
_09480_, 98.64, 443.36, 1.79376
_09481_, 98.64, 443.36, 1.79376
_14901_, 98.64, 443.36, 1.79376
_17296_, 98.64, 443.36, 1.79376
_17297_, 98.64, 443.36, 1.79376
hold1321, 98.64, 443.36, 1.79376
FILLER_0_158_192, 98.64, 443.36, 1.79376
_09468_, 111.44, 443.36, 1.79355
_09469_, 111.44, 443.36, 1.79355
_09470_, 111.44, 443.36, 1.79355
_14906_, 111.44, 443.36, 1.79355
_14907_, 111.44, 443.36, 1.79355
_17295_, 111.44, 443.36, 1.79355
hold663, 111.44, 443.36, 1.79355
FILLER_0_160_241, 111.44, 443.36, 1.79355
_09474_, 124.24, 443.36, 1.79335
hold307, 124.24, 443.36, 1.79335
hold694, 124.24, 443.36, 1.79335
FILLER_0_160_270, 124.24, 443.36, 1.79335
_11048_, 137.04, 443.36, 1.79315
_11049_, 137.04, 443.36, 1.79315
_11062_, 137.04, 443.36, 1.79315
_11063_, 137.04, 443.36, 1.79315
_14030_, 137.04, 443.36, 1.79315
hold397, 137.04, 443.36, 1.79315
hold1389, 137.04, 443.36, 1.79315
FILLER_0_159_276, 137.04, 443.36, 1.79315
FILLER_0_159_281, 137.04, 443.36, 1.79315
_14022_, 149.84, 443.36, 1.79295
_14025_, 149.84, 443.36, 1.79295
_16503_, 149.84, 443.36, 1.79295
FILLER_0_158_309, 149.84, 443.36, 1.79295
FILLER_0_159_310, 149.84, 443.36, 1.79295
_11058_, 162.64, 443.36, 1.79277
_11109_, 162.64, 443.36, 1.79277
hold822, 162.64, 443.36, 1.79277
FILLER_0_160_345, 162.64, 443.36, 1.79277
FILLER_0_160_354, 162.64, 443.36, 1.79277
hold1643, 188.24, 443.36, 1.79239
FILLER_0_159_385, 188.24, 443.36, 1.79239
FILLER_0_160_433, 201.04, 443.36, 1.79221
_10600_, 213.84, 443.36, 1.79202
_16735_, 213.84, 443.36, 1.79202
hold1804, 213.84, 443.36, 1.79202
FILLER_0_159_441, 213.84, 443.36, 1.79202
FILLER_0_159_454, 213.84, 443.36, 1.79202
_10594_, 226.64, 443.36, 1.79184
_10595_, 226.64, 443.36, 1.79184
_14282_, 226.64, 443.36, 1.79184
_16737_, 226.64, 443.36, 1.79184
FILLER_0_158_469, 226.64, 443.36, 1.79184
_10590_, 239.44, 443.36, 1.79167
hold1055, 239.44, 443.36, 1.79167
FILLER_0_159_513, 239.44, 443.36, 1.79167
_10650_, 252.24, 443.36, 1.7915
_10651_, 252.24, 443.36, 1.7915
_14251_, 252.24, 443.36, 1.7915
_16701_, 252.24, 443.36, 1.7915
hold263, 252.24, 443.36, 1.7915
FILLER_0_160_539, 252.24, 443.36, 1.7915
_10662_, 265.04, 443.36, 1.79134
_10663_, 265.04, 443.36, 1.79134
_14245_, 265.04, 443.36, 1.79134
_14247_, 265.04, 443.36, 1.79134
hold585, 265.04, 443.36, 1.79134
FILLER_0_160_577, 265.04, 443.36, 1.79134
hold1294, 277.84, 443.36, 1.79118
_09661_, 290.64, 443.36, 1.79102
_14801_, 290.64, 443.36, 1.79102
_17203_, 290.64, 443.36, 1.79102
FILLER_0_159_612, 290.64, 443.36, 1.79102
FILLER_0_160_621, 290.64, 443.36, 1.79102
FILLER_0_160_627, 290.64, 443.36, 1.79102
_14802_, 303.44, 443.36, 1.79087
_17207_, 303.44, 443.36, 1.79087
hold233, 303.44, 443.36, 1.79087
hold659, 303.44, 443.36, 1.79087
FILLER_0_160_656, 303.44, 443.36, 1.79087
_09648_, 316.24, 443.36, 1.79073
_09649_, 316.24, 443.36, 1.79073
_14807_, 316.24, 443.36, 1.79073
_17208_, 316.24, 443.36, 1.79073
hold1846, 316.24, 443.36, 1.79073
FILLER_0_160_682, 316.24, 443.36, 1.79073
_09544_, 341.84, 443.36, 1.79051
_09545_, 341.84, 443.36, 1.79051
_09549_, 341.84, 443.36, 1.79051
_14855_, 341.84, 443.36, 1.79051
_14862_, 341.84, 443.36, 1.79051
_17258_, 341.84, 443.36, 1.79051
hold1565, 341.84, 443.36, 1.79051
_09667_, 354.64, 443.36, 1.79043
_17191_, 354.64, 443.36, 1.79043
_14797_, 367.44, 443.36, 1.79036
hold1897, 367.44, 443.36, 1.79036
FILLER_0_159_781, 367.44, 443.36, 1.79036
FILLER_0_160_793, 367.44, 443.36, 1.79036
_14794_, 380.24, 443.36, 1.7903
FILLER_0_158_807, 380.24, 443.36, 1.7903
FILLER_0_159_833, 393.04, 443.36, 1.79023
FILLER_0_159_853, 393.04, 443.36, 1.79023
FILLER_0_160_849, 393.04, 443.36, 1.79023
_08656_, 405.84, 443.36, 1.79016
_15358_, 405.84, 443.36, 1.79016
_17704_, 405.84, 443.36, 1.79016
hold231, 405.84, 443.36, 1.79016
FILLER_0_160_878, 405.84, 443.36, 1.79016
_08648_, 418.64, 443.36, 1.7901
_08649_, 418.64, 443.36, 1.7901
_15362_, 418.64, 443.36, 1.7901
_17702_, 418.64, 443.36, 1.7901
hold113, 418.64, 443.36, 1.7901
FILLER_0_160_909, 418.64, 443.36, 1.7901
_08660_, 431.44, 443.36, 1.79005
_08661_, 431.44, 443.36, 1.79005
hold232, 431.44, 443.36, 1.79005
FILLER_0_158_917, 431.44, 443.36, 1.79005
FILLER_0_159_941, 444.24, 443.36, 1.79
FILLER_0_159_949, 444.24, 443.36, 1.79
_08733_, 457.04, 443.36, 1.78995
FILLER_0_158_973, 457.04, 443.36, 1.78995
_08413_, 469.84, 443.36, 1.7899
_17826_, 469.84, 443.36, 1.7899
FILLER_0_159_1001, 469.84, 443.36, 1.7899
FILLER_0_159_1009, 469.84, 443.36, 1.7899
FILLER_0_160_1012, 469.84, 443.36, 1.7899
_08409_, 495.308, 443.36, 1.7898
_15489_, 495.308, 443.36, 1.7898
_15495_, 495.308, 443.36, 1.7898
_17822_, 495.308, 443.36, 1.7898
_17823_, 495.308, 443.36, 1.7898
_08347_, 507.977, 443.36, 1.78975
_17859_, 507.977, 443.36, 1.78975
_17860_, 507.977, 443.36, 1.78975
hold777, 507.977, 443.36, 1.78975
_15529_, 520.645, 443.36, 1.78972
_15530_, 520.645, 443.36, 1.78972
_17854_, 520.645, 443.36, 1.78972
hold1751, 520.645, 443.36, 1.78972
FILLER_0_158_1116, 520.645, 443.36, 1.78972
_08350_, 533.314, 443.36, 1.78969
_08429_, 533.314, 443.36, 1.78969
_08439_, 533.314, 443.36, 1.78969
_15484_, 533.314, 443.36, 1.78969
_17818_, 533.314, 443.36, 1.78969
FILLER_0_158_1144, 533.314, 443.36, 1.78969
FILLER_0_159_1144, 533.314, 443.36, 1.78969
FILLER_0_160_1149, 533.314, 443.36, 1.78969
_08428_, 545.982, 443.36, 1.78968
_08433_, 545.982, 443.36, 1.78968
_08438_, 545.982, 443.36, 1.78968
_15477_, 545.982, 443.36, 1.78968
_15482_, 545.982, 443.36, 1.78968
_17816_, 545.982, 443.36, 1.78968
hold1916, 545.982, 443.36, 1.78968
FILLER_0_158_1169, 545.982, 443.36, 1.78968
FILLER_0_160_1177, 545.982, 443.36, 1.78968
FILLER_0_160_1185, 545.982, 443.36, 1.78968
_08424_, 558.651, 443.36, 1.78967
_17820_, 558.651, 443.36, 1.78967
hold140, 558.651, 443.36, 1.78967
hold370, 558.651, 443.36, 1.78967
PHY_312, 5.52, 437.92, 1.795
PHY_314, 5.52, 437.92, 1.795
PHY_313, 571.32, 437.92, 1.78917
PHY_315, 571.32, 437.92, 1.78917
output5, 571.32, 437.92, 1.78917
FILLER_0_156_1217, 571.32, 437.92, 1.78917
_09432_, 34.64, 437.92, 1.79474
_17314_, 34.64, 437.92, 1.79474
hold500, 34.64, 437.92, 1.79474
FILLER_0_157_52, 34.64, 437.92, 1.79474
_14930_, 47.44, 437.92, 1.79449
_17267_, 47.44, 437.92, 1.79449
FILLER_0_157_104, 47.44, 437.92, 1.79449
FILLER_0_158_96, 47.44, 437.92, 1.79449
_09457_, 73.04, 437.92, 1.79401
_14914_, 73.04, 437.92, 1.79401
_17304_, 73.04, 437.92, 1.79401
FILLER_0_157_149, 73.04, 437.92, 1.79401
_09447_, 85.84, 437.92, 1.79377
_09456_, 85.84, 437.92, 1.79377
_14919_, 85.84, 437.92, 1.79377
_14920_, 85.84, 437.92, 1.79377
FILLER_0_157_163, 85.84, 437.92, 1.79377
FILLER_0_158_184, 85.84, 437.92, 1.79377
_09449_, 98.64, 437.92, 1.79354
_09472_, 98.64, 437.92, 1.79354
_09473_, 98.64, 437.92, 1.79354
_14905_, 98.64, 437.92, 1.79354
_14918_, 98.64, 437.92, 1.79354
FILLER_0_156_200, 98.64, 437.92, 1.79354
FILLER_0_158_203, 98.64, 437.92, 1.79354
_17298_, 111.44, 437.92, 1.7933
_10959_, 124.24, 437.92, 1.79308
_11060_, 124.24, 437.92, 1.79308
_11061_, 124.24, 437.92, 1.79308
_14904_, 124.24, 437.92, 1.79308
FILLER_0_156_248, 124.24, 437.92, 1.79308
FILLER_0_157_261, 124.24, 437.92, 1.79308
FILLER_0_158_264, 124.24, 437.92, 1.79308
_14024_, 137.04, 437.92, 1.79285
_16508_, 137.04, 437.92, 1.79285
hold1253, 137.04, 437.92, 1.79285
_11054_, 149.84, 437.92, 1.79263
_11055_, 149.84, 437.92, 1.79263
_16505_, 149.84, 437.92, 1.79263
clkbuf_leaf_76_clk, 149.84, 437.92, 1.79263
FILLER_0_156_301, 149.84, 437.92, 1.79263
FILLER_0_157_301, 149.84, 437.92, 1.79263
_11026_, 162.64, 437.92, 1.79247
_11059_, 162.64, 437.92, 1.79247
_14027_, 162.64, 437.92, 1.79247
hold1420, 162.64, 437.92, 1.79247
hold1668, 162.64, 437.92, 1.79247
FILLER_0_157_345, 162.64, 437.92, 1.79247
_11032_, 188.24, 437.92, 1.792
_14043_, 188.24, 437.92, 1.792
clkbuf_leaf_93_clk, 188.24, 437.92, 1.792
hold1154, 188.24, 437.92, 1.792
_16740_, 201.04, 437.92, 1.79174
FILLER_0_156_416, 201.04, 437.92, 1.79174
FILLER_0_158_433, 201.04, 437.92, 1.79174
_10584_, 213.84, 437.92, 1.7915
_10585_, 213.84, 437.92, 1.7915
_14287_, 213.84, 437.92, 1.7915
hold1062, 213.84, 437.92, 1.7915
FILLER_0_157_439, 213.84, 437.92, 1.7915
_10591_, 226.64, 437.92, 1.79125
wire117, 226.64, 437.92, 1.79125
hold1564, 226.64, 437.92, 1.79125
FILLER_0_156_469, 226.64, 437.92, 1.79125
FILLER_0_157_476, 226.64, 437.92, 1.79125
_16707_, 239.44, 437.92, 1.79107
FILLER_0_157_498, 239.44, 437.92, 1.79107
clkbuf_leaf_90_clk, 252.24, 437.92, 1.7909
FILLER_0_156_525, 252.24, 437.92, 1.7909
FILLER_0_156_533, 252.24, 437.92, 1.7909
_10646_, 265.04, 437.92, 1.79077
_10647_, 265.04, 437.92, 1.79077
_10649_, 265.04, 437.92, 1.79077
_14252_, 265.04, 437.92, 1.79077
_14253_, 265.04, 437.92, 1.79077
_16709_, 265.04, 437.92, 1.79077
FILLER_0_156_556, 265.04, 437.92, 1.79077
FILLER_0_157_553, 265.04, 437.92, 1.79077
FILLER_0_157_561, 265.04, 437.92, 1.79077
FILLER_0_158_569, 265.04, 437.92, 1.79077
_10648_, 277.84, 437.92, 1.79064
_10657_, 277.84, 437.92, 1.79064
_14248_, 277.84, 437.92, 1.79064
_16704_, 277.84, 437.92, 1.79064
_18122_, 277.84, 437.92, 1.79064
hold1341, 277.84, 437.92, 1.79064
FILLER_0_158_601, 277.84, 437.92, 1.79064
_17201_, 290.64, 437.92, 1.79054
hold1120, 290.64, 437.92, 1.79054
FILLER_0_157_629, 290.64, 437.92, 1.79054
FILLER_0_158_621, 290.64, 437.92, 1.79054
_09662_, 303.44, 437.92, 1.79045
_09663_, 303.44, 437.92, 1.79045
_17206_, 303.44, 437.92, 1.79045
clkbuf_leaf_110_clk, 303.44, 437.92, 1.79045
FILLER_0_156_641, 303.44, 437.92, 1.79045
FILLER_0_157_660, 303.44, 437.92, 1.79045
_09652_, 316.24, 437.92, 1.7904
_09653_, 316.24, 437.92, 1.7904
_14805_, 316.24, 437.92, 1.7904
hold521, 316.24, 437.92, 1.7904
FILLER_0_157_685, 316.24, 437.92, 1.7904
FILLER_0_158_689, 316.24, 437.92, 1.7904
_09546_, 341.84, 437.92, 1.7902
_14864_, 341.84, 437.92, 1.7902
_17251_, 341.84, 437.92, 1.7902
clkbuf_leaf_109_clk, 341.84, 437.92, 1.7902
FILLER_0_158_745, 341.84, 437.92, 1.7902
_09548_, 354.64, 437.92, 1.79009
_17193_, 354.64, 437.92, 1.79009
_17199_, 354.64, 437.92, 1.79009
hold960, 354.64, 437.92, 1.79009
_09666_, 367.44, 437.92, 1.79001
_09678_, 367.44, 437.92, 1.79001
_09682_, 367.44, 437.92, 1.79001
_09683_, 367.44, 437.92, 1.79001
_14789_, 367.44, 437.92, 1.79001
clkbuf_leaf_107_clk, 367.44, 437.92, 1.79001
hold1504, 367.44, 437.92, 1.79001
hold2067, 367.44, 437.92, 1.79001
FILLER_0_157_799, 367.44, 437.92, 1.79001
_09672_, 380.24, 437.92, 1.78996
_09673_, 380.24, 437.92, 1.78996
_14790_, 380.24, 437.92, 1.78996
_17196_, 380.24, 437.92, 1.78996
hold752, 380.24, 437.92, 1.78996
hold1166, 380.24, 437.92, 1.78996
FILLER_0_158_819, 380.24, 437.92, 1.78996
_09668_, 393.04, 437.92, 1.78993
_14796_, 393.04, 437.92, 1.78993
FILLER_0_157_829, 393.04, 437.92, 1.78993
FILLER_0_157_837, 393.04, 437.92, 1.78993
_08657_, 405.84, 437.92, 1.78989
_17708_, 405.84, 437.92, 1.78989
FILLER_0_156_860, 405.84, 437.92, 1.78989
FILLER_0_157_889, 418.64, 437.92, 1.78987
FILLER_0_158_907, 418.64, 437.92, 1.78987
FILLER_0_156_917, 431.44, 437.92, 1.78984
FILLER_0_157_945, 444.24, 437.92, 1.78981
FILLER_0_156_973, 457.04, 437.92, 1.78979
_08407_, 469.84, 437.92, 1.78976
_17829_, 469.84, 437.92, 1.78976
FILLER_0_156_1005, 469.84, 437.92, 1.78976
FILLER_0_157_1001, 469.84, 437.92, 1.78976
FILLER_0_158_1021, 469.84, 437.92, 1.78976
_08415_, 495.308, 437.92, 1.78961
_08418_, 495.308, 437.92, 1.78961
_08419_, 495.308, 437.92, 1.78961
_15490_, 495.308, 437.92, 1.78961
_15492_, 495.308, 437.92, 1.78961
FILLER_0_156_1058, 495.308, 437.92, 1.78961
FILLER_0_157_1061, 495.308, 437.92, 1.78961
_08346_, 507.977, 437.92, 1.78947
clkbuf_5_31__f_clk, 507.977, 437.92, 1.78947
FILLER_0_157_1089, 507.977, 437.92, 1.78947
_15524_, 520.645, 437.92, 1.78941
_15527_, 520.645, 437.92, 1.78941
FILLER_0_156_1114, 520.645, 437.92, 1.78941
FILLER_0_157_1114, 520.645, 437.92, 1.78941
_08359_, 533.314, 437.92, 1.78934
_15523_, 533.314, 437.92, 1.78934
_17813_, 533.314, 437.92, 1.78934
FILLER_0_156_1141, 533.314, 437.92, 1.78934
_17811_, 545.982, 437.92, 1.78928
FILLER_0_157_1169, 545.982, 437.92, 1.78928
FILLER_0_157_1177, 545.982, 437.92, 1.78928
_08432_, 558.651, 437.92, 1.78923
_08442_, 558.651, 437.92, 1.78923
_08443_, 558.651, 437.92, 1.78923
hold133, 558.651, 437.92, 1.78923
FILLER_0_156_1193, 558.651, 437.92, 1.78923
FILLER_0_156_1201, 558.651, 437.92, 1.78923
FILLER_0_158_1216, 558.651, 437.92, 1.78923
PHY_308, 5.52, 432.48, 1.79471
PHY_310, 5.52, 432.48, 1.79471
PHY_309, 571.32, 432.48, 1.78947
PHY_311, 571.32, 432.48, 1.78947
FILLER_0_154_1217, 571.32, 432.48, 1.78947
_10539_, 34.64, 432.48, 1.79442
FILLER_0_154_53, 34.64, 432.48, 1.79442
FILLER_0_154_61, 34.64, 432.48, 1.79442
FILLER_0_155_51, 34.64, 432.48, 1.79442
FILLER_0_155_69, 34.64, 432.48, 1.79442
FILLER_0_156_77, 34.64, 432.48, 1.79442
_16768_, 47.44, 432.48, 1.79413
hold1177, 47.44, 432.48, 1.79413
hold1179, 47.44, 432.48, 1.79413
FILLER_0_155_79, 47.44, 432.48, 1.79413
FILLER_0_155_105, 47.44, 432.48, 1.79413
FILLER_0_156_97, 47.44, 432.48, 1.79413
_10528_, 60.24, 432.48, 1.79385
_10541_, 60.24, 432.48, 1.79385
_16762_, 60.24, 432.48, 1.79385
clkbuf_leaf_63_clk, 60.24, 432.48, 1.79385
hold1696, 60.24, 432.48, 1.79385
_10540_, 73.04, 432.48, 1.79363
_17301_, 73.04, 432.48, 1.79363
FILLER_0_155_151, 73.04, 432.48, 1.79363
_09458_, 85.84, 432.48, 1.79341
_09461_, 85.84, 432.48, 1.79341
_14913_, 85.84, 432.48, 1.79341
_17302_, 85.84, 432.48, 1.79341
_17308_, 85.84, 432.48, 1.79341
hold1771, 85.84, 432.48, 1.79341
FILLER_0_155_164, 85.84, 432.48, 1.79341
FILLER_0_155_169, 85.84, 432.48, 1.79341
FILLER_0_155_177, 85.84, 432.48, 1.79341
_09448_, 98.64, 432.48, 1.7932
_14917_, 98.64, 432.48, 1.7932
hold1175, 98.64, 432.48, 1.7932
hold2060, 98.64, 432.48, 1.7932
clkbuf_leaf_60_clk, 111.44, 432.48, 1.793
FILLER_0_154_227, 111.44, 432.48, 1.793
FILLER_0_155_218, 111.44, 432.48, 1.793
FILLER_0_156_236, 111.44, 432.48, 1.793
_10958_, 124.24, 432.48, 1.79284
_14080_, 124.24, 432.48, 1.79284
_16502_, 124.24, 432.48, 1.79284
hold328, 124.24, 432.48, 1.79284
FILLER_0_156_265, 124.24, 432.48, 1.79284
FILLER_0_155_274, 137.04, 432.48, 1.79269
_13977_, 149.84, 432.48, 1.79254
FILLER_0_155_305, 149.84, 432.48, 1.79254
_11027_, 162.64, 432.48, 1.79239
_16519_, 162.64, 432.48, 1.79239
hold994, 162.64, 432.48, 1.79239
FILLER_0_154_330, 162.64, 432.48, 1.79239
FILLER_0_155_329, 162.64, 432.48, 1.79239
FILLER_0_155_353, 162.64, 432.48, 1.79239
_11024_, 188.24, 432.48, 1.79207
_11025_, 188.24, 432.48, 1.79207
_14039_, 188.24, 432.48, 1.79207
_10596_, 213.84, 432.48, 1.79173
_10597_, 213.84, 432.48, 1.79173
_14285_, 213.84, 432.48, 1.79173
_16734_, 213.84, 432.48, 1.79173
FILLER_0_154_445, 213.84, 432.48, 1.79173
FILLER_0_155_441, 213.84, 432.48, 1.79173
FILLER_0_155_449, 213.84, 432.48, 1.79173
_10592_, 226.64, 432.48, 1.79157
_10593_, 226.64, 432.48, 1.79157
_14281_, 226.64, 432.48, 1.79157
_14283_, 226.64, 432.48, 1.79157
_16736_, 226.64, 432.48, 1.79157
hold1123, 226.64, 432.48, 1.79157
hold1972, 226.64, 432.48, 1.79157
FILLER_0_155_480, 226.64, 432.48, 1.79157
FILLER_0_155_490, 226.64, 432.48, 1.79157
hold1613, 239.44, 432.48, 1.79141
FILLER_0_154_497, 239.44, 432.48, 1.79141
FILLER_0_155_501, 239.44, 432.48, 1.79141
FILLER_0_155_517, 239.44, 432.48, 1.79141
_10660_, 252.24, 432.48, 1.79125
_10661_, 252.24, 432.48, 1.79125
_14246_, 252.24, 432.48, 1.79125
_16702_, 252.24, 432.48, 1.79125
hold670, 252.24, 432.48, 1.79125
FILLER_0_155_550, 252.24, 432.48, 1.79125
FILLER_0_156_542, 252.24, 432.48, 1.79125
_14250_, 265.04, 432.48, 1.79111
_16708_, 265.04, 432.48, 1.79111
_10656_, 277.84, 432.48, 1.79097
FILLER_0_154_585, 277.84, 432.48, 1.79097
FILLER_0_155_609, 290.64, 432.48, 1.79083
FILLER_0_154_637, 303.44, 432.48, 1.79069
FILLER_0_155_665, 316.24, 432.48, 1.79055
_09562_, 341.84, 432.48, 1.79034
_09563_, 341.84, 432.48, 1.79034
hold2101, 341.84, 432.48, 1.79034
FILLER_0_155_721, 341.84, 432.48, 1.79034
_09679_, 354.64, 432.48, 1.79026
_14791_, 354.64, 432.48, 1.79026
FILLER_0_154_749, 354.64, 432.48, 1.79026
FILLER_0_155_753, 354.64, 432.48, 1.79026
FILLER_0_155_766, 354.64, 432.48, 1.79026
_17192_, 367.44, 432.48, 1.79019
_17198_, 367.44, 432.48, 1.79019
FILLER_0_155_785, 367.44, 432.48, 1.79019
FILLER_0_156_789, 367.44, 432.48, 1.79019
_09669_, 380.24, 432.48, 1.79013
_09680_, 380.24, 432.48, 1.79013
_09681_, 380.24, 432.48, 1.79013
hold1940, 380.24, 432.48, 1.79013
FILLER_0_154_805, 380.24, 432.48, 1.79013
FILLER_0_155_836, 393.04, 432.48, 1.79007
FILLER_0_154_861, 405.84, 432.48, 1.79002
FILLER_0_155_889, 418.64, 432.48, 1.78996
FILLER_0_154_917, 431.44, 432.48, 1.7899
FILLER_0_155_945, 444.24, 432.48, 1.78984
FILLER_0_154_973, 457.04, 432.48, 1.78979
_08423_, 469.84, 432.48, 1.78973
_17821_, 469.84, 432.48, 1.78973
clkbuf_leaf_137_clk, 469.84, 432.48, 1.78973
FILLER_0_155_1001, 469.84, 432.48, 1.78973
FILLER_0_155_1009, 469.84, 432.48, 1.78973
_08414_, 495.308, 432.48, 1.78965
_15487_, 495.308, 432.48, 1.78965
hold620, 495.308, 432.48, 1.78965
hold1345, 495.308, 432.48, 1.78965
_08349_, 507.977, 432.48, 1.78959
_08362_, 507.977, 432.48, 1.78959
_08363_, 507.977, 432.48, 1.78959
_15520_, 507.977, 432.48, 1.78959
_15521_, 507.977, 432.48, 1.78959
hold1878, 507.977, 432.48, 1.78959
FILLER_0_154_1080, 507.977, 432.48, 1.78959
FILLER_0_156_1093, 507.977, 432.48, 1.78959
_08360_, 520.645, 432.48, 1.78952
_15528_, 520.645, 432.48, 1.78952
_17852_, 520.645, 432.48, 1.78952
_17853_, 520.645, 432.48, 1.78952
hold2085, 520.645, 432.48, 1.78952
FILLER_0_155_1110, 520.645, 432.48, 1.78952
_08358_, 533.314, 432.48, 1.78947
_08361_, 533.314, 432.48, 1.78947
_15522_, 533.314, 432.48, 1.78947
_15525_, 533.314, 432.48, 1.78947
clkbuf_leaf_134_clk, 533.314, 432.48, 1.78947
hold1076, 533.314, 432.48, 1.78947
FILLER_0_155_1144, 533.314, 432.48, 1.78947
_08498_, 545.982, 432.48, 1.78947
hold482, 545.982, 432.48, 1.78947
hold1963, 545.982, 432.48, 1.78947
_08493_, 558.651, 432.48, 1.78947
hold1473, 558.651, 432.48, 1.78947
FILLER_0_154_1189, 558.651, 432.48, 1.78947
PHY_304, 5.52, 427.04, 1.79449
PHY_306, 5.52, 427.04, 1.79449
PHY_305, 571.32, 427.04, 1.78955
PHY_307, 571.32, 427.04, 1.78955
hold1053, 571.32, 427.04, 1.78955
hold1973, 571.32, 427.04, 1.78955
_10531_, 34.64, 427.04, 1.79424
_16763_, 34.64, 427.04, 1.79424
_16767_, 34.64, 427.04, 1.79424
FILLER_0_152_53, 34.64, 427.04, 1.79424
FILLER_0_152_61, 34.64, 427.04, 1.79424
FILLER_0_153_51, 34.64, 427.04, 1.79424
FILLER_0_153_57, 34.64, 427.04, 1.79424
_10529_, 47.44, 427.04, 1.79401
_10530_, 47.44, 427.04, 1.79401
_10538_, 47.44, 427.04, 1.79401
_14314_, 47.44, 427.04, 1.79401
hold1111, 47.44, 427.04, 1.79401
FILLER_0_153_104, 47.44, 427.04, 1.79401
FILLER_0_154_98, 47.44, 427.04, 1.79401
_10527_, 60.24, 427.04, 1.79379
_14313_, 60.24, 427.04, 1.79379
_14319_, 60.24, 427.04, 1.79379
_16769_, 60.24, 427.04, 1.79379
hold1244, 60.24, 427.04, 1.79379
_09459_, 73.04, 427.04, 1.79356
_09463_, 73.04, 427.04, 1.79356
_10526_, 73.04, 427.04, 1.79356
_17303_, 73.04, 427.04, 1.79356
FILLER_0_152_141, 73.04, 427.04, 1.79356
FILLER_0_153_136, 73.04, 427.04, 1.79356
_14911_, 85.84, 427.04, 1.79335
_14912_, 85.84, 427.04, 1.79335
_17307_, 85.84, 427.04, 1.79335
hold1138, 85.84, 427.04, 1.79335
hold1941, 85.84, 427.04, 1.79335
_09450_, 98.64, 427.04, 1.79315
_09451_, 98.64, 427.04, 1.79315
_09460_, 98.64, 427.04, 1.79315
hold1090, 98.64, 427.04, 1.79315
_10962_, 111.44, 427.04, 1.79295
_10963_, 111.44, 427.04, 1.79295
_16551_, 111.44, 427.04, 1.79295
_16553_, 111.44, 427.04, 1.79295
_16554_, 111.44, 427.04, 1.79295
FILLER_0_152_221, 111.44, 427.04, 1.79295
FILLER_0_153_221, 111.44, 427.04, 1.79295
FILLER_0_153_225, 111.44, 427.04, 1.79295
_10956_, 124.24, 427.04, 1.79276
_10957_, 124.24, 427.04, 1.79276
_14081_, 124.24, 427.04, 1.79276
hold709, 124.24, 427.04, 1.79276
hold1926, 124.24, 427.04, 1.79276
_10952_, 137.04, 427.04, 1.79259
_14077_, 137.04, 427.04, 1.79259
_14086_, 137.04, 427.04, 1.79259
_16559_, 137.04, 427.04, 1.79259
hold2119, 137.04, 427.04, 1.79259
_10947_, 149.84, 427.04, 1.79242
_10975_, 149.84, 427.04, 1.79242
_14066_, 149.84, 427.04, 1.79242
_14083_, 149.84, 427.04, 1.79242
_16545_, 149.84, 427.04, 1.79242
FILLER_0_152_309, 149.84, 427.04, 1.79242
FILLER_0_153_302, 149.84, 427.04, 1.79242
FILLER_0_154_321, 149.84, 427.04, 1.79242
_10974_, 162.64, 427.04, 1.79226
_16513_, 162.64, 427.04, 1.79226
hold820, 162.64, 427.04, 1.79226
FILLER_0_153_340, 162.64, 427.04, 1.79226
_11040_, 188.24, 427.04, 1.79192
_11041_, 188.24, 427.04, 1.79192
_14035_, 188.24, 427.04, 1.79192
_14041_, 188.24, 427.04, 1.79192
hold1194, 188.24, 427.04, 1.79192
_12937_, 201.04, 427.04, 1.79174
_13405_, 201.04, 427.04, 1.79174
hold2170, 201.04, 427.04, 1.79174
FILLER_0_152_412, 201.04, 427.04, 1.79174
FILLER_0_153_423, 201.04, 427.04, 1.79174
_16738_, 213.84, 427.04, 1.79157
hold2162, 213.84, 427.04, 1.79157
FILLER_0_152_451, 213.84, 427.04, 1.79157
FILLER_0_153_445, 213.84, 427.04, 1.79157
_10588_, 226.64, 427.04, 1.79141
_16731_, 226.64, 427.04, 1.79141
hold1713, 226.64, 427.04, 1.79141
FILLER_0_152_472, 226.64, 427.04, 1.79141
FILLER_0_152_477, 226.64, 427.04, 1.79141
_10602_, 239.44, 427.04, 1.79126
_16706_, 252.24, 427.04, 1.79111
FILLER_0_152_529, 252.24, 427.04, 1.79111
FILLER_0_154_537, 252.24, 427.04, 1.79111
_10652_, 265.04, 427.04, 1.79097
_10653_, 265.04, 427.04, 1.79097
hold528, 265.04, 427.04, 1.79097
FILLER_0_153_556, 265.04, 427.04, 1.79097
FILLER_0_154_577, 265.04, 427.04, 1.79097
FILLER_0_152_581, 277.84, 427.04, 1.79082
FILLER_0_153_609, 290.64, 427.04, 1.79068
FILLER_0_153_629, 290.64, 427.04, 1.79068
_12866_, 303.44, 427.04, 1.79054
_13017_, 303.44, 427.04, 1.79054
_13018_, 303.44, 427.04, 1.79054
hold2163, 303.44, 427.04, 1.79054
FILLER_0_152_637, 303.44, 427.04, 1.79054
FILLER_0_152_645, 303.44, 427.04, 1.79054
FILLER_0_153_661, 303.44, 427.04, 1.79054
_18091_, 316.24, 427.04, 1.79041
hold2231, 316.24, 427.04, 1.79041
FILLER_0_153_669, 316.24, 427.04, 1.79041
FILLER_0_153_673, 316.24, 427.04, 1.79041
_12863_, 341.84, 427.04, 1.79024
FILLER_0_153_720, 341.84, 427.04, 1.79024
FILLER_0_152_748, 354.64, 427.04, 1.79018
_12935_, 367.44, 427.04, 1.79012
_15948_, 367.44, 427.04, 1.79012
FILLER_0_153_781, 367.44, 427.04, 1.79012
FILLER_0_152_801, 380.24, 427.04, 1.79008
FILLER_0_152_809, 380.24, 427.04, 1.79008
FILLER_0_153_833, 393.04, 427.04, 1.79004
FILLER_0_152_861, 405.84, 427.04, 1.78999
FILLER_0_153_889, 418.64, 427.04, 1.78995
FILLER_0_152_917, 431.44, 427.04, 1.7899
FILLER_0_153_945, 444.24, 427.04, 1.78986
_09336_, 457.04, 427.04, 1.78981
_14981_, 457.04, 427.04, 1.78981
FILLER_0_152_973, 457.04, 427.04, 1.78981
FILLER_0_153_977, 457.04, 427.04, 1.78981
_09339_, 469.84, 427.04, 1.78977
_17363_, 469.84, 427.04, 1.78977
FILLER_0_153_999, 469.84, 427.04, 1.78977
FILLER_0_154_1017, 469.84, 427.04, 1.78977
_08404_, 495.308, 427.04, 1.78968
_08405_, 495.308, 427.04, 1.78968
_15497_, 495.308, 427.04, 1.78968
_17830_, 495.308, 427.04, 1.78968
hold735, 495.308, 427.04, 1.78968
FILLER_0_153_1061, 495.308, 427.04, 1.78968
FILLER_0_153_1077, 495.308, 427.04, 1.78968
_17851_, 507.977, 427.04, 1.78963
_17858_, 507.977, 427.04, 1.78963
hold1363, 507.977, 427.04, 1.78963
FILLER_0_152_1083, 507.977, 427.04, 1.78963
_08348_, 520.645, 427.04, 1.7896
_17855_, 520.645, 427.04, 1.7896
FILLER_0_152_1117, 520.645, 427.04, 1.7896
FILLER_0_153_1115, 520.645, 427.04, 1.7896
_08488_, 533.314, 427.04, 1.78958
_08489_, 533.314, 427.04, 1.78958
_17788_, 533.314, 427.04, 1.78958
hold617, 533.314, 427.04, 1.78958
FILLER_0_152_1143, 533.314, 427.04, 1.78958
FILLER_0_154_1149, 533.314, 427.04, 1.78958
_08490_, 545.982, 427.04, 1.78956
_08499_, 545.982, 427.04, 1.78956
_15451_, 545.982, 427.04, 1.78956
_17787_, 545.982, 427.04, 1.78956
FILLER_0_154_1182, 545.982, 427.04, 1.78956
_08492_, 558.651, 427.04, 1.78955
_15449_, 558.651, 427.04, 1.78955
_17786_, 558.651, 427.04, 1.78955
PHY_300, 5.52, 421.6, 1.79424
PHY_302, 5.52, 421.6, 1.79424
output56, 5.52, 421.6, 1.79424
PHY_301, 571.32, 421.6, 1.78914
PHY_303, 571.32, 421.6, 1.78914
output32, 571.32, 421.6, 1.78914
FILLER_0_150_1220, 571.32, 421.6, 1.78914
FILLER_0_151_1219, 571.32, 421.6, 1.78914
_10537_, 34.64, 421.6, 1.79405
_16764_, 34.64, 421.6, 1.79405
FILLER_0_151_53, 34.64, 421.6, 1.79405
FILLER_0_151_69, 34.64, 421.6, 1.79405
FILLER_0_151_76, 34.64, 421.6, 1.79405
_10536_, 47.44, 421.6, 1.79385
_14315_, 47.44, 421.6, 1.79385
_14318_, 47.44, 421.6, 1.79385
FILLER_0_152_96, 47.44, 421.6, 1.79385
FILLER_0_152_104, 47.44, 421.6, 1.79385
_14320_, 60.24, 421.6, 1.79364
hold1245, 60.24, 421.6, 1.79364
_09455_, 73.04, 421.6, 1.79344
_09462_, 73.04, 421.6, 1.79344
_17305_, 73.04, 421.6, 1.79344
FILLER_0_150_133, 73.04, 421.6, 1.79344
FILLER_0_151_154, 73.04, 421.6, 1.79344
_09454_, 85.84, 421.6, 1.79325
_14915_, 85.84, 421.6, 1.79325
FILLER_0_151_162, 85.84, 421.6, 1.79325
FILLER_0_152_183, 85.84, 421.6, 1.79325
FILLER_0_150_189, 98.64, 421.6, 1.79306
FILLER_0_150_197, 98.64, 421.6, 1.79306
_14078_, 111.44, 421.6, 1.79286
hold896, 111.44, 421.6, 1.79286
FILLER_0_150_219, 111.44, 421.6, 1.79286
FILLER_0_151_220, 111.44, 421.6, 1.79286
FILLER_0_151_237, 111.44, 421.6, 1.79286
_10953_, 124.24, 421.6, 1.79267
FILLER_0_151_270, 124.24, 421.6, 1.79267
FILLER_0_152_259, 124.24, 421.6, 1.79267
_16556_, 137.04, 421.6, 1.79248
hold778, 137.04, 421.6, 1.79248
_10946_, 149.84, 421.6, 1.7923
_10973_, 149.84, 421.6, 1.7923
_10978_, 149.84, 421.6, 1.7923
_10979_, 149.84, 421.6, 1.7923
_14069_, 149.84, 421.6, 1.7923
_14072_, 149.84, 421.6, 1.7923
_16541_, 149.84, 421.6, 1.7923
_16546_, 149.84, 421.6, 1.7923
hold683, 149.84, 421.6, 1.7923
FILLER_0_150_301, 149.84, 421.6, 1.7923
FILLER_0_151_304, 149.84, 421.6, 1.7923
FILLER_0_152_317, 149.84, 421.6, 1.7923
_10972_, 162.64, 421.6, 1.79213
_10982_, 162.64, 421.6, 1.79213
_10983_, 162.64, 421.6, 1.79213
_14067_, 162.64, 421.6, 1.79213
_14071_, 162.64, 421.6, 1.79213
hold477, 162.64, 421.6, 1.79213
FILLER_0_152_352, 162.64, 421.6, 1.79213
_11028_, 188.24, 421.6, 1.79176
_11043_, 188.24, 421.6, 1.79176
_15946_, 188.24, 421.6, 1.79176
hold1755, 188.24, 421.6, 1.79176
FILLER_0_151_384, 188.24, 421.6, 1.79176
FILLER_0_151_393, 188.24, 421.6, 1.79176
FILLER_0_151_401, 188.24, 421.6, 1.79176
_12936_, 201.04, 421.6, 1.79158
_12938_, 201.04, 421.6, 1.79158
_12939_, 201.04, 421.6, 1.79158
_15947_, 201.04, 421.6, 1.79158
FILLER_0_150_417, 201.04, 421.6, 1.79158
_10589_, 213.84, 421.6, 1.79141
_13406_, 213.84, 421.6, 1.79141
FILLER_0_152_458, 213.84, 421.6, 1.79141
FILLER_0_152_466, 213.84, 421.6, 1.79141
_10603_, 226.64, 421.6, 1.79125
_14278_, 226.64, 421.6, 1.79125
FILLER_0_150_472, 226.64, 421.6, 1.79125
FILLER_0_151_497, 239.44, 421.6, 1.79108
FILLER_0_150_525, 252.24, 421.6, 1.79091
FILLER_0_151_553, 265.04, 421.6, 1.79075
FILLER_0_150_581, 277.84, 421.6, 1.79058
FILLER_0_150_589, 277.84, 421.6, 1.79058
_15897_, 290.64, 421.6, 1.79042
FILLER_0_151_609, 290.64, 421.6, 1.79042
_12865_, 303.44, 421.6, 1.79026
_15979_, 303.44, 421.6, 1.79026
FILLER_0_150_636, 303.44, 421.6, 1.79026
FILLER_0_151_651, 303.44, 421.6, 1.79026
_07881_, 316.24, 421.6, 1.79013
_07882_, 316.24, 421.6, 1.79013
_12599_, 316.24, 421.6, 1.79013
_12600_, 316.24, 421.6, 1.79013
_13442_, 316.24, 421.6, 1.79013
FILLER_0_151_685, 316.24, 421.6, 1.79013
_07880_, 341.84, 421.6, 1.78995
_12864_, 341.84, 421.6, 1.78995
_13443_, 341.84, 421.6, 1.78995
_15788_, 341.84, 421.6, 1.78995
_15790_, 341.84, 421.6, 1.78995
_18092_, 341.84, 421.6, 1.78995
FILLER_0_150_721, 341.84, 421.6, 1.78995
FILLER_0_150_729, 341.84, 421.6, 1.78995
FILLER_0_152_738, 341.84, 421.6, 1.78995
_12587_, 354.64, 421.6, 1.78984
_12588_, 354.64, 421.6, 1.78984
hold2244, 354.64, 421.6, 1.78984
FILLER_0_150_752, 354.64, 421.6, 1.78984
FILLER_0_152_769, 354.64, 421.6, 1.78984
_12934_, 367.44, 421.6, 1.78979
_13404_, 367.44, 421.6, 1.78979
_13407_, 367.44, 421.6, 1.78979
_15945_, 367.44, 421.6, 1.78979
hold2159, 367.44, 421.6, 1.78979
FILLER_0_150_802, 380.24, 421.6, 1.78976
FILLER_0_151_830, 393.04, 421.6, 1.78973
_09206_, 405.84, 421.6, 1.7897
_09207_, 405.84, 421.6, 1.7897
FILLER_0_150_861, 405.84, 421.6, 1.7897
FILLER_0_150_869, 405.84, 421.6, 1.7897
_17425_, 418.64, 421.6, 1.78967
hold154, 418.64, 421.6, 1.78967
FILLER_0_151_887, 418.64, 421.6, 1.78967
_17423_, 431.44, 421.6, 1.78965
hold333, 431.44, 421.6, 1.78965
_17364_, 444.24, 421.6, 1.78964
hold893, 444.24, 421.6, 1.78964
FILLER_0_151_941, 444.24, 421.6, 1.78964
FILLER_0_151_949, 444.24, 421.6, 1.78964
_09327_, 457.04, 421.6, 1.78963
_09337_, 457.04, 421.6, 1.78963
_17369_, 457.04, 421.6, 1.78963
hold805, 457.04, 421.6, 1.78963
FILLER_0_152_994, 457.04, 421.6, 1.78963
_09325_, 469.84, 421.6, 1.78963
_14980_, 469.84, 421.6, 1.78963
_14987_, 469.84, 421.6, 1.78963
_17370_, 469.84, 421.6, 1.78963
hold1235, 469.84, 421.6, 1.78963
hold1237, 469.84, 421.6, 1.78963
FILLER_0_151_1054, 495.308, 421.6, 1.78957
FILLER_0_150_1085, 507.977, 421.6, 1.78949
_08354_, 520.645, 421.6, 1.78941
_08355_, 520.645, 421.6, 1.78941
FILLER_0_151_1113, 520.645, 421.6, 1.78941
_17783_, 533.314, 421.6, 1.78934
FILLER_0_150_1137, 533.314, 421.6, 1.78934
FILLER_0_150_1145, 533.314, 421.6, 1.78934
FILLER_0_152_1149, 533.314, 421.6, 1.78934
_08491_, 545.982, 421.6, 1.78927
_15446_, 545.982, 421.6, 1.78927
_15450_, 545.982, 421.6, 1.78927
hold1589, 545.982, 421.6, 1.78927
FILLER_0_151_1169, 545.982, 421.6, 1.78927
FILLER_0_152_1178, 545.982, 421.6, 1.78927
FILLER_0_152_1188, 545.982, 421.6, 1.78927
_08496_, 558.651, 421.6, 1.7892
_08497_, 558.651, 421.6, 1.7892
_17784_, 558.651, 421.6, 1.7892
FILLER_0_150_1197, 558.651, 421.6, 1.7892
FILLER_0_151_1189, 558.651, 421.6, 1.7892
FILLER_0_152_1208, 558.651, 421.6, 1.7892
PHY_296, 5.52, 416.16, 1.79402
PHY_298, 5.52, 416.16, 1.79402
_08500_, 571.32, 416.16, 1.78956
PHY_297, 571.32, 416.16, 1.78956
PHY_299, 571.32, 416.16, 1.78956
FILLER_0_148_1222, 571.32, 416.16, 1.78956
FILLER_0_149_1221, 571.32, 416.16, 1.78956
FILLER_0_148_15, 13.68, 416.16, 1.79402
FILLER_0_150_77, 34.64, 416.16, 1.79381
_10534_, 47.44, 416.16, 1.7936
_10535_, 47.44, 416.16, 1.7936
_14316_, 47.44, 416.16, 1.7936
_16765_, 47.44, 416.16, 1.7936
hold544, 47.44, 416.16, 1.7936
FILLER_0_149_81, 47.44, 416.16, 1.7936
FILLER_0_149_96, 47.44, 416.16, 1.7936
_10525_, 60.24, 416.16, 1.7934
_14312_, 60.24, 416.16, 1.7934
FILLER_0_148_111, 60.24, 416.16, 1.7934
FILLER_0_149_108, 60.24, 416.16, 1.7934
FILLER_0_149_161, 85.84, 416.16, 1.793
_10375_, 98.64, 416.16, 1.7928
_16845_, 98.64, 416.16, 1.7928
_16847_, 98.64, 416.16, 1.7928
FILLER_0_149_193, 98.64, 416.16, 1.7928
FILLER_0_150_205, 98.64, 416.16, 1.7928
FILLER_0_150_211, 98.64, 416.16, 1.7928
_10374_, 111.44, 416.16, 1.79261
_14084_, 111.44, 416.16, 1.79261
_14404_, 111.44, 416.16, 1.79261
_16557_, 111.44, 416.16, 1.79261
hold377, 111.44, 416.16, 1.79261
FILLER_0_149_237, 111.44, 416.16, 1.79261
FILLER_0_150_242, 111.44, 416.16, 1.79261
_10950_, 124.24, 416.16, 1.79243
_10955_, 124.24, 416.16, 1.79243
hold1515, 124.24, 416.16, 1.79243
FILLER_0_149_269, 124.24, 416.16, 1.79243
_10960_, 137.04, 416.16, 1.79225
_10961_, 137.04, 416.16, 1.79225
_14079_, 137.04, 416.16, 1.79225
hold408, 137.04, 416.16, 1.79225
FILLER_0_149_296, 137.04, 416.16, 1.79225
_16543_, 149.84, 416.16, 1.79207
FILLER_0_148_300, 149.84, 416.16, 1.79207
_11035_, 162.64, 416.16, 1.7919
_16514_, 162.64, 416.16, 1.7919
FILLER_0_148_333, 162.64, 416.16, 1.7919
FILLER_0_148_341, 162.64, 416.16, 1.7919
FILLER_0_149_337, 162.64, 416.16, 1.7919
FILLER_0_150_354, 162.64, 416.16, 1.7919
_11042_, 188.24, 416.16, 1.79148
_14034_, 188.24, 416.16, 1.79148
hold478, 188.24, 416.16, 1.79148
FILLER_0_150_411, 188.24, 416.16, 1.79148
FILLER_0_148_421, 201.04, 416.16, 1.79123
_12951_, 213.84, 416.16, 1.79097
_12952_, 213.84, 416.16, 1.79097
_12964_, 213.84, 416.16, 1.79097
_15934_, 213.84, 416.16, 1.79097
hold2173, 213.84, 416.16, 1.79097
FILLER_0_148_440, 213.84, 416.16, 1.79097
FILLER_0_149_444, 213.84, 416.16, 1.79097
FILLER_0_149_463, 213.84, 416.16, 1.79097
FILLER_0_150_454, 213.84, 416.16, 1.79097
_13441_, 226.64, 416.16, 1.79074
_15978_, 226.64, 416.16, 1.79074
hold2167, 226.64, 416.16, 1.79074
FILLER_0_148_477, 226.64, 416.16, 1.79074
FILLER_0_149_488, 226.64, 416.16, 1.79074
FILLER_0_149_494, 226.64, 416.16, 1.79074
_12611_, 239.44, 416.16, 1.79053
_13440_, 239.44, 416.16, 1.79053
_12637_, 252.24, 416.16, 1.79042
_12662_, 252.24, 416.16, 1.79042
_16038_, 252.24, 416.16, 1.79042
FILLER_0_148_523, 252.24, 416.16, 1.79042
FILLER_0_149_529, 252.24, 416.16, 1.79042
_15875_, 265.04, 416.16, 1.79032
FILLER_0_149_557, 265.04, 416.16, 1.79032
_13042_, 277.84, 416.16, 1.79023
_13331_, 277.84, 416.16, 1.79023
_15879_, 277.84, 416.16, 1.79023
FILLER_0_148_585, 277.84, 416.16, 1.79023
FILLER_0_149_581, 277.84, 416.16, 1.79023
hold20, 290.64, 416.16, 1.79016
hold22, 290.64, 416.16, 1.79016
FILLER_0_148_638, 303.44, 416.16, 1.7901
FILLER_0_150_657, 303.44, 416.16, 1.7901
_12598_, 316.24, 416.16, 1.79003
_15851_, 316.24, 416.16, 1.79003
hold107, 316.24, 416.16, 1.79003
FILLER_0_149_665, 316.24, 416.16, 1.79003
_07879_, 341.84, 416.16, 1.78989
_13077_, 341.84, 416.16, 1.78989
_15852_, 341.84, 416.16, 1.78989
hold96, 341.84, 416.16, 1.78989
hold99, 341.84, 416.16, 1.78989
FILLER_0_148_727, 341.84, 416.16, 1.78989
FILLER_0_149_720, 341.84, 416.16, 1.78989
FILLER_0_149_729, 341.84, 416.16, 1.78989
_12586_, 354.64, 416.16, 1.78981
_13301_, 354.64, 416.16, 1.78981
_15952_, 354.64, 416.16, 1.78981
hold95, 354.64, 416.16, 1.78981
FILLER_0_150_769, 354.64, 416.16, 1.78981
_12940_, 367.44, 416.16, 1.78976
_12941_, 367.44, 416.16, 1.78976
hold2138, 367.44, 416.16, 1.78976
hold2140, 367.44, 416.16, 1.78976
FILLER_0_149_773, 367.44, 416.16, 1.78976
_12929_, 380.24, 416.16, 1.78972
FILLER_0_148_809, 380.24, 416.16, 1.78972
FILLER_0_148_813, 380.24, 416.16, 1.78972
FILLER_0_149_818, 380.24, 416.16, 1.78972
_12928_, 393.04, 416.16, 1.78968
hold2149, 393.04, 416.16, 1.78968
FILLER_0_148_841, 393.04, 416.16, 1.78968
_15044_, 405.84, 416.16, 1.78966
_15052_, 405.84, 416.16, 1.78966
_17421_, 405.84, 416.16, 1.78966
_17429_, 405.84, 416.16, 1.78966
FILLER_0_148_859, 405.84, 416.16, 1.78966
FILLER_0_149_873, 405.84, 416.16, 1.78966
FILLER_0_149_880, 405.84, 416.16, 1.78966
_09215_, 418.64, 416.16, 1.78964
_15048_, 418.64, 416.16, 1.78964
_17427_, 418.64, 416.16, 1.78964
FILLER_0_148_889, 418.64, 416.16, 1.78964
FILLER_0_149_886, 418.64, 416.16, 1.78964
FILLER_0_149_897, 418.64, 416.16, 1.78964
FILLER_0_149_907, 418.64, 416.16, 1.78964
_09210_, 431.44, 416.16, 1.78964
_09214_, 431.44, 416.16, 1.78964
_09218_, 431.44, 416.16, 1.78964
_09219_, 431.44, 416.16, 1.78964
_15046_, 431.44, 416.16, 1.78964
_17426_, 431.44, 416.16, 1.78964
FILLER_0_148_920, 431.44, 416.16, 1.78964
FILLER_0_149_916, 431.44, 416.16, 1.78964
hold372, 444.24, 416.16, 1.78964
FILLER_0_149_945, 444.24, 416.16, 1.78964
FILLER_0_150_965, 444.24, 416.16, 1.78964
_09326_, 457.04, 416.16, 1.78964
_14986_, 457.04, 416.16, 1.78964
hold1823, 457.04, 416.16, 1.78964
FILLER_0_148_974, 457.04, 416.16, 1.78964
FILLER_0_149_977, 457.04, 416.16, 1.78964
_14985_, 469.84, 416.16, 1.78965
FILLER_0_148_1005, 469.84, 416.16, 1.78965
FILLER_0_149_1002, 469.84, 416.16, 1.78965
FILLER_0_149_1057, 495.308, 416.16, 1.78962
FILLER_0_149_1077, 495.308, 416.16, 1.78962
_08446_, 507.977, 416.16, 1.78959
_08447_, 507.977, 416.16, 1.78959
_08451_, 507.977, 416.16, 1.78959
_17809_, 507.977, 416.16, 1.78959
hold1537, 507.977, 416.16, 1.78959
FILLER_0_148_1085, 507.977, 416.16, 1.78959
FILLER_0_150_1096, 507.977, 416.16, 1.78959
_08460_, 520.645, 416.16, 1.78957
_08461_, 520.645, 416.16, 1.78957
_15474_, 520.645, 416.16, 1.78957
_17802_, 520.645, 416.16, 1.78957
hold1087, 520.645, 416.16, 1.78957
FILLER_0_148_1111, 520.645, 416.16, 1.78957
_08448_, 533.314, 416.16, 1.78956
_08449_, 533.314, 416.16, 1.78956
_08503_, 533.314, 416.16, 1.78956
_15443_, 533.314, 416.16, 1.78956
_15473_, 533.314, 416.16, 1.78956
_17781_, 533.314, 416.16, 1.78956
hold1863, 533.314, 416.16, 1.78956
FILLER_0_150_1161, 533.314, 416.16, 1.78956
_08494_, 545.982, 416.16, 1.78956
_08495_, 545.982, 416.16, 1.78956
_08502_, 545.982, 416.16, 1.78956
_15448_, 545.982, 416.16, 1.78956
hold1283, 545.982, 416.16, 1.78956
FILLER_0_149_1173, 545.982, 416.16, 1.78956
_15447_, 558.651, 416.16, 1.78956
PHY_292, 5.52, 410.72, 1.79377
PHY_294, 5.52, 410.72, 1.79377
PHY_293, 571.32, 410.72, 1.7894
PHY_295, 571.32, 410.72, 1.7894
FILLER_0_146_1224, 571.32, 410.72, 1.7894
FILLER_0_147_1220, 571.32, 410.72, 1.7894
_10447_, 13.68, 410.72, 1.79377
_10460_, 34.64, 410.72, 1.79353
_10461_, 34.64, 410.72, 1.79353
_14357_, 34.64, 410.72, 1.79353
_16766_, 34.64, 410.72, 1.79353
_16802_, 34.64, 410.72, 1.79353
hold866, 34.64, 410.72, 1.79353
_10532_, 47.44, 410.72, 1.79331
_10533_, 47.44, 410.72, 1.79331
_14317_, 47.44, 410.72, 1.79331
_16761_, 47.44, 410.72, 1.79331
hold601, 47.44, 410.72, 1.79331
FILLER_0_146_78, 47.44, 410.72, 1.79331
FILLER_0_148_105, 47.44, 410.72, 1.79331
_10542_, 60.24, 410.72, 1.79309
_16770_, 60.24, 410.72, 1.79309
hold559, 60.24, 410.72, 1.79309
FILLER_0_148_130, 60.24, 410.72, 1.79309
hold1671, 73.04, 410.72, 1.79288
FILLER_0_146_141, 73.04, 410.72, 1.79288
_10369_, 85.84, 410.72, 1.79267
_10376_, 85.84, 410.72, 1.79267
_10377_, 85.84, 410.72, 1.79267
_14403_, 85.84, 410.72, 1.79267
_16844_, 85.84, 410.72, 1.79267
_16848_, 85.84, 410.72, 1.79267
hold1193, 85.84, 410.72, 1.79267
hold1416, 85.84, 410.72, 1.79267
FILLER_0_147_165, 85.84, 410.72, 1.79267
FILLER_0_147_169, 85.84, 410.72, 1.79267
FILLER_0_148_177, 85.84, 410.72, 1.79267
_10368_, 98.64, 410.72, 1.79248
_10370_, 98.64, 410.72, 1.79248
_10371_, 98.64, 410.72, 1.79248
_10373_, 98.64, 410.72, 1.79248
_14406_, 98.64, 410.72, 1.79248
_14407_, 98.64, 410.72, 1.79248
hold1413, 98.64, 410.72, 1.79248
_10372_, 111.44, 410.72, 1.79228
_10951_, 111.44, 410.72, 1.79228
_14087_, 111.44, 410.72, 1.79228
FILLER_0_147_218, 111.44, 410.72, 1.79228
_16552_, 124.24, 410.72, 1.79209
_16555_, 124.24, 410.72, 1.79209
hold858, 124.24, 410.72, 1.79209
hold1862, 124.24, 410.72, 1.79209
_10948_, 137.04, 410.72, 1.79192
_10949_, 137.04, 410.72, 1.79192
_14085_, 137.04, 410.72, 1.79192
hold430, 137.04, 410.72, 1.79192
_10965_, 149.84, 410.72, 1.79174
_10971_, 149.84, 410.72, 1.79174
clkbuf_2_1_0_clk, 149.84, 410.72, 1.79174
FILLER_0_146_303, 149.84, 410.72, 1.79174
FILLER_0_147_320, 149.84, 410.72, 1.79174
_10964_, 162.64, 410.72, 1.79166
_14076_, 162.64, 410.72, 1.79166
_16515_, 162.64, 410.72, 1.79166
hold956, 162.64, 410.72, 1.79166
FILLER_0_147_331, 162.64, 410.72, 1.79166
_15935_, 188.24, 410.72, 1.79132
FILLER_0_147_385, 188.24, 410.72, 1.79132
FILLER_0_147_405, 188.24, 410.72, 1.79132
_12961_, 201.04, 410.72, 1.79107
_12962_, 201.04, 410.72, 1.79107
_13393_, 201.04, 410.72, 1.79107
hold2166, 201.04, 410.72, 1.79107
FILLER_0_146_413, 201.04, 410.72, 1.79107
FILLER_0_146_421, 201.04, 410.72, 1.79107
FILLER_0_148_429, 201.04, 410.72, 1.79107
_12963_, 213.84, 410.72, 1.79084
_13398_, 213.84, 410.72, 1.79084
_15940_, 213.84, 410.72, 1.79084
FILLER_0_146_451, 213.84, 410.72, 1.79084
FILLER_0_147_439, 213.84, 410.72, 1.79084
_12867_, 226.64, 410.72, 1.79062
_12868_, 226.64, 410.72, 1.79062
FILLER_0_146_472, 226.64, 410.72, 1.79062
FILLER_0_147_481, 226.64, 410.72, 1.79062
_12610_, 239.44, 410.72, 1.7904
_12869_, 239.44, 410.72, 1.7904
_12870_, 239.44, 410.72, 1.7904
_15977_, 239.44, 410.72, 1.7904
FILLER_0_147_497, 239.44, 410.72, 1.7904
_12646_, 252.24, 410.72, 1.79022
_12647_, 252.24, 410.72, 1.79022
_13508_, 252.24, 410.72, 1.79022
_16040_, 252.24, 410.72, 1.79022
clkbuf_leaf_97_clk, 252.24, 410.72, 1.79022
FILLER_0_147_549, 252.24, 410.72, 1.79022
_13047_, 265.04, 410.72, 1.79011
_13327_, 265.04, 410.72, 1.79011
_13330_, 265.04, 410.72, 1.79011
_15878_, 265.04, 410.72, 1.79011
hold34, 265.04, 410.72, 1.79011
hold2253, 265.04, 410.72, 1.79011
FILLER_0_147_557, 265.04, 410.72, 1.79011
FILLER_0_147_561, 265.04, 410.72, 1.79011
FILLER_0_147_578, 265.04, 410.72, 1.79011
FILLER_0_148_565, 265.04, 410.72, 1.79011
_13046_, 277.84, 410.72, 1.79002
_15876_, 277.84, 410.72, 1.79002
_15880_, 277.84, 410.72, 1.79002
hold32, 277.84, 410.72, 1.79002
FILLER_0_146_581, 277.84, 410.72, 1.79002
FILLER_0_146_589, 277.84, 410.72, 1.79002
_13041_, 290.64, 410.72, 1.78996
_13332_, 290.64, 410.72, 1.78996
FILLER_0_146_613, 290.64, 410.72, 1.78996
FILLER_0_147_629, 290.64, 410.72, 1.78996
_12612_, 303.44, 410.72, 1.7899
_12613_, 303.44, 410.72, 1.7899
_13078_, 303.44, 410.72, 1.7899
_13511_, 303.44, 410.72, 1.7899
_13512_, 303.44, 410.72, 1.7899
hold2258, 303.44, 410.72, 1.7899
FILLER_0_147_643, 303.44, 410.72, 1.7899
FILLER_0_148_657, 303.44, 410.72, 1.7899
_13300_, 316.24, 410.72, 1.78986
hold33, 316.24, 410.72, 1.78986
hold106, 316.24, 410.72, 1.78986
FILLER_0_147_666, 316.24, 410.72, 1.78986
FILLER_0_147_673, 316.24, 410.72, 1.78986
_12561_, 341.84, 410.72, 1.78967
hold2207, 341.84, 410.72, 1.78967
FILLER_0_147_725, 341.84, 410.72, 1.78967
_12925_, 354.64, 410.72, 1.78953
_12926_, 354.64, 410.72, 1.78953
FILLER_0_146_748, 354.64, 410.72, 1.78953
FILLER_0_147_754, 354.64, 410.72, 1.78953
_12537_, 367.44, 410.72, 1.7894
_12538_, 367.44, 410.72, 1.7894
_13073_, 367.44, 410.72, 1.7894
_13412_, 367.44, 410.72, 1.7894
hold92, 367.44, 410.72, 1.7894
FILLER_0_147_778, 367.44, 410.72, 1.7894
FILLER_0_147_785, 367.44, 410.72, 1.7894
_15951_, 380.24, 410.72, 1.78934
_15956_, 380.24, 410.72, 1.78934
hold2271, 380.24, 410.72, 1.78934
FILLER_0_147_817, 380.24, 410.72, 1.78934
_12917_, 393.04, 410.72, 1.7893
_13411_, 393.04, 410.72, 1.7893
_13416_, 393.04, 410.72, 1.7893
hold2148, 393.04, 410.72, 1.7893
hold2154, 393.04, 410.72, 1.7893
FILLER_0_146_840, 393.04, 410.72, 1.7893
_09223_, 405.84, 410.72, 1.78928
clkbuf_leaf_106_clk, 405.84, 410.72, 1.78928
FILLER_0_146_865, 405.84, 410.72, 1.78928
FILLER_0_146_869, 405.84, 410.72, 1.78928
FILLER_0_147_860, 405.84, 410.72, 1.78928
FILLER_0_147_868, 405.84, 410.72, 1.78928
_09211_, 418.64, 410.72, 1.7893
_15050_, 418.64, 410.72, 1.7893
FILLER_0_147_897, 418.64, 410.72, 1.7893
FILLER_0_147_911, 418.64, 410.72, 1.7893
_09213_, 431.44, 410.72, 1.78932
_15049_, 431.44, 410.72, 1.78932
hold311, 431.44, 410.72, 1.78932
hold1327, 431.44, 410.72, 1.78932
FILLER_0_146_915, 431.44, 410.72, 1.78932
FILLER_0_147_926, 431.44, 410.72, 1.78932
FILLER_0_147_936, 431.44, 410.72, 1.78932
_09212_, 444.24, 410.72, 1.78934
_17361_, 444.24, 410.72, 1.78934
clkbuf_leaf_138_clk, 444.24, 410.72, 1.78934
FILLER_0_147_948, 444.24, 410.72, 1.78934
_09342_, 457.04, 410.72, 1.7894
_09343_, 457.04, 410.72, 1.7894
_14978_, 457.04, 410.72, 1.7894
hold186, 457.04, 410.72, 1.7894
FILLER_0_146_969, 457.04, 410.72, 1.7894
FILLER_0_146_977, 457.04, 410.72, 1.7894
_09328_, 469.84, 410.72, 1.78947
_09329_, 469.84, 410.72, 1.78947
_09334_, 469.84, 410.72, 1.78947
_09335_, 469.84, 410.72, 1.78947
_17365_, 469.84, 410.72, 1.78947
_17368_, 469.84, 410.72, 1.78947
hold1821, 469.84, 410.72, 1.78947
FILLER_0_147_997, 469.84, 410.72, 1.78947
FILLER_0_148_1012, 469.84, 410.72, 1.78947
FILLER_0_147_1061, 495.308, 410.72, 1.78951
FILLER_0_147_1077, 495.308, 410.72, 1.78951
_08450_, 507.977, 410.72, 1.78947
_15472_, 507.977, 410.72, 1.78947
_17807_, 507.977, 410.72, 1.78947
hold1095, 507.977, 410.72, 1.78947
FILLER_0_146_1085, 507.977, 410.72, 1.78947
_17808_, 520.645, 410.72, 1.78944
FILLER_0_146_1114, 520.645, 410.72, 1.78944
FILLER_0_147_1113, 520.645, 410.72, 1.78944
_15444_, 533.314, 410.72, 1.78942
_17785_, 533.314, 410.72, 1.78942
FILLER_0_147_1153, 533.314, 410.72, 1.78942
FILLER_0_148_1149, 533.314, 410.72, 1.78942
_15452_, 545.982, 410.72, 1.7894
_17782_, 545.982, 410.72, 1.7894
_17789_, 545.982, 410.72, 1.7894
FILLER_0_147_1173, 545.982, 410.72, 1.7894
FILLER_0_148_1175, 545.982, 410.72, 1.7894
_08484_, 558.651, 410.72, 1.7894
_08485_, 558.651, 410.72, 1.7894
_08486_, 558.651, 410.72, 1.7894
_08501_, 558.651, 410.72, 1.7894
_15445_, 558.651, 410.72, 1.7894
hold1689, 558.651, 410.72, 1.7894
top_132, 5.52, 405.28, 1.79358
PHY_288, 5.52, 405.28, 1.79358
PHY_290, 5.52, 405.28, 1.79358
PHY_289, 571.32, 405.28, 1.78919
PHY_291, 571.32, 405.28, 1.78919
output75, 571.32, 405.28, 1.78919
FILLER_0_144_1217, 571.32, 405.28, 1.78919
FILLER_0_145_1221, 571.32, 405.28, 1.78919
FILLER_0_144_15, 13.68, 405.28, 1.79358
FILLER_0_146_70, 34.64, 405.28, 1.79337
_10543_, 47.44, 405.28, 1.79315
_14311_, 47.44, 405.28, 1.79315
FILLER_0_144_80, 47.44, 405.28, 1.79315
FILLER_0_145_93, 47.44, 405.28, 1.79315
FILLER_0_145_103, 47.44, 405.28, 1.79315
FILLER_0_146_99, 47.44, 405.28, 1.79315
_10524_, 60.24, 405.28, 1.79293
_14321_, 60.24, 405.28, 1.79293
_10484_, 73.04, 405.28, 1.79272
_10485_, 73.04, 405.28, 1.79272
_10491_, 73.04, 405.28, 1.79272
_10500_, 73.04, 405.28, 1.79272
_10501_, 73.04, 405.28, 1.79272
_14335_, 73.04, 405.28, 1.79272
_14340_, 73.04, 405.28, 1.79272
_16782_, 73.04, 405.28, 1.79272
_16787_, 73.04, 405.28, 1.79272
FILLER_0_144_134, 73.04, 405.28, 1.79272
FILLER_0_145_137, 73.04, 405.28, 1.79272
_10490_, 85.84, 405.28, 1.79252
hold1803, 85.84, 405.28, 1.79252
_14405_, 98.64, 405.28, 1.79232
_16846_, 98.64, 405.28, 1.79232
FILLER_0_145_205, 98.64, 405.28, 1.79232
_16560_, 111.44, 405.28, 1.79213
clkbuf_leaf_59_clk, 111.44, 405.28, 1.79213
hold949, 111.44, 405.28, 1.79213
FILLER_0_145_218, 111.44, 405.28, 1.79213
FILLER_0_145_225, 111.44, 405.28, 1.79213
_10944_, 124.24, 405.28, 1.79199
_10954_, 124.24, 405.28, 1.79199
_14082_, 124.24, 405.28, 1.79199
_16558_, 124.24, 405.28, 1.79199
FILLER_0_144_247, 124.24, 405.28, 1.79199
_10977_, 137.04, 405.28, 1.79186
_16547_, 137.04, 405.28, 1.79186
FILLER_0_144_277, 137.04, 405.28, 1.79186
FILLER_0_145_272, 137.04, 405.28, 1.79186
_14073_, 149.84, 405.28, 1.79173
_16550_, 149.84, 405.28, 1.79173
hold867, 149.84, 405.28, 1.79173
hold1764, 149.84, 405.28, 1.79173
_14068_, 162.64, 405.28, 1.79161
FILLER_0_146_353, 162.64, 405.28, 1.79161
_12930_, 188.24, 405.28, 1.79126
_12931_, 188.24, 405.28, 1.79126
_13409_, 188.24, 405.28, 1.79126
hold2137, 188.24, 405.28, 1.79126
_15933_, 201.04, 405.28, 1.79104
FILLER_0_144_421, 201.04, 405.28, 1.79104
_13391_, 213.84, 405.28, 1.79083
_13392_, 213.84, 405.28, 1.79083
hold2157, 213.84, 405.28, 1.79083
_13323_, 226.64, 405.28, 1.79062
_18090_, 226.64, 405.28, 1.79062
FILLER_0_144_473, 226.64, 405.28, 1.79062
FILLER_0_144_480, 226.64, 405.28, 1.79062
_12609_, 239.44, 405.28, 1.79042
hold2204, 239.44, 405.28, 1.79042
FILLER_0_145_519, 239.44, 405.28, 1.79042
FILLER_0_146_516, 239.44, 405.28, 1.79042
_16039_, 252.24, 405.28, 1.79024
hold2255, 252.24, 405.28, 1.79024
FILLER_0_144_527, 252.24, 405.28, 1.79024
FILLER_0_144_533, 252.24, 405.28, 1.79024
_12661_, 265.04, 405.28, 1.79007
_13043_, 265.04, 405.28, 1.79007
_13507_, 265.04, 405.28, 1.79007
hold29, 265.04, 405.28, 1.79007
FILLER_0_145_564, 265.04, 405.28, 1.79007
_13328_, 277.84, 405.28, 1.78991
clkbuf_leaf_98_clk, 277.84, 405.28, 1.78991
FILLER_0_144_589, 277.84, 405.28, 1.78991
_12624_, 290.64, 405.28, 1.78979
_16041_, 290.64, 405.28, 1.78979
_16042_, 290.64, 405.28, 1.78979
hold2229, 290.64, 405.28, 1.78979
FILLER_0_145_606, 290.64, 405.28, 1.78979
_13038_, 303.44, 405.28, 1.7897
_15882_, 303.44, 405.28, 1.7897
_15883_, 303.44, 405.28, 1.7897
hold36, 303.44, 405.28, 1.7897
hold2230, 303.44, 405.28, 1.7897
_13336_, 316.24, 405.28, 1.78964
_13513_, 316.24, 405.28, 1.78964
_16043_, 316.24, 405.28, 1.78964
clkbuf_leaf_103_clk, 316.24, 405.28, 1.78964
_12860_, 341.84, 405.28, 1.78958
_13446_, 341.84, 405.28, 1.78958
hold2192, 341.84, 405.28, 1.78958
FILLER_0_144_725, 341.84, 405.28, 1.78958
FILLER_0_145_721, 341.84, 405.28, 1.78958
FILLER_0_145_732, 341.84, 405.28, 1.78958
_12590_, 354.64, 405.28, 1.78952
_13514_, 354.64, 405.28, 1.78952
_12855_, 367.44, 405.28, 1.78946
_15856_, 367.44, 405.28, 1.78946
_18096_, 367.44, 405.28, 1.78946
FILLER_0_145_774, 367.44, 405.28, 1.78946
_12536_, 380.24, 405.28, 1.78943
_12854_, 380.24, 405.28, 1.78943
_12918_, 380.24, 405.28, 1.78943
_13448_, 380.24, 405.28, 1.78943
_15792_, 380.24, 405.28, 1.78943
hold2256, 380.24, 405.28, 1.78943
FILLER_0_146_824, 380.24, 405.28, 1.78943
_12921_, 393.04, 405.28, 1.78941
_12922_, 393.04, 405.28, 1.78941
_13414_, 393.04, 405.28, 1.78941
_15954_, 393.04, 405.28, 1.78941
FILLER_0_145_832, 393.04, 405.28, 1.78941
FILLER_0_145_841, 393.04, 405.28, 1.78941
_09221_, 405.84, 405.28, 1.78941
_09222_, 405.84, 405.28, 1.78941
_15045_, 405.84, 405.28, 1.78941
_17422_, 405.84, 405.28, 1.78941
hold966, 405.84, 405.28, 1.78941
FILLER_0_144_857, 405.84, 405.28, 1.78941
FILLER_0_144_865, 405.84, 405.28, 1.78941
FILLER_0_145_863, 405.84, 405.28, 1.78941
FILLER_0_145_874, 405.84, 405.28, 1.78941
FILLER_0_146_878, 405.84, 405.28, 1.78941
_17428_, 418.64, 405.28, 1.78941
hold807, 418.64, 405.28, 1.78941
FILLER_0_145_892, 418.64, 405.28, 1.78941
FILLER_0_145_897, 418.64, 405.28, 1.78941
_09208_, 431.44, 405.28, 1.78943
_15051_, 431.44, 405.28, 1.78943
FILLER_0_144_917, 431.44, 405.28, 1.78943
FILLER_0_144_925, 431.44, 405.28, 1.78943
FILLER_0_145_938, 431.44, 405.28, 1.78943
_09315_, 444.24, 405.28, 1.78944
_09316_, 444.24, 405.28, 1.78944
_09317_, 444.24, 405.28, 1.78944
_17366_, 444.24, 405.28, 1.78944
FILLER_0_145_958, 444.24, 405.28, 1.78944
_09331_, 457.04, 405.28, 1.78946
_09332_, 457.04, 405.28, 1.78946
_09333_, 457.04, 405.28, 1.78946
_14983_, 457.04, 405.28, 1.78946
hold449, 457.04, 405.28, 1.78946
FILLER_0_144_974, 457.04, 405.28, 1.78946
FILLER_0_146_993, 457.04, 405.28, 1.78946
_14982_, 469.84, 405.28, 1.78949
_17362_, 469.84, 405.28, 1.78949
FILLER_0_145_1002, 469.84, 405.28, 1.78949
hold1489, 495.308, 405.28, 1.78943
FILLER_0_145_1061, 495.308, 405.28, 1.78943
FILLER_0_145_1077, 495.308, 405.28, 1.78943
_08463_, 507.977, 405.28, 1.78934
_15465_, 507.977, 405.28, 1.78934
_17801_, 507.977, 405.28, 1.78934
hold238, 507.977, 405.28, 1.78934
hold935, 507.977, 405.28, 1.78934
FILLER_0_146_1093, 507.977, 405.28, 1.78934
_08453_, 520.645, 405.28, 1.78926
_15466_, 520.645, 405.28, 1.78926
_15467_, 520.645, 405.28, 1.78926
_15471_, 520.645, 405.28, 1.78926
_17806_, 520.645, 405.28, 1.78926
clkbuf_leaf_142_clk, 520.645, 405.28, 1.78926
FILLER_0_144_1108, 520.645, 405.28, 1.78926
FILLER_0_145_1112, 520.645, 405.28, 1.78926
_08452_, 533.314, 405.28, 1.78924
hold1633, 533.314, 405.28, 1.78924
FILLER_0_146_1161, 533.314, 405.28, 1.78924
_08487_, 545.982, 405.28, 1.78922
_08538_, 545.982, 405.28, 1.78922
hold1521, 545.982, 405.28, 1.78922
FILLER_0_145_1180, 545.982, 405.28, 1.78922
_15453_, 558.651, 405.28, 1.7892
_17790_, 558.651, 405.28, 1.7892
hold141, 558.651, 405.28, 1.7892
FILLER_0_144_1195, 558.651, 405.28, 1.7892
FILLER_0_146_1216, 558.651, 405.28, 1.7892
PHY_284, 5.52, 399.84, 1.79334
PHY_286, 5.52, 399.84, 1.79334
FILLER_0_143_3, 5.52, 399.84, 1.79334
PHY_285, 571.32, 399.84, 1.78942
PHY_287, 571.32, 399.84, 1.78942
FILLER_0_142_1217, 571.32, 399.84, 1.78942
FILLER_0_143_1224, 571.32, 399.84, 1.78942
_10458_, 13.68, 399.84, 1.79334
_10459_, 13.68, 399.84, 1.79334
_16810_, 13.68, 399.84, 1.79334
hold872, 13.68, 399.84, 1.79334
_10449_, 34.64, 399.84, 1.79309
_10454_, 34.64, 399.84, 1.79309
_10455_, 34.64, 399.84, 1.79309
_14355_, 34.64, 399.84, 1.79309
_14360_, 34.64, 399.84, 1.79309
hold868, 34.64, 399.84, 1.79309
_10453_, 47.44, 399.84, 1.79284
_14361_, 47.44, 399.84, 1.79284
clkbuf_leaf_55_clk, 47.44, 399.84, 1.79284
hold1867, 47.44, 399.84, 1.79284
FILLER_0_144_97, 47.44, 399.84, 1.79284
_10493_, 60.24, 399.84, 1.79264
_10502_, 60.24, 399.84, 1.79264
_10503_, 60.24, 399.84, 1.79264
_14339_, 60.24, 399.84, 1.79264
FILLER_0_143_119, 60.24, 399.84, 1.79264
FILLER_0_143_126, 60.24, 399.84, 1.79264
_16790_, 73.04, 399.84, 1.79243
hold1961, 73.04, 399.84, 1.79243
FILLER_0_142_134, 73.04, 399.84, 1.79243
_14343_, 85.84, 399.84, 1.79224
clkbuf_leaf_58_clk, 85.84, 399.84, 1.79224
FILLER_0_143_164, 85.84, 399.84, 1.79224
FILLER_0_143_181, 85.84, 399.84, 1.79224
FILLER_0_144_186, 85.84, 399.84, 1.79224
_10379_, 98.64, 399.84, 1.79209
_14408_, 98.64, 399.84, 1.79209
hold1075, 98.64, 399.84, 1.79209
FILLER_0_143_207, 98.64, 399.84, 1.79209
_10945_, 111.44, 399.84, 1.79194
hold948, 111.44, 399.84, 1.79194
FILLER_0_143_219, 111.44, 399.84, 1.79194
FILLER_0_144_233, 111.44, 399.84, 1.79194
FILLER_0_144_241, 111.44, 399.84, 1.79194
hold947, 124.24, 399.84, 1.79179
FILLER_0_142_253, 124.24, 399.84, 1.79179
_16544_, 137.04, 399.84, 1.79164
_16548_, 137.04, 399.84, 1.79164
clkbuf_leaf_39_clk, 137.04, 399.84, 1.79164
FILLER_0_142_278, 137.04, 399.84, 1.79164
FILLER_0_143_273, 137.04, 399.84, 1.79164
FILLER_0_143_281, 137.04, 399.84, 1.79164
_10968_, 149.84, 399.84, 1.79154
_10970_, 149.84, 399.84, 1.79154
_10976_, 149.84, 399.84, 1.79154
_14070_, 149.84, 399.84, 1.79154
_14074_, 149.84, 399.84, 1.79154
_16542_, 149.84, 399.84, 1.79154
_16549_, 149.84, 399.84, 1.79154
hold322, 149.84, 399.84, 1.79154
FILLER_0_142_305, 149.84, 399.84, 1.79154
_10966_, 162.64, 399.84, 1.79145
_10967_, 162.64, 399.84, 1.79145
_10980_, 162.64, 399.84, 1.79145
_10981_, 162.64, 399.84, 1.79145
hold1074, 162.64, 399.84, 1.79145
hold1663, 162.64, 399.84, 1.79145
FILLER_0_143_384, 188.24, 399.84, 1.79118
FILLER_0_144_410, 188.24, 399.84, 1.79118
_12959_, 201.04, 399.84, 1.79098
_12960_, 201.04, 399.84, 1.79098
_12965_, 201.04, 399.84, 1.79098
_12966_, 201.04, 399.84, 1.79098
_13400_, 201.04, 399.84, 1.79098
FILLER_0_142_413, 201.04, 399.84, 1.79098
FILLER_0_143_429, 201.04, 399.84, 1.79098
_13053_, 213.84, 399.84, 1.7908
_15871_, 213.84, 399.84, 1.7908
hold2168, 213.84, 399.84, 1.7908
FILLER_0_143_449, 213.84, 399.84, 1.7908
FILLER_0_144_455, 213.84, 399.84, 1.7908
FILLER_0_144_465, 213.84, 399.84, 1.7908
_07883_, 226.64, 399.84, 1.79064
_07884_, 226.64, 399.84, 1.79064
_15784_, 226.64, 399.84, 1.79064
_15785_, 226.64, 399.84, 1.79064
hold2150, 226.64, 399.84, 1.79064
hold2178, 226.64, 399.84, 1.79064
FILLER_0_143_486, 226.64, 399.84, 1.79064
_07885_, 239.44, 399.84, 1.79049
FILLER_0_143_497, 239.44, 399.84, 1.79049
_12636_, 252.24, 399.84, 1.79035
_13509_, 252.24, 399.84, 1.79035
_16008_, 252.24, 399.84, 1.79035
FILLER_0_142_526, 252.24, 399.84, 1.79035
FILLER_0_144_540, 252.24, 399.84, 1.79035
hold2234, 265.04, 399.84, 1.79022
FILLER_0_142_561, 265.04, 399.84, 1.79022
FILLER_0_143_553, 265.04, 399.84, 1.79022
_12996_, 277.84, 399.84, 1.79009
_12997_, 277.84, 399.84, 1.79009
_15913_, 277.84, 399.84, 1.79009
_16009_, 277.84, 399.84, 1.79009
FILLER_0_142_580, 277.84, 399.84, 1.79009
FILLER_0_143_585, 277.84, 399.84, 1.79009
FILLER_0_144_597, 277.84, 399.84, 1.79009
_12623_, 290.64, 399.84, 1.79
_13369_, 290.64, 399.84, 1.79
hold2199, 290.64, 399.84, 1.79
FILLER_0_144_621, 290.64, 399.84, 1.79
_13037_, 303.44, 399.84, 1.78992
_13335_, 303.44, 399.84, 1.78992
FILLER_0_142_634, 303.44, 399.84, 1.78992
_12601_, 316.24, 399.84, 1.78984
_12602_, 316.24, 399.84, 1.78984
FILLER_0_143_665, 316.24, 399.84, 1.78984
_12589_, 341.84, 399.84, 1.78964
_16044_, 341.84, 399.84, 1.78964
hold2185, 341.84, 399.84, 1.78964
FILLER_0_143_724, 341.84, 399.84, 1.78964
FILLER_0_143_729, 341.84, 399.84, 1.78964
FILLER_0_144_733, 341.84, 399.84, 1.78964
_12565_, 354.64, 399.84, 1.78954
_13516_, 354.64, 399.84, 1.78954
_16046_, 354.64, 399.84, 1.78954
_07871_, 367.44, 399.84, 1.78945
_13305_, 367.44, 399.84, 1.78945
_15984_, 367.44, 399.84, 1.78945
FILLER_0_143_781, 367.44, 399.84, 1.78945
FILLER_0_143_785, 367.44, 399.84, 1.78945
FILLER_0_143_800, 367.44, 399.84, 1.78945
clkbuf_leaf_105_clk, 380.24, 399.84, 1.78937
FILLER_0_142_809, 380.24, 399.84, 1.78937
FILLER_0_143_823, 380.24, 399.84, 1.78937
_12857_, 393.04, 399.84, 1.78934
FILLER_0_143_834, 393.04, 399.84, 1.78934
_09220_, 405.84, 399.84, 1.78932
FILLER_0_142_862, 405.84, 399.84, 1.78932
FILLER_0_142_869, 405.84, 399.84, 1.78932
FILLER_0_143_865, 405.84, 399.84, 1.78932
FILLER_0_143_873, 405.84, 399.84, 1.78932
FILLER_0_143_879, 405.84, 399.84, 1.78932
_09205_, 418.64, 399.84, 1.7893
_09209_, 418.64, 399.84, 1.7893
clkbuf_leaf_156_clk, 418.64, 399.84, 1.7893
hold1600, 418.64, 399.84, 1.7893
FILLER_0_143_888, 418.64, 399.84, 1.7893
_14997_, 431.44, 399.84, 1.78932
_15043_, 431.44, 399.84, 1.78932
_17374_, 431.44, 399.84, 1.78932
_17375_, 431.44, 399.84, 1.78932
hold1190, 431.44, 399.84, 1.78932
_09314_, 444.24, 399.84, 1.78936
_14992_, 444.24, 399.84, 1.78936
_14993_, 444.24, 399.84, 1.78936
hold1686, 444.24, 399.84, 1.78936
hold2011, 444.24, 399.84, 1.78936
FILLER_0_142_941, 444.24, 399.84, 1.78936
FILLER_0_143_961, 444.24, 399.84, 1.78936
_09330_, 457.04, 399.84, 1.78941
_14977_, 457.04, 399.84, 1.78941
_14984_, 457.04, 399.84, 1.78941
_17367_, 457.04, 399.84, 1.78941
hold365, 457.04, 399.84, 1.78941
FILLER_0_142_971, 457.04, 399.84, 1.78941
FILLER_0_143_969, 457.04, 399.84, 1.78941
FILLER_0_143_995, 457.04, 399.84, 1.78941
_09341_, 469.84, 399.84, 1.78946
_14979_, 469.84, 399.84, 1.78946
hold1407, 469.84, 399.84, 1.78946
_08366_, 495.308, 399.84, 1.78949
_08370_, 495.308, 399.84, 1.78949
_15510_, 495.308, 399.84, 1.78949
_15516_, 495.308, 399.84, 1.78949
_17849_, 495.308, 399.84, 1.78949
FILLER_0_142_1057, 495.308, 399.84, 1.78949
FILLER_0_144_1070, 495.308, 399.84, 1.78949
FILLER_0_144_1076, 495.308, 399.84, 1.78949
_08456_, 507.977, 399.84, 1.78946
_08457_, 507.977, 399.84, 1.78946
_08462_, 507.977, 399.84, 1.78946
_15469_, 507.977, 399.84, 1.78946
hold1716, 507.977, 399.84, 1.78946
FILLER_0_142_1081, 507.977, 399.84, 1.78946
FILLER_0_143_1085, 507.977, 399.84, 1.78946
FILLER_0_143_1093, 507.977, 399.84, 1.78946
_08455_, 520.645, 399.84, 1.78944
_08458_, 520.645, 399.84, 1.78944
_15468_, 520.645, 399.84, 1.78944
_17803_, 520.645, 399.84, 1.78944
hold1112, 520.645, 399.84, 1.78944
FILLER_0_143_1107, 520.645, 399.84, 1.78944
_08454_, 533.314, 399.84, 1.78943
_08534_, 533.314, 399.84, 1.78943
_15421_, 533.314, 399.84, 1.78943
_15426_, 533.314, 399.84, 1.78943
hold1870, 533.314, 399.84, 1.78943
FILLER_0_144_1161, 533.314, 399.84, 1.78943
_08531_, 545.982, 399.84, 1.78942
_08539_, 545.982, 399.84, 1.78942
_15424_, 545.982, 399.84, 1.78942
_17767_, 545.982, 399.84, 1.78942
hold1951, 545.982, 399.84, 1.78942
hold1976, 545.982, 399.84, 1.78942
_08530_, 558.651, 399.84, 1.78942
hold336, 558.651, 399.84, 1.78942
FILLER_0_142_1201, 558.651, 399.84, 1.78942
_16803_, 5.52, 394.4, 1.79314
PHY_280, 5.52, 394.4, 1.79314
PHY_282, 5.52, 394.4, 1.79314
PHY_281, 571.32, 394.4, 1.78925
PHY_283, 571.32, 394.4, 1.78925
FILLER_0_140_1217, 571.32, 394.4, 1.78925
FILLER_0_141_1224, 571.32, 394.4, 1.78925
_10445_, 13.68, 394.4, 1.79315
FILLER_0_140_15, 13.68, 394.4, 1.79315
_10450_, 34.64, 394.4, 1.79294
_14362_, 34.64, 394.4, 1.79294
_16806_, 34.64, 394.4, 1.79294
_16808_, 34.64, 394.4, 1.79294
_10448_, 47.44, 394.4, 1.79275
_10452_, 47.44, 394.4, 1.79275
_14363_, 47.44, 394.4, 1.79275
_16786_, 47.44, 394.4, 1.79275
hold1204, 47.44, 394.4, 1.79275
FILLER_0_141_103, 47.44, 394.4, 1.79275
_10492_, 60.24, 394.4, 1.79257
_14334_, 60.24, 394.4, 1.79257
_16784_, 60.24, 394.4, 1.79257
hold1734, 60.24, 394.4, 1.79257
hold1876, 60.24, 394.4, 1.79257
FILLER_0_141_126, 60.24, 394.4, 1.79257
_10496_, 73.04, 394.4, 1.7924
_14333_, 73.04, 394.4, 1.7924
_14337_, 73.04, 394.4, 1.7924
hold1172, 73.04, 394.4, 1.7924
FILLER_0_141_158, 73.04, 394.4, 1.7924
_10365_, 85.84, 394.4, 1.79223
_10367_, 85.84, 394.4, 1.79223
_10487_, 85.84, 394.4, 1.79223
_14310_, 85.84, 394.4, 1.79223
_14399_, 85.84, 394.4, 1.79223
_16849_, 85.84, 394.4, 1.79223
_16850_, 85.84, 394.4, 1.79223
hold859, 85.84, 394.4, 1.79223
FILLER_0_141_169, 85.84, 394.4, 1.79223
_10364_, 98.64, 394.4, 1.79208
_10380_, 98.64, 394.4, 1.79208
_10381_, 98.64, 394.4, 1.79208
_14401_, 98.64, 394.4, 1.79208
_14402_, 98.64, 394.4, 1.79208
_14409_, 98.64, 394.4, 1.79208
_16843_, 98.64, 394.4, 1.79208
hold362, 98.64, 394.4, 1.79208
hold2080, 98.64, 394.4, 1.79208
_10378_, 111.44, 394.4, 1.79193
_10383_, 111.44, 394.4, 1.79193
_16654_, 111.44, 394.4, 1.79193
hold954, 111.44, 394.4, 1.79193
_10756_, 124.24, 394.4, 1.7918
_10757_, 124.24, 394.4, 1.7918
FILLER_0_140_248, 124.24, 394.4, 1.7918
_10969_, 137.04, 394.4, 1.79167
FILLER_0_141_272, 137.04, 394.4, 1.79167
FILLER_0_141_281, 137.04, 394.4, 1.79167
_14075_, 149.84, 394.4, 1.79153
FILLER_0_140_301, 149.84, 394.4, 1.79153
FILLER_0_142_317, 149.84, 394.4, 1.79153
FILLER_0_141_328, 162.64, 394.4, 1.7914
FILLER_0_141_385, 188.24, 394.4, 1.79102
FILLER_0_141_405, 188.24, 394.4, 1.79102
_12949_, 201.04, 394.4, 1.79077
_12950_, 201.04, 394.4, 1.79077
_15936_, 201.04, 394.4, 1.79077
_15941_, 201.04, 394.4, 1.79077
clkbuf_leaf_95_clk, 201.04, 394.4, 1.79077
_13045_, 213.84, 394.4, 1.79059
_15877_, 213.84, 394.4, 1.79059
hold2172, 213.84, 394.4, 1.79059
FILLER_0_141_464, 213.84, 394.4, 1.79059
_07886_, 226.64, 394.4, 1.79044
_13044_, 226.64, 394.4, 1.79044
_13052_, 226.64, 394.4, 1.79044
_13329_, 226.64, 394.4, 1.79044
_18089_, 226.64, 394.4, 1.79044
FILLER_0_140_473, 226.64, 394.4, 1.79044
FILLER_0_141_488, 226.64, 394.4, 1.79044
_16010_, 239.44, 394.4, 1.79031
FILLER_0_141_496, 239.44, 394.4, 1.79031
FILLER_0_141_517, 239.44, 394.4, 1.79031
_12801_, 252.24, 394.4, 1.79019
_12802_, 252.24, 394.4, 1.79019
_12805_, 252.24, 394.4, 1.79019
hold2194, 252.24, 394.4, 1.79019
FILLER_0_140_525, 252.24, 394.4, 1.79019
_13475_, 265.04, 394.4, 1.79008
_13476_, 265.04, 394.4, 1.79008
_15912_, 265.04, 394.4, 1.79008
FILLER_0_140_561, 265.04, 394.4, 1.79008
FILLER_0_141_556, 265.04, 394.4, 1.79008
_12804_, 277.84, 394.4, 1.78999
_13368_, 277.84, 394.4, 1.78999
FILLER_0_141_584, 277.84, 394.4, 1.78999
FILLER_0_141_592, 277.84, 394.4, 1.78999
FILLER_0_141_598, 277.84, 394.4, 1.78999
_12803_, 290.64, 394.4, 1.78989
FILLER_0_141_606, 290.64, 394.4, 1.78989
_13370_, 303.44, 394.4, 1.7898
FILLER_0_140_639, 303.44, 394.4, 1.7898
_12799_, 316.24, 394.4, 1.78971
_12800_, 316.24, 394.4, 1.78971
_13478_, 316.24, 394.4, 1.78971
_16011_, 316.24, 394.4, 1.78971
hold2221, 316.24, 394.4, 1.78971
FILLER_0_141_665, 316.24, 394.4, 1.78971
_12564_, 341.84, 394.4, 1.7895
_12797_, 341.84, 394.4, 1.7895
clkbuf_leaf_104_clk, 341.84, 394.4, 1.7895
hold2228, 341.84, 394.4, 1.7895
FILLER_0_140_726, 341.84, 394.4, 1.7895
FILLER_0_141_741, 341.84, 394.4, 1.7895
FILLER_0_142_733, 341.84, 394.4, 1.7895
FILLER_0_140_753, 354.64, 394.4, 1.78941
_07870_, 367.44, 394.4, 1.78932
FILLER_0_140_781, 367.44, 394.4, 1.78932
FILLER_0_141_773, 367.44, 394.4, 1.78932
FILLER_0_141_781, 367.44, 394.4, 1.78932
FILLER_0_142_796, 367.44, 394.4, 1.78932
_12547_, 380.24, 394.4, 1.78923
_15983_, 380.24, 394.4, 1.78923
FILLER_0_140_802, 380.24, 394.4, 1.78923
FILLER_0_141_821, 380.24, 394.4, 1.78923
_12546_, 393.04, 394.4, 1.78917
_12548_, 393.04, 394.4, 1.78917
_12856_, 393.04, 394.4, 1.78917
_13447_, 393.04, 394.4, 1.78917
hold75, 393.04, 394.4, 1.78917
FILLER_0_141_837, 393.04, 394.4, 1.78917
_07873_, 405.84, 394.4, 1.78918
_15047_, 405.84, 394.4, 1.78918
_17424_, 405.84, 394.4, 1.78918
_17430_, 405.84, 394.4, 1.78918
FILLER_0_140_862, 405.84, 394.4, 1.78918
FILLER_0_140_869, 405.84, 394.4, 1.78918
FILLER_0_141_862, 405.84, 394.4, 1.78918
_09204_, 418.64, 394.4, 1.7892
_09216_, 418.64, 394.4, 1.7892
_09307_, 418.64, 394.4, 1.7892
_09323_, 418.64, 394.4, 1.7892
_15053_, 418.64, 394.4, 1.7892
_17371_, 418.64, 394.4, 1.7892
hold1326, 418.64, 394.4, 1.7892
_09322_, 431.44, 394.4, 1.78923
_14988_, 431.44, 394.4, 1.78923
_14989_, 431.44, 394.4, 1.78923
hold2024, 431.44, 394.4, 1.78923
FILLER_0_142_933, 431.44, 394.4, 1.78923
_09305_, 444.24, 394.4, 1.78927
_09310_, 444.24, 394.4, 1.78927
_14995_, 444.24, 394.4, 1.78927
hold750, 444.24, 394.4, 1.78927
_09234_, 457.04, 394.4, 1.7893
hold1638, 457.04, 394.4, 1.7893
FILLER_0_140_969, 457.04, 394.4, 1.7893
FILLER_0_141_977, 457.04, 394.4, 1.7893
_17417_, 469.84, 394.4, 1.78934
clkbuf_leaf_139_clk, 469.84, 394.4, 1.78934
FILLER_0_141_1009, 469.84, 394.4, 1.78934
FILLER_0_142_1023, 469.84, 394.4, 1.78934
_08367_, 495.308, 394.4, 1.78936
_08379_, 495.308, 394.4, 1.78936
_15509_, 495.308, 394.4, 1.78936
_15518_, 495.308, 394.4, 1.78936
_17843_, 495.308, 394.4, 1.78936
FILLER_0_140_1061, 495.308, 394.4, 1.78936
FILLER_0_142_1065, 495.308, 394.4, 1.78936
_08445_, 507.977, 394.4, 1.78928
_17804_, 507.977, 394.4, 1.78928
clkbuf_leaf_141_clk, 507.977, 394.4, 1.78928
hold1371, 507.977, 394.4, 1.78928
FILLER_0_140_1086, 507.977, 394.4, 1.78928
_08459_, 520.645, 394.4, 1.78926
_15470_, 520.645, 394.4, 1.78926
_17805_, 520.645, 394.4, 1.78926
_08535_, 533.314, 394.4, 1.78925
_17763_, 533.314, 394.4, 1.78925
_17765_, 533.314, 394.4, 1.78925
FILLER_0_140_1137, 533.314, 394.4, 1.78925
FILLER_0_140_1145, 533.314, 394.4, 1.78925
FILLER_0_141_1141, 533.314, 394.4, 1.78925
_08540_, 545.982, 394.4, 1.78925
_15428_, 545.982, 394.4, 1.78925
FILLER_0_140_1173, 545.982, 394.4, 1.78925
FILLER_0_141_1169, 545.982, 394.4, 1.78925
FILLER_0_141_1181, 545.982, 394.4, 1.78925
FILLER_0_141_1188, 545.982, 394.4, 1.78925
hold1783, 558.651, 394.4, 1.78925
FILLER_0_140_1200, 558.651, 394.4, 1.78925
PHY_276, 5.52, 388.96, 1.793
PHY_278, 5.52, 388.96, 1.793
output78, 5.52, 388.96, 1.793
PHY_277, 571.32, 388.96, 1.78912
PHY_279, 571.32, 388.96, 1.78912
FILLER_0_138_1217, 571.32, 388.96, 1.78912
FILLER_0_139_1221, 571.32, 388.96, 1.78912
_10409_, 13.68, 388.96, 1.79301
_10457_, 13.68, 388.96, 1.79301
_16804_, 13.68, 388.96, 1.79301
FILLER_0_139_9, 13.68, 388.96, 1.79301
_10419_, 34.64, 388.96, 1.79285
hold1843, 34.64, 388.96, 1.79285
FILLER_0_138_51, 34.64, 388.96, 1.79285
FILLER_0_138_59, 34.64, 388.96, 1.79285
FILLER_0_139_50, 34.64, 388.96, 1.79285
FILLER_0_140_77, 34.64, 388.96, 1.79285
_16781_, 47.44, 388.96, 1.79268
FILLER_0_138_80, 47.44, 388.96, 1.79268
FILLER_0_139_105, 47.44, 388.96, 1.79268
FILLER_0_140_97, 47.44, 388.96, 1.79268
_10499_, 60.24, 388.96, 1.79251
hold1247, 60.24, 388.96, 1.79251
FILLER_0_138_109, 60.24, 388.96, 1.79251
FILLER_0_139_113, 60.24, 388.96, 1.79251
_10497_, 73.04, 388.96, 1.79234
_14336_, 73.04, 388.96, 1.79234
_14342_, 73.04, 388.96, 1.79234
_16789_, 73.04, 388.96, 1.79234
hold795, 73.04, 388.96, 1.79234
FILLER_0_138_136, 73.04, 388.96, 1.79234
FILLER_0_139_140, 73.04, 388.96, 1.79234
FILLER_0_140_148, 73.04, 388.96, 1.79234
FILLER_0_140_156, 73.04, 388.96, 1.79234
_10486_, 85.84, 388.96, 1.79218
FILLER_0_139_184, 85.84, 388.96, 1.79218
_10366_, 98.64, 388.96, 1.79203
_14400_, 98.64, 388.96, 1.79203
_16841_, 98.64, 388.96, 1.79203
_16842_, 98.64, 388.96, 1.79203
_10382_, 111.44, 388.96, 1.79188
_10753_, 111.44, 388.96, 1.79188
_10762_, 111.44, 388.96, 1.79188
_10763_, 111.44, 388.96, 1.79188
FILLER_0_138_221, 111.44, 388.96, 1.79188
FILLER_0_139_217, 111.44, 388.96, 1.79188
FILLER_0_139_237, 111.44, 388.96, 1.79188
FILLER_0_140_236, 111.44, 388.96, 1.79188
_10747_, 124.24, 388.96, 1.79174
_14189_, 124.24, 388.96, 1.79174
_14192_, 124.24, 388.96, 1.79174
hold1573, 124.24, 388.96, 1.79174
FILLER_0_139_260, 124.24, 388.96, 1.79174
FILLER_0_139_268, 124.24, 388.96, 1.79174
_10746_, 137.04, 388.96, 1.7916
_10761_, 137.04, 388.96, 1.7916
_14197_, 137.04, 388.96, 1.7916
hold1950, 137.04, 388.96, 1.7916
_10760_, 149.84, 388.96, 1.79146
_10771_, 149.84, 388.96, 1.79146
_10780_, 149.84, 388.96, 1.79146
_10781_, 149.84, 388.96, 1.79146
_14184_, 149.84, 388.96, 1.79146
_16642_, 149.84, 388.96, 1.79146
hold1720, 149.84, 388.96, 1.79146
FILLER_0_138_303, 149.84, 388.96, 1.79146
FILLER_0_139_306, 149.84, 388.96, 1.79146
_10775_, 162.64, 388.96, 1.79133
_14179_, 162.64, 388.96, 1.79133
_16648_, 162.64, 388.96, 1.79133
hold1777, 162.64, 388.96, 1.79133
FILLER_0_138_340, 162.64, 388.96, 1.79133
FILLER_0_139_389, 188.24, 388.96, 1.79102
_13394_, 201.04, 388.96, 1.79085
_18088_, 213.84, 388.96, 1.79067
FILLER_0_139_444, 213.84, 388.96, 1.79067
_07887_, 226.64, 388.96, 1.7905
_07888_, 226.64, 388.96, 1.7905
_15783_, 226.64, 388.96, 1.7905
hold2252, 226.64, 388.96, 1.7905
_12136_, 252.24, 388.96, 1.79019
_12806_, 252.24, 388.96, 1.79019
_13474_, 252.24, 388.96, 1.79019
FILLER_0_138_529, 252.24, 388.96, 1.79019
FILLER_0_138_533, 252.24, 388.96, 1.79019
FILLER_0_139_541, 252.24, 388.96, 1.79019
FILLER_0_140_542, 252.24, 388.96, 1.79019
_12058_, 265.04, 388.96, 1.79004
_12092_, 265.04, 388.96, 1.79004
_12998_, 265.04, 388.96, 1.79004
hold70, 265.04, 388.96, 1.79004
FILLER_0_139_551, 265.04, 388.96, 1.79004
FILLER_0_139_561, 265.04, 388.96, 1.79004
FILLER_0_138_582, 277.84, 388.96, 1.78992
FILLER_0_138_589, 277.84, 388.96, 1.78992
_12088_, 290.64, 388.96, 1.7898
_12089_, 290.64, 388.96, 1.7898
_15914_, 290.64, 388.96, 1.7898
FILLER_0_138_608, 290.64, 388.96, 1.7898
FILLER_0_138_619, 290.64, 388.96, 1.7898
FILLER_0_139_611, 290.64, 388.96, 1.7898
FILLER_0_140_625, 290.64, 388.96, 1.7898
FILLER_0_140_633, 290.64, 388.96, 1.7898
_07851_, 303.44, 388.96, 1.7897
_15915_, 303.44, 388.96, 1.7897
hold118, 303.44, 388.96, 1.7897
FILLER_0_138_641, 303.44, 388.96, 1.7897
FILLER_0_139_646, 303.44, 388.96, 1.7897
FILLER_0_140_657, 303.44, 388.96, 1.7897
_12098_, 316.24, 388.96, 1.78963
_12264_, 316.24, 388.96, 1.78963
_12994_, 316.24, 388.96, 1.78963
hold66, 316.24, 388.96, 1.78963
_12100_, 341.84, 388.96, 1.78942
_12256_, 341.84, 388.96, 1.78942
_12297_, 341.84, 388.96, 1.78942
_13372_, 341.84, 388.96, 1.78942
_15916_, 341.84, 388.96, 1.78942
FILLER_0_138_724, 341.84, 388.96, 1.78942
FILLER_0_140_745, 341.84, 388.96, 1.78942
_12992_, 354.64, 388.96, 1.78929
_13374_, 354.64, 388.96, 1.78929
_15884_, 354.64, 388.96, 1.78929
hold59, 354.64, 388.96, 1.78929
FILLER_0_139_771, 354.64, 388.96, 1.78929
_13337_, 367.44, 388.96, 1.78917
_13375_, 367.44, 388.96, 1.78917
_13376_, 367.44, 388.96, 1.78917
_15919_, 367.44, 388.96, 1.78917
_15920_, 367.44, 388.96, 1.78917
_12013_, 380.24, 388.96, 1.78908
_12017_, 380.24, 388.96, 1.78908
_15855_, 380.24, 388.96, 1.78908
hold67, 380.24, 388.96, 1.78908
hold73, 380.24, 388.96, 1.78908
FILLER_0_138_809, 380.24, 388.96, 1.78908
FILLER_0_140_825, 380.24, 388.96, 1.78908
_07872_, 393.04, 388.96, 1.78903
_13074_, 393.04, 388.96, 1.78903
_18095_, 393.04, 388.96, 1.78903
hold2209, 393.04, 388.96, 1.78903
hold2210, 393.04, 388.96, 1.78903
_09217_, 405.84, 388.96, 1.78901
FILLER_0_138_863, 405.84, 388.96, 1.78901
FILLER_0_140_876, 405.84, 388.96, 1.78901
_17379_, 418.64, 388.96, 1.78899
clkbuf_2_3_0_clk, 418.64, 388.96, 1.78899
FILLER_0_139_885, 418.64, 388.96, 1.78899
FILLER_0_139_893, 418.64, 388.96, 1.78899
FILLER_0_139_897, 418.64, 388.96, 1.78899
FILLER_0_139_905, 418.64, 388.96, 1.78899
_09306_, 431.44, 388.96, 1.78906
_09311_, 431.44, 388.96, 1.78906
_17377_, 431.44, 388.96, 1.78906
FILLER_0_138_917, 431.44, 388.96, 1.78906
FILLER_0_138_925, 431.44, 388.96, 1.78906
FILLER_0_139_919, 431.44, 388.96, 1.78906
FILLER_0_139_927, 431.44, 388.96, 1.78906
FILLER_0_140_931, 431.44, 388.96, 1.78906
_09304_, 444.24, 388.96, 1.78914
_17415_, 444.24, 388.96, 1.78914
hold1896, 444.24, 388.96, 1.78914
_09232_, 457.04, 388.96, 1.78923
_09233_, 457.04, 388.96, 1.78923
_09235_, 457.04, 388.96, 1.78923
_15037_, 457.04, 388.96, 1.78923
_15038_, 457.04, 388.96, 1.78923
_17416_, 457.04, 388.96, 1.78923
hold1566, 457.04, 388.96, 1.78923
_09231_, 469.84, 388.96, 1.78932
_09236_, 469.84, 388.96, 1.78932
_09237_, 469.84, 388.96, 1.78932
_15036_, 469.84, 388.96, 1.78932
_17414_, 469.84, 388.96, 1.78932
hold1015, 469.84, 388.96, 1.78932
hold1559, 469.84, 388.96, 1.78932
_08378_, 495.308, 388.96, 1.78936
_15512_, 495.308, 388.96, 1.78936
_15513_, 495.308, 388.96, 1.78936
hold1931, 495.308, 388.96, 1.78936
FILLER_0_139_1060, 495.308, 388.96, 1.78936
_08374_, 507.977, 388.96, 1.78929
_08444_, 507.977, 388.96, 1.78929
_15475_, 507.977, 388.96, 1.78929
_17810_, 507.977, 388.96, 1.78929
hold1350, 507.977, 388.96, 1.78929
FILLER_0_138_1085, 507.977, 388.96, 1.78929
FILLER_0_139_1089, 507.977, 388.96, 1.78929
_08543_, 533.314, 388.96, 1.78917
_17761_, 533.314, 388.96, 1.78917
hold1242, 533.314, 388.96, 1.78917
FILLER_0_138_1144, 533.314, 388.96, 1.78917
_08541_, 545.982, 388.96, 1.78912
_15423_, 545.982, 388.96, 1.78912
_17762_, 545.982, 388.96, 1.78912
_17766_, 545.982, 388.96, 1.78912
clkbuf_leaf_143_clk, 545.982, 388.96, 1.78912
FILLER_0_138_1163, 545.982, 388.96, 1.78912
FILLER_0_139_1162, 545.982, 388.96, 1.78912
FILLER_0_139_1170, 545.982, 388.96, 1.78912
_08532_, 558.651, 388.96, 1.78912
hold264, 558.651, 388.96, 1.78912
FILLER_0_138_1200, 558.651, 388.96, 1.78912
PHY_272, 5.52, 383.52, 1.79285
PHY_274, 5.52, 383.52, 1.79285
FILLER_0_137_3, 5.52, 383.52, 1.79285
top_135, 571.32, 383.52, 1.78948
PHY_273, 571.32, 383.52, 1.78948
PHY_275, 571.32, 383.52, 1.78948
FILLER_0_136_1217, 571.32, 383.52, 1.78948
FILLER_0_137_1220, 571.32, 383.52, 1.78948
_16828_, 13.68, 383.52, 1.79285
FILLER_0_138_20, 13.68, 383.52, 1.79285
_10412_, 34.64, 383.52, 1.79266
_10413_, 34.64, 383.52, 1.79266
_10418_, 34.64, 383.52, 1.79266
_14383_, 34.64, 383.52, 1.79266
_16823_, 34.64, 383.52, 1.79266
hold1048, 34.64, 383.52, 1.79266
hold2079, 34.64, 383.52, 1.79266
FILLER_0_137_101, 47.44, 383.52, 1.79248
_10489_, 60.24, 383.52, 1.7923
_10498_, 60.24, 383.52, 1.7923
_14341_, 60.24, 383.52, 1.7923
_16783_, 60.24, 383.52, 1.7923
_16788_, 60.24, 383.52, 1.7923
FILLER_0_136_109, 60.24, 383.52, 1.7923
FILLER_0_137_109, 60.24, 383.52, 1.7923
FILLER_0_137_113, 60.24, 383.52, 1.7923
_10488_, 73.04, 383.52, 1.79213
_14338_, 73.04, 383.52, 1.79213
_16785_, 73.04, 383.52, 1.79213
FILLER_0_136_135, 73.04, 383.52, 1.79213
FILLER_0_137_155, 73.04, 383.52, 1.79213
FILLER_0_138_149, 73.04, 383.52, 1.79213
_10494_, 85.84, 383.52, 1.79197
_10495_, 85.84, 383.52, 1.79197
hold862, 85.84, 383.52, 1.79197
FILLER_0_138_187, 85.84, 383.52, 1.79197
FILLER_0_136_189, 98.64, 383.52, 1.79181
_16651_, 111.44, 383.52, 1.79165
_16656_, 111.44, 383.52, 1.79165
FILLER_0_137_217, 111.44, 383.52, 1.79165
FILLER_0_137_225, 111.44, 383.52, 1.79165
_10752_, 124.24, 383.52, 1.79151
_14194_, 124.24, 383.52, 1.79151
_16652_, 124.24, 383.52, 1.79151
_16659_, 124.24, 383.52, 1.79151
hold1955, 124.24, 383.52, 1.79151
FILLER_0_136_249, 124.24, 383.52, 1.79151
FILLER_0_137_257, 124.24, 383.52, 1.79151
FILLER_0_138_268, 124.24, 383.52, 1.79151
_14190_, 137.04, 383.52, 1.79138
hold334, 137.04, 383.52, 1.79138
FILLER_0_137_296, 137.04, 383.52, 1.79138
_10770_, 149.84, 383.52, 1.79125
_16647_, 149.84, 383.52, 1.79125
FILLER_0_136_305, 149.84, 383.52, 1.79125
_16645_, 162.64, 383.52, 1.79113
_16646_, 162.64, 383.52, 1.79113
FILLER_0_137_328, 162.64, 383.52, 1.79113
FILLER_0_137_337, 162.64, 383.52, 1.79113
FILLER_0_137_386, 188.24, 383.52, 1.79077
FILLER_0_138_410, 188.24, 383.52, 1.79077
_12874_, 201.04, 383.52, 1.79051
FILLER_0_136_413, 201.04, 383.52, 1.79051
FILLER_0_136_421, 201.04, 383.52, 1.79051
_13439_, 213.84, 383.52, 1.79026
_15976_, 213.84, 383.52, 1.79026
hold2248, 213.84, 383.52, 1.79026
FILLER_0_137_441, 213.84, 383.52, 1.79026
FILLER_0_137_449, 213.84, 383.52, 1.79026
FILLER_0_138_457, 213.84, 383.52, 1.79026
_15850_, 226.64, 383.52, 1.79002
clkbuf_leaf_96_clk, 226.64, 383.52, 1.79002
FILLER_0_136_477, 226.64, 383.52, 1.79002
FILLER_0_137_474, 226.64, 383.52, 1.79002
FILLER_0_138_486, 226.64, 383.52, 1.79002
_12633_, 239.44, 383.52, 1.78984
_12634_, 239.44, 383.52, 1.78984
_13080_, 239.44, 383.52, 1.78984
hold86, 239.44, 383.52, 1.78984
hold87, 239.44, 383.52, 1.78984
FILLER_0_138_521, 239.44, 383.52, 1.78984
_12057_, 252.24, 383.52, 1.7897
_12093_, 252.24, 383.52, 1.7897
_12094_, 252.24, 383.52, 1.7897
_12807_, 252.24, 383.52, 1.7897
FILLER_0_137_543, 252.24, 383.52, 1.7897
_12056_, 265.04, 383.52, 1.78958
_12137_, 265.04, 383.52, 1.78958
_13367_, 265.04, 383.52, 1.78958
_12144_, 277.84, 383.52, 1.78949
_12251_, 277.84, 383.52, 1.78949
_12630_, 277.84, 383.52, 1.78949
_12631_, 277.84, 383.52, 1.78949
FILLER_0_136_584, 277.84, 383.52, 1.78949
FILLER_0_136_589, 277.84, 383.52, 1.78949
FILLER_0_137_580, 277.84, 383.52, 1.78949
_12090_, 290.64, 383.52, 1.78942
_12253_, 290.64, 383.52, 1.78942
_12276_, 290.64, 383.52, 1.78942
_12628_, 290.64, 383.52, 1.78942
_12629_, 290.64, 383.52, 1.78942
_12274_, 303.44, 383.52, 1.7894
_12995_, 303.44, 383.52, 1.7894
FILLER_0_136_636, 303.44, 383.52, 1.7894
FILLER_0_138_659, 303.44, 383.52, 1.7894
_12097_, 316.24, 383.52, 1.78939
_12099_, 316.24, 383.52, 1.78939
_12593_, 316.24, 383.52, 1.78939
_12594_, 316.24, 383.52, 1.78939
_13371_, 316.24, 383.52, 1.78939
FILLER_0_137_665, 316.24, 383.52, 1.78939
_12008_, 341.84, 383.52, 1.78927
_12101_, 341.84, 383.52, 1.78927
_12583_, 341.84, 383.52, 1.78927
_15918_, 341.84, 383.52, 1.78927
FILLER_0_137_729, 341.84, 383.52, 1.78927
_12585_, 354.64, 383.52, 1.78917
hold27, 354.64, 383.52, 1.78917
hold80, 354.64, 383.52, 1.78917
FILLER_0_136_746, 354.64, 383.52, 1.78917
FILLER_0_137_766, 354.64, 383.52, 1.78917
_12987_, 367.44, 383.52, 1.78918
_12988_, 367.44, 383.52, 1.78918
FILLER_0_137_778, 367.44, 383.52, 1.78918
FILLER_0_137_797, 367.44, 383.52, 1.78918
_13031_, 380.24, 383.52, 1.78918
_13340_, 380.24, 383.52, 1.78918
_15887_, 380.24, 383.52, 1.78918
hold31, 380.24, 383.52, 1.78918
hold76, 380.24, 383.52, 1.78918
FILLER_0_136_801, 380.24, 383.52, 1.78918
FILLER_0_138_820, 380.24, 383.52, 1.78918
_13304_, 393.04, 383.52, 1.78922
_15791_, 393.04, 383.52, 1.78922
FILLER_0_137_830, 393.04, 383.52, 1.78922
FILLER_0_137_836, 393.04, 383.52, 1.78922
FILLER_0_136_864, 405.84, 383.52, 1.78925
_09253_, 418.64, 383.52, 1.78929
_09309_, 418.64, 383.52, 1.78929
_09319_, 418.64, 383.52, 1.78929
hold1711, 418.64, 383.52, 1.78929
FILLER_0_136_894, 418.64, 383.52, 1.78929
FILLER_0_137_889, 418.64, 383.52, 1.78929
FILLER_0_137_897, 418.64, 383.52, 1.78929
FILLER_0_137_910, 418.64, 383.52, 1.78929
_09308_, 431.44, 383.52, 1.78933
_14996_, 431.44, 383.52, 1.78933
_17380_, 431.44, 383.52, 1.78933
hold1742, 431.44, 383.52, 1.78933
_14998_, 444.24, 383.52, 1.78937
FILLER_0_137_945, 444.24, 383.52, 1.78937
FILLER_0_138_964, 444.24, 383.52, 1.78937
FILLER_0_136_969, 457.04, 383.52, 1.78942
FILLER_0_136_977, 457.04, 383.52, 1.78942
_09225_, 469.84, 383.52, 1.78946
_15039_, 469.84, 383.52, 1.78946
_15042_, 469.84, 383.52, 1.78946
_17420_, 469.84, 383.52, 1.78946
FILLER_0_136_1005, 469.84, 383.52, 1.78946
FILLER_0_137_1001, 469.84, 383.52, 1.78946
_08373_, 495.308, 383.52, 1.7895
_08375_, 495.308, 383.52, 1.7895
_15519_, 495.308, 383.52, 1.7895
hold970, 495.308, 383.52, 1.7895
hold1979, 495.308, 383.52, 1.7895
FILLER_0_137_1065, 495.308, 383.52, 1.7895
FILLER_0_138_1072, 495.308, 383.52, 1.7895
_08372_, 507.977, 383.52, 1.78949
_15514_, 507.977, 383.52, 1.78949
_15515_, 507.977, 383.52, 1.78949
hold169, 507.977, 383.52, 1.78949
FILLER_0_137_1116, 520.645, 383.52, 1.78949
_08526_, 533.314, 383.52, 1.78948
_08527_, 533.314, 383.52, 1.78948
_08542_, 533.314, 383.52, 1.78948
_15422_, 533.314, 383.52, 1.78948
_17769_, 533.314, 383.52, 1.78948
hold646, 533.314, 383.52, 1.78948
FILLER_0_136_1137, 533.314, 383.52, 1.78948
FILLER_0_136_1144, 533.314, 383.52, 1.78948
FILLER_0_138_1152, 533.314, 383.52, 1.78948
_08533_, 545.982, 383.52, 1.78948
_15427_, 545.982, 383.52, 1.78948
FILLER_0_137_1172, 545.982, 383.52, 1.78948
FILLER_0_136_1196, 558.651, 383.52, 1.78948
_16825_, 5.52, 378.08, 1.79267
PHY_268, 5.52, 378.08, 1.79267
PHY_270, 5.52, 378.08, 1.79267
FILLER_0_136_3, 5.52, 378.08, 1.79267
PHY_269, 571.32, 378.08, 1.78942
PHY_271, 571.32, 378.08, 1.78942
FILLER_0_134_1217, 571.32, 378.08, 1.78942
FILLER_0_135_1217, 571.32, 378.08, 1.78942
_10414_, 13.68, 378.08, 1.79267
_10415_, 13.68, 378.08, 1.79267
_14382_, 13.68, 378.08, 1.79267
FILLER_0_134_15, 13.68, 378.08, 1.79267
FILLER_0_135_18, 13.68, 378.08, 1.79267
_10422_, 34.64, 378.08, 1.79246
_10423_, 34.64, 378.08, 1.79246
_14378_, 34.64, 378.08, 1.79246
_16821_, 34.64, 378.08, 1.79246
hold1429, 34.64, 378.08, 1.79246
FILLER_0_134_80, 47.44, 378.08, 1.79224
FILLER_0_135_101, 47.44, 378.08, 1.79224
clkbuf_leaf_56_clk, 60.24, 378.08, 1.79203
FILLER_0_135_109, 60.24, 378.08, 1.79203
FILLER_0_135_125, 60.24, 378.08, 1.79203
_10465_, 73.04, 378.08, 1.79186
_10480_, 73.04, 378.08, 1.79186
FILLER_0_134_133, 73.04, 378.08, 1.79186
FILLER_0_134_144, 73.04, 378.08, 1.79186
_10512_, 85.84, 378.08, 1.79169
_10513_, 85.84, 378.08, 1.79169
_14328_, 85.84, 378.08, 1.79169
_16776_, 85.84, 378.08, 1.79169
hold210, 85.84, 378.08, 1.79169
FILLER_0_135_161, 85.84, 378.08, 1.79169
FILLER_0_135_173, 85.84, 378.08, 1.79169
_10514_, 98.64, 378.08, 1.79153
_10521_, 98.64, 378.08, 1.79153
_10523_, 98.64, 378.08, 1.79153
_14323_, 98.64, 378.08, 1.79153
_14324_, 98.64, 378.08, 1.79153
_16772_, 98.64, 378.08, 1.79153
_10520_, 111.44, 378.08, 1.79138
_10522_, 111.44, 378.08, 1.79138
hold1592, 111.44, 378.08, 1.79138
FILLER_0_135_218, 111.44, 378.08, 1.79138
_14195_, 124.24, 378.08, 1.79123
hold1368, 124.24, 378.08, 1.79123
FILLER_0_135_249, 124.24, 378.08, 1.79123
_10754_, 137.04, 378.08, 1.79108
_14191_, 137.04, 378.08, 1.79108
FILLER_0_136_297, 137.04, 378.08, 1.79108
_10779_, 149.84, 378.08, 1.79093
_14180_, 149.84, 378.08, 1.79093
_16643_, 149.84, 378.08, 1.79093
clkbuf_leaf_38_clk, 149.84, 378.08, 1.79093
FILLER_0_134_302, 149.84, 378.08, 1.79093
FILLER_0_135_305, 149.84, 378.08, 1.79093
FILLER_0_136_321, 149.84, 378.08, 1.79093
_10765_, 162.64, 378.08, 1.79083
_14182_, 162.64, 378.08, 1.79083
hold1608, 162.64, 378.08, 1.79083
hold2116, 162.64, 378.08, 1.79083
FILLER_0_135_331, 162.64, 378.08, 1.79083
FILLER_0_136_347, 162.64, 378.08, 1.79083
FILLER_0_135_389, 188.24, 378.08, 1.79027
_07889_, 201.04, 378.08, 1.7898
_07890_, 201.04, 378.08, 1.7898
_13438_, 201.04, 378.08, 1.7898
_15782_, 201.04, 378.08, 1.7898
_15975_, 201.04, 378.08, 1.7898
_18087_, 201.04, 378.08, 1.7898
FILLER_0_135_417, 201.04, 378.08, 1.7898
FILLER_0_136_428, 201.04, 378.08, 1.7898
_12645_, 213.84, 378.08, 1.78935
_12871_, 213.84, 378.08, 1.78935
_12872_, 213.84, 378.08, 1.78935
_15847_, 213.84, 378.08, 1.78935
FILLER_0_134_441, 213.84, 378.08, 1.78935
FILLER_0_134_451, 213.84, 378.08, 1.78935
FILLER_0_135_444, 213.84, 378.08, 1.78935
FILLER_0_135_449, 213.84, 378.08, 1.78935
FILLER_0_136_454, 213.84, 378.08, 1.78935
_12635_, 226.64, 378.08, 1.78902
_13295_, 226.64, 378.08, 1.78902
_15848_, 226.64, 378.08, 1.78902
hold98, 226.64, 378.08, 1.78902
hold447, 226.64, 378.08, 1.78902
FILLER_0_134_470, 226.64, 378.08, 1.78902
FILLER_0_135_488, 226.64, 378.08, 1.78902
_13296_, 239.44, 378.08, 1.78885
_13298_, 239.44, 378.08, 1.78885
_16007_, 239.44, 378.08, 1.78885
hold97, 239.44, 378.08, 1.78885
FILLER_0_135_516, 239.44, 378.08, 1.78885
_12084_, 252.24, 378.08, 1.7887
_12145_, 252.24, 378.08, 1.7887
_12146_, 252.24, 378.08, 1.7887
_12808_, 252.24, 378.08, 1.7887
_13473_, 252.24, 378.08, 1.7887
_15911_, 252.24, 378.08, 1.7887
hold2195, 252.24, 378.08, 1.7887
FILLER_0_134_523, 252.24, 378.08, 1.7887
FILLER_0_135_531, 252.24, 378.08, 1.7887
_12083_, 265.04, 378.08, 1.78859
_12085_, 265.04, 378.08, 1.78859
_12999_, 265.04, 378.08, 1.78859
hold52, 265.04, 378.08, 1.78859
FILLER_0_134_557, 265.04, 378.08, 1.78859
FILLER_0_135_552, 265.04, 378.08, 1.78859
_12143_, 277.84, 378.08, 1.78851
_12147_, 277.84, 378.08, 1.78851
_12148_, 277.84, 378.08, 1.78851
_12254_, 277.84, 378.08, 1.78851
_12632_, 277.84, 378.08, 1.78851
_12639_, 277.84, 378.08, 1.78851
FILLER_0_135_586, 277.84, 378.08, 1.78851
_12252_, 290.64, 378.08, 1.78864
_12277_, 290.64, 378.08, 1.78864
_12640_, 290.64, 378.08, 1.78864
FILLER_0_135_613, 290.64, 378.08, 1.78864
FILLER_0_136_623, 290.64, 378.08, 1.78864
_12273_, 303.44, 378.08, 1.78878
_12387_, 303.44, 378.08, 1.78878
_12450_, 303.44, 378.08, 1.78878
_12606_, 303.44, 378.08, 1.78878
_12607_, 303.44, 378.08, 1.78878
_12608_, 303.44, 378.08, 1.78878
FILLER_0_134_636, 303.44, 378.08, 1.78878
FILLER_0_136_658, 303.44, 378.08, 1.78878
_12265_, 316.24, 378.08, 1.78903
_12592_, 316.24, 378.08, 1.78903
_12595_, 316.24, 378.08, 1.78903
FILLER_0_134_670, 316.24, 378.08, 1.78903
FILLER_0_135_665, 316.24, 378.08, 1.78903
_12298_, 341.84, 378.08, 1.78924
_12556_, 341.84, 378.08, 1.78924
_12581_, 341.84, 378.08, 1.78924
_12582_, 341.84, 378.08, 1.78924
_12584_, 341.84, 378.08, 1.78924
_12989_, 341.84, 378.08, 1.78924
FILLER_0_134_719, 341.84, 378.08, 1.78924
FILLER_0_135_718, 341.84, 378.08, 1.78924
_13035_, 354.64, 378.08, 1.78922
_11966_, 367.44, 378.08, 1.78921
_13136_, 367.44, 378.08, 1.78921
FILLER_0_135_779, 367.44, 378.08, 1.78921
FILLER_0_134_805, 380.24, 378.08, 1.78922
hold2246, 393.04, 378.08, 1.78923
_17402_, 405.84, 378.08, 1.78924
FILLER_0_134_862, 405.84, 378.08, 1.78924
FILLER_0_134_869, 405.84, 378.08, 1.78924
FILLER_0_136_881, 405.84, 378.08, 1.78924
_09246_, 418.64, 378.08, 1.78926
_09260_, 418.64, 378.08, 1.78926
_17373_, 418.64, 378.08, 1.78926
_17378_, 418.64, 378.08, 1.78926
_17406_, 418.64, 378.08, 1.78926
hold1900, 418.64, 378.08, 1.78926
FILLER_0_135_888, 418.64, 378.08, 1.78926
_09318_, 431.44, 378.08, 1.78931
_14990_, 431.44, 378.08, 1.78931
_14991_, 431.44, 378.08, 1.78931
hold1969, 431.44, 378.08, 1.78931
FILLER_0_134_921, 431.44, 378.08, 1.78931
FILLER_0_134_925, 431.44, 378.08, 1.78931
_09313_, 444.24, 378.08, 1.78935
_09321_, 444.24, 378.08, 1.78935
_14994_, 444.24, 378.08, 1.78935
_09239_, 457.04, 378.08, 1.7894
_15032_, 457.04, 378.08, 1.7894
_15033_, 457.04, 378.08, 1.7894
FILLER_0_134_971, 457.04, 378.08, 1.7894
FILLER_0_134_977, 457.04, 378.08, 1.7894
_09224_, 469.84, 378.08, 1.78945
_17412_, 469.84, 378.08, 1.78945
hold1834, 469.84, 378.08, 1.78945
_08376_, 495.308, 378.08, 1.78947
_17845_, 495.308, 378.08, 1.78947
_17846_, 495.308, 378.08, 1.78947
FILLER_0_135_1060, 495.308, 378.08, 1.78947
hold1648, 507.977, 378.08, 1.78945
FILLER_0_134_1085, 507.977, 378.08, 1.78945
_17770_, 520.645, 378.08, 1.78944
FILLER_0_135_1109, 520.645, 378.08, 1.78944
FILLER_0_135_1117, 520.645, 378.08, 1.78944
FILLER_0_135_1121, 520.645, 378.08, 1.78944
_08524_, 533.314, 378.08, 1.78943
_08525_, 533.314, 378.08, 1.78943
_15430_, 533.314, 378.08, 1.78943
_15431_, 533.314, 378.08, 1.78943
hold611, 533.314, 378.08, 1.78943
FILLER_0_134_1141, 533.314, 378.08, 1.78943
FILLER_0_135_1157, 533.314, 378.08, 1.78943
_08529_, 545.982, 378.08, 1.78942
_15425_, 545.982, 378.08, 1.78942
_17768_, 545.982, 378.08, 1.78942
FILLER_0_135_1169, 545.982, 378.08, 1.78942
_08528_, 558.651, 378.08, 1.78942
hold996, 558.651, 378.08, 1.78942
FILLER_0_134_1193, 558.651, 378.08, 1.78942
FILLER_0_134_1201, 558.651, 378.08, 1.78942
PHY_264, 5.52, 372.64, 1.79254
PHY_266, 5.52, 372.64, 1.79254
FILLER_0_133_3, 5.52, 372.64, 1.79254
PHY_265, 571.32, 372.64, 1.7894
PHY_267, 571.32, 372.64, 1.7894
FILLER_0_132_1217, 571.32, 372.64, 1.7894
_10417_, 13.68, 372.64, 1.79254
_14381_, 13.68, 372.64, 1.79254
_16824_, 13.68, 372.64, 1.79254
FILLER_0_133_11, 13.68, 372.64, 1.79254
_10420_, 34.64, 372.64, 1.79233
_14377_, 34.64, 372.64, 1.79233
_14379_, 34.64, 372.64, 1.79233
_14380_, 34.64, 372.64, 1.79233
hold1161, 34.64, 372.64, 1.79233
FILLER_0_133_69, 34.64, 372.64, 1.79233
FILLER_0_134_68, 34.64, 372.64, 1.79233
_10411_, 47.44, 372.64, 1.79213
_10421_, 47.44, 372.64, 1.79213
_14384_, 47.44, 372.64, 1.79213
hold1009, 47.44, 372.64, 1.79213
hold2037, 47.44, 372.64, 1.79213
_14347_, 60.24, 372.64, 1.79193
_16800_, 60.24, 372.64, 1.79193
hold265, 60.24, 372.64, 1.79193
FILLER_0_133_106, 60.24, 372.64, 1.79193
FILLER_0_133_113, 60.24, 372.64, 1.79193
FILLER_0_133_119, 60.24, 372.64, 1.79193
_10481_, 73.04, 372.64, 1.79174
_10509_, 73.04, 372.64, 1.79174
_14346_, 73.04, 372.64, 1.79174
_14354_, 73.04, 372.64, 1.79174
hold796, 73.04, 372.64, 1.79174
hold1891, 73.04, 372.64, 1.79174
FILLER_0_132_144, 73.04, 372.64, 1.79174
FILLER_0_134_158, 73.04, 372.64, 1.79174
_10508_, 85.84, 372.64, 1.79154
_10515_, 85.84, 372.64, 1.79154
_14330_, 85.84, 372.64, 1.79154
_16775_, 85.84, 372.64, 1.79154
hold1549, 85.84, 372.64, 1.79154
_16771_, 98.64, 372.64, 1.79136
_16779_, 98.64, 372.64, 1.79136
hold2039, 98.64, 372.64, 1.79136
_10506_, 111.44, 372.64, 1.79119
_10751_, 111.44, 372.64, 1.79119
_14196_, 111.44, 372.64, 1.79119
_16657_, 111.44, 372.64, 1.79119
clkbuf_leaf_41_clk, 111.44, 372.64, 1.79119
hold421, 111.44, 372.64, 1.79119
FILLER_0_133_218, 111.44, 372.64, 1.79119
FILLER_0_133_233, 111.44, 372.64, 1.79119
_10745_, 124.24, 372.64, 1.79107
_10750_, 124.24, 372.64, 1.79107
_10759_, 124.24, 372.64, 1.79107
_14188_, 124.24, 372.64, 1.79107
_14198_, 124.24, 372.64, 1.79107
FILLER_0_133_267, 124.24, 372.64, 1.79107
_10755_, 137.04, 372.64, 1.79095
_10758_, 137.04, 372.64, 1.79095
_14193_, 137.04, 372.64, 1.79095
_16653_, 137.04, 372.64, 1.79095
clkbuf_leaf_40_clk, 137.04, 372.64, 1.79095
hold1946, 137.04, 372.64, 1.79095
FILLER_0_134_289, 137.04, 372.64, 1.79095
_16649_, 149.84, 372.64, 1.79089
_16650_, 149.84, 372.64, 1.79089
FILLER_0_132_309, 149.84, 372.64, 1.79089
FILLER_0_133_301, 149.84, 372.64, 1.79089
_10764_, 162.64, 372.64, 1.79084
_10766_, 162.64, 372.64, 1.79084
_10778_, 162.64, 372.64, 1.79084
_14186_, 162.64, 372.64, 1.79084
_14187_, 162.64, 372.64, 1.79084
_16641_, 162.64, 372.64, 1.79084
hold1514, 162.64, 372.64, 1.79084
FILLER_0_134_351, 162.64, 372.64, 1.79084
_12942_, 188.24, 372.64, 1.79055
_12943_, 188.24, 372.64, 1.79055
_13403_, 188.24, 372.64, 1.79055
hold2144, 188.24, 372.64, 1.79055
FILLER_0_134_411, 188.24, 372.64, 1.79055
_12873_, 201.04, 372.64, 1.79031
FILLER_0_132_412, 201.04, 372.64, 1.79031
_12643_, 213.84, 372.64, 1.79007
_12644_, 213.84, 372.64, 1.79007
_13083_, 213.84, 372.64, 1.79007
hold448, 213.84, 372.64, 1.79007
FILLER_0_133_440, 213.84, 372.64, 1.79007
_13082_, 226.64, 372.64, 1.78987
_15849_, 226.64, 372.64, 1.78987
FILLER_0_132_469, 226.64, 372.64, 1.78987
FILLER_0_134_489, 226.64, 372.64, 1.78987
_13297_, 239.44, 372.64, 1.78968
hold2030, 239.44, 372.64, 1.78968
FILLER_0_132_503, 239.44, 372.64, 1.78968
FILLER_0_133_513, 239.44, 372.64, 1.78968
_13506_, 252.24, 372.64, 1.7895
hold2186, 252.24, 372.64, 1.7895
FILLER_0_133_550, 252.24, 372.64, 1.7895
_12142_, 277.84, 372.64, 1.78914
_12149_, 277.84, 372.64, 1.78914
_12641_, 277.84, 372.64, 1.78914
_12642_, 277.84, 372.64, 1.78914
FILLER_0_132_583, 277.84, 372.64, 1.78914
FILLER_0_132_589, 277.84, 372.64, 1.78914
FILLER_0_133_585, 277.84, 372.64, 1.78914
FILLER_0_133_596, 277.84, 372.64, 1.78914
_12250_, 290.64, 372.64, 1.78913
_12095_, 303.44, 372.64, 1.78912
_12378_, 303.44, 372.64, 1.78912
_12604_, 303.44, 372.64, 1.78912
_13128_, 303.44, 372.64, 1.78912
_13135_, 303.44, 372.64, 1.78912
FILLER_0_132_639, 303.44, 372.64, 1.78912
FILLER_0_133_641, 303.44, 372.64, 1.78912
_12313_, 316.24, 372.64, 1.78917
_12577_, 316.24, 372.64, 1.78917
_12596_, 316.24, 372.64, 1.78917
FILLER_0_133_663, 316.24, 372.64, 1.78917
_12558_, 341.84, 372.64, 1.78919
FILLER_0_132_723, 341.84, 372.64, 1.78919
FILLER_0_133_718, 341.84, 372.64, 1.78919
FILLER_0_132_746, 354.64, 372.64, 1.78909
_12016_, 367.44, 372.64, 1.78899
_12534_, 367.44, 372.64, 1.78899
_12545_, 367.44, 372.64, 1.78899
wire116, 367.44, 372.64, 1.78899
FILLER_0_133_777, 367.44, 372.64, 1.78899
FILLER_0_133_798, 367.44, 372.64, 1.78899
FILLER_0_134_787, 367.44, 372.64, 1.78899
_12014_, 380.24, 372.64, 1.78899
_12289_, 380.24, 372.64, 1.78899
_16016_, 380.24, 372.64, 1.78899
FILLER_0_132_813, 380.24, 372.64, 1.78899
FILLER_0_133_814, 380.24, 372.64, 1.78899
_12539_, 393.04, 372.64, 1.78901
_12540_, 393.04, 372.64, 1.78901
_12788_, 393.04, 372.64, 1.78901
_16048_, 393.04, 372.64, 1.78901
hold2198, 393.04, 372.64, 1.78901
_09261_, 405.84, 372.64, 1.78905
_15023_, 405.84, 372.64, 1.78905
_17409_, 405.84, 372.64, 1.78905
FILLER_0_132_862, 405.84, 372.64, 1.78905
FILLER_0_132_869, 405.84, 372.64, 1.78905
FILLER_0_133_873, 405.84, 372.64, 1.78905
FILLER_0_133_882, 405.84, 372.64, 1.78905
_09247_, 418.64, 372.64, 1.78911
_09252_, 418.64, 372.64, 1.78911
_15027_, 418.64, 372.64, 1.78911
_15030_, 418.64, 372.64, 1.78911
FILLER_0_133_892, 418.64, 372.64, 1.78911
FILLER_0_133_897, 418.64, 372.64, 1.78911
FILLER_0_133_908, 418.64, 372.64, 1.78911
_17372_, 431.44, 372.64, 1.78916
_17376_, 431.44, 372.64, 1.78916
hold1918, 431.44, 372.64, 1.78916
FILLER_0_132_921, 431.44, 372.64, 1.78916
_09312_, 444.24, 372.64, 1.78922
_09320_, 444.24, 372.64, 1.78922
_17411_, 444.24, 372.64, 1.78922
hold1100, 444.24, 372.64, 1.78922
hold2012, 444.24, 372.64, 1.78922
_09229_, 457.04, 372.64, 1.7893
_09242_, 457.04, 372.64, 1.7893
_15035_, 457.04, 372.64, 1.7893
_17413_, 457.04, 372.64, 1.7893
hold540, 457.04, 372.64, 1.7893
FILLER_0_132_973, 457.04, 372.64, 1.7893
FILLER_0_134_987, 457.04, 372.64, 1.7893
FILLER_0_134_995, 457.04, 372.64, 1.7893
_09240_, 469.84, 372.64, 1.78938
_09241_, 469.84, 372.64, 1.78938
_15034_, 469.84, 372.64, 1.78938
_17419_, 469.84, 372.64, 1.78938
hold222, 469.84, 372.64, 1.78938
hold1692, 469.84, 372.64, 1.78938
_09264_, 495.308, 372.64, 1.78943
clkbuf_leaf_140_clk, 495.308, 372.64, 1.78943
hold1788, 495.308, 372.64, 1.78943
FILLER_0_132_1053, 495.308, 372.64, 1.78943
FILLER_0_133_1054, 495.308, 372.64, 1.78943
FILLER_0_133_1065, 495.308, 372.64, 1.78943
FILLER_0_133_1073, 495.308, 372.64, 1.78943
_09280_, 507.977, 372.64, 1.78942
FILLER_0_132_1082, 507.977, 372.64, 1.78942
FILLER_0_132_1117, 520.645, 372.64, 1.78941
FILLER_0_133_1110, 520.645, 372.64, 1.78941
FILLER_0_134_1129, 520.645, 372.64, 1.78941
_08833_, 533.314, 372.64, 1.78941
_17764_, 533.314, 372.64, 1.78941
FILLER_0_132_1145, 533.314, 372.64, 1.78941
FILLER_0_133_1157, 533.314, 372.64, 1.78941
FILLER_0_134_1149, 533.314, 372.64, 1.78941
_08536_, 545.982, 372.64, 1.7894
_08537_, 545.982, 372.64, 1.7894
_15429_, 545.982, 372.64, 1.7894
hold474, 545.982, 372.64, 1.7894
FILLER_0_133_1166, 545.982, 372.64, 1.7894
FILLER_0_132_1200, 558.651, 372.64, 1.7894
PHY_260, 5.52, 367.2, 1.79236
PHY_262, 5.52, 367.2, 1.79236
output46, 5.52, 367.2, 1.79236
PHY_261, 571.32, 367.2, 1.78876
PHY_263, 571.32, 367.2, 1.78876
output106, 571.32, 367.2, 1.78876
FILLER_0_130_1217, 571.32, 367.2, 1.78876
_16829_, 13.68, 367.2, 1.79237
FILLER_0_131_9, 13.68, 367.2, 1.79237
_10404_, 34.64, 367.2, 1.79217
_16822_, 34.64, 367.2, 1.79217
_16827_, 34.64, 367.2, 1.79217
_10410_, 47.44, 367.2, 1.79198
_10479_, 47.44, 367.2, 1.79198
_16793_, 47.44, 367.2, 1.79198
FILLER_0_130_80, 47.44, 367.2, 1.79198
FILLER_0_131_95, 47.44, 367.2, 1.79198
_10474_, 60.24, 367.2, 1.79179
_10475_, 60.24, 367.2, 1.79179
_10478_, 60.24, 367.2, 1.79179
_14349_, 60.24, 367.2, 1.79179
_16792_, 60.24, 367.2, 1.79179
_16795_, 60.24, 367.2, 1.79179
hold347, 60.24, 367.2, 1.79179
_10464_, 73.04, 367.2, 1.79161
_16778_, 73.04, 367.2, 1.79161
FILLER_0_131_158, 73.04, 367.2, 1.79161
FILLER_0_132_152, 73.04, 367.2, 1.79161
_14327_, 85.84, 367.2, 1.79145
clkbuf_leaf_57_clk, 85.84, 367.2, 1.79145
_10507_, 98.64, 367.2, 1.79132
_14331_, 98.64, 367.2, 1.79132
FILLER_0_130_189, 98.64, 367.2, 1.79132
FILLER_0_131_196, 98.64, 367.2, 1.79132
_10748_, 111.44, 367.2, 1.79119
_10749_, 111.44, 367.2, 1.79119
_16658_, 111.44, 367.2, 1.79119
_16660_, 111.44, 367.2, 1.79119
hold323, 111.44, 367.2, 1.79119
hold660, 111.44, 367.2, 1.79119
FILLER_0_130_221, 111.44, 367.2, 1.79119
_10744_, 124.24, 367.2, 1.79108
_18121_, 124.24, 367.2, 1.79108
rebuffer14, 124.24, 367.2, 1.79108
hold1569, 124.24, 367.2, 1.79108
FILLER_0_130_248, 124.24, 367.2, 1.79108
FILLER_0_131_271, 124.24, 367.2, 1.79108
FILLER_0_132_271, 124.24, 367.2, 1.79108
_10889_, 137.04, 367.2, 1.79099
hold2069, 137.04, 367.2, 1.79099
FILLER_0_131_281, 137.04, 367.2, 1.79099
FILLER_0_132_298, 137.04, 367.2, 1.79099
_10767_, 149.84, 367.2, 1.7909
_14177_, 149.84, 367.2, 1.7909
hold757, 149.84, 367.2, 1.7909
_10777_, 162.64, 367.2, 1.79081
_14181_, 162.64, 367.2, 1.79081
_16644_, 162.64, 367.2, 1.79081
FILLER_0_131_331, 162.64, 367.2, 1.79081
FILLER_0_131_349, 162.64, 367.2, 1.79081
_12944_, 188.24, 367.2, 1.79045
_12945_, 188.24, 367.2, 1.79045
_13402_, 188.24, 367.2, 1.79045
hold2143, 188.24, 367.2, 1.79045
FILLER_0_131_389, 188.24, 367.2, 1.79045
_12876_, 201.04, 367.2, 1.79019
_18086_, 201.04, 367.2, 1.79019
FILLER_0_130_413, 201.04, 367.2, 1.79019
FILLER_0_130_425, 201.04, 367.2, 1.79019
FILLER_0_131_414, 201.04, 367.2, 1.79019
_12658_, 213.84, 367.2, 1.78994
_15781_, 213.84, 367.2, 1.78994
hold2219, 213.84, 367.2, 1.78994
FILLER_0_130_444, 213.84, 367.2, 1.78994
_13081_, 226.64, 367.2, 1.78969
clkbuf_5_13__f_clk, 226.64, 367.2, 1.78969
FILLER_0_130_469, 226.64, 367.2, 1.78969
FILLER_0_132_489, 226.64, 367.2, 1.78969
_12672_, 239.44, 367.2, 1.78954
_16037_, 239.44, 367.2, 1.78954
FILLER_0_131_500, 239.44, 367.2, 1.78954
FILLER_0_131_517, 239.44, 367.2, 1.78954
_12671_, 252.24, 367.2, 1.7894
_13472_, 252.24, 367.2, 1.7894
clkbuf_leaf_99_clk, 252.24, 367.2, 1.7894
hold47, 252.24, 367.2, 1.7894
_12151_, 265.04, 367.2, 1.7893
hold2189, 265.04, 367.2, 1.7893
FILLER_0_131_555, 265.04, 367.2, 1.7893
_12248_, 277.84, 367.2, 1.78921
_12625_, 277.84, 367.2, 1.78921
_12627_, 277.84, 367.2, 1.78921
_12638_, 277.84, 367.2, 1.78921
FILLER_0_131_597, 277.84, 367.2, 1.78921
FILLER_0_132_597, 277.84, 367.2, 1.78921
_12255_, 290.64, 367.2, 1.78916
_12626_, 290.64, 367.2, 1.78916
FILLER_0_130_618, 290.64, 367.2, 1.78916
FILLER_0_131_608, 290.64, 367.2, 1.78916
_12275_, 303.44, 367.2, 1.78912
_12314_, 303.44, 367.2, 1.78912
_12603_, 303.44, 367.2, 1.78912
_12605_, 303.44, 367.2, 1.78912
FILLER_0_130_640, 303.44, 367.2, 1.78912
FILLER_0_130_645, 303.44, 367.2, 1.78912
FILLER_0_131_638, 303.44, 367.2, 1.78912
FILLER_0_131_646, 303.44, 367.2, 1.78912
FILLER_0_131_655, 303.44, 367.2, 1.78912
_12268_, 316.24, 367.2, 1.78912
_12270_, 316.24, 367.2, 1.78912
_12285_, 316.24, 367.2, 1.78912
_12576_, 316.24, 367.2, 1.78912
_12591_, 316.24, 367.2, 1.78912
FILLER_0_131_673, 316.24, 367.2, 1.78912
FILLER_0_132_681, 316.24, 367.2, 1.78912
_12559_, 341.84, 367.2, 1.7888
clkbuf_5_24__f_clk, 341.84, 367.2, 1.7888
FILLER_0_131_718, 341.84, 367.2, 1.7888
FILLER_0_131_729, 341.84, 367.2, 1.7888
_12312_, 354.64, 367.2, 1.78863
_12319_, 354.64, 367.2, 1.78863
_12322_, 354.64, 367.2, 1.78863
_12528_, 354.64, 367.2, 1.78863
_12554_, 354.64, 367.2, 1.78863
FILLER_0_130_750, 354.64, 367.2, 1.78863
FILLER_0_131_746, 354.64, 367.2, 1.78863
FILLER_0_132_769, 354.64, 367.2, 1.78863
_12019_, 367.44, 367.2, 1.78849
_12290_, 367.44, 367.2, 1.78849
_12318_, 367.44, 367.2, 1.78849
_12530_, 367.44, 367.2, 1.78849
_12531_, 367.44, 367.2, 1.78849
_12532_, 367.44, 367.2, 1.78849
_12533_, 367.44, 367.2, 1.78849
_12535_, 367.44, 367.2, 1.78849
_12541_, 367.44, 367.2, 1.78849
_12544_, 367.44, 367.2, 1.78849
_12018_, 380.24, 367.2, 1.78849
_12294_, 380.24, 367.2, 1.78849
_12543_, 380.24, 367.2, 1.78849
_12789_, 380.24, 367.2, 1.78849
hold2203, 380.24, 367.2, 1.78849
FILLER_0_130_809, 380.24, 367.2, 1.78849
FILLER_0_131_809, 380.24, 367.2, 1.78849
FILLER_0_131_822, 380.24, 367.2, 1.78849
FILLER_0_131_828, 380.24, 367.2, 1.78849
_12549_, 393.04, 367.2, 1.78851
_12550_, 393.04, 367.2, 1.78851
_13483_, 393.04, 367.2, 1.78851
_13518_, 393.04, 367.2, 1.78851
_16047_, 393.04, 367.2, 1.78851
FILLER_0_130_832, 393.04, 367.2, 1.78851
FILLER_0_130_842, 393.04, 367.2, 1.78851
_17401_, 405.84, 367.2, 1.78855
clkbuf_leaf_157_clk, 405.84, 367.2, 1.78855
FILLER_0_130_860, 405.84, 367.2, 1.78855
FILLER_0_130_869, 405.84, 367.2, 1.78855
FILLER_0_131_861, 405.84, 367.2, 1.78855
_09262_, 418.64, 367.2, 1.78866
_15022_, 418.64, 367.2, 1.78866
_15024_, 418.64, 367.2, 1.78866
_17403_, 418.64, 367.2, 1.78866
hold1741, 418.64, 367.2, 1.78866
FILLER_0_130_888, 418.64, 367.2, 1.78866
FILLER_0_131_900, 418.64, 367.2, 1.78866
hold1653, 431.44, 367.2, 1.78877
_09158_, 444.24, 367.2, 1.78888
_09159_, 444.24, 367.2, 1.78888
_09243_, 444.24, 367.2, 1.78888
clkbuf_leaf_155_clk, 444.24, 367.2, 1.78888
FILLER_0_131_942, 444.24, 367.2, 1.78888
FILLER_0_132_961, 444.24, 367.2, 1.78888
_09228_, 457.04, 367.2, 1.78903
_15040_, 457.04, 367.2, 1.78903
_17418_, 457.04, 367.2, 1.78903
hold466, 457.04, 367.2, 1.78903
FILLER_0_130_976, 457.04, 367.2, 1.78903
FILLER_0_130_981, 457.04, 367.2, 1.78903
_09227_, 469.84, 367.2, 1.7892
_15041_, 469.84, 367.2, 1.7892
hold510, 469.84, 367.2, 1.7892
FILLER_0_131_1001, 469.84, 367.2, 1.7892
_09265_, 495.308, 367.2, 1.78925
_15019_, 495.308, 367.2, 1.78925
_17400_, 495.308, 367.2, 1.78925
FILLER_0_130_1057, 495.308, 367.2, 1.78925
_09281_, 507.977, 367.2, 1.78914
hold153, 507.977, 367.2, 1.78914
_08830_, 520.645, 367.2, 1.78903
_08831_, 520.645, 367.2, 1.78903
_15261_, 520.645, 367.2, 1.78903
_17620_, 520.645, 367.2, 1.78903
hold1822, 520.645, 367.2, 1.78903
FILLER_0_131_1110, 520.645, 367.2, 1.78903
_08834_, 533.314, 367.2, 1.78894
_08835_, 533.314, 367.2, 1.78894
clkbuf_leaf_144_clk, 533.314, 367.2, 1.78894
hold1978, 533.314, 367.2, 1.78894
FILLER_0_132_1149, 533.314, 367.2, 1.78894
_08832_, 545.982, 367.2, 1.78888
hold201, 545.982, 367.2, 1.78888
FILLER_0_130_1193, 558.651, 367.2, 1.78882
FILLER_0_130_1201, 558.651, 367.2, 1.78882
PHY_256, 5.52, 361.76, 1.79228
PHY_258, 5.52, 361.76, 1.79228
PHY_257, 571.32, 361.76, 1.78943
PHY_259, 571.32, 361.76, 1.78943
FILLER_0_128_1217, 571.32, 361.76, 1.78943
FILLER_0_129_53, 34.64, 361.76, 1.79212
hold878, 47.44, 361.76, 1.79195
FILLER_0_129_105, 47.44, 361.76, 1.79195
FILLER_0_130_97, 47.44, 361.76, 1.79195
_10467_, 60.24, 361.76, 1.79179
_14353_, 60.24, 361.76, 1.79179
_10471_, 73.04, 361.76, 1.79162
_14352_, 73.04, 361.76, 1.79162
_16797_, 73.04, 361.76, 1.79162
FILLER_0_129_137, 73.04, 361.76, 1.79162
_10472_, 85.84, 361.76, 1.79147
_14322_, 85.84, 361.76, 1.79147
hold758, 85.84, 361.76, 1.79147
FILLER_0_128_161, 85.84, 361.76, 1.79147
FILLER_0_129_162, 85.84, 361.76, 1.79147
FILLER_0_129_169, 85.84, 361.76, 1.79147
_10504_, 98.64, 361.76, 1.79131
_10505_, 98.64, 361.76, 1.79131
_14325_, 98.64, 361.76, 1.79131
_14332_, 98.64, 361.76, 1.79131
_16773_, 98.64, 361.76, 1.79131
hold1437, 98.64, 361.76, 1.79131
FILLER_0_129_196, 98.64, 361.76, 1.79131
_10518_, 111.44, 361.76, 1.79117
hold684, 111.44, 361.76, 1.79117
FILLER_0_129_219, 111.44, 361.76, 1.79117
_10890_, 124.24, 361.76, 1.79102
_10891_, 124.24, 361.76, 1.79102
_16587_, 124.24, 361.76, 1.79102
_16655_, 124.24, 361.76, 1.79102
hold1568, 124.24, 361.76, 1.79102
FILLER_0_129_249, 124.24, 361.76, 1.79102
FILLER_0_129_259, 124.24, 361.76, 1.79102
FILLER_0_130_265, 124.24, 361.76, 1.79102
_10888_, 137.04, 361.76, 1.79089
_10901_, 137.04, 361.76, 1.79089
_14113_, 137.04, 361.76, 1.79089
_14119_, 137.04, 361.76, 1.79089
_16582_, 137.04, 361.76, 1.79089
_16589_, 137.04, 361.76, 1.79089
FILLER_0_128_273, 137.04, 361.76, 1.79089
FILLER_0_129_273, 137.04, 361.76, 1.79089
_10886_, 149.84, 361.76, 1.79078
_10900_, 149.84, 361.76, 1.79078
hold695, 149.84, 361.76, 1.79078
hold2089, 149.84, 361.76, 1.79078
FILLER_0_129_326, 149.84, 361.76, 1.79078
hold991, 162.64, 361.76, 1.79066
FILLER_0_130_353, 162.64, 361.76, 1.79066
clkbuf_leaf_37_clk, 188.24, 361.76, 1.79009
_07891_, 201.04, 361.76, 1.78967
_07892_, 201.04, 361.76, 1.78967
_13436_, 201.04, 361.76, 1.78967
_13437_, 201.04, 361.76, 1.78967
_15973_, 201.04, 361.76, 1.78967
_15974_, 201.04, 361.76, 1.78967
FILLER_0_128_417, 201.04, 361.76, 1.78967
_12660_, 213.84, 361.76, 1.78929
_12877_, 213.84, 361.76, 1.78929
_15846_, 213.84, 361.76, 1.78929
FILLER_0_129_439, 213.84, 361.76, 1.78929
FILLER_0_129_449, 213.84, 361.76, 1.78929
_12620_, 226.64, 361.76, 1.78899
_13002_, 226.64, 361.76, 1.78899
_13084_, 226.64, 361.76, 1.78899
_13294_, 226.64, 361.76, 1.78899
hold93, 226.64, 361.76, 1.78899
FILLER_0_128_473, 226.64, 361.76, 1.78899
FILLER_0_128_477, 226.64, 361.76, 1.78899
FILLER_0_129_489, 226.64, 361.76, 1.78899
_12621_, 239.44, 361.76, 1.78872
_12622_, 239.44, 361.76, 1.78872
_13000_, 239.44, 361.76, 1.78872
_15910_, 239.44, 361.76, 1.78872
ANTENNA_7, 239.44, 361.76, 1.78872
FILLER_0_129_500, 239.44, 361.76, 1.78872
FILLER_0_129_513, 239.44, 361.76, 1.78872
_12079_, 252.24, 361.76, 1.7886
_12150_, 252.24, 361.76, 1.7886
_12156_, 252.24, 361.76, 1.7886
_12809_, 252.24, 361.76, 1.7886
_12810_, 252.24, 361.76, 1.7886
_16006_, 252.24, 361.76, 1.7886
FILLER_0_130_540, 252.24, 361.76, 1.7886
_12155_, 265.04, 361.76, 1.78852
_12247_, 265.04, 361.76, 1.78852
_12249_, 265.04, 361.76, 1.78852
_12654_, 265.04, 361.76, 1.78852
_12655_, 265.04, 361.76, 1.78852
_12656_, 265.04, 361.76, 1.78852
FILLER_0_129_573, 265.04, 361.76, 1.78852
FILLER_0_130_567, 265.04, 361.76, 1.78852
_12157_, 277.84, 361.76, 1.78848
_12160_, 277.84, 361.76, 1.78848
_12161_, 277.84, 361.76, 1.78848
_12648_, 277.84, 361.76, 1.78848
_12649_, 277.84, 361.76, 1.78848
_12657_, 277.84, 361.76, 1.78848
FILLER_0_129_595, 277.84, 361.76, 1.78848
FILLER_0_130_596, 277.84, 361.76, 1.78848
_12241_, 290.64, 361.76, 1.7886
_12651_, 290.64, 361.76, 1.7886
_12663_, 290.64, 361.76, 1.7886
FILLER_0_129_612, 290.64, 361.76, 1.7886
FILLER_0_129_629, 290.64, 361.76, 1.7886
_12272_, 303.44, 361.76, 1.78874
_12279_, 303.44, 361.76, 1.78874
_12283_, 303.44, 361.76, 1.78874
_12284_, 303.44, 361.76, 1.78874
_12614_, 303.44, 361.76, 1.78874
_12615_, 303.44, 361.76, 1.78874
FILLER_0_128_641, 303.44, 361.76, 1.78874
_12096_, 316.24, 361.76, 1.78896
_12258_, 316.24, 361.76, 1.78896
FILLER_0_128_671, 316.24, 361.76, 1.78896
FILLER_0_129_666, 316.24, 361.76, 1.78896
FILLER_0_129_673, 316.24, 361.76, 1.78896
FILLER_0_129_681, 316.24, 361.76, 1.78896
FILLER_0_129_687, 316.24, 361.76, 1.78896
FILLER_0_130_683, 316.24, 361.76, 1.78896
_12302_, 341.84, 361.76, 1.78903
_12304_, 341.84, 361.76, 1.78903
_12308_, 341.84, 361.76, 1.78903
_12310_, 341.84, 361.76, 1.78903
_12527_, 341.84, 361.76, 1.78903
_12552_, 341.84, 361.76, 1.78903
_12553_, 341.84, 361.76, 1.78903
_12555_, 341.84, 361.76, 1.78903
FILLER_0_128_719, 341.84, 361.76, 1.78903
_12291_, 354.64, 361.76, 1.78896
_12311_, 354.64, 361.76, 1.78896
_12323_, 354.64, 361.76, 1.78896
_12529_, 354.64, 361.76, 1.78896
_12566_, 354.64, 361.76, 1.78896
_12567_, 354.64, 361.76, 1.78896
FILLER_0_128_750, 354.64, 361.76, 1.78896
FILLER_0_129_758, 354.64, 361.76, 1.78896
FILLER_0_130_763, 354.64, 361.76, 1.78896
_12295_, 367.44, 361.76, 1.78896
_12296_, 367.44, 361.76, 1.78896
_12317_, 367.44, 361.76, 1.78896
_12542_, 367.44, 361.76, 1.78896
FILLER_0_129_778, 367.44, 361.76, 1.78896
_12790_, 380.24, 361.76, 1.789
hold2212, 380.24, 361.76, 1.789
FILLER_0_128_813, 380.24, 361.76, 1.789
FILLER_0_129_815, 380.24, 361.76, 1.789
FILLER_0_129_823, 380.24, 361.76, 1.789
_13517_, 393.04, 361.76, 1.78904
FILLER_0_129_836, 393.04, 361.76, 1.78904
FILLER_0_129_853, 393.04, 361.76, 1.78904
_09263_, 405.84, 361.76, 1.78909
_17407_, 405.84, 361.76, 1.78909
hold2161, 405.84, 361.76, 1.78909
FILLER_0_128_861, 405.84, 361.76, 1.78909
FILLER_0_130_875, 405.84, 361.76, 1.78909
_09259_, 418.64, 361.76, 1.78915
_15028_, 418.64, 361.76, 1.78915
hold1128, 418.64, 361.76, 1.78915
FILLER_0_129_892, 418.64, 361.76, 1.78915
FILLER_0_129_897, 418.64, 361.76, 1.78915
FILLER_0_129_905, 418.64, 361.76, 1.78915
_09147_, 431.44, 361.76, 1.78921
_09160_, 431.44, 361.76, 1.78921
_09161_, 431.44, 361.76, 1.78921
_09258_, 431.44, 361.76, 1.78921
hold1903, 431.44, 361.76, 1.78921
FILLER_0_128_912, 431.44, 361.76, 1.78921
FILLER_0_129_917, 431.44, 361.76, 1.78921
FILLER_0_130_937, 431.44, 361.76, 1.78921
_09146_, 444.24, 361.76, 1.78927
_17453_, 444.24, 361.76, 1.78927
hold554, 444.24, 361.76, 1.78927
hold1596, 444.24, 361.76, 1.78927
_09238_, 457.04, 361.76, 1.78934
_09279_, 457.04, 361.76, 1.78934
FILLER_0_129_985, 457.04, 361.76, 1.78934
_09269_, 469.84, 361.76, 1.78941
clkbuf_leaf_154_clk, 469.84, 361.76, 1.78941
hold1415, 469.84, 361.76, 1.78941
FILLER_0_129_1004, 469.84, 361.76, 1.78941
FILLER_0_129_1009, 469.84, 361.76, 1.78941
_09276_, 495.308, 361.76, 1.78949
_09283_, 495.308, 361.76, 1.78949
_15012_, 495.308, 361.76, 1.78949
_15014_, 495.308, 361.76, 1.78949
_15020_, 495.308, 361.76, 1.78949
_17392_, 495.308, 361.76, 1.78949
FILLER_0_128_1062, 495.308, 361.76, 1.78949
FILLER_0_129_1059, 495.308, 361.76, 1.78949
FILLER_0_129_1065, 495.308, 361.76, 1.78949
FILLER_0_130_1065, 495.308, 361.76, 1.78949
_09282_, 507.977, 361.76, 1.78947
FILLER_0_128_1088, 507.977, 361.76, 1.78947
FILLER_0_129_1104, 507.977, 361.76, 1.78947
_08824_, 520.645, 361.76, 1.78944
_08825_, 520.645, 361.76, 1.78944
_17617_, 520.645, 361.76, 1.78944
hold227, 520.645, 361.76, 1.78944
FILLER_0_128_1113, 520.645, 361.76, 1.78944
FILLER_0_129_1117, 520.645, 361.76, 1.78944
_15259_, 533.314, 361.76, 1.78943
_15260_, 533.314, 361.76, 1.78943
_17615_, 533.314, 361.76, 1.78943
_17616_, 533.314, 361.76, 1.78943
FILLER_0_128_1139, 533.314, 361.76, 1.78943
FILLER_0_129_1169, 545.982, 361.76, 1.78943
FILLER_0_128_1197, 558.651, 361.76, 1.78943
PHY_252, 5.52, 356.32, 1.79217
PHY_254, 5.52, 356.32, 1.79217
PHY_253, 571.32, 356.32, 1.78953
PHY_255, 571.32, 356.32, 1.78953
FILLER_0_126_1217, 571.32, 356.32, 1.78953
_10345_, 34.64, 356.32, 1.79198
_10355_, 34.64, 356.32, 1.79198
_14415_, 34.64, 356.32, 1.79198
_16860_, 34.64, 356.32, 1.79198
FILLER_0_126_52, 34.64, 356.32, 1.79198
FILLER_0_127_57, 34.64, 356.32, 1.79198
_10344_, 47.44, 356.32, 1.7918
_10354_, 47.44, 356.32, 1.7918
_10358_, 47.44, 356.32, 1.7918
hold2075, 47.44, 356.32, 1.7918
FILLER_0_127_103, 47.44, 356.32, 1.7918
FILLER_0_128_105, 47.44, 356.32, 1.7918
_10466_, 60.24, 356.32, 1.79161
_10477_, 60.24, 356.32, 1.79161
_16799_, 60.24, 356.32, 1.79161
clkbuf_leaf_52_clk, 60.24, 356.32, 1.79161
hold1659, 60.24, 356.32, 1.79161
hold2136, 60.24, 356.32, 1.79161
FILLER_0_127_113, 60.24, 356.32, 1.79161
_10468_, 73.04, 356.32, 1.79148
_10470_, 73.04, 356.32, 1.79148
_10473_, 73.04, 356.32, 1.79148
_14344_, 73.04, 356.32, 1.79148
_14351_, 73.04, 356.32, 1.79148
_16796_, 73.04, 356.32, 1.79148
_14326_, 85.84, 356.32, 1.79136
_14329_, 85.84, 356.32, 1.79136
_14350_, 85.84, 356.32, 1.79136
hold1938, 85.84, 356.32, 1.79136
FILLER_0_127_180, 85.84, 356.32, 1.79136
FILLER_0_128_187, 85.84, 356.32, 1.79136
_10519_, 98.64, 356.32, 1.79123
_16780_, 98.64, 356.32, 1.79123
hold317, 98.64, 356.32, 1.79123
FILLER_0_127_214, 98.64, 356.32, 1.79123
_16583_, 111.44, 356.32, 1.79112
FILLER_0_127_237, 111.44, 356.32, 1.79112
FILLER_0_128_244, 111.44, 356.32, 1.79112
_10898_, 124.24, 356.32, 1.79101
_10899_, 124.24, 356.32, 1.79101
_14118_, 124.24, 356.32, 1.79101
hold329, 124.24, 356.32, 1.79101
FILLER_0_126_257, 124.24, 356.32, 1.79101
_16588_, 137.04, 356.32, 1.79091
FILLER_0_127_273, 137.04, 356.32, 1.79091
_10887_, 149.84, 356.32, 1.79081
_14120_, 149.84, 356.32, 1.79081
_16608_, 149.84, 356.32, 1.79081
_10847_, 162.64, 356.32, 1.79072
_10848_, 162.64, 356.32, 1.79072
_10849_, 162.64, 356.32, 1.79072
_14141_, 162.64, 356.32, 1.79072
_16607_, 162.64, 356.32, 1.79072
FILLER_0_127_349, 162.64, 356.32, 1.79072
FILLER_0_128_351, 162.64, 356.32, 1.79072
_10850_, 188.24, 356.32, 1.79036
_12947_, 188.24, 356.32, 1.79036
_15942_, 188.24, 356.32, 1.79036
FILLER_0_127_389, 188.24, 356.32, 1.79036
FILLER_0_128_409, 188.24, 356.32, 1.79036
_12875_, 201.04, 356.32, 1.79009
_12878_, 201.04, 356.32, 1.79009
FILLER_0_126_417, 201.04, 356.32, 1.79009
FILLER_0_127_420, 201.04, 356.32, 1.79009
_12659_, 213.84, 356.32, 1.78984
_15780_, 213.84, 356.32, 1.78984
hold94, 213.84, 356.32, 1.78984
FILLER_0_127_439, 213.84, 356.32, 1.78984
_13001_, 226.64, 356.32, 1.7896
_15845_, 226.64, 356.32, 1.7896
_15909_, 226.64, 356.32, 1.7896
FILLER_0_126_468, 226.64, 356.32, 1.7896
_13293_, 239.44, 356.32, 1.78939
_13364_, 239.44, 356.32, 1.78939
_13365_, 239.44, 356.32, 1.78939
hold2260, 239.44, 356.32, 1.78939
FILLER_0_127_498, 239.44, 356.32, 1.78939
FILLER_0_127_505, 239.44, 356.32, 1.78939
_12076_, 252.24, 356.32, 1.78918
_12080_, 252.24, 356.32, 1.78918
_12081_, 252.24, 356.32, 1.78918
FILLER_0_127_529, 252.24, 356.32, 1.78918
_12154_, 265.04, 356.32, 1.789
_12665_, 265.04, 356.32, 1.789
FILLER_0_127_573, 265.04, 356.32, 1.789
_12086_, 277.84, 356.32, 1.78885
_12158_, 277.84, 356.32, 1.78885
_12650_, 277.84, 356.32, 1.78885
_12652_, 277.84, 356.32, 1.78885
_12653_, 277.84, 356.32, 1.78885
FILLER_0_127_598, 277.84, 356.32, 1.78885
_12280_, 290.64, 356.32, 1.78877
_12616_, 290.64, 356.32, 1.78877
_12664_, 290.64, 356.32, 1.78877
_12668_, 290.64, 356.32, 1.78877
FILLER_0_127_611, 290.64, 356.32, 1.78877
FILLER_0_127_629, 290.64, 356.32, 1.78877
FILLER_0_128_633, 290.64, 356.32, 1.78877
_12278_, 303.44, 356.32, 1.78875
_12281_, 303.44, 356.32, 1.78875
_12282_, 303.44, 356.32, 1.78875
_12617_, 303.44, 356.32, 1.78875
_12618_, 303.44, 356.32, 1.78875
_13113_, 303.44, 356.32, 1.78875
rebuffer17, 303.44, 356.32, 1.78875
FILLER_0_127_660, 303.44, 356.32, 1.78875
FILLER_0_128_657, 303.44, 356.32, 1.78875
_12259_, 316.24, 356.32, 1.78896
_12266_, 316.24, 356.32, 1.78896
_12267_, 316.24, 356.32, 1.78896
_12271_, 316.24, 356.32, 1.78896
_12299_, 316.24, 356.32, 1.78896
FILLER_0_127_669, 316.24, 356.32, 1.78896
FILLER_0_127_673, 316.24, 356.32, 1.78896
FILLER_0_127_685, 316.24, 356.32, 1.78896
_12111_, 341.84, 356.32, 1.78914
_12301_, 341.84, 356.32, 1.78914
_12303_, 341.84, 356.32, 1.78914
_12307_, 341.84, 356.32, 1.78914
_12309_, 341.84, 356.32, 1.78914
_12320_, 341.84, 356.32, 1.78914
_12321_, 341.84, 356.32, 1.78914
_12551_, 341.84, 356.32, 1.78914
_12293_, 354.64, 356.32, 1.78912
FILLER_0_126_752, 354.64, 356.32, 1.78912
FILLER_0_126_757, 354.64, 356.32, 1.78912
_12287_, 367.44, 356.32, 1.78911
FILLER_0_127_797, 367.44, 356.32, 1.78911
_12791_, 380.24, 356.32, 1.78911
_13030_, 380.24, 356.32, 1.78911
_13341_, 380.24, 356.32, 1.78911
_13482_, 380.24, 356.32, 1.78911
_16015_, 380.24, 356.32, 1.78911
hold39, 380.24, 356.32, 1.78911
FILLER_0_126_807, 380.24, 356.32, 1.78911
FILLER_0_127_811, 380.24, 356.32, 1.78911
_12909_, 393.04, 356.32, 1.78914
_12910_, 393.04, 356.32, 1.78914
_15960_, 393.04, 356.32, 1.78914
FILLER_0_127_830, 393.04, 356.32, 1.78914
FILLER_0_127_841, 393.04, 356.32, 1.78914
_09250_, 405.84, 356.32, 1.78918
_09251_, 405.84, 356.32, 1.78918
FILLER_0_126_869, 405.84, 356.32, 1.78918
FILLER_0_127_864, 405.84, 356.32, 1.78918
FILLER_0_127_881, 405.84, 356.32, 1.78918
_09256_, 418.64, 356.32, 1.78922
_15029_, 418.64, 356.32, 1.78922
_17408_, 418.64, 356.32, 1.78922
hold1905, 418.64, 356.32, 1.78922
FILLER_0_127_905, 418.64, 356.32, 1.78922
_09153_, 431.44, 356.32, 1.78926
_15078_, 431.44, 356.32, 1.78926
_15082_, 431.44, 356.32, 1.78926
_15085_, 431.44, 356.32, 1.78926
_17452_, 431.44, 356.32, 1.78926
_17459_, 431.44, 356.32, 1.78926
FILLER_0_126_916, 431.44, 356.32, 1.78926
_09155_, 444.24, 356.32, 1.78933
_15079_, 444.24, 356.32, 1.78933
_15081_, 444.24, 356.32, 1.78933
_17455_, 444.24, 356.32, 1.78933
FILLER_0_127_940, 444.24, 356.32, 1.78933
_09278_, 457.04, 356.32, 1.7894
_15010_, 457.04, 356.32, 1.7894
_17393_, 457.04, 356.32, 1.7894
hold1026, 457.04, 356.32, 1.7894
FILLER_0_126_973, 457.04, 356.32, 1.7894
FILLER_0_127_981, 457.04, 356.32, 1.7894
_15013_, 469.84, 356.32, 1.78948
_17395_, 469.84, 356.32, 1.78948
_17398_, 469.84, 356.32, 1.78948
FILLER_0_126_1005, 469.84, 356.32, 1.78948
FILLER_0_127_997, 469.84, 356.32, 1.78948
FILLER_0_127_1005, 469.84, 356.32, 1.78948
FILLER_0_127_1009, 469.84, 356.32, 1.78948
FILLER_0_128_1013, 469.84, 356.32, 1.78948
_15011_, 495.308, 356.32, 1.78955
_15017_, 495.308, 356.32, 1.78955
_17391_, 495.308, 356.32, 1.78955
_17397_, 495.308, 356.32, 1.78955
FILLER_0_127_1053, 495.308, 356.32, 1.78955
FILLER_0_127_1061, 495.308, 356.32, 1.78955
FILLER_0_127_1070, 495.308, 356.32, 1.78955
hold198, 507.977, 356.32, 1.78954
hold369, 507.977, 356.32, 1.78954
FILLER_0_126_1087, 507.977, 356.32, 1.78954
_08840_, 520.645, 356.32, 1.78953
_15264_, 520.645, 356.32, 1.78953
_17612_, 520.645, 356.32, 1.78953
FILLER_0_127_1113, 520.645, 356.32, 1.78953
FILLER_0_127_1121, 520.645, 356.32, 1.78953
FILLER_0_128_1121, 520.645, 356.32, 1.78953
_15256_, 533.314, 356.32, 1.78953
_15258_, 533.314, 356.32, 1.78953
hold990, 533.314, 356.32, 1.78953
FILLER_0_126_1144, 533.314, 356.32, 1.78953
FILLER_0_127_1166, 545.982, 356.32, 1.78953
FILLER_0_126_1196, 558.651, 356.32, 1.78953
PHY_248, 5.52, 350.88, 1.79199
PHY_250, 5.52, 350.88, 1.79199
output47, 5.52, 350.88, 1.79199
PHY_249, 571.32, 350.88, 1.78951
PHY_251, 571.32, 350.88, 1.78951
hold724, 571.32, 350.88, 1.78951
FILLER_0_125_1223, 571.32, 350.88, 1.78951
FILLER_0_125_21, 13.68, 350.88, 1.792
_14413_, 34.64, 350.88, 1.79178
_16853_, 34.64, 350.88, 1.79178
_16855_, 34.64, 350.88, 1.79178
FILLER_0_124_63, 34.64, 350.88, 1.79178
_10359_, 47.44, 350.88, 1.79156
_16794_, 47.44, 350.88, 1.79156
hold979, 47.44, 350.88, 1.79156
FILLER_0_124_81, 47.44, 350.88, 1.79156
FILLER_0_125_105, 47.44, 350.88, 1.79156
_10482_, 60.24, 350.88, 1.79134
_10483_, 60.24, 350.88, 1.79134
_16791_, 60.24, 350.88, 1.79134
FILLER_0_124_109, 60.24, 350.88, 1.79134
_10469_, 73.04, 350.88, 1.79114
_10476_, 73.04, 350.88, 1.79114
_14348_, 73.04, 350.88, 1.79114
_16774_, 73.04, 350.88, 1.79114
_16798_, 73.04, 350.88, 1.79114
hold503, 73.04, 350.88, 1.79114
_10516_, 85.84, 350.88, 1.79095
_10517_, 85.84, 350.88, 1.79095
_16777_, 85.84, 350.88, 1.79095
clkbuf_5_9__f_clk, 85.84, 350.88, 1.79095
hold428, 85.84, 350.88, 1.79095
_10510_, 98.64, 350.88, 1.79086
_10786_, 98.64, 350.88, 1.79086
_10792_, 111.44, 350.88, 1.79078
_10793_, 111.44, 350.88, 1.79078
_10802_, 111.44, 350.88, 1.79078
FILLER_0_125_218, 111.44, 350.88, 1.79078
FILLER_0_125_237, 111.44, 350.88, 1.79078
FILLER_0_126_244, 111.44, 350.88, 1.79078
_10903_, 124.24, 350.88, 1.79069
_14111_, 124.24, 350.88, 1.79069
_14114_, 124.24, 350.88, 1.79069
_16581_, 124.24, 350.88, 1.79069
hold530, 124.24, 350.88, 1.79069
FILLER_0_124_245, 124.24, 350.88, 1.79069
FILLER_0_125_245, 124.24, 350.88, 1.79069
FILLER_0_126_265, 124.24, 350.88, 1.79069
_10893_, 137.04, 350.88, 1.79062
_14112_, 137.04, 350.88, 1.79062
_16586_, 137.04, 350.88, 1.79062
FILLER_0_124_275, 137.04, 350.88, 1.79062
FILLER_0_125_281, 137.04, 350.88, 1.79062
FILLER_0_126_299, 137.04, 350.88, 1.79062
_10892_, 149.84, 350.88, 1.79055
_14133_, 149.84, 350.88, 1.79055
_16609_, 149.84, 350.88, 1.79055
hold1082, 149.84, 350.88, 1.79055
FILLER_0_124_304, 149.84, 350.88, 1.79055
FILLER_0_125_304, 149.84, 350.88, 1.79055
FILLER_0_125_312, 149.84, 350.88, 1.79055
FILLER_0_126_321, 149.84, 350.88, 1.79055
_10846_, 162.64, 350.88, 1.7905
_16605_, 162.64, 350.88, 1.7905
hold595, 162.64, 350.88, 1.7905
hold1799, 162.64, 350.88, 1.7905
FILLER_0_125_345, 162.64, 350.88, 1.7905
_12946_, 188.24, 350.88, 1.79001
_13401_, 188.24, 350.88, 1.79001
clkbuf_5_12__f_clk, 188.24, 350.88, 1.79001
ANTENNA_22, 188.24, 350.88, 1.79001
FILLER_0_124_387, 188.24, 350.88, 1.79001
FILLER_0_126_409, 188.24, 350.88, 1.79001
_18085_, 201.04, 350.88, 1.78966
FILLER_0_124_412, 201.04, 350.88, 1.78966
FILLER_0_125_437, 201.04, 350.88, 1.78966
FILLER_0_126_433, 201.04, 350.88, 1.78966
_07893_, 213.84, 350.88, 1.78932
_07894_, 213.84, 350.88, 1.78932
FILLER_0_125_443, 213.84, 350.88, 1.78932
_12669_, 226.64, 350.88, 1.78899
_12670_, 226.64, 350.88, 1.78899
_12684_, 226.64, 350.88, 1.78899
FILLER_0_124_472, 226.64, 350.88, 1.78899
FILLER_0_125_476, 226.64, 350.88, 1.78899
FILLER_0_125_484, 226.64, 350.88, 1.78899
clkbuf_leaf_100_clk, 239.44, 350.88, 1.78894
hold83, 239.44, 350.88, 1.78894
FILLER_0_126_522, 239.44, 350.88, 1.78894
_12077_, 252.24, 350.88, 1.78894
_13470_, 252.24, 350.88, 1.78894
FILLER_0_124_536, 252.24, 350.88, 1.78894
_12078_, 265.04, 350.88, 1.78895
_12153_, 265.04, 350.88, 1.78895
_12159_, 265.04, 350.88, 1.78895
_12666_, 265.04, 350.88, 1.78895
_12667_, 265.04, 350.88, 1.78895
FILLER_0_125_553, 265.04, 350.88, 1.78895
FILLER_0_125_561, 265.04, 350.88, 1.78895
_12082_, 277.84, 350.88, 1.78901
_12087_, 277.84, 350.88, 1.78901
_12141_, 277.84, 350.88, 1.78901
_12152_, 277.84, 350.88, 1.78901
FILLER_0_125_595, 277.84, 350.88, 1.78901
FILLER_0_126_603, 277.84, 350.88, 1.78901
_12557_, 290.64, 350.88, 1.78909
FILLER_0_124_608, 290.64, 350.88, 1.78909
FILLER_0_125_629, 290.64, 350.88, 1.78909
FILLER_0_126_625, 290.64, 350.88, 1.78909
_12091_, 303.44, 350.88, 1.78918
FILLER_0_124_645, 303.44, 350.88, 1.78918
FILLER_0_125_656, 303.44, 350.88, 1.78918
_11979_, 316.24, 350.88, 1.78928
_12107_, 341.84, 350.88, 1.78933
_12300_, 341.84, 350.88, 1.78933
_12288_, 354.64, 350.88, 1.78927
_12292_, 354.64, 350.88, 1.78927
FILLER_0_124_749, 354.64, 350.88, 1.78927
FILLER_0_125_797, 367.44, 350.88, 1.78923
_15888_, 380.24, 350.88, 1.78919
clkbuf_5_25__f_clk, 380.24, 350.88, 1.78919
FILLER_0_124_805, 380.24, 350.88, 1.78919
_13420_, 393.04, 350.88, 1.78923
FILLER_0_125_834, 393.04, 350.88, 1.78923
_09257_, 405.84, 350.88, 1.78928
_17404_, 405.84, 350.88, 1.78928
FILLER_0_124_865, 405.84, 350.88, 1.78928
FILLER_0_125_877, 405.84, 350.88, 1.78928
_09248_, 418.64, 350.88, 1.78933
_09249_, 418.64, 350.88, 1.78933
_15025_, 418.64, 350.88, 1.78933
hold1405, 418.64, 350.88, 1.78933
FILLER_0_125_905, 418.64, 350.88, 1.78933
_09152_, 431.44, 350.88, 1.78938
_17456_, 431.44, 350.88, 1.78938
hold736, 431.44, 350.88, 1.78938
FILLER_0_124_915, 431.44, 350.88, 1.78938
_09154_, 444.24, 350.88, 1.78945
FILLER_0_124_949, 444.24, 350.88, 1.78945
FILLER_0_125_945, 444.24, 350.88, 1.78945
FILLER_0_125_965, 444.24, 350.88, 1.78945
_09196_, 457.04, 350.88, 1.78951
_09197_, 457.04, 350.88, 1.78951
_15057_, 457.04, 350.88, 1.78951
_15058_, 457.04, 350.88, 1.78951
hold737, 457.04, 350.88, 1.78951
_09192_, 469.84, 350.88, 1.78957
_09193_, 469.84, 350.88, 1.78957
_15060_, 469.84, 350.88, 1.78957
hold137, 469.84, 350.88, 1.78957
FILLER_0_125_1002, 469.84, 350.88, 1.78957
_09270_, 495.308, 350.88, 1.78961
_09271_, 495.308, 350.88, 1.78961
_09272_, 495.308, 350.88, 1.78961
hold199, 495.308, 350.88, 1.78961
_08885_, 507.977, 350.88, 1.78958
_08892_, 507.977, 350.88, 1.78958
_08893_, 507.977, 350.88, 1.78958
hold1612, 507.977, 350.88, 1.78958
FILLER_0_124_1085, 507.977, 350.88, 1.78958
FILLER_0_125_1084, 507.977, 350.88, 1.78958
FILLER_0_125_1100, 507.977, 350.88, 1.78958
_08841_, 520.645, 350.88, 1.78955
_17614_, 520.645, 350.88, 1.78955
hold1818, 520.645, 350.88, 1.78955
FILLER_0_125_1114, 520.645, 350.88, 1.78955
FILLER_0_125_1121, 520.645, 350.88, 1.78955
FILLER_0_125_1128, 520.645, 350.88, 1.78955
_08826_, 533.314, 350.88, 1.78954
_08836_, 533.314, 350.88, 1.78954
hold1494, 533.314, 350.88, 1.78954
hold1753, 533.314, 350.88, 1.78954
FILLER_0_126_1149, 533.314, 350.88, 1.78954
_08918_, 545.982, 350.88, 1.78952
_08919_, 545.982, 350.88, 1.78952
_17573_, 545.982, 350.88, 1.78952
hold1046, 545.982, 350.88, 1.78952
FILLER_0_125_1166, 545.982, 350.88, 1.78952
FILLER_0_125_1173, 545.982, 350.88, 1.78952
FILLER_0_125_1188, 545.982, 350.88, 1.78952
_08911_, 558.651, 350.88, 1.78951
_15211_, 558.651, 350.88, 1.78951
_17577_, 558.651, 350.88, 1.78951
hold958, 558.651, 350.88, 1.78951
FILLER_0_124_1193, 558.651, 350.88, 1.78951
PHY_244, 5.52, 345.44, 1.79199
PHY_246, 5.52, 345.44, 1.79199
_08910_, 571.32, 345.44, 1.78869
PHY_245, 571.32, 345.44, 1.78869
PHY_247, 571.32, 345.44, 1.78869
output28, 571.32, 345.44, 1.78869
_14420_, 34.64, 345.44, 1.7918
clkbuf_leaf_51_clk, 34.64, 345.44, 1.7918
FILLER_0_123_51, 34.64, 345.44, 1.7918
FILLER_0_124_73, 34.64, 345.44, 1.7918
_10357_, 47.44, 345.44, 1.79166
_14414_, 47.44, 345.44, 1.79166
hold841, 47.44, 345.44, 1.79166
FILLER_0_123_105, 47.44, 345.44, 1.79166
_14345_, 60.24, 345.44, 1.79153
hold1468, 60.24, 345.44, 1.79153
FILLER_0_122_134, 73.04, 345.44, 1.79139
_10511_, 85.84, 345.44, 1.79125
FILLER_0_123_161, 85.84, 345.44, 1.79125
FILLER_0_124_177, 85.84, 345.44, 1.79125
FILLER_0_124_186, 85.84, 345.44, 1.79125
_10787_, 98.64, 345.44, 1.79111
_10803_, 98.64, 345.44, 1.79111
_16639_, 98.64, 345.44, 1.79111
clkbuf_leaf_42_clk, 98.64, 345.44, 1.79111
hold928, 98.64, 345.44, 1.79111
FILLER_0_122_189, 98.64, 345.44, 1.79111
FILLER_0_123_193, 98.64, 345.44, 1.79111
_16636_, 111.44, 345.44, 1.79102
hold117, 111.44, 345.44, 1.79102
hold1334, 111.44, 345.44, 1.79102
_10902_, 124.24, 345.44, 1.79093
_16585_, 124.24, 345.44, 1.79093
FILLER_0_122_253, 124.24, 345.44, 1.79093
_10894_, 137.04, 345.44, 1.79085
_14115_, 137.04, 345.44, 1.79085
_14117_, 137.04, 345.44, 1.79085
hold2013, 137.04, 345.44, 1.79085
_10860_, 149.84, 345.44, 1.79077
_10861_, 149.84, 345.44, 1.79077
_14142_, 149.84, 345.44, 1.79077
_16601_, 149.84, 345.44, 1.79077
_16602_, 149.84, 345.44, 1.79077
hold977, 149.84, 345.44, 1.79077
FILLER_0_123_305, 149.84, 345.44, 1.79077
FILLER_0_124_317, 149.84, 345.44, 1.79077
_10862_, 162.64, 345.44, 1.79071
_14135_, 162.64, 345.44, 1.79071
_14139_, 162.64, 345.44, 1.79071
_16606_, 162.64, 345.44, 1.79071
FILLER_0_123_337, 162.64, 345.44, 1.79071
FILLER_0_123_350, 162.64, 345.44, 1.79071
FILLER_0_124_352, 162.64, 345.44, 1.79071
hold2175, 188.24, 345.44, 1.79049
FILLER_0_123_388, 188.24, 345.44, 1.79049
_07896_, 201.04, 345.44, 1.79033
_07897_, 201.04, 345.44, 1.79033
_15779_, 201.04, 345.44, 1.79033
_15972_, 201.04, 345.44, 1.79033
FILLER_0_122_414, 201.04, 345.44, 1.79033
FILLER_0_123_417, 201.04, 345.44, 1.79033
_12880_, 213.84, 345.44, 1.79019
_12881_, 213.84, 345.44, 1.79019
_13086_, 213.84, 345.44, 1.79019
hold102, 213.84, 345.44, 1.79019
hold2247, 213.84, 345.44, 1.79019
FILLER_0_122_444, 213.84, 345.44, 1.79019
FILLER_0_124_457, 213.84, 345.44, 1.79019
_13085_, 226.64, 345.44, 1.79007
_13292_, 226.64, 345.44, 1.79007
hold101, 226.64, 345.44, 1.79007
FILLER_0_124_494, 226.64, 345.44, 1.79007
_13003_, 239.44, 345.44, 1.78996
_13363_, 239.44, 345.44, 1.78996
_15908_, 239.44, 345.44, 1.78996
_16004_, 239.44, 345.44, 1.78996
FILLER_0_123_496, 239.44, 345.44, 1.78996
FILLER_0_123_510, 239.44, 345.44, 1.78996
FILLER_0_124_522, 239.44, 345.44, 1.78996
_12068_, 252.24, 345.44, 1.78988
_12812_, 252.24, 345.44, 1.78988
_12813_, 252.24, 345.44, 1.78988
hold2191, 252.24, 345.44, 1.78988
_12140_, 277.84, 345.44, 1.78975
FILLER_0_122_583, 277.84, 345.44, 1.78975
FILLER_0_123_597, 277.84, 345.44, 1.78975
_12222_, 290.64, 345.44, 1.78969
_13134_, 303.44, 345.44, 1.78964
FILLER_0_122_635, 303.44, 345.44, 1.78964
FILLER_0_122_669, 316.24, 345.44, 1.7896
FILLER_0_123_665, 316.24, 345.44, 1.7896
_12306_, 341.84, 345.44, 1.78944
_12574_, 341.84, 345.44, 1.78944
_15886_, 341.84, 345.44, 1.78944
hold2183, 341.84, 345.44, 1.78944
FILLER_0_122_723, 341.84, 345.44, 1.78944
FILLER_0_123_741, 341.84, 345.44, 1.78944
_13032_, 354.64, 345.44, 1.78934
hold19, 354.64, 345.44, 1.78934
_12388_, 367.44, 345.44, 1.78926
_13339_, 367.44, 345.44, 1.78926
FILLER_0_122_781, 367.44, 345.44, 1.78926
FILLER_0_123_776, 367.44, 345.44, 1.78926
FILLER_0_124_793, 367.44, 345.44, 1.78926
_12517_, 380.24, 345.44, 1.7892
_12784_, 380.24, 345.44, 1.7892
_12785_, 380.24, 345.44, 1.7892
_13343_, 380.24, 345.44, 1.7892
_13485_, 380.24, 345.44, 1.7892
_16018_, 380.24, 345.44, 1.7892
hold2217, 380.24, 345.44, 1.7892
_12851_, 393.04, 345.44, 1.78917
_16050_, 393.04, 345.44, 1.78917
clkbuf_leaf_158_clk, 393.04, 345.44, 1.78917
FILLER_0_124_845, 393.04, 345.44, 1.78917
_12850_, 405.84, 345.44, 1.7892
_13450_, 405.84, 345.44, 1.7892
FILLER_0_122_865, 405.84, 345.44, 1.7892
FILLER_0_123_882, 405.84, 345.44, 1.7892
_09245_, 418.64, 345.44, 1.78923
_15021_, 418.64, 345.44, 1.78923
_15026_, 418.64, 345.44, 1.78923
_15031_, 418.64, 345.44, 1.78923
_17410_, 418.64, 345.44, 1.78923
FILLER_0_124_905, 418.64, 345.44, 1.78923
_09156_, 431.44, 345.44, 1.78927
_15076_, 431.44, 345.44, 1.78927
_17454_, 431.44, 345.44, 1.78927
hold1001, 431.44, 345.44, 1.78927
hold1933, 431.44, 345.44, 1.78927
FILLER_0_123_915, 431.44, 345.44, 1.78927
_09145_, 444.24, 345.44, 1.78933
_17434_, 444.24, 345.44, 1.78933
FILLER_0_123_942, 444.24, 345.44, 1.78933
FILLER_0_123_965, 444.24, 345.44, 1.78933
FILLER_0_124_957, 444.24, 345.44, 1.78933
_09198_, 457.04, 345.44, 1.78939
_09199_, 457.04, 345.44, 1.78939
_17433_, 457.04, 345.44, 1.78939
_17436_, 457.04, 345.44, 1.78939
hold1187, 457.04, 345.44, 1.78939
hold1343, 457.04, 345.44, 1.78939
_09189_, 469.84, 345.44, 1.78946
_15062_, 469.84, 345.44, 1.78946
_17432_, 469.84, 345.44, 1.78946
_17438_, 469.84, 345.44, 1.78946
FILLER_0_123_1077, 495.308, 345.44, 1.78938
_08884_, 507.977, 345.44, 1.78922
_15231_, 507.977, 345.44, 1.78922
_17586_, 507.977, 345.44, 1.78922
_17590_, 507.977, 345.44, 1.78922
FILLER_0_122_1085, 507.977, 345.44, 1.78922
_08827_, 520.645, 345.44, 1.78906
_08838_, 520.645, 345.44, 1.78906
_08839_, 520.645, 345.44, 1.78906
_08896_, 520.645, 345.44, 1.78906
_08897_, 520.645, 345.44, 1.78906
_15227_, 520.645, 345.44, 1.78906
clkbuf_leaf_145_clk, 520.645, 345.44, 1.78906
hold1529, 520.645, 345.44, 1.78906
FILLER_0_122_1113, 520.645, 345.44, 1.78906
FILLER_0_123_1117, 520.645, 345.44, 1.78906
FILLER_0_124_1121, 520.645, 345.44, 1.78906
_08837_, 533.314, 345.44, 1.78896
_15257_, 533.314, 345.44, 1.78896
_15263_, 533.314, 345.44, 1.78896
_17576_, 533.314, 345.44, 1.78896
FILLER_0_123_1149, 533.314, 345.44, 1.78896
FILLER_0_124_1152, 533.314, 345.44, 1.78896
_08912_, 545.982, 345.44, 1.78886
_08913_, 545.982, 345.44, 1.78886
_08923_, 545.982, 345.44, 1.78886
_15216_, 545.982, 345.44, 1.78886
_17571_, 545.982, 345.44, 1.78886
hold1871, 545.982, 345.44, 1.78886
_08916_, 558.651, 345.44, 1.78877
_08917_, 558.651, 345.44, 1.78877
_08921_, 558.651, 345.44, 1.78877
_08922_, 558.651, 345.44, 1.78877
_15213_, 558.651, 345.44, 1.78877
_15214_, 558.651, 345.44, 1.78877
_15217_, 558.651, 345.44, 1.78877
_17574_, 558.651, 345.44, 1.78877
FILLER_0_122_1195, 558.651, 345.44, 1.78877
FILLER_0_123_1192, 558.651, 345.44, 1.78877
PHY_240, 5.52, 340, 1.7919
PHY_242, 5.52, 340, 1.7919
PHY_241, 571.32, 340, 1.78949
PHY_243, 571.32, 340, 1.78949
hold1365, 571.32, 340, 1.78949
FILLER_0_120_1217, 571.32, 340, 1.78949
_10349_, 34.64, 340, 1.79173
_14410_, 34.64, 340, 1.79173
_14418_, 34.64, 340, 1.79173
_14419_, 34.64, 340, 1.79173
_16854_, 34.64, 340, 1.79173
FILLER_0_121_53, 34.64, 340, 1.79173
FILLER_0_121_65, 34.64, 340, 1.79173
_10356_, 47.44, 340, 1.79156
hold961, 47.44, 340, 1.79156
FILLER_0_121_104, 47.44, 340, 1.79156
_10426_, 60.24, 340, 1.7914
_10427_, 60.24, 340, 1.7914
_10436_, 60.24, 340, 1.7914
_16819_, 60.24, 340, 1.7914
hold2014, 60.24, 340, 1.7914
_10432_, 73.04, 340, 1.79124
_10433_, 73.04, 340, 1.79124
_14372_, 73.04, 340, 1.79124
_16811_, 73.04, 340, 1.79124
hold291, 73.04, 340, 1.79124
hold1448, 73.04, 340, 1.79124
hold923, 85.84, 340, 1.79109
_14175_, 98.64, 340, 1.79094
_16631_, 98.64, 340, 1.79094
FILLER_0_120_190, 98.64, 340, 1.79094
FILLER_0_121_193, 98.64, 340, 1.79094
_14167_, 111.44, 340, 1.7908
_14172_, 111.44, 340, 1.7908
_16632_, 111.44, 340, 1.7908
FILLER_0_121_228, 111.44, 340, 1.7908
FILLER_0_121_236, 111.44, 340, 1.7908
_10800_, 124.24, 340, 1.79067
clkbuf_leaf_43_clk, 124.24, 340, 1.79067
hold992, 124.24, 340, 1.79067
_10885_, 137.04, 340, 1.79058
_10897_, 137.04, 340, 1.79058
_14121_, 137.04, 340, 1.79058
_16584_, 137.04, 340, 1.79058
_16590_, 137.04, 340, 1.79058
_10863_, 149.84, 340, 1.79051
_10884_, 149.84, 340, 1.79051
_10896_, 149.84, 340, 1.79051
_14134_, 149.84, 340, 1.79051
FILLER_0_121_321, 149.84, 340, 1.79051
FILLER_0_121_327, 149.84, 340, 1.79051
_10852_, 162.64, 340, 1.79044
_10853_, 162.64, 340, 1.79044
_13111_, 162.64, 340, 1.79044
_16610_, 162.64, 340, 1.79044
clkbuf_leaf_35_clk, 162.64, 340, 1.79044
hold1209, 162.64, 340, 1.79044
FILLER_0_120_333, 162.64, 340, 1.79044
_12686_, 188.24, 340, 1.79017
_12687_, 188.24, 340, 1.79017
_16036_, 188.24, 340, 1.79017
hold2156, 188.24, 340, 1.79017
hold2266, 188.24, 340, 1.79017
FILLER_0_122_401, 188.24, 340, 1.79017
_13435_, 201.04, 340, 1.78989
_18084_, 201.04, 340, 1.78989
FILLER_0_121_413, 201.04, 340, 1.78989
_07899_, 213.84, 340, 1.78963
_12682_, 213.84, 340, 1.78963
_15844_, 213.84, 340, 1.78963
FILLER_0_120_448, 213.84, 340, 1.78963
FILLER_0_121_439, 213.84, 340, 1.78963
_12683_, 226.64, 340, 1.78938
FILLER_0_121_467, 226.64, 340, 1.78938
FILLER_0_121_489, 226.64, 340, 1.78938
FILLER_0_122_489, 226.64, 340, 1.78938
_12219_, 239.44, 340, 1.78915
_13004_, 239.44, 340, 1.78915
_13362_, 239.44, 340, 1.78915
_15907_, 239.44, 340, 1.78915
hold51, 239.44, 340, 1.78915
hold55, 239.44, 340, 1.78915
_12067_, 252.24, 340, 1.78896
_12069_, 252.24, 340, 1.78896
_12070_, 252.24, 340, 1.78896
_12815_, 252.24, 340, 1.78896
_16003_, 252.24, 340, 1.78896
FILLER_0_122_541, 252.24, 340, 1.78896
_12690_, 265.04, 340, 1.7888
_12814_, 265.04, 340, 1.7888
_13469_, 265.04, 340, 1.7888
hold2211, 265.04, 340, 1.7888
_12220_, 277.84, 340, 1.78865
_12678_, 277.84, 340, 1.78865
_12679_, 277.84, 340, 1.78865
_12680_, 277.84, 340, 1.78865
_12681_, 277.84, 340, 1.78865
FILLER_0_121_581, 277.84, 340, 1.78865
FILLER_0_121_599, 277.84, 340, 1.78865
FILLER_0_122_601, 277.84, 340, 1.78865
_12245_, 290.64, 340, 1.78876
_12676_, 290.64, 340, 1.78876
_12689_, 290.64, 340, 1.78876
_13125_, 303.44, 340, 1.78893
_13129_, 303.44, 340, 1.78893
_13366_, 303.44, 340, 1.78893
FILLER_0_120_645, 303.44, 340, 1.78893
FILLER_0_121_635, 303.44, 340, 1.78893
FILLER_0_121_647, 303.44, 340, 1.78893
_12792_, 316.24, 340, 1.78913
_12795_, 316.24, 340, 1.78913
_12796_, 316.24, 340, 1.78913
_13373_, 316.24, 340, 1.78913
_15917_, 316.24, 340, 1.78913
_16013_, 316.24, 340, 1.78913
hold2227, 316.24, 340, 1.78913
FILLER_0_121_668, 316.24, 340, 1.78913
_12305_, 341.84, 340, 1.78926
_12573_, 341.84, 340, 1.78926
_13515_, 341.84, 340, 1.78926
FILLER_0_122_738, 341.84, 340, 1.78926
_12331_, 354.64, 340, 1.78916
_13027_, 367.44, 340, 1.78907
_15890_, 367.44, 340, 1.78907
hold37, 367.44, 340, 1.78907
FILLER_0_121_785, 367.44, 340, 1.78907
FILLER_0_122_798, 367.44, 340, 1.78907
_12002_, 380.24, 340, 1.78899
_12339_, 380.24, 340, 1.78899
_12516_, 380.24, 340, 1.78899
FILLER_0_121_820, 380.24, 340, 1.78899
_07866_, 393.04, 340, 1.78894
_07867_, 393.04, 340, 1.78894
_12513_, 393.04, 340, 1.78894
_13071_, 393.04, 340, 1.78894
_13520_, 393.04, 340, 1.78894
_15986_, 393.04, 340, 1.78894
hold2202, 393.04, 340, 1.78894
FILLER_0_121_841, 393.04, 340, 1.78894
_12515_, 405.84, 340, 1.78891
_17405_, 405.84, 340, 1.78891
hold2251, 405.84, 340, 1.78891
FILLER_0_122_881, 405.84, 340, 1.78891
_09244_, 418.64, 340, 1.78897
_09254_, 418.64, 340, 1.78897
_09255_, 418.64, 340, 1.78897
hold1208, 418.64, 340, 1.78897
FILLER_0_121_900, 418.64, 340, 1.78897
_09157_, 431.44, 340, 1.78903
_15080_, 431.44, 340, 1.78903
_17460_, 431.44, 340, 1.78903
FILLER_0_120_914, 431.44, 340, 1.78903
FILLER_0_120_925, 431.44, 340, 1.78903
FILLER_0_121_924, 431.44, 340, 1.78903
_15086_, 444.24, 340, 1.7891
_17435_, 444.24, 340, 1.7891
clkbuf_leaf_152_clk, 444.24, 340, 1.7891
_09194_, 457.04, 340, 1.78923
_09195_, 457.04, 340, 1.78923
_15059_, 457.04, 340, 1.78923
_15056_, 469.84, 340, 1.78935
clkbuf_leaf_153_clk, 469.84, 340, 1.78935
clkbuf_5_28__f_clk, 469.84, 340, 1.78935
_08849_, 495.308, 340, 1.78957
FILLER_0_121_1060, 495.308, 340, 1.78957
_08894_, 507.977, 340, 1.78954
_15225_, 507.977, 340, 1.78954
_17584_, 507.977, 340, 1.78954
hold1213, 507.977, 340, 1.78954
FILLER_0_120_1081, 507.977, 340, 1.78954
FILLER_0_121_1089, 507.977, 340, 1.78954
_17613_, 520.645, 340, 1.78951
_17619_, 520.645, 340, 1.78951
FILLER_0_121_1121, 520.645, 340, 1.78951
hold2038, 533.314, 340, 1.7895
FILLER_0_120_1137, 533.314, 340, 1.7895
FILLER_0_120_1145, 533.314, 340, 1.7895
FILLER_0_122_1157, 533.314, 340, 1.7895
hold1507, 545.982, 340, 1.7895
FILLER_0_120_1173, 545.982, 340, 1.7895
FILLER_0_121_1169, 545.982, 340, 1.7895
_08920_, 558.651, 340, 1.78949
_15212_, 558.651, 340, 1.78949
_17572_, 558.651, 340, 1.78949
FILLER_0_120_1201, 558.651, 340, 1.78949
FILLER_0_121_1201, 558.651, 340, 1.78949
FILLER_0_121_1214, 558.651, 340, 1.78949
PHY_236, 5.52, 334.56, 1.7918
PHY_238, 5.52, 334.56, 1.7918
_08905_, 571.32, 334.56, 1.78922
PHY_237, 571.32, 334.56, 1.78922
PHY_239, 571.32, 334.56, 1.78922
FILLER_0_119_1217, 571.32, 334.56, 1.78922
_14411_, 34.64, 334.56, 1.79159
_16851_, 34.64, 334.56, 1.79159
hold899, 34.64, 334.56, 1.79159
hold1710, 34.64, 334.56, 1.79159
FILLER_0_118_53, 34.64, 334.56, 1.79159
FILLER_0_118_61, 34.64, 334.56, 1.79159
FILLER_0_119_52, 34.64, 334.56, 1.79159
_10362_, 47.44, 334.56, 1.79139
_10363_, 47.44, 334.56, 1.79139
_16814_, 47.44, 334.56, 1.79139
clkbuf_5_8__f_clk, 47.44, 334.56, 1.79139
FILLER_0_118_79, 47.44, 334.56, 1.79139
FILLER_0_119_81, 47.44, 334.56, 1.79139
FILLER_0_119_89, 47.44, 334.56, 1.79139
_10437_, 60.24, 334.56, 1.79128
_14366_, 60.24, 334.56, 1.79128
_14370_, 60.24, 334.56, 1.79128
_14375_, 60.24, 334.56, 1.79128
_16816_, 60.24, 334.56, 1.79128
_10443_, 73.04, 334.56, 1.79118
_14367_, 73.04, 334.56, 1.79118
FILLER_0_118_133, 73.04, 334.56, 1.79118
FILLER_0_119_158, 73.04, 334.56, 1.79118
_10442_, 85.84, 334.56, 1.79108
FILLER_0_118_165, 85.84, 334.56, 1.79108
FILLER_0_118_173, 85.84, 334.56, 1.79108
_10798_, 98.64, 334.56, 1.79098
_10799_, 98.64, 334.56, 1.79098
_14169_, 98.64, 334.56, 1.79098
_16633_, 98.64, 334.56, 1.79098
FILLER_0_118_191, 98.64, 334.56, 1.79098
FILLER_0_118_197, 98.64, 334.56, 1.79098
FILLER_0_119_205, 98.64, 334.56, 1.79098
_14166_, 111.44, 334.56, 1.79089
_14168_, 111.44, 334.56, 1.79089
_14176_, 111.44, 334.56, 1.79089
_16635_, 111.44, 334.56, 1.79089
hold502, 111.44, 334.56, 1.79089
hold985, 111.44, 334.56, 1.79089
FILLER_0_119_218, 111.44, 334.56, 1.79089
FILLER_0_119_233, 111.44, 334.56, 1.79089
FILLER_0_120_233, 111.44, 334.56, 1.79089
_10801_, 124.24, 334.56, 1.79081
_10895_, 124.24, 334.56, 1.79081
_14116_, 124.24, 334.56, 1.79081
_14171_, 124.24, 334.56, 1.79081
hold2054, 124.24, 334.56, 1.79081
hold1819, 137.04, 334.56, 1.79073
FILLER_0_118_301, 149.84, 334.56, 1.79065
_10836_, 162.64, 334.56, 1.79057
_10837_, 162.64, 334.56, 1.79057
hold1583, 162.64, 334.56, 1.79057
FILLER_0_118_339, 162.64, 334.56, 1.79057
FILLER_0_119_329, 162.64, 334.56, 1.79057
_12932_, 188.24, 334.56, 1.7901
_13505_, 188.24, 334.56, 1.7901
_16035_, 188.24, 334.56, 1.7901
clkbuf_leaf_36_clk, 188.24, 334.56, 1.7901
FILLER_0_118_394, 188.24, 334.56, 1.7901
_12695_, 201.04, 334.56, 1.78976
FILLER_0_118_417, 201.04, 334.56, 1.78976
FILLER_0_119_433, 201.04, 334.56, 1.78976
_07898_, 213.84, 334.56, 1.78942
_12883_, 213.84, 334.56, 1.78942
_15778_, 213.84, 334.56, 1.78942
_15971_, 213.84, 334.56, 1.78942
_13291_, 226.64, 334.56, 1.78911
_13322_, 226.64, 334.56, 1.78911
_15843_, 226.64, 334.56, 1.78911
FILLER_0_118_477, 226.64, 334.56, 1.78911
_12694_, 239.44, 334.56, 1.78881
_13087_, 239.44, 334.56, 1.78881
hold77, 239.44, 334.56, 1.78881
FILLER_0_119_501, 239.44, 334.56, 1.78881
_12071_, 252.24, 334.56, 1.78869
_12072_, 252.24, 334.56, 1.78869
_12223_, 252.24, 334.56, 1.78869
_12224_, 252.24, 334.56, 1.78869
FILLER_0_118_523, 252.24, 334.56, 1.78869
FILLER_0_119_537, 252.24, 334.56, 1.78869
_12691_, 265.04, 334.56, 1.7886
_12692_, 265.04, 334.56, 1.7886
FILLER_0_119_552, 265.04, 334.56, 1.7886
FILLER_0_119_561, 265.04, 334.56, 1.7886
FILLER_0_119_577, 265.04, 334.56, 1.7886
_12073_, 277.84, 334.56, 1.78862
_12216_, 277.84, 334.56, 1.78862
_12217_, 277.84, 334.56, 1.78862
_12218_, 277.84, 334.56, 1.78862
_12225_, 277.84, 334.56, 1.78862
_12226_, 277.84, 334.56, 1.78862
_12244_, 277.84, 334.56, 1.78862
FILLER_0_118_581, 277.84, 334.56, 1.78862
FILLER_0_119_603, 277.84, 334.56, 1.78862
_12227_, 290.64, 334.56, 1.78874
_12246_, 290.64, 334.56, 1.78874
_12674_, 290.64, 334.56, 1.78874
_12675_, 290.64, 334.56, 1.78874
_12677_, 290.64, 334.56, 1.78874
_12688_, 290.64, 334.56, 1.78874
FILLER_0_118_609, 290.64, 334.56, 1.78874
_13399_, 303.44, 334.56, 1.78893
FILLER_0_118_641, 303.44, 334.56, 1.78893
_12990_, 316.24, 334.56, 1.78914
_12991_, 316.24, 334.56, 1.78914
_15853_, 316.24, 334.56, 1.78914
clkbuf_leaf_102_clk, 316.24, 334.56, 1.78914
FILLER_0_118_669, 316.24, 334.56, 1.78914
FILLER_0_119_664, 316.24, 334.56, 1.78914
FILLER_0_119_673, 316.24, 334.56, 1.78914
_13445_, 341.84, 334.56, 1.78927
clkbuf_leaf_163_clk, 341.84, 334.56, 1.78927
FILLER_0_119_724, 341.84, 334.56, 1.78927
_12113_, 354.64, 334.56, 1.78917
_12343_, 354.64, 334.56, 1.78917
_12344_, 354.64, 334.56, 1.78917
FILLER_0_118_752, 354.64, 334.56, 1.78917
FILLER_0_119_749, 354.64, 334.56, 1.78917
_12001_, 367.44, 334.56, 1.78909
_12003_, 367.44, 334.56, 1.78909
_12340_, 367.44, 334.56, 1.78909
_12509_, 367.44, 334.56, 1.78909
_12510_, 367.44, 334.56, 1.78909
FILLER_0_118_777, 367.44, 334.56, 1.78909
FILLER_0_120_800, 367.44, 334.56, 1.78909
_12512_, 380.24, 334.56, 1.78904
FILLER_0_118_807, 380.24, 334.56, 1.78904
FILLER_0_118_813, 380.24, 334.56, 1.78904
FILLER_0_120_825, 380.24, 334.56, 1.78904
_13307_, 393.04, 334.56, 1.78907
_15858_, 393.04, 334.56, 1.78907
_18098_, 393.04, 334.56, 1.78907
hold84, 393.04, 334.56, 1.78907
hold85, 393.04, 334.56, 1.78907
_12514_, 405.84, 334.56, 1.78914
_15794_, 405.84, 334.56, 1.78914
FILLER_0_118_863, 405.84, 334.56, 1.78914
_17451_, 418.64, 334.56, 1.78923
FILLER_0_119_889, 418.64, 334.56, 1.78923
_09150_, 431.44, 334.56, 1.78931
_09151_, 431.44, 334.56, 1.78931
_09162_, 431.44, 334.56, 1.78931
_09163_, 431.44, 334.56, 1.78931
_15077_, 431.44, 334.56, 1.78931
_15083_, 431.44, 334.56, 1.78931
hold1305, 431.44, 334.56, 1.78931
FILLER_0_118_913, 431.44, 334.56, 1.78931
_09144_, 444.24, 334.56, 1.7894
_15084_, 444.24, 334.56, 1.7894
hold2058, 444.24, 334.56, 1.7894
FILLER_0_119_941, 444.24, 334.56, 1.7894
FILLER_0_119_947, 444.24, 334.56, 1.7894
FILLER_0_119_965, 444.24, 334.56, 1.7894
_09190_, 457.04, 334.56, 1.78949
_09191_, 457.04, 334.56, 1.78949
_09202_, 457.04, 334.56, 1.78949
_09203_, 457.04, 334.56, 1.78949
_15054_, 457.04, 334.56, 1.78949
_15055_, 457.04, 334.56, 1.78949
_15061_, 457.04, 334.56, 1.78949
hold1462, 457.04, 334.56, 1.78949
FILLER_0_119_971, 457.04, 334.56, 1.78949
_09187_, 469.84, 334.56, 1.78958
_09200_, 469.84, 334.56, 1.78958
_09201_, 469.84, 334.56, 1.78958
_15063_, 469.84, 334.56, 1.78958
_15064_, 469.84, 334.56, 1.78958
_17439_, 469.84, 334.56, 1.78958
FILLER_0_119_996, 469.84, 334.56, 1.78958
_08848_, 495.308, 334.56, 1.78954
_15248_, 495.308, 334.56, 1.78954
_15252_, 495.308, 334.56, 1.78954
hold382, 495.308, 334.56, 1.78954
hold787, 495.308, 334.56, 1.78954
hold921, 495.308, 334.56, 1.78954
_08887_, 507.977, 334.56, 1.7894
_08895_, 507.977, 334.56, 1.7894
_15226_, 507.977, 334.56, 1.7894
_15230_, 507.977, 334.56, 1.7894
_17585_, 507.977, 334.56, 1.7894
clkbuf_5_29__f_clk, 507.977, 334.56, 1.7894
hold907, 520.645, 334.56, 1.78935
_08829_, 533.314, 334.56, 1.78931
_15262_, 533.314, 334.56, 1.78931
_08908_, 545.982, 334.56, 1.78926
_08909_, 545.982, 334.56, 1.78926
_08914_, 545.982, 334.56, 1.78926
_08915_, 545.982, 334.56, 1.78926
hold1071, 545.982, 334.56, 1.78926
hold1729, 545.982, 334.56, 1.78926
FILLER_0_119_1165, 545.982, 334.56, 1.78926
_08906_, 558.651, 334.56, 1.78922
clkbuf_leaf_146_clk, 558.651, 334.56, 1.78922
FILLER_0_118_1200, 558.651, 334.56, 1.78922
FILLER_0_119_1190, 558.651, 334.56, 1.78922
top_130, 5.52, 329.12, 1.79184
PHY_232, 5.52, 329.12, 1.79184
PHY_234, 5.52, 329.12, 1.79184
PHY_233, 571.32, 329.12, 1.78958
PHY_235, 571.32, 329.12, 1.78958
hold379, 571.32, 329.12, 1.78958
_10348_, 34.64, 329.12, 1.79168
_14388_, 34.64, 329.12, 1.79168
FILLER_0_116_53, 34.64, 329.12, 1.79168
FILLER_0_116_61, 34.64, 329.12, 1.79168
FILLER_0_117_69, 34.64, 329.12, 1.79168
_14392_, 47.44, 329.12, 1.79152
hold1067, 47.44, 329.12, 1.79152
FILLER_0_117_96, 47.44, 329.12, 1.79152
FILLER_0_117_104, 47.44, 329.12, 1.79152
_10430_, 60.24, 329.12, 1.79137
_10431_, 60.24, 329.12, 1.79137
_14373_, 60.24, 329.12, 1.79137
hold130, 60.24, 329.12, 1.79137
_10440_, 73.04, 329.12, 1.79122
_10441_, 73.04, 329.12, 1.79122
_14368_, 73.04, 329.12, 1.79122
_16812_, 73.04, 329.12, 1.79122
hold1737, 73.04, 329.12, 1.79122
FILLER_0_117_139, 73.04, 329.12, 1.79122
FILLER_0_117_152, 73.04, 329.12, 1.79122
_10877_, 85.84, 329.12, 1.79107
_16594_, 85.84, 329.12, 1.79107
clkbuf_leaf_47_clk, 85.84, 329.12, 1.79107
hold1163, 85.84, 329.12, 1.79107
FILLER_0_117_164, 85.84, 329.12, 1.79107
_10864_, 98.64, 329.12, 1.79098
_10872_, 98.64, 329.12, 1.79098
_10873_, 98.64, 329.12, 1.79098
_14126_, 98.64, 329.12, 1.79098
_16638_, 98.64, 329.12, 1.79098
_16640_, 98.64, 329.12, 1.79098
hold2129, 98.64, 329.12, 1.79098
_10784_, 111.44, 329.12, 1.7909
_10785_, 111.44, 329.12, 1.7909
_10788_, 111.44, 329.12, 1.7909
_10795_, 111.44, 329.12, 1.7909
_16634_, 111.44, 329.12, 1.7909
hold969, 111.44, 329.12, 1.7909
FILLER_0_117_231, 111.44, 329.12, 1.7909
FILLER_0_118_244, 111.44, 329.12, 1.7909
_10794_, 124.24, 329.12, 1.79083
_10796_, 124.24, 329.12, 1.79083
_14170_, 124.24, 329.12, 1.79083
_14173_, 124.24, 329.12, 1.79083
hold650, 124.24, 329.12, 1.79083
hold1081, 124.24, 329.12, 1.79083
FILLER_0_117_269, 124.24, 329.12, 1.79083
_16615_, 137.04, 329.12, 1.79076
FILLER_0_117_277, 137.04, 329.12, 1.79076
FILLER_0_117_281, 137.04, 329.12, 1.79076
_10840_, 149.84, 329.12, 1.7907
_14149_, 149.84, 329.12, 1.7907
_16612_, 149.84, 329.12, 1.7907
hold534, 149.84, 329.12, 1.7907
FILLER_0_116_301, 149.84, 329.12, 1.7907
FILLER_0_117_310, 149.84, 329.12, 1.7907
FILLER_0_118_321, 149.84, 329.12, 1.7907
_14146_, 162.64, 329.12, 1.79065
_14148_, 162.64, 329.12, 1.79065
_16614_, 162.64, 329.12, 1.79065
_16616_, 162.64, 329.12, 1.79065
FILLER_0_117_337, 162.64, 329.12, 1.79065
_12696_, 188.24, 329.12, 1.79039
_13504_, 188.24, 329.12, 1.79039
FILLER_0_118_409, 188.24, 329.12, 1.79039
_07901_, 201.04, 329.12, 1.79018
_18083_, 201.04, 329.12, 1.79018
FILLER_0_116_413, 201.04, 329.12, 1.79018
FILLER_0_118_433, 201.04, 329.12, 1.79018
_13433_, 213.84, 329.12, 1.78998
_13434_, 213.84, 329.12, 1.78998
clkbuf_leaf_31_clk, 213.84, 329.12, 1.78998
FILLER_0_117_441, 213.84, 329.12, 1.78998
FILLER_0_117_461, 213.84, 329.12, 1.78998
FILLER_0_118_460, 213.84, 329.12, 1.78998
_12693_, 226.64, 329.12, 1.78983
_13290_, 226.64, 329.12, 1.78983
_13499_, 226.64, 329.12, 1.78983
_13005_, 239.44, 329.12, 1.78969
_15906_, 239.44, 329.12, 1.78969
FILLER_0_117_497, 239.44, 329.12, 1.78969
FILLER_0_117_505, 239.44, 329.12, 1.78969
FILLER_0_117_513, 239.44, 329.12, 1.78969
_12066_, 252.24, 329.12, 1.78957
_13466_, 252.24, 329.12, 1.78957
_12701_, 265.04, 329.12, 1.78946
_12214_, 277.84, 329.12, 1.78936
_12215_, 277.84, 329.12, 1.78936
_12221_, 277.84, 329.12, 1.78936
FILLER_0_116_580, 277.84, 329.12, 1.78936
FILLER_0_117_585, 277.84, 329.12, 1.78936
FILLER_0_117_606, 290.64, 329.12, 1.78929
FILLER_0_118_633, 290.64, 329.12, 1.78929
_12703_, 303.44, 329.12, 1.78921
_13112_, 303.44, 329.12, 1.78921
max_cap118, 303.44, 329.12, 1.78921
ANTENNA_3, 303.44, 329.12, 1.78921
FILLER_0_117_653, 303.44, 329.12, 1.78921
_12571_, 316.24, 329.12, 1.78931
_12572_, 316.24, 329.12, 1.78931
_13302_, 316.24, 329.12, 1.78931
FILLER_0_116_673, 316.24, 329.12, 1.78931
FILLER_0_117_663, 316.24, 329.12, 1.78931
_12519_, 341.84, 329.12, 1.78948
_13126_, 341.84, 329.12, 1.78948
ANTENNA_27, 341.84, 329.12, 1.78948
FILLER_0_116_730, 341.84, 329.12, 1.78948
_12347_, 354.64, 329.12, 1.78943
_12348_, 354.64, 329.12, 1.78943
_12518_, 354.64, 329.12, 1.78943
FILLER_0_117_766, 354.64, 329.12, 1.78943
FILLER_0_118_769, 354.64, 329.12, 1.78943
_12508_, 367.44, 329.12, 1.78938
_12511_, 367.44, 329.12, 1.78938
_12984_, 367.44, 329.12, 1.78938
_15922_, 367.44, 329.12, 1.78938
hold46, 367.44, 329.12, 1.78938
FILLER_0_118_795, 367.44, 329.12, 1.78938
_13510_, 380.24, 329.12, 1.78938
clkbuf_leaf_162_clk, 380.24, 329.12, 1.78938
_13519_, 393.04, 329.12, 1.78941
_16049_, 393.04, 329.12, 1.78941
FILLER_0_117_830, 393.04, 329.12, 1.78941
FILLER_0_117_841, 393.04, 329.12, 1.78941
FILLER_0_116_869, 405.84, 329.12, 1.78945
FILLER_0_117_883, 405.84, 329.12, 1.78945
_09164_, 418.64, 329.12, 1.78949
_09165_, 418.64, 329.12, 1.78949
hold651, 418.64, 329.12, 1.78949
FILLER_0_117_905, 418.64, 329.12, 1.78949
FILLER_0_118_905, 418.64, 329.12, 1.78949
_09179_, 431.44, 329.12, 1.78954
_15068_, 431.44, 329.12, 1.78954
_17457_, 431.44, 329.12, 1.78954
_17458_, 431.44, 329.12, 1.78954
hold672, 431.44, 329.12, 1.78954
FILLER_0_116_925, 431.44, 329.12, 1.78954
FILLER_0_117_933, 431.44, 329.12, 1.78954
_09148_, 444.24, 329.12, 1.7896
_09149_, 444.24, 329.12, 1.7896
_17431_, 444.24, 329.12, 1.7896
hold1271, 444.24, 329.12, 1.7896
FILLER_0_117_945, 444.24, 329.12, 1.7896
FILLER_0_117_953, 444.24, 329.12, 1.7896
FILLER_0_117_964, 444.24, 329.12, 1.7896
_17437_, 457.04, 329.12, 1.78966
_17440_, 457.04, 329.12, 1.78966
hold968, 457.04, 329.12, 1.78966
FILLER_0_116_973, 457.04, 329.12, 1.78966
_09184_, 469.84, 329.12, 1.78975
_09185_, 469.84, 329.12, 1.78975
_09186_, 469.84, 329.12, 1.78975
hold413, 469.84, 329.12, 1.78975
FILLER_0_117_1012, 469.84, 329.12, 1.78975
_08846_, 495.308, 329.12, 1.78973
_08847_, 495.308, 329.12, 1.78973
_15251_, 495.308, 329.12, 1.78973
clkbuf_leaf_149_clk, 495.308, 329.12, 1.78973
FILLER_0_116_1060, 495.308, 329.12, 1.78973
FILLER_0_117_1057, 495.308, 329.12, 1.78973
_08888_, 507.977, 329.12, 1.78967
_08889_, 507.977, 329.12, 1.78967
_17583_, 507.977, 329.12, 1.78967
_17589_, 507.977, 329.12, 1.78967
FILLER_0_116_1088, 507.977, 329.12, 1.78967
FILLER_0_117_1080, 507.977, 329.12, 1.78967
_08886_, 520.645, 329.12, 1.78963
_15224_, 520.645, 329.12, 1.78963
_17611_, 520.645, 329.12, 1.78963
_17618_, 520.645, 329.12, 1.78963
hold389, 520.645, 329.12, 1.78963
FILLER_0_117_1121, 520.645, 329.12, 1.78963
_08828_, 533.314, 329.12, 1.7896
_08842_, 533.314, 329.12, 1.7896
_08843_, 533.314, 329.12, 1.7896
_15255_, 533.314, 329.12, 1.7896
_17578_, 533.314, 329.12, 1.7896
hold1452, 533.314, 329.12, 1.7896
hold1772, 533.314, 329.12, 1.7896
FILLER_0_116_1144, 533.314, 329.12, 1.7896
FILLER_0_117_1157, 533.314, 329.12, 1.7896
_15210_, 545.982, 329.12, 1.78959
_15215_, 545.982, 329.12, 1.78959
_15218_, 545.982, 329.12, 1.78959
_17575_, 545.982, 329.12, 1.78959
FILLER_0_117_1165, 545.982, 329.12, 1.78959
_08907_, 558.651, 329.12, 1.78958
_15219_, 558.651, 329.12, 1.78958
_15220_, 558.651, 329.12, 1.78958
_17579_, 558.651, 329.12, 1.78958
hold367, 558.651, 329.12, 1.78958
FILLER_0_116_1197, 558.651, 329.12, 1.78958
PHY_228, 5.52, 323.68, 1.79186
PHY_230, 5.52, 323.68, 1.79186
_08904_, 571.32, 323.68, 1.78934
PHY_229, 571.32, 323.68, 1.78934
PHY_231, 571.32, 323.68, 1.78934
output3, 571.32, 323.68, 1.78934
ANTENNA_4, 571.32, 323.68, 1.78934
FILLER_0_114_1217, 571.32, 323.68, 1.78934
FILLER_0_114_1223, 571.32, 323.68, 1.78934
_10397_, 34.64, 323.68, 1.79172
_14390_, 34.64, 323.68, 1.79172
_14396_, 34.64, 323.68, 1.79172
_14397_, 34.64, 323.68, 1.79172
_16834_, 34.64, 323.68, 1.79172
hold813, 34.64, 323.68, 1.79172
FILLER_0_115_51, 34.64, 323.68, 1.79172
_10387_, 47.44, 323.68, 1.79159
_10396_, 47.44, 323.68, 1.79159
_16817_, 47.44, 323.68, 1.79159
hold1927, 47.44, 323.68, 1.79159
FILLER_0_116_96, 47.44, 323.68, 1.79159
_10429_, 60.24, 323.68, 1.79147
_10434_, 60.24, 323.68, 1.79147
_14371_, 60.24, 323.68, 1.79147
hold1490, 60.24, 323.68, 1.79147
FILLER_0_115_107, 60.24, 323.68, 1.79147
FILLER_0_115_127, 60.24, 323.68, 1.79147
FILLER_0_116_132, 60.24, 323.68, 1.79147
_10428_, 73.04, 323.68, 1.79134
_14374_, 73.04, 323.68, 1.79134
_16818_, 73.04, 323.68, 1.79134
FILLER_0_114_135, 73.04, 323.68, 1.79134
FILLER_0_115_156, 73.04, 323.68, 1.79134
_10865_, 85.84, 323.68, 1.79123
_16596_, 85.84, 323.68, 1.79123
_16600_, 85.84, 323.68, 1.79123
_10789_, 98.64, 323.68, 1.79113
_10876_, 98.64, 323.68, 1.79113
_14128_, 98.64, 323.68, 1.79113
_14174_, 98.64, 323.68, 1.79113
hold1727, 98.64, 323.68, 1.79113
hold1892, 98.64, 323.68, 1.79113
FILLER_0_115_215, 98.64, 323.68, 1.79113
_10797_, 111.44, 323.68, 1.79104
_16637_, 111.44, 323.68, 1.79104
FILLER_0_116_233, 111.44, 323.68, 1.79104
_10790_, 124.24, 323.68, 1.79095
_10791_, 124.24, 323.68, 1.79095
FILLER_0_114_248, 124.24, 323.68, 1.79095
_10834_, 137.04, 323.68, 1.79086
_10835_, 137.04, 323.68, 1.79086
FILLER_0_115_272, 137.04, 323.68, 1.79086
FILLER_0_115_293, 137.04, 323.68, 1.79086
FILLER_0_116_290, 137.04, 323.68, 1.79086
_10830_, 149.84, 323.68, 1.79077
_10831_, 149.84, 323.68, 1.79077
_10841_, 149.84, 323.68, 1.79077
_16617_, 149.84, 323.68, 1.79077
hold722, 149.84, 323.68, 1.79077
FILLER_0_114_301, 149.84, 323.68, 1.79077
FILLER_0_114_309, 149.84, 323.68, 1.79077
FILLER_0_115_301, 149.84, 323.68, 1.79077
FILLER_0_115_327, 149.84, 323.68, 1.79077
_10843_, 162.64, 323.68, 1.79069
_14150_, 162.64, 323.68, 1.79069
_16611_, 162.64, 323.68, 1.79069
FILLER_0_116_348, 162.64, 323.68, 1.79069
_12706_, 188.24, 323.68, 1.79033
_12707_, 188.24, 323.68, 1.79033
_13503_, 188.24, 323.68, 1.79033
FILLER_0_115_389, 188.24, 323.68, 1.79033
FILLER_0_115_400, 188.24, 323.68, 1.79033
FILLER_0_115_408, 188.24, 323.68, 1.79033
_07900_, 201.04, 323.68, 1.79005
_12885_, 201.04, 323.68, 1.79005
_15777_, 201.04, 323.68, 1.79005
_15970_, 201.04, 323.68, 1.79005
_18082_, 201.04, 323.68, 1.79005
FILLER_0_114_413, 201.04, 323.68, 1.79005
_12705_, 213.84, 323.68, 1.7898
_12882_, 213.84, 323.68, 1.7898
_15842_, 213.84, 323.68, 1.7898
_12704_, 226.64, 323.68, 1.78968
_13088_, 226.64, 323.68, 1.78968
hold88, 226.64, 323.68, 1.78968
FILLER_0_116_488, 226.64, 323.68, 1.78968
_12064_, 239.44, 323.68, 1.78957
_13361_, 239.44, 323.68, 1.78957
_16002_, 239.44, 323.68, 1.78957
hold62, 239.44, 323.68, 1.78957
FILLER_0_115_509, 239.44, 323.68, 1.78957
_12228_, 252.24, 323.68, 1.78948
_12229_, 252.24, 323.68, 1.78948
_12816_, 252.24, 323.68, 1.78948
_12817_, 252.24, 323.68, 1.78948
hold2224, 252.24, 323.68, 1.78948
FILLER_0_114_533, 252.24, 323.68, 1.78948
_13467_, 265.04, 323.68, 1.78942
_13471_, 265.04, 323.68, 1.78942
hold105, 265.04, 323.68, 1.78942
FILLER_0_115_556, 265.04, 323.68, 1.78942
_12230_, 277.84, 323.68, 1.78937
_12231_, 277.84, 323.68, 1.78937
_12702_, 277.84, 323.68, 1.78937
_12232_, 290.64, 323.68, 1.78937
_12237_, 290.64, 323.68, 1.78937
_12238_, 290.64, 323.68, 1.78937
_12240_, 290.64, 323.68, 1.78937
_12242_, 290.64, 323.68, 1.78937
_12673_, 290.64, 323.68, 1.78937
FILLER_0_114_616, 290.64, 323.68, 1.78937
FILLER_0_115_612, 290.64, 323.68, 1.78937
FILLER_0_116_625, 290.64, 323.68, 1.78937
FILLER_0_116_633, 290.64, 323.68, 1.78937
_12700_, 303.44, 323.68, 1.78945
_15874_, 303.44, 323.68, 1.78945
FILLER_0_114_640, 303.44, 323.68, 1.78945
FILLER_0_115_647, 303.44, 323.68, 1.78945
_07878_, 316.24, 323.68, 1.78954
_13326_, 316.24, 323.68, 1.78954
_18093_, 316.24, 323.68, 1.78954
hold24, 316.24, 323.68, 1.78954
FILLER_0_115_684, 316.24, 323.68, 1.78954
_12012_, 341.84, 323.68, 1.78954
_12345_, 341.84, 323.68, 1.78954
_12522_, 341.84, 323.68, 1.78954
hold2180, 341.84, 323.68, 1.78954
FILLER_0_115_729, 341.84, 323.68, 1.78954
_12342_, 354.64, 323.68, 1.78947
_12346_, 354.64, 323.68, 1.78947
_12349_, 354.64, 323.68, 1.78947
_12352_, 354.64, 323.68, 1.78947
_12505_, 354.64, 323.68, 1.78947
_12506_, 354.64, 323.68, 1.78947
_12520_, 354.64, 323.68, 1.78947
_12521_, 354.64, 323.68, 1.78947
FILLER_0_114_757, 354.64, 323.68, 1.78947
FILLER_0_115_750, 354.64, 323.68, 1.78947
_12350_, 367.44, 323.68, 1.78946
_12507_, 367.44, 323.68, 1.78946
_13379_, 367.44, 323.68, 1.78946
wire115, 367.44, 323.68, 1.78946
FILLER_0_115_778, 367.44, 323.68, 1.78946
_12781_, 380.24, 323.68, 1.78946
_13477_, 380.24, 323.68, 1.78946
_13487_, 380.24, 323.68, 1.78946
_16020_, 380.24, 323.68, 1.78946
FILLER_0_115_812, 380.24, 323.68, 1.78946
_12525_, 393.04, 323.68, 1.78949
_12526_, 393.04, 323.68, 1.78949
hold2201, 393.04, 323.68, 1.78949
hold2262, 393.04, 323.68, 1.78949
FILLER_0_115_836, 393.04, 323.68, 1.78949
_17446_, 405.84, 323.68, 1.78953
_17450_, 405.84, 323.68, 1.78953
FILLER_0_114_865, 405.84, 323.68, 1.78953
_09172_, 418.64, 323.68, 1.78959
_09173_, 418.64, 323.68, 1.78959
_15075_, 418.64, 323.68, 1.78959
_17443_, 418.64, 323.68, 1.78959
hold873, 418.64, 323.68, 1.78959
hold1206, 418.64, 323.68, 1.78959
FILLER_0_115_903, 418.64, 323.68, 1.78959
FILLER_0_116_910, 418.64, 323.68, 1.78959
_09178_, 431.44, 323.68, 1.78965
_15065_, 431.44, 323.68, 1.78965
hold1091, 431.44, 323.68, 1.78965
_09293_, 444.24, 323.68, 1.78971
_14976_, 444.24, 323.68, 1.78971
hold1287, 444.24, 323.68, 1.78971
FILLER_0_115_943, 444.24, 323.68, 1.78971
_09292_, 457.04, 323.68, 1.78978
_09303_, 457.04, 323.68, 1.78978
_14999_, 457.04, 323.68, 1.78978
_15000_, 457.04, 323.68, 1.78978
FILLER_0_116_993, 457.04, 323.68, 1.78978
_17604_, 469.84, 323.68, 1.78985
FILLER_0_115_1021, 469.84, 323.68, 1.78985
FILLER_0_116_1011, 469.84, 323.68, 1.78985
_08844_, 495.308, 323.68, 1.78983
_15243_, 495.308, 323.68, 1.78983
_15246_, 495.308, 323.68, 1.78983
_17603_, 495.308, 323.68, 1.78983
hold788, 495.308, 323.68, 1.78983
FILLER_0_115_1056, 495.308, 323.68, 1.78983
FILLER_0_116_1068, 495.308, 323.68, 1.78983
FILLER_0_116_1074, 495.308, 323.68, 1.78983
_08898_, 507.977, 323.68, 1.78974
_08899_, 507.977, 323.68, 1.78974
hold1793, 507.977, 323.68, 1.78974
hold2023, 507.977, 323.68, 1.78974
FILLER_0_116_1093, 507.977, 323.68, 1.78974
FILLER_0_116_1106, 507.977, 323.68, 1.78974
_15228_, 520.645, 323.68, 1.78966
_15254_, 520.645, 323.68, 1.78966
FILLER_0_114_1110, 520.645, 323.68, 1.78966
FILLER_0_114_1118, 520.645, 323.68, 1.78966
FILLER_0_115_1110, 520.645, 323.68, 1.78966
FILLER_0_116_1125, 520.645, 323.68, 1.78966
_08933_, 533.314, 323.68, 1.78957
_17566_, 533.314, 323.68, 1.78957
hold1248, 533.314, 323.68, 1.78957
FILLER_0_114_1145, 533.314, 323.68, 1.78957
FILLER_0_114_1168, 545.982, 323.68, 1.78949
_08940_, 558.651, 323.68, 1.78941
_08941_, 558.651, 323.68, 1.78941
_15201_, 558.651, 323.68, 1.78941
_17580_, 558.651, 323.68, 1.78941
FILLER_0_114_1200, 558.651, 323.68, 1.78941
FILLER_0_115_1213, 558.651, 323.68, 1.78941
PHY_224, 5.52, 318.24, 1.79184
PHY_226, 5.52, 318.24, 1.79184
PHY_225, 571.32, 318.24, 1.78991
PHY_227, 571.32, 318.24, 1.78991
FILLER_0_113_1217, 571.32, 318.24, 1.78991
_10388_, 34.64, 318.24, 1.79168
_10389_, 34.64, 318.24, 1.79168
_16832_, 34.64, 318.24, 1.79168
_16839_, 34.64, 318.24, 1.79168
FILLER_0_113_60, 34.64, 318.24, 1.79168
_10386_, 47.44, 318.24, 1.79154
_10400_, 47.44, 318.24, 1.79154
_10401_, 47.44, 318.24, 1.79154
_10439_, 47.44, 318.24, 1.79154
_16813_, 47.44, 318.24, 1.79154
hold1530, 47.44, 318.24, 1.79154
FILLER_0_112_78, 47.44, 318.24, 1.79154
FILLER_0_113_94, 47.44, 318.24, 1.79154
FILLER_0_113_103, 47.44, 318.24, 1.79154
_10435_, 60.24, 318.24, 1.79141
_10438_, 60.24, 318.24, 1.79141
_14369_, 60.24, 318.24, 1.79141
clkbuf_leaf_48_clk, 60.24, 318.24, 1.79141
hold306, 60.24, 318.24, 1.79141
_10425_, 73.04, 318.24, 1.79131
_14376_, 73.04, 318.24, 1.79131
_16820_, 73.04, 318.24, 1.79131
FILLER_0_112_134, 73.04, 318.24, 1.79131
FILLER_0_113_133, 73.04, 318.24, 1.79131
FILLER_0_113_158, 73.04, 318.24, 1.79131
_14132_, 85.84, 318.24, 1.79122
FILLER_0_112_193, 98.64, 318.24, 1.79113
FILLER_0_112_197, 98.64, 318.24, 1.79113
hold431, 111.44, 318.24, 1.79104
FILLER_0_113_220, 111.44, 318.24, 1.79104
FILLER_0_114_237, 111.44, 318.24, 1.79104
_10806_, 124.24, 318.24, 1.79096
_10807_, 124.24, 318.24, 1.79096
_14164_, 124.24, 318.24, 1.79096
_16630_, 137.04, 318.24, 1.79087
hold517, 137.04, 318.24, 1.79087
FILLER_0_113_273, 137.04, 318.24, 1.79087
FILLER_0_113_281, 137.04, 318.24, 1.79087
_14144_, 149.84, 318.24, 1.79079
_14151_, 149.84, 318.24, 1.79079
_14152_, 149.84, 318.24, 1.79079
FILLER_0_112_303, 149.84, 318.24, 1.79079
_10827_, 162.64, 318.24, 1.79071
_10842_, 162.64, 318.24, 1.79071
_14145_, 162.64, 318.24, 1.79071
_14153_, 162.64, 318.24, 1.79071
hold335, 162.64, 318.24, 1.79071
FILLER_0_113_333, 162.64, 318.24, 1.79071
FILLER_0_113_349, 162.64, 318.24, 1.79071
_12715_, 188.24, 318.24, 1.79034
_13502_, 188.24, 318.24, 1.79034
hold2269, 188.24, 318.24, 1.79034
hold2270, 188.24, 318.24, 1.79034
FILLER_0_113_393, 188.24, 318.24, 1.79034
_12884_, 201.04, 318.24, 1.79006
_13432_, 201.04, 318.24, 1.79006
FILLER_0_112_421, 201.04, 318.24, 1.79006
FILLER_0_113_420, 201.04, 318.24, 1.79006
_07903_, 213.84, 318.24, 1.78978
_12887_, 213.84, 318.24, 1.78978
_15969_, 213.84, 318.24, 1.78978
FILLER_0_113_444, 213.84, 318.24, 1.78978
FILLER_0_114_465, 213.84, 318.24, 1.78978
_13079_, 226.64, 318.24, 1.78952
_13089_, 226.64, 318.24, 1.78952
_15841_, 226.64, 318.24, 1.78952
hold74, 226.64, 318.24, 1.78952
FILLER_0_112_472, 226.64, 318.24, 1.78952
FILLER_0_113_477, 226.64, 318.24, 1.78952
FILLER_0_114_485, 226.64, 318.24, 1.78952
_12233_, 239.44, 318.24, 1.7893
_12714_, 239.44, 318.24, 1.7893
FILLER_0_113_500, 239.44, 318.24, 1.7893
FILLER_0_114_518, 239.44, 318.24, 1.7893
_12065_, 252.24, 318.24, 1.78924
_13468_, 252.24, 318.24, 1.78924
_16005_, 252.24, 318.24, 1.78924
clkbuf_leaf_101_clk, 252.24, 318.24, 1.78924
FILLER_0_112_524, 252.24, 318.24, 1.78924
FILLER_0_113_526, 252.24, 318.24, 1.78924
_12074_, 265.04, 318.24, 1.78922
_12075_, 265.04, 318.24, 1.78922
_12234_, 265.04, 318.24, 1.78922
_12709_, 265.04, 318.24, 1.78922
FILLER_0_113_572, 265.04, 318.24, 1.78922
_12236_, 277.84, 318.24, 1.78922
_12243_, 277.84, 318.24, 1.78922
_12710_, 277.84, 318.24, 1.78922
_12711_, 277.84, 318.24, 1.78922
FILLER_0_113_590, 277.84, 318.24, 1.78922
_12235_, 290.64, 318.24, 1.78928
_12698_, 290.64, 318.24, 1.78928
_12699_, 290.64, 318.24, 1.78928
_12708_, 290.64, 318.24, 1.78928
FILLER_0_113_613, 290.64, 318.24, 1.78928
FILLER_0_113_617, 290.64, 318.24, 1.78928
FILLER_0_113_626, 290.64, 318.24, 1.78928
_12712_, 303.44, 318.24, 1.78938
_13048_, 303.44, 318.24, 1.78938
FILLER_0_112_641, 303.44, 318.24, 1.78938
FILLER_0_112_645, 303.44, 318.24, 1.78938
FILLER_0_113_661, 303.44, 318.24, 1.78938
_13377_, 316.24, 318.24, 1.78956
FILLER_0_112_666, 316.24, 318.24, 1.78956
FILLER_0_113_669, 316.24, 318.24, 1.78956
_12010_, 341.84, 318.24, 1.78969
_12011_, 341.84, 318.24, 1.78969
_12786_, 341.84, 318.24, 1.78969
_12787_, 341.84, 318.24, 1.78969
_13484_, 341.84, 318.24, 1.78969
_12341_, 354.64, 318.24, 1.78965
_12353_, 354.64, 318.24, 1.78965
FILLER_0_112_748, 354.64, 318.24, 1.78965
FILLER_0_113_760, 354.64, 318.24, 1.78965
FILLER_0_113_773, 367.44, 318.24, 1.78964
FILLER_0_113_781, 367.44, 318.24, 1.78964
FILLER_0_114_800, 367.44, 318.24, 1.78964
_12780_, 380.24, 318.24, 1.78963
_12783_, 380.24, 318.24, 1.78963
_13486_, 380.24, 318.24, 1.78963
_16019_, 380.24, 318.24, 1.78963
FILLER_0_112_805, 380.24, 318.24, 1.78963
FILLER_0_113_809, 380.24, 318.24, 1.78963
FILLER_0_113_821, 380.24, 318.24, 1.78963
_12846_, 393.04, 318.24, 1.78963
_09181_, 405.84, 318.24, 1.78964
_13452_, 405.84, 318.24, 1.78964
_17442_, 405.84, 318.24, 1.78964
_09180_, 418.64, 318.24, 1.78966
_15067_, 418.64, 318.24, 1.78966
_15071_, 418.64, 318.24, 1.78966
clkbuf_leaf_159_clk, 418.64, 318.24, 1.78966
FILLER_0_112_893, 418.64, 318.24, 1.78966
FILLER_0_113_893, 418.64, 318.24, 1.78966
FILLER_0_114_909, 418.64, 318.24, 1.78966
_09182_, 431.44, 318.24, 1.78972
_09183_, 431.44, 318.24, 1.78972
_15066_, 431.44, 318.24, 1.78972
_17386_, 431.44, 318.24, 1.78972
FILLER_0_112_915, 431.44, 318.24, 1.78972
FILLER_0_113_917, 431.44, 318.24, 1.78972
FILLER_0_113_925, 431.44, 318.24, 1.78972
_09300_, 444.24, 318.24, 1.78979
_15005_, 444.24, 318.24, 1.78979
_17382_, 444.24, 318.24, 1.78979
hold1240, 444.24, 318.24, 1.78979
FILLER_0_113_943, 444.24, 318.24, 1.78979
FILLER_0_114_962, 444.24, 318.24, 1.78979
_09291_, 457.04, 318.24, 1.78987
_09302_, 457.04, 318.24, 1.78987
_15006_, 457.04, 318.24, 1.78987
_17381_, 457.04, 318.24, 1.78987
hold730, 457.04, 318.24, 1.78987
FILLER_0_114_984, 457.04, 318.24, 1.78987
_08853_, 469.84, 318.24, 1.78995
_17601_, 469.84, 318.24, 1.78995
_17606_, 469.84, 318.24, 1.78995
FILLER_0_113_1003, 469.84, 318.24, 1.78995
FILLER_0_113_1009, 469.84, 318.24, 1.78995
_08859_, 495.308, 318.24, 1.79001
_08860_, 495.308, 318.24, 1.79001
_15245_, 495.308, 318.24, 1.79001
_17588_, 495.308, 318.24, 1.79001
_17610_, 495.308, 318.24, 1.79001
hold1655, 495.308, 318.24, 1.79001
FILLER_0_112_1054, 495.308, 318.24, 1.79001
FILLER_0_112_1062, 495.308, 318.24, 1.79001
_15221_, 507.977, 318.24, 1.78997
_15229_, 507.977, 318.24, 1.78997
_17587_, 507.977, 318.24, 1.78997
FILLER_0_112_1086, 507.977, 318.24, 1.78997
FILLER_0_114_1100, 507.977, 318.24, 1.78997
_08890_, 520.645, 318.24, 1.78995
_08891_, 520.645, 318.24, 1.78995
_15223_, 520.645, 318.24, 1.78995
hold1775, 520.645, 318.24, 1.78995
_08926_, 533.314, 318.24, 1.78992
_08932_, 533.314, 318.24, 1.78992
_15205_, 533.314, 318.24, 1.78992
_17569_, 533.314, 318.24, 1.78992
hold1522, 533.314, 318.24, 1.78992
FILLER_0_112_1144, 533.314, 318.24, 1.78992
FILLER_0_113_1136, 533.314, 318.24, 1.78992
FILLER_0_114_1155, 533.314, 318.24, 1.78992
_08930_, 545.982, 318.24, 1.78991
_08931_, 545.982, 318.24, 1.78991
_15206_, 545.982, 318.24, 1.78991
_17562_, 545.982, 318.24, 1.78991
_17567_, 545.982, 318.24, 1.78991
hold1126, 545.982, 318.24, 1.78991
FILLER_0_112_1166, 545.982, 318.24, 1.78991
FILLER_0_113_1162, 545.982, 318.24, 1.78991
FILLER_0_113_1170, 545.982, 318.24, 1.78991
hold1088, 558.651, 318.24, 1.78991
PHY_220, 5.52, 312.8, 1.79177
PHY_222, 5.52, 312.8, 1.79177
output14, 5.52, 312.8, 1.79177
PHY_221, 571.32, 312.8, 1.79
PHY_223, 571.32, 312.8, 1.79
output81, 571.32, 312.8, 1.79
FILLER_0_110_1217, 571.32, 312.8, 1.79
FILLER_0_111_21, 13.68, 312.8, 1.7918
_14395_, 34.64, 312.8, 1.79171
hold824, 34.64, 312.8, 1.79171
hold856, 34.64, 312.8, 1.79171
FILLER_0_110_54, 34.64, 312.8, 1.79171
_16815_, 47.44, 312.8, 1.79158
FILLER_0_111_101, 47.44, 312.8, 1.79158
FILLER_0_112_97, 47.44, 312.8, 1.79158
FILLER_0_111_109, 60.24, 312.8, 1.79146
_10424_, 73.04, 312.8, 1.79134
hold1408, 73.04, 312.8, 1.79134
FILLER_0_110_133, 73.04, 312.8, 1.79134
FILLER_0_111_137, 73.04, 312.8, 1.79134
_10871_, 85.84, 312.8, 1.79122
_16597_, 85.84, 312.8, 1.79122
hold547, 85.84, 312.8, 1.79122
FILLER_0_111_172, 85.84, 312.8, 1.79122
FILLER_0_111_180, 85.84, 312.8, 1.79122
FILLER_0_112_185, 85.84, 312.8, 1.79122
_10870_, 98.64, 312.8, 1.7911
_10883_, 98.64, 312.8, 1.7911
_14123_, 98.64, 312.8, 1.7911
_16591_, 98.64, 312.8, 1.7911
FILLER_0_111_203, 98.64, 312.8, 1.7911
_10882_, 111.44, 312.8, 1.791
_16629_, 111.44, 312.8, 1.791
hold1512, 111.44, 312.8, 1.791
FILLER_0_110_221, 111.44, 312.8, 1.791
FILLER_0_111_219, 111.44, 312.8, 1.791
FILLER_0_111_237, 111.44, 312.8, 1.791
FILLER_0_112_237, 111.44, 312.8, 1.791
_10814_, 124.24, 312.8, 1.7909
_14160_, 124.24, 312.8, 1.7909
_16625_, 124.24, 312.8, 1.7909
hold671, 124.24, 312.8, 1.7909
hold2046, 124.24, 312.8, 1.7909
FILLER_0_110_245, 124.24, 312.8, 1.7909
FILLER_0_111_271, 124.24, 312.8, 1.7909
FILLER_0_112_267, 124.24, 312.8, 1.7909
_10804_, 137.04, 312.8, 1.79081
_10805_, 137.04, 312.8, 1.79081
_10816_, 137.04, 312.8, 1.79081
_10817_, 137.04, 312.8, 1.79081
_14165_, 137.04, 312.8, 1.79081
_16618_, 137.04, 312.8, 1.79081
clkbuf_leaf_44_clk, 137.04, 312.8, 1.79081
hold1944, 137.04, 312.8, 1.79081
FILLER_0_110_273, 137.04, 312.8, 1.79081
_10828_, 149.84, 312.8, 1.79077
_16613_, 149.84, 312.8, 1.79077
hold1033, 149.84, 312.8, 1.79077
FILLER_0_112_324, 149.84, 312.8, 1.79077
_10838_, 162.64, 312.8, 1.79074
_16619_, 162.64, 312.8, 1.79074
_16620_, 162.64, 312.8, 1.79074
FILLER_0_111_333, 162.64, 312.8, 1.79074
FILLER_0_111_337, 162.64, 312.8, 1.79074
_13501_, 188.24, 312.8, 1.79056
FILLER_0_112_410, 188.24, 312.8, 1.79056
_13430_, 201.04, 312.8, 1.79039
FILLER_0_110_416, 201.04, 312.8, 1.79039
_07902_, 213.84, 312.8, 1.79023
_13431_, 213.84, 312.8, 1.79023
_15776_, 213.84, 312.8, 1.79023
_18081_, 213.84, 312.8, 1.79023
_12713_, 226.64, 312.8, 1.79008
_13289_, 226.64, 312.8, 1.79008
_13422_, 226.64, 312.8, 1.79008
FILLER_0_110_467, 226.64, 312.8, 1.79008
FILLER_0_111_493, 226.64, 312.8, 1.79008
_12061_, 239.44, 312.8, 1.78994
_12062_, 239.44, 312.8, 1.78994
_13006_, 239.44, 312.8, 1.78994
_13007_, 239.44, 312.8, 1.78994
_13360_, 239.44, 312.8, 1.78994
hold2237, 239.44, 312.8, 1.78994
_16001_, 252.24, 312.8, 1.78982
FILLER_0_110_529, 252.24, 312.8, 1.78982
FILLER_0_111_546, 252.24, 312.8, 1.78982
_11985_, 265.04, 312.8, 1.78971
_12059_, 265.04, 312.8, 1.78971
_12060_, 265.04, 312.8, 1.78971
_12063_, 265.04, 312.8, 1.78971
_12811_, 265.04, 312.8, 1.78971
_12818_, 265.04, 312.8, 1.78971
hold89, 265.04, 312.8, 1.78971
FILLER_0_111_556, 265.04, 312.8, 1.78971
FILLER_0_111_564, 265.04, 312.8, 1.78971
FILLER_0_110_582, 277.84, 312.8, 1.78964
FILLER_0_110_589, 277.84, 312.8, 1.78964
_12239_, 290.64, 312.8, 1.78957
_12697_, 290.64, 312.8, 1.78957
FILLER_0_110_613, 290.64, 312.8, 1.78957
FILLER_0_111_611, 290.64, 312.8, 1.78957
FILLER_0_112_625, 290.64, 312.8, 1.78957
FILLER_0_112_633, 290.64, 312.8, 1.78957
_13110_, 303.44, 312.8, 1.78953
_13114_, 303.44, 312.8, 1.78953
_13351_, 303.44, 312.8, 1.78953
FILLER_0_110_635, 303.44, 312.8, 1.78953
FILLER_0_111_641, 303.44, 312.8, 1.78953
FILLER_0_111_661, 303.44, 312.8, 1.78953
_15921_, 316.24, 312.8, 1.78964
FILLER_0_111_669, 316.24, 312.8, 1.78964
_11965_, 341.84, 312.8, 1.78961
_12015_, 341.84, 312.8, 1.78961
hold48, 341.84, 312.8, 1.78961
FILLER_0_111_723, 341.84, 312.8, 1.78961
_12332_, 354.64, 312.8, 1.78954
_12481_, 354.64, 312.8, 1.78954
FILLER_0_110_753, 354.64, 312.8, 1.78954
FILLER_0_110_757, 354.64, 312.8, 1.78954
FILLER_0_111_748, 354.64, 312.8, 1.78954
FILLER_0_111_756, 354.64, 312.8, 1.78954
_12006_, 380.24, 312.8, 1.78942
_12782_, 380.24, 312.8, 1.78942
hold53, 380.24, 312.8, 1.78942
hold2233, 380.24, 312.8, 1.78942
FILLER_0_111_809, 380.24, 312.8, 1.78942
FILLER_0_111_822, 380.24, 312.8, 1.78942
_07863_, 393.04, 312.8, 1.78937
_12490_, 393.04, 312.8, 1.78937
_12492_, 393.04, 312.8, 1.78937
_12847_, 393.04, 312.8, 1.78937
_13069_, 393.04, 312.8, 1.78937
_15988_, 393.04, 312.8, 1.78937
FILLER_0_110_833, 393.04, 312.8, 1.78937
FILLER_0_111_855, 393.04, 312.8, 1.78937
_15796_, 405.84, 312.8, 1.78947
hold2215, 405.84, 312.8, 1.78947
_09170_, 418.64, 312.8, 1.78958
_09171_, 418.64, 312.8, 1.78958
_15072_, 418.64, 312.8, 1.78958
_17441_, 418.64, 312.8, 1.78958
hold818, 418.64, 312.8, 1.78958
FILLER_0_111_885, 418.64, 312.8, 1.78958
FILLER_0_111_893, 418.64, 312.8, 1.78958
hold607, 431.44, 312.8, 1.78969
FILLER_0_110_915, 431.44, 312.8, 1.78969
FILLER_0_112_938, 431.44, 312.8, 1.78969
_09301_, 444.24, 312.8, 1.7898
_15001_, 444.24, 312.8, 1.7898
FILLER_0_110_949, 444.24, 312.8, 1.7898
FILLER_0_111_943, 444.24, 312.8, 1.7898
FILLER_0_112_966, 444.24, 312.8, 1.7898
_09290_, 457.04, 312.8, 1.78991
_17387_, 457.04, 312.8, 1.78991
hold326, 457.04, 312.8, 1.78991
FILLER_0_110_975, 457.04, 312.8, 1.78991
FILLER_0_112_995, 457.04, 312.8, 1.78991
_08851_, 469.84, 312.8, 1.79003
_17607_, 469.84, 312.8, 1.79003
FILLER_0_110_1005, 469.84, 312.8, 1.79003
FILLER_0_111_1000, 469.84, 312.8, 1.79003
_08845_, 495.308, 312.8, 1.79013
_08858_, 495.308, 312.8, 1.79013
_15253_, 495.308, 312.8, 1.79013
FILLER_0_111_1055, 495.308, 312.8, 1.79013
FILLER_0_111_1077, 495.308, 312.8, 1.79013
_08902_, 507.977, 312.8, 1.7901
_15222_, 507.977, 312.8, 1.7901
_17581_, 507.977, 312.8, 1.7901
hold1544, 507.977, 312.8, 1.7901
FILLER_0_110_1085, 507.977, 312.8, 1.7901
FILLER_0_112_1093, 507.977, 312.8, 1.7901
FILLER_0_112_1099, 507.977, 312.8, 1.7901
_08900_, 520.645, 312.8, 1.79007
_08901_, 520.645, 312.8, 1.79007
hold963, 520.645, 312.8, 1.79007
FILLER_0_111_1114, 520.645, 312.8, 1.79007
_08927_, 533.314, 312.8, 1.79005
_08938_, 533.314, 312.8, 1.79005
_08939_, 533.314, 312.8, 1.79005
_15199_, 533.314, 312.8, 1.79005
_15202_, 533.314, 312.8, 1.79005
_15208_, 533.314, 312.8, 1.79005
FILLER_0_110_1144, 533.314, 312.8, 1.79005
FILLER_0_112_1155, 533.314, 312.8, 1.79005
_17568_, 545.982, 312.8, 1.79003
FILLER_0_111_1165, 545.982, 312.8, 1.79003
FILLER_0_111_1173, 545.982, 312.8, 1.79003
_08928_, 558.651, 312.8, 1.79002
hold847, 558.651, 312.8, 1.79002
PHY_216, 5.52, 307.36, 1.79189
PHY_218, 5.52, 307.36, 1.79189
PHY_217, 571.32, 307.36, 1.79004
PHY_219, 571.32, 307.36, 1.79004
FILLER_0_108_1217, 571.32, 307.36, 1.79004
_10402_, 34.64, 307.36, 1.79173
_14389_, 34.64, 307.36, 1.79173
clkbuf_leaf_50_clk, 34.64, 307.36, 1.79173
FILLER_0_110_77, 34.64, 307.36, 1.79173
_10385_, 47.44, 307.36, 1.79161
_10394_, 47.44, 307.36, 1.79161
_14393_, 47.44, 307.36, 1.79161
_14398_, 47.44, 307.36, 1.79161
hold1467, 47.44, 307.36, 1.79161
hold1770, 47.44, 307.36, 1.79161
_09948_, 60.24, 307.36, 1.79149
_17051_, 60.24, 307.36, 1.79149
FILLER_0_109_108, 60.24, 307.36, 1.79149
_09950_, 73.04, 307.36, 1.79139
_09962_, 73.04, 307.36, 1.79139
FILLER_0_110_153, 73.04, 307.36, 1.79139
_10866_, 85.84, 307.36, 1.79128
_10867_, 85.84, 307.36, 1.79128
_14129_, 85.84, 307.36, 1.79128
_14131_, 85.84, 307.36, 1.79128
_16595_, 85.84, 307.36, 1.79128
hold1272, 85.84, 307.36, 1.79128
FILLER_0_108_170, 85.84, 307.36, 1.79128
FILLER_0_109_164, 85.84, 307.36, 1.79128
_10874_, 98.64, 307.36, 1.79118
_16598_, 98.64, 307.36, 1.79118
hold835, 98.64, 307.36, 1.79118
_10868_, 111.44, 307.36, 1.79109
_10879_, 111.44, 307.36, 1.79109
_14122_, 111.44, 307.36, 1.79109
_16593_, 111.44, 307.36, 1.79109
FILLER_0_108_217, 111.44, 307.36, 1.79109
_10815_, 124.24, 307.36, 1.79101
_10819_, 124.24, 307.36, 1.79101
_14158_, 124.24, 307.36, 1.79101
_16623_, 124.24, 307.36, 1.79101
_14159_, 137.04, 307.36, 1.79093
_16624_, 137.04, 307.36, 1.79093
hold1658, 137.04, 307.36, 1.79093
FILLER_0_109_274, 137.04, 307.36, 1.79093
_10829_, 149.84, 307.36, 1.79086
_10839_, 149.84, 307.36, 1.79086
_14088_, 149.84, 307.36, 1.79086
_14147_, 149.84, 307.36, 1.79086
FILLER_0_108_305, 149.84, 307.36, 1.79086
FILLER_0_109_304, 149.84, 307.36, 1.79086
FILLER_0_109_312, 149.84, 307.36, 1.79086
_10904_, 162.64, 307.36, 1.7908
_10916_, 162.64, 307.36, 1.7908
FILLER_0_109_333, 162.64, 307.36, 1.7908
_12721_, 188.24, 307.36, 1.79047
_12722_, 188.24, 307.36, 1.79047
_13500_, 188.24, 307.36, 1.79047
FILLER_0_109_408, 188.24, 307.36, 1.79047
_12888_, 201.04, 307.36, 1.7902
_12889_, 201.04, 307.36, 1.7902
_15775_, 201.04, 307.36, 1.7902
_15968_, 201.04, 307.36, 1.7902
FILLER_0_109_438, 201.04, 307.36, 1.7902
_12720_, 213.84, 307.36, 1.78996
_12886_, 213.84, 307.36, 1.78996
FILLER_0_110_455, 213.84, 307.36, 1.78996
_13009_, 226.64, 307.36, 1.78983
_13010_, 226.64, 307.36, 1.78983
_15905_, 226.64, 307.36, 1.78983
FILLER_0_108_471, 226.64, 307.36, 1.78983
_12162_, 239.44, 307.36, 1.78972
_13288_, 239.44, 307.36, 1.78972
FILLER_0_108_497, 239.44, 307.36, 1.78972
FILLER_0_109_497, 239.44, 307.36, 1.78972
_11986_, 252.24, 307.36, 1.78961
_12167_, 252.24, 307.36, 1.78961
_12820_, 252.24, 307.36, 1.78961
_12821_, 252.24, 307.36, 1.78961
hold2257, 252.24, 307.36, 1.78961
FILLER_0_109_529, 252.24, 307.36, 1.78961
FILLER_0_110_545, 252.24, 307.36, 1.78961
FILLER_0_109_552, 265.04, 307.36, 1.78957
_12055_, 277.84, 307.36, 1.78953
_12139_, 277.84, 307.36, 1.78953
_12168_, 277.84, 307.36, 1.78953
_12170_, 277.84, 307.36, 1.78953
FILLER_0_108_581, 277.84, 307.36, 1.78953
FILLER_0_108_589, 277.84, 307.36, 1.78953
FILLER_0_109_585, 277.84, 307.36, 1.78953
FILLER_0_109_592, 277.84, 307.36, 1.78953
FILLER_0_110_605, 277.84, 307.36, 1.78953
_12169_, 290.64, 307.36, 1.78955
_12171_, 290.64, 307.36, 1.78955
_12172_, 290.64, 307.36, 1.78955
_12405_, 290.64, 307.36, 1.78955
_12406_, 290.64, 307.36, 1.78955
FILLER_0_108_615, 290.64, 307.36, 1.78955
FILLER_0_109_610, 290.64, 307.36, 1.78955
FILLER_0_109_629, 290.64, 307.36, 1.78955
FILLER_0_110_621, 290.64, 307.36, 1.78955
_13049_, 316.24, 307.36, 1.7897
_13050_, 316.24, 307.36, 1.7897
_13325_, 316.24, 307.36, 1.7897
_15873_, 316.24, 307.36, 1.7897
hold2135, 316.24, 307.36, 1.7897
FILLER_0_109_664, 316.24, 307.36, 1.7897
FILLER_0_110_681, 316.24, 307.36, 1.7897
_07868_, 341.84, 307.36, 1.78957
_07874_, 341.84, 307.36, 1.78957
_13306_, 341.84, 307.36, 1.78957
FILLER_0_109_723, 341.84, 307.36, 1.78957
FILLER_0_110_745, 341.84, 307.36, 1.78957
_12333_, 354.64, 307.36, 1.78938
_12351_, 354.64, 307.36, 1.78938
_12355_, 354.64, 307.36, 1.78938
_12482_, 354.64, 307.36, 1.78938
_12483_, 354.64, 307.36, 1.78938
FILLER_0_109_753, 354.64, 307.36, 1.78938
_12329_, 367.44, 307.36, 1.78923
_12330_, 367.44, 307.36, 1.78923
_12484_, 367.44, 307.36, 1.78923
_12486_, 367.44, 307.36, 1.78923
_12488_, 367.44, 307.36, 1.78923
_12495_, 367.44, 307.36, 1.78923
_12496_, 367.44, 307.36, 1.78923
_12982_, 367.44, 307.36, 1.78923
_15924_, 367.44, 307.36, 1.78923
FILLER_0_110_788, 367.44, 307.36, 1.78923
_07852_, 380.24, 307.36, 1.78926
_12005_, 380.24, 307.36, 1.78926
_13381_, 380.24, 307.36, 1.78926
_07862_, 393.04, 307.36, 1.78932
_15860_, 393.04, 307.36, 1.78932
_18100_, 393.04, 307.36, 1.78932
hold71, 393.04, 307.36, 1.78932
FILLER_0_109_834, 393.04, 307.36, 1.78932
FILLER_0_109_849, 393.04, 307.36, 1.78932
_12491_, 405.84, 307.36, 1.7894
_17447_, 405.84, 307.36, 1.7894
FILLER_0_108_858, 405.84, 307.36, 1.7894
FILLER_0_110_877, 405.84, 307.36, 1.7894
_15069_, 418.64, 307.36, 1.78951
FILLER_0_109_890, 418.64, 307.36, 1.78951
_09174_, 431.44, 307.36, 1.78962
_15070_, 431.44, 307.36, 1.78962
_15074_, 431.44, 307.36, 1.78962
_17384_, 431.44, 307.36, 1.78962
hold1672, 431.44, 307.36, 1.78962
FILLER_0_109_928, 431.44, 307.36, 1.78962
_09296_, 444.24, 307.36, 1.78974
_15003_, 444.24, 307.36, 1.78974
clkbuf_leaf_151_clk, 444.24, 307.36, 1.78974
hold1479, 444.24, 307.36, 1.78974
_09289_, 457.04, 307.36, 1.7899
FILLER_0_108_975, 457.04, 307.36, 1.7899
_08790_, 469.84, 307.36, 1.79006
_08850_, 469.84, 307.36, 1.79006
_15250_, 469.84, 307.36, 1.79006
_08794_, 495.308, 307.36, 1.79015
_15278_, 495.308, 307.36, 1.79015
_15281_, 495.308, 307.36, 1.79015
FILLER_0_109_1058, 495.308, 307.36, 1.79015
FILLER_0_109_1065, 495.308, 307.36, 1.79015
_08903_, 507.977, 307.36, 1.79008
_17582_, 507.977, 307.36, 1.79008
clkbuf_leaf_148_clk, 507.977, 307.36, 1.79008
FILLER_0_108_1085, 507.977, 307.36, 1.79008
_08943_, 520.645, 307.36, 1.79006
_17561_, 520.645, 307.36, 1.79006
FILLER_0_108_1117, 520.645, 307.36, 1.79006
FILLER_0_109_1121, 520.645, 307.36, 1.79006
FILLER_0_110_1129, 520.645, 307.36, 1.79006
_08942_, 533.314, 307.36, 1.79005
_15200_, 533.314, 307.36, 1.79005
hold1499, 533.314, 307.36, 1.79005
hold1735, 533.314, 307.36, 1.79005
_08924_, 545.982, 307.36, 1.79004
_08925_, 545.982, 307.36, 1.79004
_08929_, 545.982, 307.36, 1.79004
_15207_, 545.982, 307.36, 1.79004
_17570_, 545.982, 307.36, 1.79004
hold224, 545.982, 307.36, 1.79004
FILLER_0_110_1181, 545.982, 307.36, 1.79004
FILLER_0_108_1201, 558.651, 307.36, 1.79004
PHY_212, 5.52, 301.92, 1.79191
PHY_214, 5.52, 301.92, 1.79191
_15269_, 571.32, 301.92, 1.79025
PHY_213, 571.32, 301.92, 1.79025
PHY_215, 571.32, 301.92, 1.79025
FILLER_0_107_1217, 571.32, 301.92, 1.79025
_16835_, 34.64, 301.92, 1.79173
_16840_, 34.64, 301.92, 1.79173
hold957, 34.64, 301.92, 1.79173
_09949_, 47.44, 301.92, 1.79157
_10384_, 47.44, 301.92, 1.79157
_10395_, 47.44, 301.92, 1.79157
FILLER_0_107_102, 47.44, 301.92, 1.79157
FILLER_0_108_99, 47.44, 301.92, 1.79157
_09963_, 60.24, 301.92, 1.79141
_14633_, 60.24, 301.92, 1.79141
_14640_, 60.24, 301.92, 1.79141
_17057_, 60.24, 301.92, 1.79141
hold485, 60.24, 301.92, 1.79141
hold1795, 60.24, 301.92, 1.79141
_09951_, 73.04, 301.92, 1.79125
_09953_, 73.04, 301.92, 1.79125
_14639_, 73.04, 301.92, 1.79125
hold295, 73.04, 301.92, 1.79125
hold487, 73.04, 301.92, 1.79125
FILLER_0_106_136, 73.04, 301.92, 1.79125
_16599_, 85.84, 301.92, 1.7911
clkbuf_leaf_46_clk, 85.84, 301.92, 1.7911
FILLER_0_107_162, 85.84, 301.92, 1.7911
_10869_, 98.64, 301.92, 1.791
_10875_, 98.64, 301.92, 1.791
_14124_, 98.64, 301.92, 1.791
_14127_, 98.64, 301.92, 1.791
_14130_, 98.64, 301.92, 1.791
FILLER_0_106_190, 98.64, 301.92, 1.791
FILLER_0_106_197, 98.64, 301.92, 1.791
FILLER_0_107_205, 98.64, 301.92, 1.791
FILLER_0_107_213, 98.64, 301.92, 1.791
_10878_, 111.44, 301.92, 1.7909
_14125_, 111.44, 301.92, 1.7909
clkbuf_leaf_45_clk, 111.44, 301.92, 1.7909
hold1219, 111.44, 301.92, 1.7909
FILLER_0_107_219, 111.44, 301.92, 1.7909
FILLER_0_107_225, 111.44, 301.92, 1.7909
FILLER_0_107_233, 111.44, 301.92, 1.7909
FILLER_0_107_244, 111.44, 301.92, 1.7909
_10818_, 124.24, 301.92, 1.79084
_14155_, 124.24, 301.92, 1.79084
_10812_, 137.04, 301.92, 1.79078
_10813_, 137.04, 301.92, 1.79078
_14161_, 137.04, 301.92, 1.79078
hold299, 137.04, 301.92, 1.79078
_10930_, 149.84, 301.92, 1.79073
_14089_, 149.84, 301.92, 1.79073
clkbuf_leaf_34_clk, 149.84, 301.92, 1.79073
hold1679, 149.84, 301.92, 1.79073
FILLER_0_108_321, 149.84, 301.92, 1.79073
_10915_, 162.64, 301.92, 1.79072
_10917_, 162.64, 301.92, 1.79072
_16574_, 162.64, 301.92, 1.79072
_16575_, 162.64, 301.92, 1.79072
hold814, 162.64, 301.92, 1.79072
hold1332, 162.64, 301.92, 1.79072
FILLER_0_108_355, 162.64, 301.92, 1.79072
_12727_, 188.24, 301.92, 1.79046
_12728_, 188.24, 301.92, 1.79046
_12891_, 188.24, 301.92, 1.79046
hold2264, 188.24, 301.92, 1.79046
FILLER_0_106_389, 188.24, 301.92, 1.79046
FILLER_0_106_397, 188.24, 301.92, 1.79046
FILLER_0_107_385, 188.24, 301.92, 1.79046
FILLER_0_107_393, 188.24, 301.92, 1.79046
FILLER_0_107_405, 188.24, 301.92, 1.79046
FILLER_0_108_410, 188.24, 301.92, 1.79046
_07904_, 201.04, 301.92, 1.7902
_07905_, 201.04, 301.92, 1.7902
_12719_, 201.04, 301.92, 1.7902
_12890_, 201.04, 301.92, 1.7902
clkbuf_leaf_32_clk, 201.04, 301.92, 1.7902
FILLER_0_108_430, 201.04, 301.92, 1.7902
_13091_, 213.84, 301.92, 1.79002
_15840_, 213.84, 301.92, 1.79002
FILLER_0_107_445, 213.84, 301.92, 1.79002
FILLER_0_107_461, 213.84, 301.92, 1.79002
FILLER_0_108_459, 213.84, 301.92, 1.79002
_13358_, 226.64, 301.92, 1.78985
_13388_, 226.64, 301.92, 1.78985
_15903_, 226.64, 301.92, 1.78985
hold45, 226.64, 301.92, 1.78985
hold2216, 226.64, 301.92, 1.78985
FILLER_0_107_491, 226.64, 301.92, 1.78985
_12051_, 239.44, 301.92, 1.78971
_12052_, 239.44, 301.92, 1.78971
_12822_, 239.44, 301.92, 1.78971
_13355_, 239.44, 301.92, 1.78971
_15999_, 239.44, 301.92, 1.78971
FILLER_0_106_508, 239.44, 301.92, 1.78971
FILLER_0_107_505, 239.44, 301.92, 1.78971
FILLER_0_108_513, 239.44, 301.92, 1.78971
_12049_, 252.24, 301.92, 1.78959
_12053_, 252.24, 301.92, 1.78959
hold2206, 252.24, 301.92, 1.78959
_12048_, 265.04, 301.92, 1.78951
_12050_, 265.04, 301.92, 1.78951
_12432_, 265.04, 301.92, 1.78951
_12435_, 265.04, 301.92, 1.78951
FILLER_0_106_563, 265.04, 301.92, 1.78951
FILLER_0_107_567, 265.04, 301.92, 1.78951
FILLER_0_108_565, 265.04, 301.92, 1.78951
FILLER_0_108_573, 265.04, 301.92, 1.78951
_12054_, 277.84, 301.92, 1.78945
_12163_, 277.84, 301.92, 1.78945
_12164_, 277.84, 301.92, 1.78945
_12165_, 277.84, 301.92, 1.78945
_12434_, 277.84, 301.92, 1.78945
_13324_, 277.84, 301.92, 1.78945
hold21, 277.84, 301.92, 1.78945
FILLER_0_107_588, 277.84, 301.92, 1.78945
FILLER_0_107_605, 277.84, 301.92, 1.78945
FILLER_0_108_598, 277.84, 301.92, 1.78945
_12166_, 290.64, 301.92, 1.78945
_12409_, 290.64, 301.92, 1.78945
_12410_, 290.64, 301.92, 1.78945
_12411_, 290.64, 301.92, 1.78945
FILLER_0_107_613, 290.64, 301.92, 1.78945
FILLER_0_108_621, 290.64, 301.92, 1.78945
_12412_, 303.44, 301.92, 1.78958
_13131_, 303.44, 301.92, 1.78958
FILLER_0_106_636, 303.44, 301.92, 1.78958
FILLER_0_107_660, 303.44, 301.92, 1.78958
FILLER_0_108_657, 303.44, 301.92, 1.78958
_12123_, 316.24, 301.92, 1.78973
_12993_, 316.24, 301.92, 1.78973
_13310_, 316.24, 301.92, 1.78973
_13333_, 316.24, 301.92, 1.78973
_13344_, 316.24, 301.92, 1.78973
FILLER_0_106_671, 316.24, 301.92, 1.78973
_15786_, 341.84, 301.92, 1.78979
_15985_, 341.84, 301.92, 1.78979
FILLER_0_107_723, 341.84, 301.92, 1.78979
_12124_, 354.64, 301.92, 1.78968
_12324_, 354.64, 301.92, 1.78968
_12325_, 354.64, 301.92, 1.78968
_12336_, 354.64, 301.92, 1.78968
_12338_, 354.64, 301.92, 1.78968
_12354_, 354.64, 301.92, 1.78968
FILLER_0_106_746, 354.64, 301.92, 1.78968
FILLER_0_107_752, 354.64, 301.92, 1.78968
_12007_, 367.44, 301.92, 1.78961
_12327_, 367.44, 301.92, 1.78961
_12337_, 367.44, 301.92, 1.78961
_12485_, 367.44, 301.92, 1.78961
clkbuf_leaf_161_clk, 367.44, 301.92, 1.78961
FILLER_0_106_786, 367.44, 301.92, 1.78961
FILLER_0_107_796, 367.44, 301.92, 1.78961
_11999_, 380.24, 301.92, 1.78962
FILLER_0_106_802, 380.24, 301.92, 1.78962
_13308_, 393.04, 301.92, 1.78965
_13309_, 393.04, 301.92, 1.78965
clkbuf_leaf_160_clk, 393.04, 301.92, 1.78965
hold72, 393.04, 301.92, 1.78965
FILLER_0_106_832, 393.04, 301.92, 1.78965
FILLER_0_107_832, 393.04, 301.92, 1.78965
FILLER_0_107_844, 393.04, 301.92, 1.78965
_15795_, 405.84, 301.92, 1.78971
_17448_, 405.84, 301.92, 1.78971
FILLER_0_106_862, 405.84, 301.92, 1.78971
FILLER_0_107_880, 405.84, 301.92, 1.78971
_09168_, 418.64, 301.92, 1.78979
_09169_, 418.64, 301.92, 1.78979
_09177_, 418.64, 301.92, 1.78979
_15073_, 418.64, 301.92, 1.78979
_17445_, 418.64, 301.92, 1.78979
hold831, 418.64, 301.92, 1.78979
_09166_, 431.44, 301.92, 1.78988
_09167_, 431.44, 301.92, 1.78988
_09175_, 431.44, 301.92, 1.78988
_17449_, 431.44, 301.92, 1.78988
hold294, 431.44, 301.92, 1.78988
FILLER_0_106_917, 431.44, 301.92, 1.78988
FILLER_0_107_937, 431.44, 301.92, 1.78988
_09295_, 444.24, 301.92, 1.78997
_09297_, 444.24, 301.92, 1.78997
_17385_, 444.24, 301.92, 1.78997
hold854, 444.24, 301.92, 1.78997
FILLER_0_107_943, 444.24, 301.92, 1.78997
FILLER_0_107_953, 444.24, 301.92, 1.78997
FILLER_0_107_960, 444.24, 301.92, 1.78997
_09288_, 457.04, 301.92, 1.79007
_09299_, 457.04, 301.92, 1.79007
_15002_, 457.04, 301.92, 1.79007
_15007_, 457.04, 301.92, 1.79007
_17383_, 457.04, 301.92, 1.79007
_17388_, 457.04, 301.92, 1.79007
hold1145, 457.04, 301.92, 1.79007
hold1837, 457.04, 301.92, 1.79007
FILLER_0_107_968, 457.04, 301.92, 1.79007
FILLER_0_108_990, 457.04, 301.92, 1.79007
_08791_, 469.84, 301.92, 1.79019
_09298_, 469.84, 301.92, 1.79019
_17637_, 469.84, 301.92, 1.79019
clkbuf_leaf_150_clk, 469.84, 301.92, 1.79019
hold1153, 469.84, 301.92, 1.79019
_08788_, 495.308, 301.92, 1.79032
_17632_, 495.308, 301.92, 1.79032
_17635_, 495.308, 301.92, 1.79032
hold1707, 495.308, 301.92, 1.79032
hold1721, 495.308, 301.92, 1.79032
hold1911, 495.308, 301.92, 1.79032
_08772_, 507.977, 301.92, 1.7903
_08773_, 507.977, 301.92, 1.7903
_08800_, 507.977, 301.92, 1.7903
_08801_, 507.977, 301.92, 1.7903
FILLER_0_106_1085, 507.977, 301.92, 1.7903
FILLER_0_107_1102, 507.977, 301.92, 1.7903
_17563_, 520.645, 301.92, 1.79027
hold1586, 520.645, 301.92, 1.79027
hold1943, 520.645, 301.92, 1.79027
FILLER_0_107_1115, 520.645, 301.92, 1.79027
_17564_, 533.314, 301.92, 1.79026
FILLER_0_107_1145, 533.314, 301.92, 1.79026
FILLER_0_107_1153, 533.314, 301.92, 1.79026
_08936_, 545.982, 301.92, 1.79025
_08937_, 545.982, 301.92, 1.79025
_15203_, 545.982, 301.92, 1.79025
_15204_, 545.982, 301.92, 1.79025
_15209_, 545.982, 301.92, 1.79025
_17565_, 545.982, 301.92, 1.79025
hold223, 545.982, 301.92, 1.79025
hold686, 558.651, 301.92, 1.79025
FILLER_0_106_1200, 558.651, 301.92, 1.79025
PHY_208, 5.52, 296.48, 1.792
PHY_210, 5.52, 296.48, 1.792
PHY_209, 571.32, 296.48, 1.79029
PHY_211, 571.32, 296.48, 1.79029
hold513, 571.32, 296.48, 1.79029
FILLER_0_105_51, 34.64, 296.48, 1.79187
FILLER_0_106_76, 34.64, 296.48, 1.79187
_10129_, 47.44, 296.48, 1.79174
_17058_, 47.44, 296.48, 1.79174
FILLER_0_104_89, 47.44, 296.48, 1.79174
FILLER_0_105_105, 47.44, 296.48, 1.79174
FILLER_0_106_97, 47.44, 296.48, 1.79174
_17056_, 60.24, 296.48, 1.79162
_09952_, 73.04, 296.48, 1.7915
_14638_, 73.04, 296.48, 1.7915
FILLER_0_104_144, 73.04, 296.48, 1.7915
FILLER_0_105_160, 73.04, 296.48, 1.7915
_10106_, 85.84, 296.48, 1.79139
_10119_, 85.84, 296.48, 1.79139
_14549_, 85.84, 296.48, 1.79139
hold190, 85.84, 296.48, 1.79139
FILLER_0_105_181, 85.84, 296.48, 1.79139
_10118_, 98.64, 296.48, 1.79127
_10881_, 98.64, 296.48, 1.79127
_16592_, 98.64, 296.48, 1.79127
hold1333, 98.64, 296.48, 1.79127
FILLER_0_105_191, 98.64, 296.48, 1.79127
FILLER_0_105_216, 98.64, 296.48, 1.79127
_10880_, 111.44, 296.48, 1.79117
_16627_, 111.44, 296.48, 1.79117
hold1325, 111.44, 296.48, 1.79117
FILLER_0_104_227, 111.44, 296.48, 1.79117
FILLER_0_106_243, 111.44, 296.48, 1.79117
_16626_, 124.24, 296.48, 1.79107
hold556, 124.24, 296.48, 1.79107
FILLER_0_106_265, 124.24, 296.48, 1.79107
_16567_, 137.04, 296.48, 1.79098
FILLER_0_104_283, 137.04, 296.48, 1.79098
FILLER_0_105_272, 137.04, 296.48, 1.79098
_10924_, 149.84, 296.48, 1.79089
_10939_, 149.84, 296.48, 1.79089
_16563_, 149.84, 296.48, 1.79089
_16580_, 149.84, 296.48, 1.79089
hold726, 149.84, 296.48, 1.79089
hold2043, 149.84, 296.48, 1.79089
_10905_, 162.64, 296.48, 1.79083
_14100_, 162.64, 296.48, 1.79083
_14104_, 162.64, 296.48, 1.79083
_14110_, 162.64, 296.48, 1.79083
_07906_, 188.24, 296.48, 1.79034
_15967_, 188.24, 296.48, 1.79034
_18079_, 188.24, 296.48, 1.79034
hold630, 188.24, 296.48, 1.79034
FILLER_0_105_388, 188.24, 296.48, 1.79034
FILLER_0_105_393, 188.24, 296.48, 1.79034
FILLER_0_105_401, 188.24, 296.48, 1.79034
_12718_, 201.04, 296.48, 1.78994
_13429_, 201.04, 296.48, 1.78994
_18080_, 201.04, 296.48, 1.78994
hold2196, 201.04, 296.48, 1.78994
FILLER_0_104_415, 201.04, 296.48, 1.78994
_13090_, 213.84, 296.48, 1.78957
_13287_, 213.84, 296.48, 1.78957
hold191, 213.84, 296.48, 1.78957
hold192, 213.84, 296.48, 1.78957
FILLER_0_104_445, 213.84, 296.48, 1.78957
FILLER_0_105_443, 213.84, 296.48, 1.78957
FILLER_0_106_463, 213.84, 296.48, 1.78957
_12726_, 226.64, 296.48, 1.78922
_13286_, 226.64, 296.48, 1.78922
_15839_, 226.64, 296.48, 1.78922
hold44, 226.64, 296.48, 1.78922
ANTENNA_15, 226.64, 296.48, 1.78922
FILLER_0_104_467, 226.64, 296.48, 1.78922
FILLER_0_104_477, 226.64, 296.48, 1.78922
_12489_, 239.44, 296.48, 1.78904
_12724_, 239.44, 296.48, 1.78904
_16000_, 239.44, 296.48, 1.78904
clkbuf_leaf_30_clk, 239.44, 296.48, 1.78904
FILLER_0_105_511, 239.44, 296.48, 1.78904
_12819_, 252.24, 296.48, 1.78898
_13464_, 252.24, 296.48, 1.78898
_13465_, 252.24, 296.48, 1.78898
_15904_, 252.24, 296.48, 1.78898
FILLER_0_104_526, 252.24, 296.48, 1.78898
FILLER_0_105_548, 252.24, 296.48, 1.78898
_13008_, 265.04, 296.48, 1.78893
_13051_, 265.04, 296.48, 1.78893
_13359_, 265.04, 296.48, 1.78893
_15872_, 265.04, 296.48, 1.78893
hold60, 265.04, 296.48, 1.78893
FILLER_0_104_557, 265.04, 296.48, 1.78893
FILLER_0_105_554, 265.04, 296.48, 1.78893
FILLER_0_105_569, 265.04, 296.48, 1.78893
_12413_, 277.84, 296.48, 1.7889
_12414_, 277.84, 296.48, 1.7889
_12436_, 277.84, 296.48, 1.7889
FILLER_0_104_579, 277.84, 296.48, 1.7889
FILLER_0_105_595, 277.84, 296.48, 1.7889
FILLER_0_106_597, 277.84, 296.48, 1.7889
_12211_, 290.64, 296.48, 1.7889
_12425_, 290.64, 296.48, 1.7889
_12437_, 290.64, 296.48, 1.7889
_12717_, 290.64, 296.48, 1.7889
FILLER_0_104_618, 290.64, 296.48, 1.7889
FILLER_0_105_608, 290.64, 296.48, 1.7889
FILLER_0_105_628, 290.64, 296.48, 1.7889
_12407_, 303.44, 296.48, 1.7891
_12723_, 303.44, 296.48, 1.7891
_13130_, 303.44, 296.48, 1.7891
_13133_, 303.44, 296.48, 1.7891
FILLER_0_105_661, 303.44, 296.48, 1.7891
FILLER_0_106_655, 303.44, 296.48, 1.7891
_11960_, 316.24, 296.48, 1.7895
_13036_, 316.24, 296.48, 1.7895
_13410_, 316.24, 296.48, 1.7895
FILLER_0_105_669, 316.24, 296.48, 1.7895
_13449_, 341.84, 296.48, 1.78995
_15793_, 341.84, 296.48, 1.78995
FILLER_0_105_724, 341.84, 296.48, 1.78995
FILLER_0_105_729, 341.84, 296.48, 1.78995
_12004_, 354.64, 296.48, 1.78995
_12114_, 354.64, 296.48, 1.78995
_12120_, 354.64, 296.48, 1.78995
_12328_, 354.64, 296.48, 1.78995
FILLER_0_104_749, 354.64, 296.48, 1.78995
FILLER_0_105_751, 354.64, 296.48, 1.78995
_12000_, 367.44, 296.48, 1.78996
_12487_, 367.44, 296.48, 1.78996
_12497_, 367.44, 296.48, 1.78996
FILLER_0_104_781, 367.44, 296.48, 1.78996
FILLER_0_105_778, 367.44, 296.48, 1.78996
FILLER_0_105_785, 367.44, 296.48, 1.78996
FILLER_0_105_795, 367.44, 296.48, 1.78996
_12498_, 380.24, 296.48, 1.79
_07865_, 393.04, 296.48, 1.79004
_12500_, 393.04, 296.48, 1.79004
_18099_, 393.04, 296.48, 1.79004
FILLER_0_105_831, 393.04, 296.48, 1.79004
FILLER_0_105_841, 393.04, 296.48, 1.79004
FILLER_0_106_856, 393.04, 296.48, 1.79004
_17444_, 405.84, 296.48, 1.79009
hold2220, 405.84, 296.48, 1.79009
FILLER_0_104_862, 405.84, 296.48, 1.79009
_09176_, 418.64, 296.48, 1.79016
hold1346, 418.64, 296.48, 1.79016
FILLER_0_105_890, 418.64, 296.48, 1.79016
_17390_, 431.44, 296.48, 1.79023
FILLER_0_104_917, 431.44, 296.48, 1.79023
FILLER_0_104_925, 431.44, 296.48, 1.79023
FILLER_0_105_921, 431.44, 296.48, 1.79023
FILLER_0_106_937, 431.44, 296.48, 1.79023
_09284_, 444.24, 296.48, 1.7903
_09287_, 444.24, 296.48, 1.7903
_15008_, 444.24, 296.48, 1.7903
_15009_, 444.24, 296.48, 1.7903
_17389_, 444.24, 296.48, 1.7903
hold613, 444.24, 296.48, 1.7903
_09286_, 457.04, 296.48, 1.79038
_09294_, 457.04, 296.48, 1.79038
_15004_, 457.04, 296.48, 1.79038
FILLER_0_104_972, 457.04, 296.48, 1.79038
_08797_, 469.84, 296.48, 1.79047
_17634_, 469.84, 296.48, 1.79047
FILLER_0_105_1001, 469.84, 296.48, 1.79047
_08789_, 495.308, 296.48, 1.79049
_08795_, 495.308, 296.48, 1.79049
_15284_, 495.308, 296.48, 1.79049
hold1842, 495.308, 296.48, 1.79049
FILLER_0_105_1053, 495.308, 296.48, 1.79049
_08782_, 507.977, 296.48, 1.79043
_17641_, 507.977, 296.48, 1.79043
_17646_, 507.977, 296.48, 1.79043
FILLER_0_104_1085, 507.977, 296.48, 1.79043
FILLER_0_105_1080, 507.977, 296.48, 1.79043
_08777_, 520.645, 296.48, 1.79038
_15291_, 520.645, 296.48, 1.79038
_17644_, 520.645, 296.48, 1.79038
FILLER_0_104_1117, 520.645, 296.48, 1.79038
FILLER_0_105_1109, 520.645, 296.48, 1.79038
FILLER_0_105_1117, 520.645, 296.48, 1.79038
FILLER_0_106_1121, 520.645, 296.48, 1.79038
_08775_, 533.314, 296.48, 1.79033
_08776_, 533.314, 296.48, 1.79033
_15292_, 533.314, 296.48, 1.79033
hold1498, 533.314, 296.48, 1.79033
FILLER_0_106_1157, 533.314, 296.48, 1.79033
_08934_, 545.982, 296.48, 1.79029
_08935_, 545.982, 296.48, 1.79029
clkbuf_leaf_147_clk, 545.982, 296.48, 1.79029
FILLER_0_105_1169, 545.982, 296.48, 1.79029
FILLER_0_105_1177, 545.982, 296.48, 1.79029
_08816_, 558.651, 296.48, 1.79029
_08817_, 558.651, 296.48, 1.79029
_08820_, 558.651, 296.48, 1.79029
_08821_, 558.651, 296.48, 1.79029
_15267_, 558.651, 296.48, 1.79029
hold1058, 558.651, 296.48, 1.79029
FILLER_0_105_1201, 558.651, 296.48, 1.79029
FILLER_0_106_1205, 558.651, 296.48, 1.79029
FILLER_0_106_1213, 558.651, 296.48, 1.79029
PHY_204, 5.52, 291.04, 1.79186
PHY_206, 5.52, 291.04, 1.79186
output31, 5.52, 291.04, 1.79186
PHY_205, 571.32, 291.04, 1.79049
PHY_207, 571.32, 291.04, 1.79049
hold237, 571.32, 291.04, 1.79049
FILLER_0_104_21, 13.68, 291.04, 1.79191
_16970_, 34.64, 291.04, 1.79179
hold853, 34.64, 291.04, 1.79179
FILLER_0_103_51, 34.64, 291.04, 1.79179
FILLER_0_104_77, 34.64, 291.04, 1.79179
_10128_, 47.44, 291.04, 1.79163
_16965_, 47.44, 291.04, 1.79163
_16968_, 47.44, 291.04, 1.79163
hold1328, 47.44, 291.04, 1.79163
FILLER_0_103_101, 47.44, 291.04, 1.79163
_09947_, 60.24, 291.04, 1.79148
_09954_, 60.24, 291.04, 1.79148
_09955_, 60.24, 291.04, 1.79148
_14637_, 60.24, 291.04, 1.79148
clkbuf_leaf_49_clk, 60.24, 291.04, 1.79148
hold484, 60.24, 291.04, 1.79148
hold1857, 60.24, 291.04, 1.79148
FILLER_0_103_109, 60.24, 291.04, 1.79148
FILLER_0_103_117, 60.24, 291.04, 1.79148
_09946_, 73.04, 291.04, 1.79137
_10107_, 73.04, 291.04, 1.79137
_10122_, 73.04, 291.04, 1.79137
_10123_, 73.04, 291.04, 1.79137
_14641_, 73.04, 291.04, 1.79137
_16971_, 73.04, 291.04, 1.79137
FILLER_0_102_144, 73.04, 291.04, 1.79137
FILLER_0_103_140, 73.04, 291.04, 1.79137
FILLER_0_104_152, 73.04, 291.04, 1.79137
_14545_, 85.84, 291.04, 1.79128
_16973_, 85.84, 291.04, 1.79128
_16975_, 85.84, 291.04, 1.79128
_16980_, 85.84, 291.04, 1.79128
hold209, 85.84, 291.04, 1.79128
hold1701, 85.84, 291.04, 1.79128
_10104_, 98.64, 291.04, 1.7912
_10105_, 98.64, 291.04, 1.7912
_14554_, 98.64, 291.04, 1.7912
hold1171, 98.64, 291.04, 1.7912
_10810_, 111.44, 291.04, 1.79113
_10811_, 111.44, 291.04, 1.79113
FILLER_0_103_221, 111.44, 291.04, 1.79113
_10822_, 124.24, 291.04, 1.79106
_10823_, 124.24, 291.04, 1.79106
_14156_, 124.24, 291.04, 1.79106
_14157_, 124.24, 291.04, 1.79106
_14162_, 124.24, 291.04, 1.79106
_16621_, 124.24, 291.04, 1.79106
hold619, 124.24, 291.04, 1.79106
FILLER_0_102_248, 124.24, 291.04, 1.79106
_10820_, 137.04, 291.04, 1.79099
_10931_, 137.04, 291.04, 1.79099
_14096_, 137.04, 291.04, 1.79099
_14099_, 137.04, 291.04, 1.79099
_14163_, 137.04, 291.04, 1.79099
_16570_, 137.04, 291.04, 1.79099
hold1002, 137.04, 291.04, 1.79099
hold1032, 137.04, 291.04, 1.79099
FILLER_0_103_289, 137.04, 291.04, 1.79099
_10925_, 149.84, 291.04, 1.79094
_10938_, 149.84, 291.04, 1.79094
_14092_, 149.84, 291.04, 1.79094
FILLER_0_103_330, 162.64, 291.04, 1.79088
_07907_, 188.24, 291.04, 1.79038
_10922_, 188.24, 291.04, 1.79038
_15773_, 188.24, 291.04, 1.79038
FILLER_0_103_393, 188.24, 291.04, 1.79038
FILLER_0_103_401, 188.24, 291.04, 1.79038
_15774_, 201.04, 291.04, 1.78993
FILLER_0_102_415, 201.04, 291.04, 1.78993
FILLER_0_103_437, 201.04, 291.04, 1.78993
_12729_, 213.84, 291.04, 1.78948
FILLER_0_103_445, 213.84, 291.04, 1.78948
_12438_, 226.64, 291.04, 1.78904
_12619_, 226.64, 291.04, 1.78904
_12725_, 226.64, 291.04, 1.78904
_12731_, 226.64, 291.04, 1.78904
_13092_, 226.64, 291.04, 1.78904
FILLER_0_103_480, 226.64, 291.04, 1.78904
_12736_, 239.44, 291.04, 1.78888
FILLER_0_102_496, 239.44, 291.04, 1.78888
FILLER_0_104_513, 239.44, 291.04, 1.78888
_13463_, 252.24, 291.04, 1.78892
FILLER_0_102_529, 252.24, 291.04, 1.78892
_12020_, 265.04, 291.04, 1.78897
_12022_, 265.04, 291.04, 1.78897
FILLER_0_103_553, 265.04, 291.04, 1.78897
FILLER_0_104_601, 277.84, 291.04, 1.78904
_12177_, 290.64, 291.04, 1.7891
_12213_, 290.64, 291.04, 1.7891
_12408_, 290.64, 291.04, 1.7891
_12415_, 290.64, 291.04, 1.7891
FILLER_0_102_618, 290.64, 291.04, 1.7891
FILLER_0_103_609, 290.64, 291.04, 1.7891
FILLER_0_103_617, 290.64, 291.04, 1.7891
_12212_, 303.44, 291.04, 1.78928
_12418_, 303.44, 291.04, 1.78928
_12419_, 303.44, 291.04, 1.78928
_12420_, 303.44, 291.04, 1.78928
_12424_, 303.44, 291.04, 1.78928
_12979_, 316.24, 291.04, 1.78964
_13311_, 316.24, 291.04, 1.78964
_13455_, 316.24, 291.04, 1.78964
_15870_, 316.24, 291.04, 1.78964
FILLER_0_102_662, 316.24, 291.04, 1.78964
FILLER_0_103_673, 316.24, 291.04, 1.78964
_13019_, 341.84, 291.04, 1.78994
FILLER_0_103_724, 341.84, 291.04, 1.78994
FILLER_0_103_729, 341.84, 291.04, 1.78994
FILLER_0_103_742, 341.84, 291.04, 1.78994
_11997_, 354.64, 291.04, 1.78984
_12125_, 354.64, 291.04, 1.78984
_13421_, 354.64, 291.04, 1.78984
FILLER_0_102_750, 354.64, 291.04, 1.78984
_11998_, 367.44, 291.04, 1.78976
_12335_, 367.44, 291.04, 1.78976
_12499_, 367.44, 291.04, 1.78976
_12983_, 367.44, 291.04, 1.78976
FILLER_0_103_785, 367.44, 291.04, 1.78976
_12334_, 380.24, 291.04, 1.78975
_13380_, 380.24, 291.04, 1.78975
_15859_, 380.24, 291.04, 1.78975
hold40, 380.24, 291.04, 1.78975
hold43, 380.24, 291.04, 1.78975
FILLER_0_103_811, 380.24, 291.04, 1.78975
_07864_, 393.04, 291.04, 1.78977
_12849_, 393.04, 291.04, 1.78977
_13070_, 393.04, 291.04, 1.78977
hold68, 393.04, 291.04, 1.78977
hold69, 393.04, 291.04, 1.78977
FILLER_0_102_835, 393.04, 291.04, 1.78977
FILLER_0_103_835, 393.04, 291.04, 1.78977
FILLER_0_104_847, 393.04, 291.04, 1.78977
_12501_, 405.84, 291.04, 1.78982
_12502_, 405.84, 291.04, 1.78982
_13451_, 405.84, 291.04, 1.78982
_09285_, 431.44, 291.04, 1.79011
FILLER_0_102_917, 431.44, 291.04, 1.79011
FILLER_0_102_925, 431.44, 291.04, 1.79011
FILLER_0_104_934, 431.44, 291.04, 1.79011
FILLER_0_103_945, 444.24, 291.04, 1.79025
FILLER_0_102_981, 457.04, 291.04, 1.7904
FILLER_0_102_1008, 469.84, 291.04, 1.79054
FILLER_0_103_1001, 469.84, 291.04, 1.79054
FILLER_0_103_1021, 469.84, 291.04, 1.79054
_15276_, 495.308, 291.04, 1.79063
_17631_, 495.308, 291.04, 1.79063
FILLER_0_103_1053, 495.308, 291.04, 1.79063
FILLER_0_103_1061, 495.308, 291.04, 1.79063
_08783_, 507.977, 291.04, 1.7906
_15288_, 507.977, 291.04, 1.7906
_15293_, 507.977, 291.04, 1.7906
FILLER_0_102_1082, 507.977, 291.04, 1.7906
FILLER_0_104_1096, 507.977, 291.04, 1.7906
_17645_, 520.645, 291.04, 1.79056
_17648_, 520.645, 291.04, 1.79056
FILLER_0_103_1121, 520.645, 291.04, 1.79056
_08768_, 533.314, 291.04, 1.79053
_08774_, 533.314, 291.04, 1.79053
_15295_, 533.314, 291.04, 1.79053
hold1545, 533.314, 291.04, 1.79053
hold1817, 533.314, 291.04, 1.79053
FILLER_0_102_1139, 533.314, 291.04, 1.79053
FILLER_0_103_1157, 533.314, 291.04, 1.79053
_08812_, 545.982, 291.04, 1.79051
_08813_, 545.982, 291.04, 1.79051
_08823_, 545.982, 291.04, 1.79051
_15271_, 545.982, 291.04, 1.79051
_17626_, 545.982, 291.04, 1.79051
hold271, 545.982, 291.04, 1.79051
FILLER_0_103_1188, 545.982, 291.04, 1.79051
_08822_, 558.651, 291.04, 1.79049
_17622_, 558.651, 291.04, 1.79049
_17624_, 558.651, 291.04, 1.79049
FILLER_0_102_1193, 558.651, 291.04, 1.79049
FILLER_0_102_1201, 558.651, 291.04, 1.79049
PHY_200, 5.52, 285.6, 1.79213
PHY_202, 5.52, 285.6, 1.79213
_08809_, 571.32, 285.6, 1.79034
_15272_, 571.32, 285.6, 1.79034
PHY_201, 571.32, 285.6, 1.79034
PHY_203, 571.32, 285.6, 1.79034
output20, 571.32, 285.6, 1.79034
_10124_, 34.64, 285.6, 1.79202
_10125_, 34.64, 285.6, 1.79202
_10138_, 34.64, 285.6, 1.79202
_10139_, 34.64, 285.6, 1.79202
_14536_, 34.64, 285.6, 1.79202
_14543_, 34.64, 285.6, 1.79202
hold889, 34.64, 285.6, 1.79202
FILLER_0_101_53, 34.64, 285.6, 1.79202
FILLER_0_101_60, 34.64, 285.6, 1.79202
_10135_, 47.44, 285.6, 1.79191
_14538_, 47.44, 285.6, 1.79191
_14541_, 47.44, 285.6, 1.79191
FILLER_0_100_85, 47.44, 285.6, 1.79191
FILLER_0_101_91, 47.44, 285.6, 1.79191
FILLER_0_101_100, 47.44, 285.6, 1.79191
_10134_, 60.24, 285.6, 1.79181
_17055_, 60.24, 285.6, 1.79181
_17059_, 60.24, 285.6, 1.79181
hold1306, 60.24, 285.6, 1.79181
FILLER_0_100_107, 60.24, 285.6, 1.79181
FILLER_0_101_109, 60.24, 285.6, 1.79181
_16979_, 73.04, 285.6, 1.79171
hold754, 73.04, 285.6, 1.79171
FILLER_0_101_133, 73.04, 285.6, 1.79171
_10114_, 85.84, 285.6, 1.79163
_10115_, 85.84, 285.6, 1.79163
_14547_, 85.84, 285.6, 1.79163
_14553_, 85.84, 285.6, 1.79163
FILLER_0_101_161, 85.84, 285.6, 1.79163
FILLER_0_101_177, 85.84, 285.6, 1.79163
FILLER_0_100_189, 98.64, 285.6, 1.79155
_10821_, 124.24, 285.6, 1.79138
_16622_, 124.24, 285.6, 1.79138
_16628_, 124.24, 285.6, 1.79138
FILLER_0_100_245, 124.24, 285.6, 1.79138
FILLER_0_101_249, 124.24, 285.6, 1.79138
_10808_, 137.04, 285.6, 1.79132
_10809_, 137.04, 285.6, 1.79132
_16569_, 137.04, 285.6, 1.79132
_10942_, 149.84, 285.6, 1.79125
_10943_, 149.84, 285.6, 1.79125
_14098_, 149.84, 285.6, 1.79125
hold221, 149.84, 285.6, 1.79125
hold318, 149.84, 285.6, 1.79125
_10918_, 162.64, 285.6, 1.7912
_16573_, 162.64, 285.6, 1.7912
FILLER_0_100_392, 188.24, 285.6, 1.79095
_12893_, 201.04, 285.6, 1.79075
_13428_, 201.04, 285.6, 1.79075
_15966_, 201.04, 285.6, 1.79075
hold2265, 201.04, 285.6, 1.79075
FILLER_0_101_429, 201.04, 285.6, 1.79075
FILLER_0_102_433, 201.04, 285.6, 1.79075
_07908_, 213.84, 285.6, 1.79058
_12892_, 213.84, 285.6, 1.79058
hold110, 213.84, 285.6, 1.79058
hold2214, 213.84, 285.6, 1.79058
FILLER_0_101_459, 213.84, 285.6, 1.79058
_12730_, 226.64, 285.6, 1.79042
_12734_, 226.64, 285.6, 1.79042
_13285_, 226.64, 285.6, 1.79042
hold109, 226.64, 285.6, 1.79042
FILLER_0_100_480, 226.64, 285.6, 1.79042
FILLER_0_101_487, 226.64, 285.6, 1.79042
_12173_, 239.44, 285.6, 1.7903
_12735_, 239.44, 285.6, 1.7903
_13356_, 239.44, 285.6, 1.7903
_15998_, 239.44, 285.6, 1.7903
hold42, 239.44, 285.6, 1.7903
FILLER_0_101_513, 239.44, 285.6, 1.7903
_12021_, 252.24, 285.6, 1.79021
_12823_, 252.24, 285.6, 1.79021
_13357_, 252.24, 285.6, 1.79021
hold2184, 252.24, 285.6, 1.79021
hold2241, 252.24, 285.6, 1.79021
_11963_, 265.04, 285.6, 1.79014
_13011_, 265.04, 285.6, 1.79014
hold56, 265.04, 285.6, 1.79014
FILLER_0_101_556, 265.04, 285.6, 1.79014
FILLER_0_101_561, 265.04, 285.6, 1.79014
_12045_, 277.84, 285.6, 1.79011
_12047_, 277.84, 285.6, 1.79011
_12176_, 277.84, 285.6, 1.79011
FILLER_0_100_580, 277.84, 285.6, 1.79011
FILLER_0_100_589, 277.84, 285.6, 1.79011
FILLER_0_101_580, 277.84, 285.6, 1.79011
FILLER_0_102_601, 277.84, 285.6, 1.79011
_12174_, 290.64, 285.6, 1.79015
_12416_, 290.64, 285.6, 1.79015
FILLER_0_101_610, 290.64, 285.6, 1.79015
FILLER_0_101_629, 290.64, 285.6, 1.79015
_12417_, 303.44, 285.6, 1.7902
_12421_, 303.44, 285.6, 1.7902
_12422_, 303.44, 285.6, 1.7902
_12423_, 303.44, 285.6, 1.7902
_12448_, 303.44, 285.6, 1.7902
FILLER_0_101_637, 303.44, 285.6, 1.7902
FILLER_0_101_654, 303.44, 285.6, 1.7902
FILLER_0_102_654, 303.44, 285.6, 1.7902
_11967_, 316.24, 285.6, 1.79032
_12981_, 316.24, 285.6, 1.79032
_13054_, 316.24, 285.6, 1.79032
_13321_, 316.24, 285.6, 1.79032
hold26, 316.24, 285.6, 1.79032
FILLER_0_100_662, 316.24, 285.6, 1.79032
FILLER_0_101_662, 316.24, 285.6, 1.79032
FILLER_0_101_673, 316.24, 285.6, 1.79032
FILLER_0_101_683, 316.24, 285.6, 1.79032
_11994_, 341.84, 285.6, 1.79038
_12475_, 341.84, 285.6, 1.79038
_13068_, 341.84, 285.6, 1.79038
_13312_, 341.84, 285.6, 1.79038
FILLER_0_100_731, 341.84, 285.6, 1.79038
FILLER_0_102_737, 341.84, 285.6, 1.79038
_12356_, 354.64, 285.6, 1.7903
_12472_, 354.64, 285.6, 1.7903
_12476_, 354.64, 285.6, 1.7903
fanout119, 354.64, 285.6, 1.7903
FILLER_0_100_751, 354.64, 285.6, 1.7903
FILLER_0_101_750, 354.64, 285.6, 1.7903
FILLER_0_101_759, 354.64, 285.6, 1.7903
FILLER_0_101_768, 354.64, 285.6, 1.7903
FILLER_0_102_763, 354.64, 285.6, 1.7903
_13127_, 367.44, 285.6, 1.7903
_15892_, 367.44, 285.6, 1.7903
_15923_, 367.44, 285.6, 1.7903
FILLER_0_101_785, 367.44, 285.6, 1.7903
_12503_, 380.24, 285.6, 1.79032
_13025_, 380.24, 285.6, 1.79032
_13346_, 380.24, 285.6, 1.79032
FILLER_0_100_803, 380.24, 285.6, 1.79032
FILLER_0_100_813, 380.24, 285.6, 1.79032
FILLER_0_102_827, 380.24, 285.6, 1.79032
_12848_, 393.04, 285.6, 1.79036
_15987_, 393.04, 285.6, 1.79036
hold2205, 393.04, 285.6, 1.79036
FILLER_0_101_832, 393.04, 285.6, 1.79036
FILLER_0_101_849, 393.04, 285.6, 1.79036
FILLER_0_101_889, 418.64, 285.6, 1.79047
FILLER_0_101_909, 418.64, 285.6, 1.79047
_08164_, 431.44, 285.6, 1.79053
_08165_, 431.44, 285.6, 1.79053
_17950_, 431.44, 285.6, 1.79053
hold894, 431.44, 285.6, 1.79053
FILLER_0_100_917, 431.44, 285.6, 1.79053
FILLER_0_102_933, 431.44, 285.6, 1.79053
_08167_, 444.24, 285.6, 1.7906
_08182_, 444.24, 285.6, 1.7906
_15629_, 444.24, 285.6, 1.7906
_17947_, 444.24, 285.6, 1.7906
_17949_, 444.24, 285.6, 1.7906
FILLER_0_101_953, 444.24, 285.6, 1.7906
FILLER_0_101_963, 444.24, 285.6, 1.7906
_08170_, 457.04, 285.6, 1.79068
hold911, 457.04, 285.6, 1.79068
hold912, 457.04, 285.6, 1.79068
hold1732, 457.04, 285.6, 1.79068
_17636_, 469.84, 285.6, 1.79076
FILLER_0_101_1002, 469.84, 285.6, 1.79076
FILLER_0_101_1021, 469.84, 285.6, 1.79076
_08798_, 495.308, 285.6, 1.79076
_08799_, 495.308, 285.6, 1.79076
_08802_, 495.308, 285.6, 1.79076
_15277_, 495.308, 285.6, 1.79076
_15279_, 495.308, 285.6, 1.79076
_15285_, 495.308, 285.6, 1.79076
hold1061, 495.308, 285.6, 1.79076
hold1101, 495.308, 285.6, 1.79076
_08766_, 507.977, 285.6, 1.79068
_08767_, 507.977, 285.6, 1.79068
_08778_, 507.977, 285.6, 1.79068
_08779_, 507.977, 285.6, 1.79068
_15290_, 507.977, 285.6, 1.79068
_17643_, 507.977, 285.6, 1.79068
hold1560, 507.977, 285.6, 1.79068
FILLER_0_100_1080, 507.977, 285.6, 1.79068
FILLER_0_101_1079, 507.977, 285.6, 1.79068
FILLER_0_102_1099, 507.977, 285.6, 1.79068
_08769_, 520.645, 285.6, 1.7906
_15287_, 520.645, 285.6, 1.7906
_15296_, 520.645, 285.6, 1.7906
_15297_, 520.645, 285.6, 1.7906
hold1994, 520.645, 285.6, 1.7906
FILLER_0_101_1121, 520.645, 285.6, 1.7906
FILLER_0_102_1124, 520.645, 285.6, 1.7906
_08771_, 533.314, 285.6, 1.79053
_08780_, 533.314, 285.6, 1.79053
_15289_, 533.314, 285.6, 1.79053
_17621_, 533.314, 285.6, 1.79053
FILLER_0_100_1143, 533.314, 285.6, 1.79053
_15266_, 545.982, 285.6, 1.79046
hold2088, 545.982, 285.6, 1.79046
_08808_, 558.651, 285.6, 1.7904
_15273_, 558.651, 285.6, 1.7904
_17628_, 558.651, 285.6, 1.7904
FILLER_0_100_1193, 558.651, 285.6, 1.7904
FILLER_0_100_1201, 558.651, 285.6, 1.7904
FILLER_0_101_1204, 558.651, 285.6, 1.7904
FILLER_0_101_1211, 558.651, 285.6, 1.7904
PHY_196, 5.52, 280.16, 1.79219
PHY_198, 5.52, 280.16, 1.79219
PHY_197, 571.32, 280.16, 1.79094
PHY_199, 571.32, 280.16, 1.79094
hold644, 571.32, 280.16, 1.79094
_10136_, 34.64, 280.16, 1.79207
_10137_, 34.64, 280.16, 1.79207
_10142_, 34.64, 280.16, 1.79207
_14534_, 34.64, 280.16, 1.79207
_14537_, 34.64, 280.16, 1.79207
hold1031, 34.64, 280.16, 1.79207
hold1392, 34.64, 280.16, 1.79207
FILLER_0_100_75, 34.64, 280.16, 1.79207
_14535_, 47.44, 280.16, 1.79195
_16962_, 47.44, 280.16, 1.79195
hold1610, 47.44, 280.16, 1.79195
FILLER_0_98_79, 47.44, 280.16, 1.79195
FILLER_0_100_93, 47.44, 280.16, 1.79195
FILLER_0_100_99, 47.44, 280.16, 1.79195
_10140_, 60.24, 280.16, 1.79185
_17053_, 60.24, 280.16, 1.79185
FILLER_0_100_130, 60.24, 280.16, 1.79185
_09958_, 73.04, 280.16, 1.79175
hold1212, 73.04, 280.16, 1.79175
FILLER_0_98_137, 73.04, 280.16, 1.79175
_10110_, 85.84, 280.16, 1.79165
_10111_, 85.84, 280.16, 1.79165
_10112_, 85.84, 280.16, 1.79165
hold2074, 85.84, 280.16, 1.79165
FILLER_0_99_165, 85.84, 280.16, 1.79165
_10121_, 98.64, 280.16, 1.79155
FILLER_0_98_192, 98.64, 280.16, 1.79155
_10092_, 111.44, 280.16, 1.79145
_10093_, 111.44, 280.16, 1.79145
_16986_, 111.44, 280.16, 1.79145
FILLER_0_99_220, 111.44, 280.16, 1.79145
FILLER_0_99_225, 111.44, 280.16, 1.79145
FILLER_0_99_233, 111.44, 280.16, 1.79145
hold1674, 124.24, 280.16, 1.79136
FILLER_0_99_269, 124.24, 280.16, 1.79136
_10927_, 137.04, 280.16, 1.79127
_10928_, 137.04, 280.16, 1.79127
_16561_, 137.04, 280.16, 1.79127
clkbuf_leaf_16_clk, 137.04, 280.16, 1.79127
hold1086, 137.04, 280.16, 1.79127
FILLER_0_98_273, 137.04, 280.16, 1.79127
FILLER_0_99_277, 137.04, 280.16, 1.79127
FILLER_0_99_291, 137.04, 280.16, 1.79127
FILLER_0_100_289, 137.04, 280.16, 1.79127
_10907_, 149.84, 280.16, 1.79123
_10926_, 149.84, 280.16, 1.79123
_14090_, 149.84, 280.16, 1.79123
FILLER_0_98_309, 149.84, 280.16, 1.79123
FILLER_0_100_323, 149.84, 280.16, 1.79123
_10906_, 162.64, 280.16, 1.79119
_10919_, 162.64, 280.16, 1.79119
_14103_, 162.64, 280.16, 1.79119
_14109_, 162.64, 280.16, 1.79119
_16577_, 162.64, 280.16, 1.79119
_16579_, 162.64, 280.16, 1.79119
hold1152, 162.64, 280.16, 1.79119
hold1276, 162.64, 280.16, 1.79119
_07911_, 188.24, 280.16, 1.79086
_10921_, 188.24, 280.16, 1.79086
_18077_, 188.24, 280.16, 1.79086
hold1304, 188.24, 280.16, 1.79086
hold2017, 188.24, 280.16, 1.79086
FILLER_0_99_388, 188.24, 280.16, 1.79086
FILLER_0_99_401, 188.24, 280.16, 1.79086
_07910_, 201.04, 280.16, 1.79057
_12894_, 201.04, 280.16, 1.79057
_12895_, 201.04, 280.16, 1.79057
_13427_, 201.04, 280.16, 1.79057
_15771_, 201.04, 280.16, 1.79057
_18078_, 201.04, 280.16, 1.79057
FILLER_0_98_415, 201.04, 280.16, 1.79057
FILLER_0_98_424, 201.04, 280.16, 1.79057
FILLER_0_99_437, 201.04, 280.16, 1.79057
FILLER_0_100_433, 201.04, 280.16, 1.79057
_07909_, 213.84, 280.16, 1.7903
_15772_, 213.84, 280.16, 1.7903
_15838_, 213.84, 280.16, 1.7903
hold2213, 213.84, 280.16, 1.7903
FILLER_0_99_452, 213.84, 280.16, 1.7903
_13093_, 226.64, 280.16, 1.79006
_15837_, 226.64, 280.16, 1.79006
_15901_, 226.64, 280.16, 1.79006
FILLER_0_98_473, 226.64, 280.16, 1.79006
FILLER_0_99_475, 226.64, 280.16, 1.79006
_12042_, 239.44, 280.16, 1.78985
_13012_, 239.44, 280.16, 1.78985
_13013_, 239.44, 280.16, 1.78985
clkbuf_leaf_29_clk, 239.44, 280.16, 1.78985
_12043_, 252.24, 280.16, 1.78968
_12044_, 252.24, 280.16, 1.78968
_12206_, 252.24, 280.16, 1.78968
_12824_, 252.24, 280.16, 1.78968
_12825_, 252.24, 280.16, 1.78968
_12826_, 252.24, 280.16, 1.78968
_15902_, 252.24, 280.16, 1.78968
FILLER_0_100_542, 252.24, 280.16, 1.78968
_12024_, 265.04, 280.16, 1.78955
max_cap121, 265.04, 280.16, 1.78955
max_cap122, 265.04, 280.16, 1.78955
rebuffer1, 265.04, 280.16, 1.78955
FILLER_0_98_561, 265.04, 280.16, 1.78955
FILLER_0_99_556, 265.04, 280.16, 1.78955
_12116_, 277.84, 280.16, 1.78947
_12138_, 277.84, 280.16, 1.78947
_12175_, 277.84, 280.16, 1.78947
clkbuf_0_clk, 277.84, 280.16, 1.78947
ANTENNA_2, 277.84, 280.16, 1.78947
FILLER_0_98_589, 277.84, 280.16, 1.78947
FILLER_0_99_583, 277.84, 280.16, 1.78947
_12205_, 290.64, 280.16, 1.78955
_12209_, 290.64, 280.16, 1.78955
_12429_, 290.64, 280.16, 1.78955
_12431_, 290.64, 280.16, 1.78955
FILLER_0_99_621, 290.64, 280.16, 1.78955
_12426_, 303.44, 280.16, 1.78984
_12427_, 303.44, 280.16, 1.78984
_12428_, 303.44, 280.16, 1.78984
FILLER_0_99_667, 316.24, 280.16, 1.79018
_11996_, 341.84, 280.16, 1.79047
_12778_, 341.84, 280.16, 1.79047
_16021_, 341.84, 280.16, 1.79047
hold2193, 341.84, 280.16, 1.79047
FILLER_0_98_722, 341.84, 280.16, 1.79047
FILLER_0_99_719, 341.84, 280.16, 1.79047
_12127_, 354.64, 280.16, 1.79045
_12128_, 354.64, 280.16, 1.79045
_12357_, 354.64, 280.16, 1.79045
_12358_, 354.64, 280.16, 1.79045
_12473_, 354.64, 280.16, 1.79045
_12474_, 354.64, 280.16, 1.79045
FILLER_0_98_749, 354.64, 280.16, 1.79045
FILLER_0_98_757, 354.64, 280.16, 1.79045
_12326_, 367.44, 280.16, 1.79047
FILLER_0_98_782, 367.44, 280.16, 1.79047
FILLER_0_99_773, 367.44, 280.16, 1.79047
FILLER_0_99_781, 367.44, 280.16, 1.79047
FILLER_0_99_785, 367.44, 280.16, 1.79047
_12504_, 380.24, 280.16, 1.79051
_13444_, 380.24, 280.16, 1.79051
_16051_, 380.24, 280.16, 1.79051
hold35, 380.24, 280.16, 1.79051
_13055_, 393.04, 280.16, 1.79056
_13056_, 393.04, 280.16, 1.79056
_13522_, 393.04, 280.16, 1.79056
ANTENNA_25, 393.04, 280.16, 1.79056
FILLER_0_98_832, 393.04, 280.16, 1.79056
FILLER_0_98_839, 393.04, 280.16, 1.79056
FILLER_0_99_829, 393.04, 280.16, 1.79056
FILLER_0_99_837, 393.04, 280.16, 1.79056
FILLER_0_99_841, 393.04, 280.16, 1.79056
FILLER_0_100_844, 393.04, 280.16, 1.79056
hold2160, 405.84, 280.16, 1.79062
_13529_, 418.64, 280.16, 1.79069
hold1574, 418.64, 280.16, 1.79069
FILLER_0_98_890, 418.64, 280.16, 1.79069
_08181_, 431.44, 280.16, 1.79076
_08183_, 431.44, 280.16, 1.79076
_15622_, 431.44, 280.16, 1.79076
_15630_, 431.44, 280.16, 1.79076
FILLER_0_98_917, 431.44, 280.16, 1.79076
FILLER_0_99_921, 431.44, 280.16, 1.79076
FILLER_0_99_932, 431.44, 280.16, 1.79076
_15621_, 444.24, 280.16, 1.79083
_17945_, 444.24, 280.16, 1.79083
hold1996, 444.24, 280.16, 1.79083
_08166_, 457.04, 280.16, 1.79091
_08171_, 457.04, 280.16, 1.79091
_08174_, 457.04, 280.16, 1.79091
_15627_, 457.04, 280.16, 1.79091
_08803_, 495.308, 280.16, 1.79103
hold1606, 495.308, 280.16, 1.79103
FILLER_0_99_1057, 495.308, 280.16, 1.79103
_17649_, 507.977, 280.16, 1.791
_17650_, 507.977, 280.16, 1.791
FILLER_0_99_1089, 507.977, 280.16, 1.791
FILLER_0_99_1097, 507.977, 280.16, 1.791
_08764_, 520.645, 280.16, 1.79098
_08765_, 520.645, 280.16, 1.79098
_08781_, 520.645, 280.16, 1.79098
_17642_, 520.645, 280.16, 1.79098
hold1127, 520.645, 280.16, 1.79098
_08770_, 533.314, 280.16, 1.79096
_15294_, 533.314, 280.16, 1.79096
hold1146, 533.314, 280.16, 1.79096
hold1988, 533.314, 280.16, 1.79096
FILLER_0_99_1158, 533.314, 280.16, 1.79096
_15265_, 545.982, 280.16, 1.79095
FILLER_0_99_1173, 545.982, 280.16, 1.79095
_08805_, 558.651, 280.16, 1.79095
_08818_, 558.651, 280.16, 1.79095
_08819_, 558.651, 280.16, 1.79095
_15275_, 558.651, 280.16, 1.79095
_17623_, 558.651, 280.16, 1.79095
hold1894, 558.651, 280.16, 1.79095
FILLER_0_98_1189, 558.651, 280.16, 1.79095
FILLER_0_99_1189, 558.651, 280.16, 1.79095
FILLER_0_100_1205, 558.651, 280.16, 1.79095
FILLER_0_100_1213, 558.651, 280.16, 1.79095
PHY_192, 5.52, 274.72, 1.79214
PHY_194, 5.52, 274.72, 1.79214
output86, 5.52, 274.72, 1.79214
_08804_, 571.32, 274.72, 1.791
_08811_, 571.32, 274.72, 1.791
_15268_, 571.32, 274.72, 1.791
PHY_193, 571.32, 274.72, 1.791
PHY_195, 571.32, 274.72, 1.791
_10130_, 34.64, 274.72, 1.79211
_16967_, 34.64, 274.72, 1.79211
FILLER_0_96_53, 34.64, 274.72, 1.79211
FILLER_0_96_61, 34.64, 274.72, 1.79211
FILLER_0_97_53, 34.64, 274.72, 1.79211
_10126_, 47.44, 274.72, 1.792
_10127_, 47.44, 274.72, 1.792
_10141_, 47.44, 274.72, 1.792
_14542_, 47.44, 274.72, 1.792
_16969_, 47.44, 274.72, 1.792
hold1049, 47.44, 274.72, 1.792
FILLER_0_97_80, 47.44, 274.72, 1.792
FILLER_0_97_96, 47.44, 274.72, 1.792
FILLER_0_98_93, 47.44, 274.72, 1.792
_09959_, 60.24, 274.72, 1.7919
_14635_, 60.24, 274.72, 1.7919
FILLER_0_97_108, 60.24, 274.72, 1.7919
FILLER_0_97_113, 60.24, 274.72, 1.7919
FILLER_0_97_129, 60.24, 274.72, 1.7919
_09944_, 73.04, 274.72, 1.79181
_09956_, 73.04, 274.72, 1.79181
_16976_, 73.04, 274.72, 1.79181
hold734, 73.04, 274.72, 1.79181
hold2155, 73.04, 274.72, 1.79181
FILLER_0_97_158, 73.04, 274.72, 1.79181
FILLER_0_98_149, 73.04, 274.72, 1.79181
_10113_, 85.84, 274.72, 1.79172
_14546_, 85.84, 274.72, 1.79172
_14550_, 85.84, 274.72, 1.79172
_14551_, 85.84, 274.72, 1.79172
_16972_, 85.84, 274.72, 1.79172
hold1654, 85.84, 274.72, 1.79172
_10090_, 98.64, 274.72, 1.79164
_14562_, 98.64, 274.72, 1.79164
_16989_, 98.64, 274.72, 1.79164
hold1712, 98.64, 274.72, 1.79164
hold1893, 98.64, 274.72, 1.79164
FILLER_0_98_209, 98.64, 274.72, 1.79164
_10085_, 111.44, 274.72, 1.79157
_10086_, 111.44, 274.72, 1.79157
_14561_, 111.44, 274.72, 1.79157
_16988_, 111.44, 274.72, 1.79157
_16990_, 111.44, 274.72, 1.79157
hold1682, 111.44, 274.72, 1.79157
FILLER_0_97_220, 111.44, 274.72, 1.79157
_10088_, 124.24, 274.72, 1.79152
_14563_, 124.24, 274.72, 1.79152
FILLER_0_97_266, 124.24, 274.72, 1.79152
_10929_, 137.04, 274.72, 1.79146
_16568_, 137.04, 274.72, 1.79146
FILLER_0_96_277, 137.04, 274.72, 1.79146
FILLER_0_96_285, 137.04, 274.72, 1.79146
FILLER_0_97_274, 137.04, 274.72, 1.79146
_10935_, 149.84, 274.72, 1.79141
_10940_, 149.84, 274.72, 1.79141
_10941_, 149.84, 274.72, 1.79141
_14091_, 149.84, 274.72, 1.79141
_16562_, 149.84, 274.72, 1.79141
_16565_, 149.84, 274.72, 1.79141
hold455, 149.84, 274.72, 1.79141
FILLER_0_97_301, 149.84, 274.72, 1.79141
FILLER_0_98_320, 149.84, 274.72, 1.79141
hold1759, 162.64, 274.72, 1.79138
FILLER_0_96_337, 162.64, 274.72, 1.79138
FILLER_0_97_329, 162.64, 274.72, 1.79138
_10920_, 188.24, 274.72, 1.79112
_15965_, 188.24, 274.72, 1.79112
FILLER_0_97_405, 188.24, 274.72, 1.79112
clkbuf_leaf_26_clk, 201.04, 274.72, 1.79091
FILLER_0_96_413, 201.04, 274.72, 1.79091
FILLER_0_96_421, 201.04, 274.72, 1.79091
hold2164, 213.84, 274.72, 1.79074
FILLER_0_97_442, 213.84, 274.72, 1.79074
FILLER_0_98_465, 213.84, 274.72, 1.79074
_13284_, 226.64, 274.72, 1.79057
FILLER_0_96_473, 226.64, 274.72, 1.79057
_15997_, 239.44, 274.72, 1.79041
FILLER_0_97_497, 239.44, 274.72, 1.79041
FILLER_0_97_505, 239.44, 274.72, 1.79041
FILLER_0_98_517, 239.44, 274.72, 1.79041
_11957_, 252.24, 274.72, 1.79025
_11971_, 252.24, 274.72, 1.79025
_12207_, 252.24, 274.72, 1.79025
_13462_, 252.24, 274.72, 1.79025
hold2190, 252.24, 274.72, 1.79025
FILLER_0_96_529, 252.24, 274.72, 1.79025
_11956_, 265.04, 274.72, 1.79015
_11972_, 265.04, 274.72, 1.79015
_11984_, 265.04, 274.72, 1.79015
_12439_, 265.04, 274.72, 1.79015
_13106_, 265.04, 274.72, 1.79015
FILLER_0_96_560, 265.04, 274.72, 1.79015
_11953_, 277.84, 274.72, 1.79015
_11993_, 277.84, 274.72, 1.79015
_12046_, 277.84, 274.72, 1.79015
_12115_, 277.84, 274.72, 1.79015
_12204_, 277.84, 274.72, 1.79015
_12383_, 277.84, 274.72, 1.79015
_12430_, 277.84, 274.72, 1.79015
FILLER_0_97_597, 277.84, 274.72, 1.79015
_12208_, 290.64, 274.72, 1.79025
FILLER_0_97_629, 290.64, 274.72, 1.79025
FILLER_0_98_621, 290.64, 274.72, 1.79025
FILLER_0_98_632, 290.64, 274.72, 1.79025
_12210_, 303.44, 274.72, 1.79037
_12396_, 303.44, 274.72, 1.79037
_12433_, 303.44, 274.72, 1.79037
FILLER_0_98_648, 303.44, 274.72, 1.79037
_13116_, 316.24, 274.72, 1.79056
FILLER_0_97_667, 316.24, 274.72, 1.79056
FILLER_0_97_685, 316.24, 274.72, 1.79056
_11995_, 341.84, 274.72, 1.79075
_12126_, 341.84, 274.72, 1.79075
_12779_, 341.84, 274.72, 1.79075
_13489_, 341.84, 274.72, 1.79075
_15797_, 341.84, 274.72, 1.79075
FILLER_0_97_724, 341.84, 274.72, 1.79075
FILLER_0_97_741, 341.84, 274.72, 1.79075
_12459_, 354.64, 274.72, 1.79069
_13488_, 354.64, 274.72, 1.79069
FILLER_0_96_753, 354.64, 274.72, 1.79069
FILLER_0_98_765, 354.64, 274.72, 1.79069
_15891_, 367.44, 274.72, 1.79064
FILLER_0_97_777, 367.44, 274.72, 1.79064
FILLER_0_97_797, 367.44, 274.72, 1.79064
_12494_, 380.24, 274.72, 1.7906
_13026_, 380.24, 274.72, 1.7906
_13345_, 380.24, 274.72, 1.7906
_13521_, 380.24, 274.72, 1.7906
_16052_, 380.24, 274.72, 1.7906
FILLER_0_96_805, 380.24, 274.72, 1.7906
FILLER_0_97_811, 380.24, 274.72, 1.7906
_13320_, 393.04, 274.72, 1.79059
_15869_, 393.04, 274.72, 1.79059
clkbuf_leaf_167_clk, 393.04, 274.72, 1.79059
_11949_, 405.84, 274.72, 1.79063
_16058_, 405.84, 274.72, 1.79063
FILLER_0_96_863, 405.84, 274.72, 1.79063
FILLER_0_96_869, 405.84, 274.72, 1.79063
FILLER_0_97_870, 405.84, 274.72, 1.79063
FILLER_0_98_881, 405.84, 274.72, 1.79063
_11948_, 418.64, 274.72, 1.79068
_16060_, 418.64, 274.72, 1.79068
hold1930, 418.64, 274.72, 1.79068
FILLER_0_97_908, 418.64, 274.72, 1.79068
_08169_, 431.44, 274.72, 1.79074
_08180_, 431.44, 274.72, 1.79074
_17942_, 431.44, 274.72, 1.79074
clkbuf_leaf_178_clk, 431.44, 274.72, 1.79074
hold350, 431.44, 274.72, 1.79074
FILLER_0_96_914, 431.44, 274.72, 1.79074
_08175_, 444.24, 274.72, 1.79085
_15625_, 444.24, 274.72, 1.79085
_15628_, 444.24, 274.72, 1.79085
_17941_, 444.24, 274.72, 1.79085
FILLER_0_97_946, 444.24, 274.72, 1.79085
FILLER_0_97_953, 444.24, 274.72, 1.79085
_15626_, 457.04, 274.72, 1.79096
hold910, 457.04, 274.72, 1.79096
FILLER_0_96_971, 457.04, 274.72, 1.79096
FILLER_0_97_1004, 469.84, 274.72, 1.79108
FILLER_0_97_1021, 469.84, 274.72, 1.79108
_08296_, 495.308, 274.72, 1.79115
_08303_, 495.308, 274.72, 1.79115
_15555_, 495.308, 274.72, 1.79115
_15558_, 495.308, 274.72, 1.79115
_17881_, 495.308, 274.72, 1.79115
FILLER_0_96_1056, 495.308, 274.72, 1.79115
FILLER_0_97_1060, 495.308, 274.72, 1.79115
FILLER_0_97_1065, 495.308, 274.72, 1.79115
_08298_, 507.977, 274.72, 1.79111
_08299_, 507.977, 274.72, 1.79111
_08302_, 507.977, 274.72, 1.79111
_15557_, 507.977, 274.72, 1.79111
hold1859, 507.977, 274.72, 1.79111
FILLER_0_98_1105, 507.977, 274.72, 1.79111
_17647_, 520.645, 274.72, 1.79108
FILLER_0_97_1109, 520.645, 274.72, 1.79108
FILLER_0_97_1117, 520.645, 274.72, 1.79108
_17625_, 533.314, 274.72, 1.79104
FILLER_0_97_1157, 533.314, 274.72, 1.79104
FILLER_0_98_1149, 533.314, 274.72, 1.79104
_08807_, 545.982, 274.72, 1.79102
_08814_, 545.982, 274.72, 1.79102
_08815_, 545.982, 274.72, 1.79102
_15270_, 545.982, 274.72, 1.79102
_15274_, 545.982, 274.72, 1.79102
_17629_, 545.982, 274.72, 1.79102
hold919, 545.982, 274.72, 1.79102
hold1198, 545.982, 274.72, 1.79102
_17627_, 558.651, 274.72, 1.791
_17630_, 558.651, 274.72, 1.791
hold1199, 558.651, 274.72, 1.791
FILLER_0_96_1197, 558.651, 274.72, 1.791
PHY_188, 5.52, 269.28, 1.79235
PHY_190, 5.52, 269.28, 1.79235
_08810_, 571.32, 269.28, 1.79101
PHY_189, 571.32, 269.28, 1.79101
PHY_191, 571.32, 269.28, 1.79101
input1, 571.32, 269.28, 1.79101
FILLER_0_94_1217, 571.32, 269.28, 1.79101
FILLER_0_95_1217, 571.32, 269.28, 1.79101
_10003_, 13.68, 269.28, 1.79235
FILLER_0_95_15, 13.68, 269.28, 1.79235
_10131_, 34.64, 269.28, 1.79222
_14533_, 34.64, 269.28, 1.79222
_14540_, 34.64, 269.28, 1.79222
FILLER_0_95_69, 34.64, 269.28, 1.79222
FILLER_0_96_71, 34.64, 269.28, 1.79222
_10132_, 47.44, 269.28, 1.7921
_14539_, 47.44, 269.28, 1.7921
_16966_, 47.44, 269.28, 1.7921
hold1516, 47.44, 269.28, 1.7921
FILLER_0_94_85, 47.44, 269.28, 1.7921
FILLER_0_95_102, 47.44, 269.28, 1.7921
_09945_, 60.24, 269.28, 1.79199
_14642_, 60.24, 269.28, 1.79199
_17060_, 60.24, 269.28, 1.79199
FILLER_0_95_113, 60.24, 269.28, 1.79199
FILLER_0_96_125, 60.24, 269.28, 1.79199
_16977_, 73.04, 269.28, 1.79189
_17054_, 73.04, 269.28, 1.79189
hold1736, 73.04, 269.28, 1.79189
FILLER_0_96_149, 73.04, 269.28, 1.79189
_10091_, 85.84, 269.28, 1.7918
_10120_, 85.84, 269.28, 1.7918
FILLER_0_94_164, 85.84, 269.28, 1.7918
FILLER_0_94_172, 85.84, 269.28, 1.7918
FILLER_0_95_161, 85.84, 269.28, 1.7918
FILLER_0_96_175, 85.84, 269.28, 1.7918
_10087_, 98.64, 269.28, 1.79171
_14564_, 98.64, 269.28, 1.79171
clkbuf_leaf_15_clk, 98.64, 269.28, 1.79171
FILLER_0_94_193, 98.64, 269.28, 1.79171
FILLER_0_94_197, 98.64, 269.28, 1.79171
FILLER_0_95_214, 98.64, 269.28, 1.79171
FILLER_0_96_213, 98.64, 269.28, 1.79171
_10084_, 111.44, 269.28, 1.79167
_10089_, 111.44, 269.28, 1.79167
_14565_, 111.44, 269.28, 1.79167
hold1853, 111.44, 269.28, 1.79167
FILLER_0_95_225, 111.44, 269.28, 1.79167
FILLER_0_94_248, 124.24, 269.28, 1.79163
FILLER_0_95_267, 124.24, 269.28, 1.79163
_10936_, 137.04, 269.28, 1.7916
_10937_, 137.04, 269.28, 1.7916
_14093_, 137.04, 269.28, 1.7916
_14097_, 137.04, 269.28, 1.7916
hold217, 137.04, 269.28, 1.7916
_10934_, 149.84, 269.28, 1.79156
_14094_, 149.84, 269.28, 1.79156
_14095_, 149.84, 269.28, 1.79156
hold538, 149.84, 269.28, 1.79156
FILLER_0_94_309, 149.84, 269.28, 1.79156
FILLER_0_95_309, 149.84, 269.28, 1.79156
_09924_, 162.64, 269.28, 1.79153
_09925_, 162.64, 269.28, 1.79153
clkbuf_leaf_25_clk, 162.64, 269.28, 1.79153
FILLER_0_94_333, 162.64, 269.28, 1.79153
FILLER_0_95_331, 162.64, 269.28, 1.79153
FILLER_0_94_392, 188.24, 269.28, 1.79142
_12927_, 201.04, 269.28, 1.79129
_12971_, 201.04, 269.28, 1.79129
_12972_, 201.04, 269.28, 1.79129
_13387_, 201.04, 269.28, 1.79129
_15929_, 201.04, 269.28, 1.79129
_12973_, 213.84, 269.28, 1.79119
_18073_, 213.84, 269.28, 1.79119
FILLER_0_95_449, 213.84, 269.28, 1.79119
_07918_, 226.64, 269.28, 1.79111
_12761_, 226.64, 269.28, 1.79111
_12766_, 226.64, 269.28, 1.79111
hold2235, 226.64, 269.28, 1.79111
FILLER_0_94_477, 226.64, 269.28, 1.79111
FILLER_0_96_489, 226.64, 269.28, 1.79111
FILLER_0_95_500, 239.44, 269.28, 1.79105
FILLER_0_96_521, 239.44, 269.28, 1.79105
_12040_, 252.24, 269.28, 1.79099
hold2174, 252.24, 269.28, 1.79099
_11970_, 265.04, 269.28, 1.79097
_11982_, 265.04, 269.28, 1.79097
_12685_, 265.04, 269.28, 1.79097
rebuffer10, 265.04, 269.28, 1.79097
rebuffer15, 265.04, 269.28, 1.79097
FILLER_0_95_553, 265.04, 269.28, 1.79097
FILLER_0_95_561, 265.04, 269.28, 1.79097
FILLER_0_95_569, 265.04, 269.28, 1.79097
_12121_, 277.84, 269.28, 1.79096
_12382_, 277.84, 269.28, 1.79096
max_cap123, 277.84, 269.28, 1.79096
_12563_, 290.64, 269.28, 1.79099
_12404_, 303.44, 269.28, 1.79102
_13132_, 303.44, 269.28, 1.79102
_11961_, 316.24, 269.28, 1.7911
_13057_, 316.24, 269.28, 1.7911
FILLER_0_95_665, 316.24, 269.28, 1.7911
FILLER_0_95_685, 316.24, 269.28, 1.7911
_13453_, 341.84, 269.28, 1.79116
FILLER_0_96_745, 341.84, 269.28, 1.79116
_12129_, 354.64, 269.28, 1.7911
_12134_, 354.64, 269.28, 1.7911
_12447_, 354.64, 269.28, 1.7911
_12462_, 354.64, 269.28, 1.7911
FILLER_0_95_756, 354.64, 269.28, 1.7911
FILLER_0_95_762, 354.64, 269.28, 1.7911
_12446_, 367.44, 269.28, 1.79108
_12460_, 367.44, 269.28, 1.79108
FILLER_0_95_781, 367.44, 269.28, 1.79108
_12493_, 380.24, 269.28, 1.79108
_13523_, 380.24, 269.28, 1.79108
hold2238, 380.24, 269.28, 1.79108
FILLER_0_94_807, 380.24, 269.28, 1.79108
FILLER_0_95_821, 380.24, 269.28, 1.79108
_12479_, 393.04, 269.28, 1.79108
_12480_, 393.04, 269.28, 1.79108
_13524_, 393.04, 269.28, 1.79108
_16053_, 393.04, 269.28, 1.79108
hold2263, 393.04, 269.28, 1.79108
FILLER_0_95_829, 393.04, 269.28, 1.79108
_11947_, 405.84, 269.28, 1.7911
_16059_, 405.84, 269.28, 1.7911
hold2171, 405.84, 269.28, 1.7911
FILLER_0_94_863, 405.84, 269.28, 1.7911
FILLER_0_95_876, 405.84, 269.28, 1.7911
_11944_, 418.64, 269.28, 1.79114
_11945_, 418.64, 269.28, 1.79114
_11946_, 418.64, 269.28, 1.79114
_13530_, 418.64, 269.28, 1.79114
_13531_, 418.64, 269.28, 1.79114
hold1805, 418.64, 269.28, 1.79114
FILLER_0_95_908, 418.64, 269.28, 1.79114
_08168_, 431.44, 269.28, 1.79117
_17948_, 431.44, 269.28, 1.79117
hold363, 431.44, 269.28, 1.79117
FILLER_0_94_914, 431.44, 269.28, 1.79117
_17946_, 444.24, 269.28, 1.79122
FILLER_0_94_949, 444.24, 269.28, 1.79122
FILLER_0_95_947, 444.24, 269.28, 1.79122
FILLER_0_95_953, 444.24, 269.28, 1.79122
_08172_, 457.04, 269.28, 1.79127
_15624_, 457.04, 269.28, 1.79127
hold1364, 457.04, 269.28, 1.79127
_08285_, 469.84, 269.28, 1.79132
_17888_, 469.84, 269.28, 1.79132
FILLER_0_94_1005, 469.84, 269.28, 1.79132
FILLER_0_95_1009, 469.84, 269.28, 1.79132
FILLER_0_95_1017, 469.84, 269.28, 1.79132
_17883_, 495.308, 269.28, 1.79127
FILLER_0_94_1057, 495.308, 269.28, 1.79127
FILLER_0_95_1055, 495.308, 269.28, 1.79127
FILLER_0_95_1065, 495.308, 269.28, 1.79127
_08292_, 507.977, 269.28, 1.79117
clkbuf_leaf_181_clk, 507.977, 269.28, 1.79117
hold1605, 507.977, 269.28, 1.79117
FILLER_0_95_1104, 507.977, 269.28, 1.79117
_08867_, 520.645, 269.28, 1.79111
FILLER_0_95_1113, 520.645, 269.28, 1.79111
_08875_, 533.314, 269.28, 1.79106
_08878_, 533.314, 269.28, 1.79106
_08879_, 533.314, 269.28, 1.79106
_15198_, 533.314, 269.28, 1.79106
FILLER_0_95_1143, 533.314, 269.28, 1.79106
_08806_, 545.982, 269.28, 1.79101
clkbuf_leaf_182_clk, 545.982, 269.28, 1.79101
FILLER_0_95_1170, 545.982, 269.28, 1.79101
_13241_, 558.651, 269.28, 1.79101
FILLER_0_94_1201, 558.651, 269.28, 1.79101
FILLER_0_95_1209, 558.651, 269.28, 1.79101
FILLER_0_96_1205, 558.651, 269.28, 1.79101
_17031_, 5.52, 263.84, 1.79236
_17040_, 5.52, 263.84, 1.79236
PHY_184, 5.52, 263.84, 1.79236
PHY_186, 5.52, 263.84, 1.79236
FILLER_0_93_3, 5.52, 263.84, 1.79236
FILLER_0_94_3, 5.52, 263.84, 1.79236
PHY_185, 571.32, 263.84, 1.79139
PHY_187, 571.32, 263.84, 1.79139
FILLER_0_92_1222, 571.32, 263.84, 1.79139
FILLER_0_93_1224, 571.32, 263.84, 1.79139
_09985_, 13.68, 263.84, 1.79237
FILLER_0_92_11, 13.68, 263.84, 1.79237
FILLER_0_92_17, 13.68, 263.84, 1.79237
_09998_, 34.64, 263.84, 1.79224
_09999_, 34.64, 263.84, 1.79224
_14613_, 34.64, 263.84, 1.79224
hold1852, 34.64, 263.84, 1.79224
hold2022, 34.64, 263.84, 1.79224
_10133_, 47.44, 263.84, 1.79211
FILLER_0_92_85, 47.44, 263.84, 1.79211
_17052_, 60.24, 263.84, 1.79197
clkbuf_leaf_13_clk, 60.24, 263.84, 1.79197
hold1367, 60.24, 263.84, 1.79197
FILLER_0_92_106, 60.24, 263.84, 1.79197
FILLER_0_93_113, 60.24, 263.84, 1.79197
_09960_, 73.04, 263.84, 1.79189
_09961_, 73.04, 263.84, 1.79189
_10109_, 73.04, 263.84, 1.79189
_10117_, 73.04, 263.84, 1.79189
_14634_, 73.04, 263.84, 1.79189
_14636_, 73.04, 263.84, 1.79189
FILLER_0_92_134, 73.04, 263.84, 1.79189
FILLER_0_93_147, 73.04, 263.84, 1.79189
_10108_, 85.84, 263.84, 1.79181
_14544_, 85.84, 263.84, 1.79181
_14548_, 85.84, 263.84, 1.79181
_14552_, 85.84, 263.84, 1.79181
_16987_, 85.84, 263.84, 1.79181
hold967, 85.84, 263.84, 1.79181
hold2087, 85.84, 263.84, 1.79181
FILLER_0_93_182, 85.84, 263.84, 1.79181
_10102_, 98.64, 263.84, 1.79175
hold1185, 98.64, 263.84, 1.79175
hold2123, 98.64, 263.84, 1.79175
_14557_, 111.44, 263.84, 1.79168
_14559_, 111.44, 263.84, 1.79168
_16982_, 111.44, 263.84, 1.79168
hold1140, 111.44, 263.84, 1.79168
FILLER_0_93_225, 111.44, 263.84, 1.79168
_10100_, 124.24, 263.84, 1.79162
_16564_, 124.24, 263.84, 1.79162
hold1611, 124.24, 263.84, 1.79162
FILLER_0_92_249, 124.24, 263.84, 1.79162
FILLER_0_94_265, 124.24, 263.84, 1.79162
_16566_, 137.04, 263.84, 1.79157
FILLER_0_93_274, 137.04, 263.84, 1.79157
FILLER_0_93_281, 137.04, 263.84, 1.79157
FILLER_0_93_289, 137.04, 263.84, 1.79157
_10932_, 149.84, 263.84, 1.79153
_10933_, 149.84, 263.84, 1.79153
_17067_, 149.84, 263.84, 1.79153
FILLER_0_92_303, 149.84, 263.84, 1.79153
FILLER_0_92_309, 149.84, 263.84, 1.79153
FILLER_0_93_327, 149.84, 263.84, 1.79153
_09930_, 162.64, 263.84, 1.79149
_09940_, 162.64, 263.84, 1.79149
_09941_, 162.64, 263.84, 1.79149
_14654_, 162.64, 263.84, 1.79149
_17062_, 162.64, 263.84, 1.79149
_17069_, 162.64, 263.84, 1.79149
_17070_, 162.64, 263.84, 1.79149
hold786, 162.64, 263.84, 1.79149
_15764_, 188.24, 263.84, 1.79105
_15930_, 188.24, 263.84, 1.79105
FILLER_0_93_386, 188.24, 263.84, 1.79105
FILLER_0_94_408, 188.24, 263.84, 1.79105
_12974_, 201.04, 263.84, 1.79062
_13386_, 201.04, 263.84, 1.79062
_15961_, 201.04, 263.84, 1.79062
hold2141, 201.04, 263.84, 1.79062
FILLER_0_92_416, 201.04, 263.84, 1.79062
FILLER_0_93_426, 201.04, 263.84, 1.79062
FILLER_0_93_436, 201.04, 263.84, 1.79062
_07919_, 213.84, 263.84, 1.79022
_12858_, 213.84, 263.84, 1.79022
_12902_, 213.84, 263.84, 1.79022
_12903_, 213.84, 263.84, 1.79022
_13423_, 213.84, 263.84, 1.79022
_15767_, 213.84, 263.84, 1.79022
_12597_, 226.64, 263.84, 1.78985
_12758_, 226.64, 263.84, 1.78985
_12767_, 226.64, 263.84, 1.78985
_15833_, 226.64, 263.84, 1.78985
FILLER_0_92_469, 226.64, 263.84, 1.78985
FILLER_0_93_477, 226.64, 263.84, 1.78985
_12038_, 239.44, 263.84, 1.78976
_12834_, 239.44, 263.84, 1.78976
_13097_, 239.44, 263.84, 1.78976
_13280_, 239.44, 263.84, 1.78976
_15993_, 239.44, 263.84, 1.78976
hold63, 239.44, 263.84, 1.78976
FILLER_0_92_508, 239.44, 263.84, 1.78976
_11962_, 252.24, 263.84, 1.7897
_12039_, 252.24, 263.84, 1.7897
_12184_, 252.24, 263.84, 1.7897
_12833_, 252.24, 263.84, 1.7897
_13458_, 252.24, 263.84, 1.7897
ANTENNA_1, 252.24, 263.84, 1.7897
FILLER_0_92_526, 252.24, 263.84, 1.7897
FILLER_0_92_533, 252.24, 263.84, 1.7897
FILLER_0_94_548, 252.24, 263.84, 1.7897
_11955_, 265.04, 263.84, 1.78968
_11983_, 265.04, 263.84, 1.78968
_12185_, 265.04, 263.84, 1.78968
_12192_, 265.04, 263.84, 1.78968
_12762_, 265.04, 263.84, 1.78968
_12764_, 265.04, 263.84, 1.78968
rebuffer4, 265.04, 263.84, 1.78968
rebuffer12, 265.04, 263.84, 1.78968
FILLER_0_92_562, 265.04, 263.84, 1.78968
FILLER_0_94_572, 265.04, 263.84, 1.78968
_12034_, 277.84, 263.84, 1.78971
_12041_, 277.84, 263.84, 1.78971
_12122_, 277.84, 263.84, 1.78971
_12181_, 277.84, 263.84, 1.78971
_12188_, 277.84, 263.84, 1.78971
_12198_, 277.84, 263.84, 1.78971
_12376_, 277.84, 263.84, 1.78971
_12752_, 277.84, 263.84, 1.78971
FILLER_0_93_588, 277.84, 263.84, 1.78971
_12179_, 290.64, 263.84, 1.78986
_12180_, 290.64, 263.84, 1.78986
_12182_, 290.64, 263.84, 1.78986
_12201_, 290.64, 263.84, 1.78986
_12443_, 290.64, 263.84, 1.78986
FILLER_0_94_628, 290.64, 263.84, 1.78986
_12183_, 303.44, 263.84, 1.79006
_12203_, 303.44, 263.84, 1.79006
_12377_, 303.44, 263.84, 1.79006
_12391_, 303.44, 263.84, 1.79006
_12394_, 303.44, 263.84, 1.79006
_12395_, 303.44, 263.84, 1.79006
_12397_, 303.44, 263.84, 1.79006
_12398_, 303.44, 263.84, 1.79006
_12403_, 303.44, 263.84, 1.79006
FILLER_0_92_636, 303.44, 263.84, 1.79006
_12385_, 316.24, 263.84, 1.79054
_12393_, 316.24, 263.84, 1.79054
_15868_, 316.24, 263.84, 1.79054
hold28, 316.24, 263.84, 1.79054
FILLER_0_92_675, 316.24, 263.84, 1.79054
FILLER_0_94_680, 316.24, 263.84, 1.79054
_12369_, 341.84, 263.84, 1.79087
FILLER_0_92_729, 341.84, 263.84, 1.79087
FILLER_0_93_720, 341.84, 263.84, 1.79087
FILLER_0_93_741, 341.84, 263.84, 1.79087
_12117_, 354.64, 263.84, 1.79074
_12119_, 354.64, 263.84, 1.79074
_12130_, 354.64, 263.84, 1.79074
_12133_, 354.64, 263.84, 1.79074
_12362_, 354.64, 263.84, 1.79074
_12364_, 354.64, 263.84, 1.79074
_12449_, 354.64, 263.84, 1.79074
_12461_, 354.64, 263.84, 1.79074
FILLER_0_92_751, 354.64, 263.84, 1.79074
FILLER_0_92_757, 354.64, 263.84, 1.79074
_12466_, 367.44, 263.84, 1.79068
_13124_, 367.44, 263.84, 1.79068
_13137_, 367.44, 263.84, 1.79068
ANTENNA_9, 367.44, 263.84, 1.79068
_07853_, 380.24, 263.84, 1.79074
_13022_, 380.24, 263.84, 1.79074
_13348_, 380.24, 263.84, 1.79074
FILLER_0_93_801, 380.24, 263.84, 1.79074
FILLER_0_93_810, 380.24, 263.84, 1.79074
FILLER_0_94_825, 380.24, 263.84, 1.79074
_13060_, 393.04, 263.84, 1.79082
_15865_, 393.04, 263.84, 1.79082
FILLER_0_93_841, 393.04, 263.84, 1.79082
FILLER_0_94_850, 393.04, 263.84, 1.79082
FILLER_0_92_857, 405.84, 263.84, 1.79091
FILLER_0_92_865, 405.84, 263.84, 1.79091
FILLER_0_94_877, 405.84, 263.84, 1.79091
FILLER_0_93_889, 418.64, 263.84, 1.79101
_08155_, 431.44, 263.84, 1.7911
FILLER_0_92_920, 431.44, 263.84, 1.7911
FILLER_0_93_938, 431.44, 263.84, 1.7911
_08154_, 444.24, 263.84, 1.7912
_08173_, 444.24, 263.84, 1.7912
_08178_, 444.24, 263.84, 1.7912
_08179_, 444.24, 263.84, 1.7912
_17943_, 444.24, 263.84, 1.7912
hold1809, 444.24, 263.84, 1.7912
_08176_, 457.04, 263.84, 1.7913
_08177_, 457.04, 263.84, 1.7913
_17944_, 457.04, 263.84, 1.7913
hold1808, 457.04, 263.84, 1.7913
FILLER_0_92_977, 457.04, 263.84, 1.7913
_17890_, 469.84, 263.84, 1.79141
FILLER_0_93_1005, 469.84, 263.84, 1.79141
FILLER_0_93_1021, 469.84, 263.84, 1.79141
FILLER_0_94_1013, 469.84, 263.84, 1.79141
_08286_, 495.308, 263.84, 1.79148
_08287_, 495.308, 263.84, 1.79148
_08293_, 495.308, 263.84, 1.79148
_15563_, 495.308, 263.84, 1.79148
_17886_, 495.308, 263.84, 1.79148
hold1607, 495.308, 263.84, 1.79148
FILLER_0_93_1065, 495.308, 263.84, 1.79148
FILLER_0_93_1073, 495.308, 263.84, 1.79148
FILLER_0_94_1065, 495.308, 263.84, 1.79148
_08290_, 507.977, 263.84, 1.79144
_15560_, 507.977, 263.84, 1.79144
_17596_, 507.977, 263.84, 1.79144
_17599_, 507.977, 263.84, 1.79144
hold1585, 507.977, 263.84, 1.79144
FILLER_0_93_1094, 507.977, 263.84, 1.79144
_08866_, 520.645, 263.84, 1.79141
_08872_, 520.645, 263.84, 1.79141
_08873_, 520.645, 263.84, 1.79141
_15241_, 520.645, 263.84, 1.79141
_17593_, 520.645, 263.84, 1.79141
_17595_, 520.645, 263.84, 1.79141
hold1167, 520.645, 263.84, 1.79141
hold1690, 520.645, 263.84, 1.79141
_08874_, 533.314, 263.84, 1.7914
_15235_, 533.314, 263.84, 1.7914
_15237_, 533.314, 263.84, 1.7914
hold1838, 533.314, 263.84, 1.7914
hold2018, 533.314, 263.84, 1.7914
FILLER_0_92_1144, 533.314, 263.84, 1.7914
FILLER_0_93_1155, 533.314, 263.84, 1.7914
_08758_, 545.982, 263.84, 1.79139
_08759_, 545.982, 263.84, 1.79139
_15298_, 545.982, 263.84, 1.79139
_17653_, 545.982, 263.84, 1.79139
hold678, 545.982, 263.84, 1.79139
FILLER_0_93_1171, 545.982, 263.84, 1.79139
_08744_, 558.651, 263.84, 1.79139
FILLER_0_92_1190, 558.651, 263.84, 1.79139
FILLER_0_92_1201, 558.651, 263.84, 1.79139
FILLER_0_93_1216, 558.651, 263.84, 1.79139
PHY_180, 5.52, 258.4, 1.79242
PHY_182, 5.52, 258.4, 1.79242
output22, 5.52, 258.4, 1.79242
FILLER_0_92_3, 5.52, 258.4, 1.79242
PHY_181, 571.32, 258.4, 1.79158
PHY_183, 571.32, 258.4, 1.79158
output76, 571.32, 258.4, 1.79158
_09987_, 13.68, 258.4, 1.79246
_14620_, 13.68, 258.4, 1.79246
_17039_, 13.68, 258.4, 1.79246
FILLER_0_92_23, 13.68, 258.4, 1.79246
_09997_, 34.64, 258.4, 1.79239
_14610_, 34.64, 258.4, 1.79239
_14615_, 34.64, 258.4, 1.79239
_17035_, 34.64, 258.4, 1.79239
hold1023, 34.64, 258.4, 1.79239
FILLER_0_90_53, 34.64, 258.4, 1.79239
_10035_, 47.44, 258.4, 1.7923
_10040_, 47.44, 258.4, 1.7923
_10041_, 47.44, 258.4, 1.7923
_17012_, 47.44, 258.4, 1.7923
_17015_, 47.44, 258.4, 1.7923
FILLER_0_90_85, 47.44, 258.4, 1.7923
FILLER_0_91_89, 47.44, 258.4, 1.7923
FILLER_0_92_93, 47.44, 258.4, 1.7923
_09957_, 60.24, 258.4, 1.79222
_10034_, 60.24, 258.4, 1.79222
_14593_, 60.24, 258.4, 1.79222
_14632_, 60.24, 258.4, 1.79222
hold1538, 60.24, 258.4, 1.79222
FILLER_0_90_111, 60.24, 258.4, 1.79222
FILLER_0_92_121, 60.24, 258.4, 1.79222
_10042_, 73.04, 258.4, 1.79214
_14589_, 73.04, 258.4, 1.79214
_16974_, 73.04, 258.4, 1.79214
_16978_, 73.04, 258.4, 1.79214
hold2076, 73.04, 258.4, 1.79214
_10095_, 85.84, 258.4, 1.79208
_10103_, 85.84, 258.4, 1.79208
_10116_, 85.84, 258.4, 1.79208
_14555_, 85.84, 258.4, 1.79208
_16981_, 85.84, 258.4, 1.79208
FILLER_0_90_167, 85.84, 258.4, 1.79208
FILLER_0_91_169, 85.84, 258.4, 1.79208
FILLER_0_91_177, 85.84, 258.4, 1.79208
_10096_, 98.64, 258.4, 1.79203
_10097_, 98.64, 258.4, 1.79203
_14560_, 98.64, 258.4, 1.79203
_16984_, 98.64, 258.4, 1.79203
hold2103, 98.64, 258.4, 1.79203
_10099_, 111.44, 258.4, 1.79199
_10101_, 111.44, 258.4, 1.79199
_14558_, 111.44, 258.4, 1.79199
FILLER_0_91_231, 111.44, 258.4, 1.79199
_09897_, 124.24, 258.4, 1.79195
_14669_, 124.24, 258.4, 1.79195
FILLER_0_90_256, 124.24, 258.4, 1.79195
_09903_, 137.04, 258.4, 1.79191
FILLER_0_91_273, 137.04, 258.4, 1.79191
FILLER_0_92_297, 137.04, 258.4, 1.79191
_09891_, 149.84, 258.4, 1.79187
_09931_, 149.84, 258.4, 1.79187
_14651_, 149.84, 258.4, 1.79187
FILLER_0_91_321, 149.84, 258.4, 1.79187
FILLER_0_91_327, 149.84, 258.4, 1.79187
hold1330, 162.64, 258.4, 1.79183
FILLER_0_91_389, 188.24, 258.4, 1.7915
_07917_, 213.84, 258.4, 1.79091
_12900_, 213.84, 258.4, 1.79091
_12901_, 213.84, 258.4, 1.79091
_13424_, 213.84, 258.4, 1.79091
_15768_, 213.84, 258.4, 1.79091
FILLER_0_90_445, 213.84, 258.4, 1.79091
FILLER_0_91_441, 213.84, 258.4, 1.79091
FILLER_0_91_454, 213.84, 258.4, 1.79091
_07916_, 226.64, 258.4, 1.79063
_12756_, 226.64, 258.4, 1.79063
_13096_, 226.64, 258.4, 1.79063
hold64, 226.64, 258.4, 1.79063
hold79, 226.64, 258.4, 1.79063
hold2223, 226.64, 258.4, 1.79063
FILLER_0_90_477, 226.64, 258.4, 1.79063
_11952_, 239.44, 258.4, 1.79038
rebuffer13, 239.44, 258.4, 1.79038
hold78, 239.44, 258.4, 1.79038
FILLER_0_91_500, 239.44, 258.4, 1.79038
_07849_, 252.24, 258.4, 1.79017
_07850_, 252.24, 258.4, 1.79017
_12035_, 252.24, 258.4, 1.79017
_12036_, 252.24, 258.4, 1.79017
_12037_, 252.24, 258.4, 1.79017
max_cap120, 252.24, 258.4, 1.79017
FILLER_0_91_525, 252.24, 258.4, 1.79017
_11958_, 265.04, 258.4, 1.79003
_12186_, 265.04, 258.4, 1.79003
_12765_, 265.04, 258.4, 1.79003
rebuffer9, 265.04, 258.4, 1.79003
FILLER_0_91_553, 265.04, 258.4, 1.79003
FILLER_0_92_572, 265.04, 258.4, 1.79003
_12030_, 277.84, 258.4, 1.79003
_12187_, 277.84, 258.4, 1.79003
_12191_, 277.84, 258.4, 1.79003
_12194_, 277.84, 258.4, 1.79003
_12749_, 277.84, 258.4, 1.79003
_12750_, 277.84, 258.4, 1.79003
_12751_, 277.84, 258.4, 1.79003
_12755_, 277.84, 258.4, 1.79003
FILLER_0_90_581, 277.84, 258.4, 1.79003
_12199_, 290.64, 258.4, 1.79022
_12200_, 290.64, 258.4, 1.79022
_12202_, 290.64, 258.4, 1.79022
FILLER_0_91_624, 290.64, 258.4, 1.79022
FILLER_0_92_622, 290.64, 258.4, 1.79022
FILLER_0_92_630, 290.64, 258.4, 1.79022
_12386_, 303.44, 258.4, 1.79045
_12399_, 303.44, 258.4, 1.79045
_12400_, 303.44, 258.4, 1.79045
_12401_, 303.44, 258.4, 1.79045
_12402_, 303.44, 258.4, 1.79045
FILLER_0_90_641, 303.44, 258.4, 1.79045
FILLER_0_90_645, 303.44, 258.4, 1.79045
_13058_, 316.24, 258.4, 1.79089
_13059_, 316.24, 258.4, 1.79089
_15866_, 316.24, 258.4, 1.79089
_15867_, 316.24, 258.4, 1.79089
hold49, 316.24, 258.4, 1.79089
FILLER_0_90_666, 316.24, 258.4, 1.79089
_12118_, 341.84, 258.4, 1.79117
_12360_, 341.84, 258.4, 1.79117
_12374_, 341.84, 258.4, 1.79117
_12975_, 341.84, 258.4, 1.79117
FILLER_0_91_729, 341.84, 258.4, 1.79117
FILLER_0_92_737, 341.84, 258.4, 1.79117
FILLER_0_92_745, 341.84, 258.4, 1.79117
_12359_, 354.64, 258.4, 1.79104
_12373_, 354.64, 258.4, 1.79104
_12379_, 354.64, 258.4, 1.79104
_12451_, 354.64, 258.4, 1.79104
_12453_, 354.64, 258.4, 1.79104
_12132_, 367.44, 258.4, 1.79105
_12361_, 367.44, 258.4, 1.79105
_12363_, 367.44, 258.4, 1.79105
_12463_, 367.44, 258.4, 1.79105
_12464_, 367.44, 258.4, 1.79105
_12465_, 367.44, 258.4, 1.79105
FILLER_0_90_786, 367.44, 258.4, 1.79105
FILLER_0_91_798, 367.44, 258.4, 1.79105
FILLER_0_92_794, 367.44, 258.4, 1.79105
_15894_, 380.24, 258.4, 1.79109
hold38, 380.24, 258.4, 1.79109
FILLER_0_91_822, 380.24, 258.4, 1.79109
_12471_, 393.04, 258.4, 1.79116
_13061_, 393.04, 258.4, 1.79116
_13316_, 393.04, 258.4, 1.79116
FILLER_0_91_832, 393.04, 258.4, 1.79116
FILLER_0_92_847, 393.04, 258.4, 1.79116
_11951_, 405.84, 258.4, 1.79122
_17957_, 405.84, 258.4, 1.79122
FILLER_0_90_860, 405.84, 258.4, 1.79122
FILLER_0_91_865, 405.84, 258.4, 1.79122
FILLER_0_91_873, 405.84, 258.4, 1.79122
_08150_, 418.64, 258.4, 1.79129
_15641_, 418.64, 258.4, 1.79129
_17960_, 418.64, 258.4, 1.79129
hold277, 418.64, 258.4, 1.79129
_08146_, 431.44, 258.4, 1.79138
_08147_, 431.44, 258.4, 1.79138
_17955_, 431.44, 258.4, 1.79138
_17959_, 431.44, 258.4, 1.79138
hold298, 431.44, 258.4, 1.79138
hold1913, 431.44, 258.4, 1.79138
_15620_, 444.24, 258.4, 1.79147
_15623_, 444.24, 258.4, 1.79147
_15631_, 444.24, 258.4, 1.79147
_15636_, 444.24, 258.4, 1.79147
FILLER_0_91_948, 444.24, 258.4, 1.79147
FILLER_0_92_965, 444.24, 258.4, 1.79147
FILLER_0_90_975, 457.04, 258.4, 1.79157
_17882_, 469.84, 258.4, 1.79168
FILLER_0_91_1001, 469.84, 258.4, 1.79168
FILLER_0_91_1009, 469.84, 258.4, 1.79168
_08291_, 495.308, 258.4, 1.79174
_08294_, 495.308, 258.4, 1.79174
_15559_, 495.308, 258.4, 1.79174
_15561_, 495.308, 258.4, 1.79174
_17887_, 495.308, 258.4, 1.79174
hold1060, 495.308, 258.4, 1.79174
hold1621, 507.977, 258.4, 1.7917
FILLER_0_90_1083, 507.977, 258.4, 1.7917
FILLER_0_91_1105, 507.977, 258.4, 1.7917
FILLER_0_92_1101, 507.977, 258.4, 1.7917
_15232_, 520.645, 258.4, 1.79166
_15238_, 520.645, 258.4, 1.79166
_17592_, 520.645, 258.4, 1.79166
hold1622, 520.645, 258.4, 1.79166
FILLER_0_91_1121, 520.645, 258.4, 1.79166
FILLER_0_92_1131, 520.645, 258.4, 1.79166
_08880_, 533.314, 258.4, 1.79163
_08881_, 533.314, 258.4, 1.79163
_15234_, 533.314, 258.4, 1.79163
_17657_, 533.314, 258.4, 1.79163
hold1664, 533.314, 258.4, 1.79163
FILLER_0_90_1145, 533.314, 258.4, 1.79163
FILLER_0_92_1149, 533.314, 258.4, 1.79163
FILLER_0_92_1160, 533.314, 258.4, 1.79163
_08750_, 545.982, 258.4, 1.79161
_08751_, 545.982, 258.4, 1.79161
_15301_, 545.982, 258.4, 1.79161
_15305_, 545.982, 258.4, 1.79161
hold1427, 545.982, 258.4, 1.79161
FILLER_0_91_1188, 545.982, 258.4, 1.79161
_08745_, 558.651, 258.4, 1.79159
_08760_, 558.651, 258.4, 1.79159
_08761_, 558.651, 258.4, 1.79159
_15300_, 558.651, 258.4, 1.79159
_17652_, 558.651, 258.4, 1.79159
hold690, 558.651, 258.4, 1.79159
PHY_176, 5.52, 252.96, 1.79267
PHY_178, 5.52, 252.96, 1.79267
PHY_177, 571.32, 252.96, 1.79197
PHY_179, 571.32, 252.96, 1.79197
FILLER_0_88_1217, 571.32, 252.96, 1.79197
_14619_, 13.68, 252.96, 1.79267
FILLER_0_88_15, 13.68, 252.96, 1.79267
FILLER_0_90_25, 13.68, 252.96, 1.79267
_09994_, 34.64, 252.96, 1.79258
_09995_, 34.64, 252.96, 1.79258
_14614_, 34.64, 252.96, 1.79258
_17034_, 34.64, 252.96, 1.79258
hold1851, 34.64, 252.96, 1.79258
FILLER_0_88_55, 34.64, 252.96, 1.79258
FILLER_0_89_51, 34.64, 252.96, 1.79258
FILLER_0_90_76, 34.64, 252.96, 1.79258
_14590_, 47.44, 252.96, 1.79249
hold1576, 47.44, 252.96, 1.79249
FILLER_0_89_97, 47.44, 252.96, 1.79249
FILLER_0_89_104, 47.44, 252.96, 1.79249
_10037_, 60.24, 252.96, 1.79241
_14592_, 60.24, 252.96, 1.79241
_17014_, 60.24, 252.96, 1.79241
FILLER_0_90_119, 60.24, 252.96, 1.79241
_10026_, 73.04, 252.96, 1.79234
_10027_, 73.04, 252.96, 1.79234
_10043_, 73.04, 252.96, 1.79234
_17011_, 73.04, 252.96, 1.79234
_17019_, 73.04, 252.96, 1.79234
hold1180, 73.04, 252.96, 1.79234
FILLER_0_88_137, 73.04, 252.96, 1.79234
FILLER_0_90_155, 73.04, 252.96, 1.79234
_14532_, 85.84, 252.96, 1.79228
_16985_, 85.84, 252.96, 1.79228
FILLER_0_89_161, 85.84, 252.96, 1.79228
FILLER_0_89_181, 85.84, 252.96, 1.79228
_10094_, 98.64, 252.96, 1.79223
_14556_, 98.64, 252.96, 1.79223
_16983_, 98.64, 252.96, 1.79223
FILLER_0_88_193, 98.64, 252.96, 1.79223
FILLER_0_89_190, 98.64, 252.96, 1.79223
_10098_, 111.44, 252.96, 1.79219
_17083_, 111.44, 252.96, 1.79219
hold1665, 111.44, 252.96, 1.79219
FILLER_0_89_237, 111.44, 252.96, 1.79219
FILLER_0_90_243, 111.44, 252.96, 1.79219
_09896_, 124.24, 252.96, 1.79215
_09898_, 124.24, 252.96, 1.79215
_09899_, 124.24, 252.96, 1.79215
_14670_, 124.24, 252.96, 1.79215
hold1588, 124.24, 252.96, 1.79215
hold2045, 124.24, 252.96, 1.79215
_09890_, 137.04, 252.96, 1.79212
_09902_, 137.04, 252.96, 1.79212
_14667_, 137.04, 252.96, 1.79212
_17081_, 137.04, 252.96, 1.79212
_17087_, 137.04, 252.96, 1.79212
hold931, 137.04, 252.96, 1.79212
_09942_, 149.84, 252.96, 1.79211
_09943_, 149.84, 252.96, 1.79211
_14645_, 149.84, 252.96, 1.79211
_14673_, 149.84, 252.96, 1.79211
hold1192, 149.84, 252.96, 1.79211
hold2006, 149.84, 252.96, 1.79211
FILLER_0_89_322, 149.84, 252.96, 1.79211
_09935_, 162.64, 252.96, 1.79209
_14649_, 162.64, 252.96, 1.79209
_17068_, 162.64, 252.96, 1.79209
_07920_, 188.24, 252.96, 1.79197
_07922_, 188.24, 252.96, 1.79197
_15765_, 188.24, 252.96, 1.79197
_15766_, 188.24, 252.96, 1.79197
hold142, 188.24, 252.96, 1.79197
hold1447, 188.24, 252.96, 1.79197
FILLER_0_90_410, 188.24, 252.96, 1.79197
_07914_, 201.04, 252.96, 1.79186
_07915_, 201.04, 252.96, 1.79186
_15769_, 201.04, 252.96, 1.79186
hold2250, 201.04, 252.96, 1.79186
FILLER_0_89_421, 201.04, 252.96, 1.79186
_15962_, 213.84, 252.96, 1.79177
_18074_, 213.84, 252.96, 1.79177
FILLER_0_89_443, 213.84, 252.96, 1.79177
_07895_, 226.64, 252.96, 1.79169
_12757_, 226.64, 252.96, 1.79169
_15834_, 226.64, 252.96, 1.79169
FILLER_0_88_467, 226.64, 252.96, 1.79169
FILLER_0_89_493, 226.64, 252.96, 1.79169
_13281_, 239.44, 252.96, 1.79166
FILLER_0_89_501, 239.44, 252.96, 1.79166
_07848_, 252.24, 252.96, 1.79163
_12029_, 252.24, 252.96, 1.79163
_12190_, 252.24, 252.96, 1.79163
_12196_, 252.24, 252.96, 1.79163
hold2197, 252.24, 252.96, 1.79163
_12763_, 265.04, 252.96, 1.79165
FILLER_0_89_556, 265.04, 252.96, 1.79165
_12193_, 277.84, 252.96, 1.79168
_12197_, 277.84, 252.96, 1.79168
_12753_, 277.84, 252.96, 1.79168
_12754_, 277.84, 252.96, 1.79168
FILLER_0_88_585, 277.84, 252.96, 1.79168
FILLER_0_89_601, 277.84, 252.96, 1.79168
_13016_, 290.64, 252.96, 1.79174
hold844, 290.64, 252.96, 1.79174
FILLER_0_89_617, 290.64, 252.96, 1.79174
FILLER_0_90_633, 290.64, 252.96, 1.79174
_12392_, 303.44, 252.96, 1.7918
_13015_, 303.44, 252.96, 1.7918
FILLER_0_88_637, 303.44, 252.96, 1.7918
_13014_, 316.24, 252.96, 1.79189
FILLER_0_89_668, 316.24, 252.96, 1.79189
_12370_, 341.84, 252.96, 1.79182
_12371_, 341.84, 252.96, 1.79182
_12372_, 341.84, 252.96, 1.79182
_12375_, 341.84, 252.96, 1.79182
_12384_, 341.84, 252.96, 1.79182
_12390_, 341.84, 252.96, 1.79182
hold61, 341.84, 252.96, 1.79182
FILLER_0_90_738, 341.84, 252.96, 1.79182
_11969_, 354.64, 252.96, 1.79177
_11989_, 354.64, 252.96, 1.79177
_12452_, 354.64, 252.96, 1.79177
FILLER_0_88_753, 354.64, 252.96, 1.79177
_11992_, 367.44, 252.96, 1.79174
_12131_, 367.44, 252.96, 1.79174
FILLER_0_88_779, 367.44, 252.96, 1.79174
FILLER_0_89_775, 367.44, 252.96, 1.79174
FILLER_0_89_785, 367.44, 252.96, 1.79174
_12458_, 380.24, 252.96, 1.79173
_12470_, 380.24, 252.96, 1.79173
_16054_, 380.24, 252.96, 1.79173
hold58, 380.24, 252.96, 1.79173
FILLER_0_88_813, 380.24, 252.96, 1.79173
FILLER_0_89_819, 380.24, 252.96, 1.79173
_12445_, 393.04, 252.96, 1.79173
_13525_, 393.04, 252.96, 1.79173
_16056_, 393.04, 252.96, 1.79173
_16057_, 393.04, 252.96, 1.79173
hold2240, 393.04, 252.96, 1.79173
FILLER_0_89_835, 393.04, 252.96, 1.79173
FILLER_0_89_841, 393.04, 252.96, 1.79173
_08151_, 405.84, 252.96, 1.79176
_11950_, 405.84, 252.96, 1.79176
_13528_, 405.84, 252.96, 1.79176
hold1221, 405.84, 252.96, 1.79176
FILLER_0_88_865, 405.84, 252.96, 1.79176
FILLER_0_88_869, 405.84, 252.96, 1.79176
FILLER_0_90_881, 405.84, 252.96, 1.79176
_08144_, 418.64, 252.96, 1.7918
_08145_, 418.64, 252.96, 1.7918
_15638_, 418.64, 252.96, 1.7918
FILLER_0_89_893, 418.64, 252.96, 1.7918
FILLER_0_89_909, 418.64, 252.96, 1.7918
FILLER_0_90_910, 418.64, 252.96, 1.7918
_08148_, 431.44, 252.96, 1.79183
_08149_, 431.44, 252.96, 1.79183
_15640_, 431.44, 252.96, 1.79183
_17958_, 431.44, 252.96, 1.79183
hold1441, 431.44, 252.96, 1.79183
_08156_, 444.24, 252.96, 1.79188
_08157_, 444.24, 252.96, 1.79188
_15635_, 444.24, 252.96, 1.79188
_15639_, 444.24, 252.96, 1.79188
_08189_, 457.04, 252.96, 1.79192
_08192_, 457.04, 252.96, 1.79192
_08193_, 457.04, 252.96, 1.79192
_17934_, 457.04, 252.96, 1.79192
_17936_, 457.04, 252.96, 1.79192
hold2031, 457.04, 252.96, 1.79192
FILLER_0_88_974, 457.04, 252.96, 1.79192
FILLER_0_89_981, 457.04, 252.96, 1.79192
FILLER_0_89_989, 457.04, 252.96, 1.79192
_08196_, 469.84, 252.96, 1.79198
_08197_, 469.84, 252.96, 1.79198
_17935_, 469.84, 252.96, 1.79198
hold1105, 469.84, 252.96, 1.79198
FILLER_0_89_1005, 469.84, 252.96, 1.79198
FILLER_0_90_1022, 469.84, 252.96, 1.79198
FILLER_0_88_1058, 495.308, 252.96, 1.79202
FILLER_0_89_1060, 495.308, 252.96, 1.79202
_08871_, 507.977, 252.96, 1.792
_17597_, 507.977, 252.96, 1.792
hold254, 507.977, 252.96, 1.792
FILLER_0_88_1088, 507.977, 252.96, 1.792
FILLER_0_89_1101, 507.977, 252.96, 1.792
FILLER_0_90_1093, 507.977, 252.96, 1.792
_08870_, 520.645, 252.96, 1.79199
_15239_, 520.645, 252.96, 1.79199
_17600_, 520.645, 252.96, 1.79199
FILLER_0_89_1107, 520.645, 252.96, 1.79199
FILLER_0_89_1114, 520.645, 252.96, 1.79199
FILLER_0_90_1129, 520.645, 252.96, 1.79199
_08869_, 533.314, 252.96, 1.79198
FILLER_0_88_1139, 533.314, 252.96, 1.79198
FILLER_0_90_1161, 533.314, 252.96, 1.79198
_17660_, 545.982, 252.96, 1.79197
FILLER_0_89_1169, 545.982, 252.96, 1.79197
_08762_, 558.651, 252.96, 1.79197
_15308_, 558.651, 252.96, 1.79197
hold1556, 558.651, 252.96, 1.79197
FILLER_0_90_1216, 558.651, 252.96, 1.79197
PHY_172, 5.52, 247.52, 1.79279
PHY_174, 5.52, 247.52, 1.79279
FILLER_0_87_3, 5.52, 247.52, 1.79279
PHY_173, 571.32, 247.52, 1.79213
PHY_175, 571.32, 247.52, 1.79213
FILLER_0_86_1218, 571.32, 247.52, 1.79213
FILLER_0_87_1223, 571.32, 247.52, 1.79213
_09992_, 13.68, 247.52, 1.79279
_09993_, 13.68, 247.52, 1.79279
_10001_, 13.68, 247.52, 1.79279
_14616_, 13.68, 247.52, 1.79279
_17032_, 13.68, 247.52, 1.79279
FILLER_0_87_11, 13.68, 247.52, 1.79279
_09996_, 34.64, 247.52, 1.79272
_14618_, 34.64, 247.52, 1.79272
_17038_, 34.64, 247.52, 1.79272
FILLER_0_86_61, 34.64, 247.52, 1.79272
_09988_, 47.44, 247.52, 1.79266
_17017_, 47.44, 247.52, 1.79266
FILLER_0_86_81, 47.44, 247.52, 1.79266
FILLER_0_87_105, 47.44, 247.52, 1.79266
_10036_, 60.24, 247.52, 1.79261
_14595_, 60.24, 247.52, 1.79261
hold751, 60.24, 247.52, 1.79261
FILLER_0_88_126, 60.24, 247.52, 1.79261
_14594_, 73.04, 247.52, 1.79255
_14596_, 73.04, 247.52, 1.79255
_14597_, 73.04, 247.52, 1.79255
FILLER_0_87_137, 73.04, 247.52, 1.79255
FILLER_0_87_160, 73.04, 247.52, 1.79255
hold1970, 85.84, 247.52, 1.7925
FILLER_0_88_185, 85.84, 247.52, 1.7925
hold819, 98.64, 247.52, 1.79245
_17084_, 111.44, 247.52, 1.7924
hold339, 111.44, 247.52, 1.7924
FILLER_0_87_217, 111.44, 247.52, 1.7924
FILLER_0_87_237, 111.44, 247.52, 1.7924
FILLER_0_87_273, 137.04, 247.52, 1.79231
FILLER_0_88_298, 137.04, 247.52, 1.79231
_17061_, 149.84, 247.52, 1.79227
_17065_, 149.84, 247.52, 1.79227
hold1424, 149.84, 247.52, 1.79227
FILLER_0_87_305, 149.84, 247.52, 1.79227
_09929_, 162.64, 247.52, 1.79224
_09934_, 162.64, 247.52, 1.79224
_14652_, 162.64, 247.52, 1.79224
_17064_, 162.64, 247.52, 1.79224
hold1008, 162.64, 247.52, 1.79224
FILLER_0_87_388, 188.24, 247.52, 1.79202
_12899_, 201.04, 247.52, 1.79183
_18075_, 201.04, 247.52, 1.79183
clkbuf_leaf_27_clk, 201.04, 247.52, 1.79183
FILLER_0_86_413, 201.04, 247.52, 1.79183
FILLER_0_86_421, 201.04, 247.52, 1.79183
FILLER_0_87_417, 201.04, 247.52, 1.79183
_07913_, 213.84, 247.52, 1.79169
_12744_, 213.84, 247.52, 1.79169
_12745_, 213.84, 247.52, 1.79169
_12746_, 213.84, 247.52, 1.79169
_12879_, 213.84, 247.52, 1.79169
_15770_, 213.84, 247.52, 1.79169
FILLER_0_86_446, 213.84, 247.52, 1.79169
FILLER_0_87_453, 213.84, 247.52, 1.79169
_07912_, 226.64, 247.52, 1.79166
_12739_, 226.64, 247.52, 1.79166
_13095_, 226.64, 247.52, 1.79166
_13426_, 226.64, 247.52, 1.79166
hold91, 226.64, 247.52, 1.79166
hold2249, 226.64, 247.52, 1.79166
FILLER_0_86_477, 226.64, 247.52, 1.79166
_12832_, 239.44, 247.52, 1.79165
_15994_, 239.44, 247.52, 1.79165
hold90, 239.44, 247.52, 1.79165
FILLER_0_86_502, 239.44, 247.52, 1.79165
FILLER_0_87_517, 239.44, 247.52, 1.79165
FILLER_0_88_509, 239.44, 247.52, 1.79165
_12027_, 252.24, 247.52, 1.79166
_12028_, 252.24, 247.52, 1.79166
_12189_, 252.24, 247.52, 1.79166
_12831_, 252.24, 247.52, 1.79166
_13459_, 252.24, 247.52, 1.79166
FILLER_0_86_527, 252.24, 247.52, 1.79166
FILLER_0_87_538, 252.24, 247.52, 1.79166
FILLER_0_87_550, 252.24, 247.52, 1.79166
_11978_, 265.04, 247.52, 1.79169
_13094_, 265.04, 247.52, 1.79169
FILLER_0_86_557, 265.04, 247.52, 1.79169
FILLER_0_87_561, 265.04, 247.52, 1.79169
FILLER_0_87_569, 265.04, 247.52, 1.79169
_11954_, 277.84, 247.52, 1.79174
_12023_, 277.84, 247.52, 1.79174
_12033_, 277.84, 247.52, 1.79174
_12770_, 277.84, 247.52, 1.79174
rebuffer5, 277.84, 247.52, 1.79174
hold54, 277.84, 247.52, 1.79174
_12025_, 290.64, 247.52, 1.79184
_12026_, 290.64, 247.52, 1.79184
_12836_, 290.64, 247.52, 1.79184
_15898_, 290.64, 247.52, 1.79184
FILLER_0_87_610, 290.64, 247.52, 1.79184
_13352_, 303.44, 247.52, 1.79197
_15899_, 303.44, 247.52, 1.79197
hold160, 303.44, 247.52, 1.79197
FILLER_0_86_639, 303.44, 247.52, 1.79197
FILLER_0_86_645, 303.44, 247.52, 1.79197
FILLER_0_88_652, 303.44, 247.52, 1.79197
_12365_, 316.24, 247.52, 1.79212
_12837_, 316.24, 247.52, 1.79212
_13354_, 316.24, 247.52, 1.79212
hold108, 316.24, 247.52, 1.79212
FILLER_0_87_679, 316.24, 247.52, 1.79212
_12368_, 341.84, 247.52, 1.79217
_12389_, 341.84, 247.52, 1.79217
wire114, 341.84, 247.52, 1.79217
_11968_, 354.64, 247.52, 1.79206
_12977_, 354.64, 247.52, 1.79206
_13384_, 354.64, 247.52, 1.79206
_15927_, 354.64, 247.52, 1.79206
hold57, 354.64, 247.52, 1.79206
FILLER_0_87_750, 354.64, 247.52, 1.79206
_11988_, 367.44, 247.52, 1.79198
_11991_, 367.44, 247.52, 1.79198
_12978_, 367.44, 247.52, 1.79198
_15926_, 367.44, 247.52, 1.79198
FILLER_0_88_787, 367.44, 247.52, 1.79198
_12457_, 380.24, 247.52, 1.79191
_13021_, 380.24, 247.52, 1.79191
_13383_, 380.24, 247.52, 1.79191
_16055_, 380.24, 247.52, 1.79191
hold23, 380.24, 247.52, 1.79191
FILLER_0_86_809, 380.24, 247.52, 1.79191
FILLER_0_87_828, 380.24, 247.52, 1.79191
_13526_, 393.04, 247.52, 1.79188
_13527_, 393.04, 247.52, 1.79188
hold2254, 393.04, 247.52, 1.79188
_17953_, 405.84, 247.52, 1.79184
clkbuf_leaf_168_clk, 405.84, 247.52, 1.79184
FILLER_0_86_857, 405.84, 247.52, 1.79184
FILLER_0_86_865, 405.84, 247.52, 1.79184
FILLER_0_86_869, 405.84, 247.52, 1.79184
FILLER_0_87_871, 405.84, 247.52, 1.79184
_08158_, 418.64, 247.52, 1.79186
_08159_, 418.64, 247.52, 1.79186
_08160_, 418.64, 247.52, 1.79186
_15634_, 418.64, 247.52, 1.79186
_17952_, 418.64, 247.52, 1.79186
hold984, 418.64, 247.52, 1.79186
hold1681, 418.64, 247.52, 1.79186
FILLER_0_87_906, 418.64, 247.52, 1.79186
FILLER_0_88_910, 418.64, 247.52, 1.79186
_17954_, 431.44, 247.52, 1.79188
_17956_, 431.44, 247.52, 1.79188
FILLER_0_86_913, 431.44, 247.52, 1.79188
FILLER_0_86_921, 431.44, 247.52, 1.79188
FILLER_0_87_929, 431.44, 247.52, 1.79188
FILLER_0_88_928, 431.44, 247.52, 1.79188
_08153_, 444.24, 247.52, 1.79192
_15637_, 444.24, 247.52, 1.79192
clkbuf_leaf_177_clk, 444.24, 247.52, 1.79192
hold1832, 444.24, 247.52, 1.79192
hold1995, 444.24, 247.52, 1.79192
FILLER_0_86_946, 444.24, 247.52, 1.79192
_17938_, 457.04, 247.52, 1.79202
hold2115, 457.04, 247.52, 1.79202
_08195_, 469.84, 247.52, 1.79212
_15613_, 469.84, 247.52, 1.79212
_15614_, 469.84, 247.52, 1.79212
_15615_, 469.84, 247.52, 1.79212
_15617_, 469.84, 247.52, 1.79212
FILLER_0_87_1018, 469.84, 247.52, 1.79212
_08272_, 495.308, 247.52, 1.79219
_08273_, 495.308, 247.52, 1.79219
_08278_, 495.308, 247.52, 1.79219
_08279_, 495.308, 247.52, 1.79219
_17893_, 495.308, 247.52, 1.79219
_17896_, 495.308, 247.52, 1.79219
FILLER_0_86_1057, 495.308, 247.52, 1.79219
_08266_, 507.977, 247.52, 1.79217
_15571_, 507.977, 247.52, 1.79217
hold974, 507.977, 247.52, 1.79217
hold1836, 507.977, 247.52, 1.79217
FILLER_0_87_1101, 507.977, 247.52, 1.79217
FILLER_0_88_1105, 507.977, 247.52, 1.79217
_08865_, 520.645, 247.52, 1.79215
_08876_, 520.645, 247.52, 1.79215
_15242_, 520.645, 247.52, 1.79215
hold268, 520.645, 247.52, 1.79215
hold1215, 520.645, 247.52, 1.79215
FILLER_0_87_1109, 520.645, 247.52, 1.79215
_08868_, 533.314, 247.52, 1.79213
_17598_, 533.314, 247.52, 1.79213
_17651_, 533.314, 247.52, 1.79213
hold658, 533.314, 247.52, 1.79213
hold829, 533.314, 247.52, 1.79213
FILLER_0_87_1157, 533.314, 247.52, 1.79213
FILLER_0_88_1149, 533.314, 247.52, 1.79213
_08763_, 545.982, 247.52, 1.79213
_15299_, 545.982, 247.52, 1.79213
_15306_, 545.982, 247.52, 1.79213
hold882, 545.982, 247.52, 1.79213
hold1243, 545.982, 247.52, 1.79213
FILLER_0_86_1162, 545.982, 247.52, 1.79213
FILLER_0_86_1168, 545.982, 247.52, 1.79213
_08754_, 558.651, 247.52, 1.79213
_08755_, 558.651, 247.52, 1.79213
FILLER_0_86_1193, 558.651, 247.52, 1.79213
FILLER_0_87_1201, 558.651, 247.52, 1.79213
_17036_, 5.52, 242.08, 1.79288
PHY_168, 5.52, 242.08, 1.79288
PHY_170, 5.52, 242.08, 1.79288
FILLER_0_86_3, 5.52, 242.08, 1.79288
PHY_169, 571.32, 242.08, 1.79226
PHY_171, 571.32, 242.08, 1.79226
FILLER_0_84_1221, 571.32, 242.08, 1.79226
_09989_, 34.64, 242.08, 1.7928
FILLER_0_85_51, 34.64, 242.08, 1.7928
_10030_, 47.44, 242.08, 1.79272
_10031_, 47.44, 242.08, 1.79272
_10039_, 47.44, 242.08, 1.79272
hold470, 47.44, 242.08, 1.79272
FILLER_0_85_81, 47.44, 242.08, 1.79272
FILLER_0_85_98, 47.44, 242.08, 1.79272
_10024_, 60.24, 242.08, 1.79263
_14588_, 60.24, 242.08, 1.79263
_14598_, 60.24, 242.08, 1.79263
_17018_, 60.24, 242.08, 1.79263
FILLER_0_85_106, 60.24, 242.08, 1.79263
FILLER_0_85_123, 60.24, 242.08, 1.79263
_10028_, 73.04, 242.08, 1.79255
_10032_, 73.04, 242.08, 1.79255
_10033_, 73.04, 242.08, 1.79255
hold906, 73.04, 242.08, 1.79255
hold995, 73.04, 242.08, 1.79255
_10065_, 85.84, 242.08, 1.79248
_10082_, 85.84, 242.08, 1.79248
_16998_, 85.84, 242.08, 1.79248
_17000_, 85.84, 242.08, 1.79248
FILLER_0_85_162, 85.84, 242.08, 1.79248
FILLER_0_86_176, 85.84, 242.08, 1.79248
_10064_, 98.64, 242.08, 1.79242
_10066_, 98.64, 242.08, 1.79242
_10067_, 98.64, 242.08, 1.79242
_14574_, 98.64, 242.08, 1.79242
_16999_, 98.64, 242.08, 1.79242
hold1820, 98.64, 242.08, 1.79242
FILLER_0_85_194, 98.64, 242.08, 1.79242
FILLER_0_86_205, 98.64, 242.08, 1.79242
_17086_, 111.44, 242.08, 1.79237
hold1458, 111.44, 242.08, 1.79237
_09888_, 124.24, 242.08, 1.79232
_09892_, 124.24, 242.08, 1.79232
_14672_, 124.24, 242.08, 1.79232
_14674_, 124.24, 242.08, 1.79232
clkbuf_leaf_17_clk, 124.24, 242.08, 1.79232
_09887_, 137.04, 242.08, 1.79233
_14675_, 137.04, 242.08, 1.79233
_17089_, 137.04, 242.08, 1.79233
_17090_, 137.04, 242.08, 1.79233
FILLER_0_84_275, 137.04, 242.08, 1.79233
_09886_, 149.84, 242.08, 1.79235
_09939_, 149.84, 242.08, 1.79235
_14647_, 149.84, 242.08, 1.79235
FILLER_0_84_309, 149.84, 242.08, 1.79235
FILLER_0_85_316, 149.84, 242.08, 1.79235
FILLER_0_85_323, 149.84, 242.08, 1.79235
_09932_, 162.64, 242.08, 1.79237
_09938_, 162.64, 242.08, 1.79237
hold1812, 162.64, 242.08, 1.79237
FILLER_0_86_353, 162.64, 242.08, 1.79237
_09821_, 188.24, 242.08, 1.7922
hold716, 188.24, 242.08, 1.7922
FILLER_0_84_385, 188.24, 242.08, 1.7922
FILLER_0_84_391, 188.24, 242.08, 1.7922
FILLER_0_85_389, 188.24, 242.08, 1.7922
_12898_, 201.04, 242.08, 1.792
_12970_, 201.04, 242.08, 1.792
_13425_, 201.04, 242.08, 1.792
_15963_, 201.04, 242.08, 1.792
ANTENNA_11, 201.04, 242.08, 1.792
FILLER_0_84_414, 201.04, 242.08, 1.792
FILLER_0_85_417, 201.04, 242.08, 1.792
FILLER_0_86_433, 201.04, 242.08, 1.792
_15964_, 213.84, 242.08, 1.79184
_18076_, 213.84, 242.08, 1.79184
FILLER_0_85_441, 213.84, 242.08, 1.79184
FILLER_0_85_449, 213.84, 242.08, 1.79184
_12896_, 226.64, 242.08, 1.79169
_15835_, 226.64, 242.08, 1.79169
clkbuf_leaf_28_clk, 226.64, 242.08, 1.79169
FILLER_0_84_467, 226.64, 242.08, 1.79169
_13063_, 239.44, 242.08, 1.79161
_13282_, 239.44, 242.08, 1.79161
_13497_, 239.44, 242.08, 1.79161
_16029_, 239.44, 242.08, 1.79161
FILLER_0_84_501, 239.44, 242.08, 1.79161
_12829_, 252.24, 242.08, 1.79156
_12830_, 252.24, 242.08, 1.79156
_15995_, 252.24, 242.08, 1.79156
hold2179, 252.24, 242.08, 1.79156
hold2259, 252.24, 242.08, 1.79156
FILLER_0_85_533, 252.24, 242.08, 1.79156
FILLER_0_85_543, 252.24, 242.08, 1.79156
_11976_, 265.04, 242.08, 1.79153
_13283_, 265.04, 242.08, 1.79153
_15836_, 265.04, 242.08, 1.79153
rebuffer16, 265.04, 242.08, 1.79153
FILLER_0_84_553, 265.04, 242.08, 1.79153
FILLER_0_86_569, 265.04, 242.08, 1.79153
_12835_, 277.84, 242.08, 1.79153
_13102_, 277.84, 242.08, 1.79153
_13103_, 277.84, 242.08, 1.79153
_13109_, 277.84, 242.08, 1.79153
rebuffer7, 277.84, 242.08, 1.79153
ANTENNA_18, 277.84, 242.08, 1.79153
FILLER_0_85_581, 277.84, 242.08, 1.79153
_12827_, 290.64, 242.08, 1.79164
_12904_, 290.64, 242.08, 1.79164
clkbuf_leaf_233_clk, 290.64, 242.08, 1.79164
hold2200, 290.64, 242.08, 1.79164
FILLER_0_84_612, 290.64, 242.08, 1.79164
FILLER_0_85_613, 290.64, 242.08, 1.79164
FILLER_0_85_617, 290.64, 242.08, 1.79164
_12740_, 303.44, 242.08, 1.79181
_12741_, 303.44, 242.08, 1.79181
_13353_, 303.44, 242.08, 1.79181
_15900_, 303.44, 242.08, 1.79181
ANTENNA_13, 303.44, 242.08, 1.79181
FILLER_0_85_650, 303.44, 242.08, 1.79181
_12771_, 316.24, 242.08, 1.79213
_12773_, 316.24, 242.08, 1.79213
_16024_, 316.24, 242.08, 1.79213
FILLER_0_85_668, 316.24, 242.08, 1.79213
_13020_, 341.84, 242.08, 1.79242
_15896_, 341.84, 242.08, 1.79242
hold30, 341.84, 242.08, 1.79242
FILLER_0_84_721, 341.84, 242.08, 1.79242
FILLER_0_85_722, 341.84, 242.08, 1.79242
FILLER_0_85_729, 341.84, 242.08, 1.79242
_11975_, 354.64, 242.08, 1.7924
_13350_, 354.64, 242.08, 1.7924
FILLER_0_84_751, 354.64, 242.08, 1.7924
FILLER_0_85_759, 354.64, 242.08, 1.7924
_11990_, 367.44, 242.08, 1.79238
_15895_, 367.44, 242.08, 1.79238
FILLER_0_85_797, 367.44, 242.08, 1.79238
FILLER_0_86_796, 367.44, 242.08, 1.79238
_12444_, 380.24, 242.08, 1.79237
_13349_, 380.24, 242.08, 1.79237
FILLER_0_84_804, 380.24, 242.08, 1.79237
FILLER_0_86_821, 380.24, 242.08, 1.79237
FILLER_0_84_840, 393.04, 242.08, 1.79237
FILLER_0_85_832, 393.04, 242.08, 1.79237
_08163_, 405.84, 242.08, 1.79237
_17951_, 405.84, 242.08, 1.79237
hold2134, 405.84, 242.08, 1.79237
FILLER_0_84_864, 405.84, 242.08, 1.79237
FILLER_0_85_877, 405.84, 242.08, 1.79237
_08161_, 418.64, 242.08, 1.79238
_08162_, 418.64, 242.08, 1.79238
_15632_, 418.64, 242.08, 1.79238
_15633_, 418.64, 242.08, 1.79238
hold248, 418.64, 242.08, 1.79238
hold296, 431.44, 242.08, 1.79239
FILLER_0_84_913, 431.44, 242.08, 1.79239
FILLER_0_84_921, 431.44, 242.08, 1.79239
FILLER_0_86_937, 431.44, 242.08, 1.79239
_08152_, 444.24, 242.08, 1.7924
_08220_, 444.24, 242.08, 1.7924
_17933_, 444.24, 242.08, 1.7924
FILLER_0_85_944, 444.24, 242.08, 1.7924
FILLER_0_85_965, 444.24, 242.08, 1.7924
_08188_, 457.04, 242.08, 1.79242
_08198_, 457.04, 242.08, 1.79242
_08199_, 457.04, 242.08, 1.79242
_15612_, 457.04, 242.08, 1.79242
_17931_, 457.04, 242.08, 1.79242
hold2007, 457.04, 242.08, 1.79242
FILLER_0_84_970, 457.04, 242.08, 1.79242
FILLER_0_85_971, 457.04, 242.08, 1.79242
FILLER_0_85_977, 457.04, 242.08, 1.79242
_08203_, 469.84, 242.08, 1.79244
_15610_, 469.84, 242.08, 1.79244
hold1790, 469.84, 242.08, 1.79244
FILLER_0_85_996, 469.84, 242.08, 1.79244
_17899_, 495.308, 242.08, 1.79239
FILLER_0_85_1055, 495.308, 242.08, 1.79239
_08267_, 507.977, 242.08, 1.79232
_15568_, 507.977, 242.08, 1.79232
_15574_, 507.977, 242.08, 1.79232
_17594_, 507.977, 242.08, 1.79232
clkbuf_leaf_180_clk, 507.977, 242.08, 1.79232
FILLER_0_84_1080, 507.977, 242.08, 1.79232
FILLER_0_84_1089, 507.977, 242.08, 1.79232
_08864_, 520.645, 242.08, 1.79229
_08877_, 520.645, 242.08, 1.79229
_08882_, 520.645, 242.08, 1.79229
_08883_, 520.645, 242.08, 1.79229
_15233_, 520.645, 242.08, 1.79229
_15236_, 520.645, 242.08, 1.79229
_17591_, 520.645, 242.08, 1.79229
FILLER_0_85_1115, 520.645, 242.08, 1.79229
FILLER_0_85_1124, 520.645, 242.08, 1.79229
_08749_, 533.314, 242.08, 1.79228
_15240_, 533.314, 242.08, 1.79228
_17658_, 533.314, 242.08, 1.79228
FILLER_0_84_1141, 533.314, 242.08, 1.79228
FILLER_0_85_1148, 533.314, 242.08, 1.79228
FILLER_0_86_1152, 533.314, 242.08, 1.79228
_08748_, 545.982, 242.08, 1.79227
_08752_, 545.982, 242.08, 1.79227
_08746_, 558.651, 242.08, 1.79226
_08756_, 558.651, 242.08, 1.79226
_15303_, 558.651, 242.08, 1.79226
_15307_, 558.651, 242.08, 1.79226
_17655_, 558.651, 242.08, 1.79226
hold409, 558.651, 242.08, 1.79226
PHY_164, 5.52, 236.64, 1.79282
PHY_166, 5.52, 236.64, 1.79282
output94, 5.52, 236.64, 1.79282
clkbuf_leaf_11_clk, 5.52, 236.64, 1.79282
FILLER_0_84_3, 5.52, 236.64, 1.79282
PHY_165, 571.32, 236.64, 1.79233
PHY_167, 571.32, 236.64, 1.79233
output54, 571.32, 236.64, 1.79233
FILLER_0_82_1217, 571.32, 236.64, 1.79233
FILLER_0_83_53, 34.64, 236.64, 1.79284
FILLER_0_84_77, 34.64, 236.64, 1.79284
_10020_, 47.44, 236.64, 1.79273
_17013_, 47.44, 236.64, 1.79273
_17020_, 47.44, 236.64, 1.79273
hold1517, 47.44, 236.64, 1.79273
FILLER_0_83_81, 47.44, 236.64, 1.79273
FILLER_0_83_89, 47.44, 236.64, 1.79273
_10025_, 60.24, 236.64, 1.79265
_10029_, 60.24, 236.64, 1.79265
_10038_, 60.24, 236.64, 1.79265
_14591_, 60.24, 236.64, 1.79265
_17016_, 60.24, 236.64, 1.79265
hold1010, 60.24, 236.64, 1.79265
hold2120, 60.24, 236.64, 1.79265
FILLER_0_82_109, 60.24, 236.64, 1.79265
FILLER_0_83_126, 60.24, 236.64, 1.79265
clkbuf_leaf_14_clk, 73.04, 236.64, 1.79257
FILLER_0_83_151, 73.04, 236.64, 1.79257
FILLER_0_83_159, 73.04, 236.64, 1.79257
_10069_, 85.84, 236.64, 1.79254
_10083_, 85.84, 236.64, 1.79254
_16991_, 85.84, 236.64, 1.79254
_10068_, 98.64, 236.64, 1.79251
_10073_, 98.64, 236.64, 1.79251
_14572_, 98.64, 236.64, 1.79251
_14575_, 98.64, 236.64, 1.79251
_14576_, 98.64, 236.64, 1.79251
_16996_, 98.64, 236.64, 1.79251
FILLER_0_83_197, 98.64, 236.64, 1.79251
FILLER_0_83_205, 98.64, 236.64, 1.79251
_09889_, 111.44, 236.64, 1.7925
_09893_, 111.44, 236.64, 1.7925
_10072_, 111.44, 236.64, 1.7925
_17088_, 111.44, 236.64, 1.7925
hold971, 111.44, 236.64, 1.7925
FILLER_0_83_219, 111.44, 236.64, 1.7925
FILLER_0_83_237, 111.44, 236.64, 1.7925
FILLER_0_84_237, 111.44, 236.64, 1.7925
_09895_, 124.24, 236.64, 1.79249
_14668_, 124.24, 236.64, 1.79249
_17085_, 124.24, 236.64, 1.79249
hold1382, 124.24, 236.64, 1.79249
hold1508, 124.24, 236.64, 1.79249
hold1630, 124.24, 236.64, 1.79249
_09884_, 137.04, 236.64, 1.79249
_09885_, 137.04, 236.64, 1.79249
_09894_, 137.04, 236.64, 1.79249
_14671_, 137.04, 236.64, 1.79249
_14676_, 137.04, 236.64, 1.79249
hold1409, 137.04, 236.64, 1.79249
FILLER_0_82_285, 137.04, 236.64, 1.79249
FILLER_0_83_281, 137.04, 236.64, 1.79249
FILLER_0_83_294, 137.04, 236.64, 1.79249
_09933_, 149.84, 236.64, 1.79249
_17063_, 149.84, 236.64, 1.79249
_17066_, 149.84, 236.64, 1.79249
clkbuf_leaf_24_clk, 149.84, 236.64, 1.79249
FILLER_0_82_300, 149.84, 236.64, 1.79249
FILLER_0_82_309, 149.84, 236.64, 1.79249
FILLER_0_83_313, 149.84, 236.64, 1.79249
FILLER_0_84_317, 149.84, 236.64, 1.79249
_14644_, 162.64, 236.64, 1.79255
_14650_, 162.64, 236.64, 1.79255
_17126_, 162.64, 236.64, 1.79255
hold1929, 162.64, 236.64, 1.79255
FILLER_0_82_333, 162.64, 236.64, 1.79255
_09807_, 188.24, 236.64, 1.79253
_09820_, 188.24, 236.64, 1.79253
_14712_, 188.24, 236.64, 1.79253
_17129_, 188.24, 236.64, 1.79253
FILLER_0_84_406, 188.24, 236.64, 1.79253
_12908_, 201.04, 236.64, 1.79245
_12948_, 201.04, 236.64, 1.79245
_12969_, 201.04, 236.64, 1.79245
_13389_, 201.04, 236.64, 1.79245
_15931_, 201.04, 236.64, 1.79245
hold1570, 201.04, 236.64, 1.79245
hold2169, 201.04, 236.64, 1.79245
_12897_, 213.84, 236.64, 1.79241
FILLER_0_83_443, 213.84, 236.64, 1.79241
FILLER_0_84_456, 213.84, 236.64, 1.79241
hold2176, 226.64, 236.64, 1.79238
FILLER_0_84_486, 226.64, 236.64, 1.79238
_12737_, 239.44, 236.64, 1.79235
_12738_, 239.44, 236.64, 1.79235
_16030_, 239.44, 236.64, 1.79235
FILLER_0_83_497, 239.44, 236.64, 1.79235
FILLER_0_84_519, 239.44, 236.64, 1.79235
_12195_, 252.24, 236.64, 1.79234
_13460_, 252.24, 236.64, 1.79234
clkbuf_leaf_235_clk, 252.24, 236.64, 1.79234
FILLER_0_82_523, 252.24, 236.64, 1.79234
FILLER_0_83_529, 252.24, 236.64, 1.79234
_11977_, 265.04, 236.64, 1.79238
_13108_, 265.04, 236.64, 1.79238
rebuffer2, 265.04, 236.64, 1.79238
rebuffer3, 265.04, 236.64, 1.79238
rebuffer18, 265.04, 236.64, 1.79238
FILLER_0_82_553, 265.04, 236.64, 1.79238
FILLER_0_82_564, 265.04, 236.64, 1.79238
FILLER_0_83_561, 265.04, 236.64, 1.79238
FILLER_0_84_569, 265.04, 236.64, 1.79238
_13062_, 277.84, 236.64, 1.79248
_13107_, 277.84, 236.64, 1.79248
FILLER_0_82_583, 277.84, 236.64, 1.79248
FILLER_0_83_587, 277.84, 236.64, 1.79248
FILLER_0_84_602, 277.84, 236.64, 1.79248
_12178_, 290.64, 236.64, 1.79259
_15996_, 290.64, 236.64, 1.79259
FILLER_0_83_608, 290.64, 236.64, 1.79259
FILLER_0_84_620, 290.64, 236.64, 1.79259
FILLER_0_82_640, 303.44, 236.64, 1.79272
FILLER_0_83_661, 303.44, 236.64, 1.79272
FILLER_0_84_651, 303.44, 236.64, 1.79272
FILLER_0_84_659, 303.44, 236.64, 1.79272
_12772_, 316.24, 236.64, 1.79286
_13065_, 316.24, 236.64, 1.79286
_13492_, 316.24, 236.64, 1.79286
hold2151, 316.24, 236.64, 1.79286
hold2187, 316.24, 236.64, 1.79286
FILLER_0_83_718, 341.84, 236.64, 1.79293
_12774_, 354.64, 236.64, 1.79283
_13313_, 354.64, 236.64, 1.79283
clkbuf_leaf_166_clk, 354.64, 236.64, 1.79283
FILLER_0_82_749, 354.64, 236.64, 1.79283
FILLER_0_83_765, 354.64, 236.64, 1.79283
FILLER_0_84_769, 354.64, 236.64, 1.79283
_12776_, 367.44, 236.64, 1.79278
_16022_, 367.44, 236.64, 1.79278
hold2232, 367.44, 236.64, 1.79278
hold2243, 367.44, 236.64, 1.79278
FILLER_0_83_777, 367.44, 236.64, 1.79278
FILLER_0_82_805, 380.24, 236.64, 1.79275
_12919_, 393.04, 236.64, 1.79272
_12920_, 393.04, 236.64, 1.79272
_15955_, 393.04, 236.64, 1.79272
FILLER_0_83_831, 393.04, 236.64, 1.79272
FILLER_0_83_841, 393.04, 236.64, 1.79272
_17921_, 418.64, 236.64, 1.79269
FILLER_0_83_888, 418.64, 236.64, 1.79269
FILLER_0_83_897, 418.64, 236.64, 1.79269
_08215_, 431.44, 236.64, 1.79268
_08222_, 431.44, 236.64, 1.79268
_15599_, 431.44, 236.64, 1.79268
_17925_, 431.44, 236.64, 1.79268
FILLER_0_82_918, 431.44, 236.64, 1.79268
FILLER_0_84_933, 431.44, 236.64, 1.79268
_08221_, 444.24, 236.64, 1.79269
hold1394, 444.24, 236.64, 1.79269
hold1423, 444.24, 236.64, 1.79269
_08200_, 457.04, 236.64, 1.79269
_15609_, 457.04, 236.64, 1.79269
hold1923, 457.04, 236.64, 1.79269
FILLER_0_82_971, 457.04, 236.64, 1.79269
FILLER_0_82_977, 457.04, 236.64, 1.79269
FILLER_0_83_973, 457.04, 236.64, 1.79269
_08187_, 469.84, 236.64, 1.7927
FILLER_0_83_1004, 469.84, 236.64, 1.7927
FILLER_0_83_1021, 469.84, 236.64, 1.7927
_08268_, 495.308, 236.64, 1.79262
hold316, 495.308, 236.64, 1.79262
FILLER_0_83_1077, 495.308, 236.64, 1.79262
_08275_, 507.977, 236.64, 1.79254
_08282_, 507.977, 236.64, 1.79254
hold285, 507.977, 236.64, 1.79254
hold1224, 507.977, 236.64, 1.79254
FILLER_0_83_1087, 507.977, 236.64, 1.79254
FILLER_0_83_1116, 520.645, 236.64, 1.79246
_17656_, 533.314, 236.64, 1.79239
clkbuf_leaf_183_clk, 533.314, 236.64, 1.79239
FILLER_0_82_1137, 533.314, 236.64, 1.79239
FILLER_0_82_1145, 533.314, 236.64, 1.79239
FILLER_0_83_1145, 533.314, 236.64, 1.79239
_15304_, 545.982, 236.64, 1.79236
_17654_, 545.982, 236.64, 1.79236
_17659_, 545.982, 236.64, 1.79236
hold1766, 545.982, 236.64, 1.79236
FILLER_0_82_1174, 545.982, 236.64, 1.79236
_08757_, 558.651, 236.64, 1.79235
_15302_, 558.651, 236.64, 1.79235
hold1372, 558.651, 236.64, 1.79235
hold1395, 558.651, 236.64, 1.79235
FILLER_0_82_1199, 558.651, 236.64, 1.79235
PHY_160, 5.52, 231.2, 1.79315
PHY_162, 5.52, 231.2, 1.79315
PHY_161, 571.32, 231.2, 1.79293
PHY_163, 571.32, 231.2, 1.79293
FILLER_0_80_1217, 571.32, 231.2, 1.79293
_10017_, 34.64, 231.2, 1.79306
_10021_, 34.64, 231.2, 1.79306
_17024_, 34.64, 231.2, 1.79306
hold1004, 34.64, 231.2, 1.79306
FILLER_0_80_59, 34.64, 231.2, 1.79306
FILLER_0_81_51, 34.64, 231.2, 1.79306
FILLER_0_81_57, 34.64, 231.2, 1.79306
FILLER_0_82_65, 34.64, 231.2, 1.79306
_10016_, 47.44, 231.2, 1.79299
clkbuf_leaf_10_clk, 47.44, 231.2, 1.79299
hold2008, 47.44, 231.2, 1.79299
FILLER_0_81_103, 47.44, 231.2, 1.79299
hold1156, 60.24, 231.2, 1.79296
_09980_, 73.04, 231.2, 1.79293
_09981_, 73.04, 231.2, 1.79293
_14625_, 73.04, 231.2, 1.79293
_17042_, 73.04, 231.2, 1.79293
hold1634, 73.04, 231.2, 1.79293
FILLER_0_81_137, 73.04, 231.2, 1.79293
FILLER_0_81_149, 73.04, 231.2, 1.79293
_09971_, 85.84, 231.2, 1.79291
_14566_, 85.84, 231.2, 1.79291
_14567_, 85.84, 231.2, 1.79291
hold929, 85.84, 231.2, 1.79291
FILLER_0_80_164, 85.84, 231.2, 1.79291
FILLER_0_81_162, 85.84, 231.2, 1.79291
FILLER_0_82_177, 85.84, 231.2, 1.79291
_16994_, 98.64, 231.2, 1.79289
FILLER_0_80_189, 98.64, 231.2, 1.79289
FILLER_0_80_197, 98.64, 231.2, 1.79289
_10076_, 111.44, 231.2, 1.79288
_17082_, 111.44, 231.2, 1.79288
FILLER_0_82_242, 111.44, 231.2, 1.79288
_09900_, 124.24, 231.2, 1.79288
_09901_, 124.24, 231.2, 1.79288
hold1587, 124.24, 231.2, 1.79288
FILLER_0_80_248, 124.24, 231.2, 1.79288
FILLER_0_81_270, 124.24, 231.2, 1.79288
_14666_, 137.04, 231.2, 1.79288
_17078_, 137.04, 231.2, 1.79288
FILLER_0_80_277, 137.04, 231.2, 1.79288
_09907_, 149.84, 231.2, 1.79288
_09908_, 149.84, 231.2, 1.79288
_17079_, 149.84, 231.2, 1.79288
hold1459, 149.84, 231.2, 1.79288
FILLER_0_81_313, 149.84, 231.2, 1.79288
_09823_, 162.64, 231.2, 1.7929
_09906_, 162.64, 231.2, 1.7929
_17128_, 162.64, 231.2, 1.7929
hold725, 162.64, 231.2, 1.7929
FILLER_0_81_332, 162.64, 231.2, 1.7929
FILLER_0_81_349, 162.64, 231.2, 1.7929
_09806_, 188.24, 231.2, 1.79287
_14719_, 188.24, 231.2, 1.79287
_17124_, 188.24, 231.2, 1.79287
FILLER_0_81_387, 188.24, 231.2, 1.79287
FILLER_0_82_407, 188.24, 231.2, 1.79287
_09816_, 201.04, 231.2, 1.79283
_15938_, 201.04, 231.2, 1.79283
FILLER_0_80_417, 201.04, 231.2, 1.79283
FILLER_0_80_421, 201.04, 231.2, 1.79283
FILLER_0_81_417, 201.04, 231.2, 1.79283
_12958_, 213.84, 231.2, 1.7928
_13396_, 213.84, 231.2, 1.7928
_15937_, 213.84, 231.2, 1.7928
FILLER_0_80_446, 213.84, 231.2, 1.7928
FILLER_0_81_444, 213.84, 231.2, 1.7928
_12953_, 226.64, 231.2, 1.79278
_12967_, 226.64, 231.2, 1.79278
_13390_, 226.64, 231.2, 1.79278
hold2165, 226.64, 231.2, 1.79278
FILLER_0_82_489, 226.64, 231.2, 1.79278
_12732_, 239.44, 231.2, 1.79278
_12733_, 239.44, 231.2, 1.79278
_12759_, 239.44, 231.2, 1.79278
_13498_, 239.44, 231.2, 1.79278
_16026_, 239.44, 231.2, 1.79278
hold2181, 239.44, 231.2, 1.79278
hold2267, 239.44, 231.2, 1.79278
FILLER_0_80_497, 239.44, 231.2, 1.79278
FILLER_0_81_513, 239.44, 231.2, 1.79278
_12747_, 252.24, 231.2, 1.7928
_12748_, 252.24, 231.2, 1.7928
_12768_, 252.24, 231.2, 1.7928
_13495_, 252.24, 231.2, 1.7928
_16025_, 252.24, 231.2, 1.7928
hold2182, 252.24, 231.2, 1.7928
hold2245, 252.24, 231.2, 1.7928
_12907_, 265.04, 231.2, 1.79286
rebuffer8, 265.04, 231.2, 1.79286
FILLER_0_81_573, 265.04, 231.2, 1.79286
_11981_, 277.84, 231.2, 1.79292
_12380_, 277.84, 231.2, 1.79292
_12906_, 277.84, 231.2, 1.79292
FILLER_0_80_585, 277.84, 231.2, 1.79292
_12742_, 290.64, 231.2, 1.79302
_12828_, 290.64, 231.2, 1.79302
_13461_, 290.64, 231.2, 1.79302
FILLER_0_80_612, 290.64, 231.2, 1.79302
FILLER_0_81_606, 290.64, 231.2, 1.79302
_13033_, 303.44, 231.2, 1.79313
_13496_, 303.44, 231.2, 1.79313
_15885_, 303.44, 231.2, 1.79313
FILLER_0_80_645, 303.44, 231.2, 1.79313
FILLER_0_81_641, 303.44, 231.2, 1.79313
FILLER_0_81_669, 316.24, 231.2, 1.79325
FILLER_0_81_685, 316.24, 231.2, 1.79325
FILLER_0_82_687, 316.24, 231.2, 1.79325
FILLER_0_81_720, 341.84, 231.2, 1.79325
FILLER_0_81_741, 341.84, 231.2, 1.79325
_13314_, 354.64, 231.2, 1.79312
_15863_, 354.64, 231.2, 1.79312
_16023_, 354.64, 231.2, 1.79312
hold81, 354.64, 231.2, 1.79312
hold82, 354.64, 231.2, 1.79312
hold103, 354.64, 231.2, 1.79312
hold104, 354.64, 231.2, 1.79312
_12775_, 367.44, 231.2, 1.79304
_12777_, 367.44, 231.2, 1.79304
_13490_, 367.44, 231.2, 1.79304
_13491_, 367.44, 231.2, 1.79304
_15881_, 367.44, 231.2, 1.79304
FILLER_0_81_779, 367.44, 231.2, 1.79304
FILLER_0_81_792, 367.44, 231.2, 1.79304
_13039_, 380.24, 231.2, 1.79298
_13040_, 380.24, 231.2, 1.79298
_13334_, 380.24, 231.2, 1.79298
hold2139, 380.24, 231.2, 1.79298
FILLER_0_80_801, 380.24, 231.2, 1.79298
_13415_, 393.04, 231.2, 1.79293
FILLER_0_82_849, 393.04, 231.2, 1.79293
_08209_, 405.84, 231.2, 1.79288
clkbuf_leaf_169_clk, 405.84, 231.2, 1.79288
FILLER_0_80_857, 405.84, 231.2, 1.79288
FILLER_0_80_865, 405.84, 231.2, 1.79288
FILLER_0_81_865, 405.84, 231.2, 1.79288
FILLER_0_81_873, 405.84, 231.2, 1.79288
_08210_, 418.64, 231.2, 1.79287
_08211_, 418.64, 231.2, 1.79287
_08223_, 418.64, 231.2, 1.79287
_17927_, 418.64, 231.2, 1.79287
hold241, 418.64, 231.2, 1.79287
FILLER_0_81_901, 418.64, 231.2, 1.79287
_08214_, 431.44, 231.2, 1.79287
_15603_, 431.44, 231.2, 1.79287
_17922_, 431.44, 231.2, 1.79287
FILLER_0_81_924, 431.44, 231.2, 1.79287
FILLER_0_81_930, 431.44, 231.2, 1.79287
FILLER_0_81_938, 431.44, 231.2, 1.79287
_08205_, 444.24, 231.2, 1.79288
_08213_, 444.24, 231.2, 1.79288
_15598_, 444.24, 231.2, 1.79288
_15600_, 444.24, 231.2, 1.79288
_17932_, 444.24, 231.2, 1.79288
FILLER_0_81_944, 444.24, 231.2, 1.79288
FILLER_0_81_953, 444.24, 231.2, 1.79288
FILLER_0_82_963, 444.24, 231.2, 1.79288
_08185_, 457.04, 231.2, 1.79289
_08201_, 457.04, 231.2, 1.79289
_15611_, 457.04, 231.2, 1.79289
_15619_, 457.04, 231.2, 1.79289
_17939_, 457.04, 231.2, 1.79289
_17940_, 457.04, 231.2, 1.79289
_08186_, 469.84, 231.2, 1.79292
_08190_, 469.84, 231.2, 1.79292
_08191_, 469.84, 231.2, 1.79292
_15616_, 469.84, 231.2, 1.79292
_15618_, 469.84, 231.2, 1.79292
_17937_, 469.84, 231.2, 1.79292
hold407, 469.84, 231.2, 1.79292
hold904, 469.84, 231.2, 1.79292
_08283_, 495.308, 231.2, 1.79295
_15566_, 495.308, 231.2, 1.79295
_15569_, 495.308, 231.2, 1.79295
_17891_, 495.308, 231.2, 1.79295
hold374, 495.308, 231.2, 1.79295
FILLER_0_80_1051, 495.308, 231.2, 1.79295
FILLER_0_80_1059, 495.308, 231.2, 1.79295
FILLER_0_82_1069, 495.308, 231.2, 1.79295
_08274_, 507.977, 231.2, 1.79294
_08280_, 507.977, 231.2, 1.79294
_08281_, 507.977, 231.2, 1.79294
_15567_, 507.977, 231.2, 1.79294
_15570_, 507.977, 231.2, 1.79294
_17892_, 507.977, 231.2, 1.79294
hold1715, 507.977, 231.2, 1.79294
FILLER_0_80_1117, 520.645, 231.2, 1.79294
_08753_, 533.314, 231.2, 1.79293
hold1433, 533.314, 231.2, 1.79293
FILLER_0_80_1143, 533.314, 231.2, 1.79293
FILLER_0_82_1149, 533.314, 231.2, 1.79293
_08747_, 545.982, 231.2, 1.79293
FILLER_0_81_1169, 545.982, 231.2, 1.79293
FILLER_0_80_1197, 558.651, 231.2, 1.79293
PHY_156, 5.52, 225.76, 1.79331
PHY_158, 5.52, 225.76, 1.79331
FILLER_0_79_3, 5.52, 225.76, 1.79331
PHY_157, 571.32, 225.76, 1.79316
PHY_159, 571.32, 225.76, 1.79316
FILLER_0_78_1217, 571.32, 225.76, 1.79316
_10059_, 13.68, 225.76, 1.79331
_10054_, 34.64, 225.76, 1.79327
_14577_, 34.64, 225.76, 1.79327
_17022_, 34.64, 225.76, 1.79327
hold1003, 34.64, 225.76, 1.79327
FILLER_0_79_53, 34.64, 225.76, 1.79327
FILLER_0_79_75, 34.64, 225.76, 1.79327
_14599_, 47.44, 225.76, 1.79323
_14601_, 47.44, 225.76, 1.79323
_14603_, 47.44, 225.76, 1.79323
_17023_, 47.44, 225.76, 1.79323
FILLER_0_78_81, 47.44, 225.76, 1.79323
FILLER_0_78_85, 47.44, 225.76, 1.79323
FILLER_0_79_85, 47.44, 225.76, 1.79323
FILLER_0_80_99, 47.44, 225.76, 1.79323
_09976_, 60.24, 225.76, 1.79321
_09977_, 60.24, 225.76, 1.79321
_10018_, 60.24, 225.76, 1.79321
_17048_, 60.24, 225.76, 1.79321
_17047_, 73.04, 225.76, 1.79319
hold1997, 73.04, 225.76, 1.79319
_09970_, 85.84, 225.76, 1.79319
_10081_, 85.84, 225.76, 1.79319
_14568_, 85.84, 225.76, 1.79319
_14628_, 85.84, 225.76, 1.79319
FILLER_0_78_166, 85.84, 225.76, 1.79319
_10077_, 98.64, 225.76, 1.79318
_10080_, 98.64, 225.76, 1.79318
_14570_, 98.64, 225.76, 1.79318
hold1922, 98.64, 225.76, 1.79318
FILLER_0_80_205, 98.64, 225.76, 1.79318
_10075_, 111.44, 225.76, 1.79317
_14569_, 111.44, 225.76, 1.79317
FILLER_0_79_221, 111.44, 225.76, 1.79317
FILLER_0_80_238, 111.44, 225.76, 1.79317
FILLER_0_78_247, 124.24, 225.76, 1.79317
_09909_, 137.04, 225.76, 1.79316
_14659_, 137.04, 225.76, 1.79316
_14663_, 137.04, 225.76, 1.79316
FILLER_0_79_276, 137.04, 225.76, 1.79316
FILLER_0_79_285, 137.04, 225.76, 1.79316
FILLER_0_79_298, 137.04, 225.76, 1.79316
_17076_, 149.84, 225.76, 1.79316
hold267, 149.84, 225.76, 1.79316
FILLER_0_78_300, 149.84, 225.76, 1.79316
FILLER_0_78_309, 149.84, 225.76, 1.79316
_17121_, 162.64, 225.76, 1.79316
FILLER_0_80_354, 162.64, 225.76, 1.79316
_09817_, 188.24, 225.76, 1.79314
_14714_, 188.24, 225.76, 1.79314
hold1025, 188.24, 225.76, 1.79314
_12955_, 201.04, 225.76, 1.7931
_12956_, 201.04, 225.76, 1.7931
hold2152, 201.04, 225.76, 1.7931
_12954_, 213.84, 225.76, 1.79308
_13395_, 213.84, 225.76, 1.79308
_15932_, 213.84, 225.76, 1.79308
_15939_, 213.84, 225.76, 1.79308
FILLER_0_79_449, 213.84, 225.76, 1.79308
_12968_, 226.64, 225.76, 1.79309
_13397_, 226.64, 225.76, 1.79309
hold2158, 226.64, 225.76, 1.79309
FILLER_0_78_472, 226.64, 225.76, 1.79309
FILLER_0_79_494, 226.64, 225.76, 1.79309
_12760_, 239.44, 225.76, 1.7931
_13494_, 239.44, 225.76, 1.7931
_16027_, 239.44, 225.76, 1.7931
FILLER_0_79_505, 239.44, 225.76, 1.7931
FILLER_0_79_515, 239.44, 225.76, 1.7931
_12769_, 252.24, 225.76, 1.79312
_13493_, 252.24, 225.76, 1.79312
FILLER_0_78_525, 252.24, 225.76, 1.79312
_07847_, 265.04, 225.76, 1.79315
_11980_, 265.04, 225.76, 1.79315
rebuffer11, 265.04, 225.76, 1.79315
FILLER_0_80_577, 265.04, 225.76, 1.79315
_12031_, 277.84, 225.76, 1.7932
_12032_, 277.84, 225.76, 1.7932
_12905_, 277.84, 225.76, 1.7932
_13150_, 277.84, 225.76, 1.7932
_13249_, 277.84, 225.76, 1.7932
rebuffer6, 277.84, 225.76, 1.7932
FILLER_0_78_589, 277.84, 225.76, 1.7932
FILLER_0_79_593, 277.84, 225.76, 1.7932
_12381_, 290.64, 225.76, 1.7933
_12743_, 290.64, 225.76, 1.7933
_13123_, 290.64, 225.76, 1.7933
_16028_, 290.64, 225.76, 1.7933
hold2177, 290.64, 225.76, 1.7933
FILLER_0_79_617, 290.64, 225.76, 1.7933
FILLER_0_79_626, 290.64, 225.76, 1.7933
_13034_, 303.44, 225.76, 1.79346
_13338_, 303.44, 225.76, 1.79346
FILLER_0_78_641, 303.44, 225.76, 1.79346
FILLER_0_78_645, 303.44, 225.76, 1.79346
FILLER_0_80_658, 303.44, 225.76, 1.79346
_13342_, 316.24, 225.76, 1.79361
hold2142, 316.24, 225.76, 1.79361
hold2145, 316.24, 225.76, 1.79361
FILLER_0_79_662, 316.24, 225.76, 1.79361
FILLER_0_79_688, 316.24, 225.76, 1.79361
FILLER_0_80_688, 316.24, 225.76, 1.79361
_07859_, 341.84, 225.76, 1.79367
_12454_, 341.84, 225.76, 1.79367
_12467_, 341.84, 225.76, 1.79367
_13067_, 341.84, 225.76, 1.79367
_15862_, 341.84, 225.76, 1.79367
hold2226, 341.84, 225.76, 1.79367
FILLER_0_79_723, 341.84, 225.76, 1.79367
_13066_, 354.64, 225.76, 1.79359
_18062_, 367.44, 225.76, 1.79352
FILLER_0_79_775, 367.44, 225.76, 1.79352
FILLER_0_79_785, 367.44, 225.76, 1.79352
_07940_, 380.24, 225.76, 1.79346
_07941_, 380.24, 225.76, 1.79346
_15755_, 380.24, 225.76, 1.79346
_18068_, 380.24, 225.76, 1.79346
hold582, 380.24, 225.76, 1.79346
ANTENNA_23, 380.24, 225.76, 1.79346
FILLER_0_78_807, 380.24, 225.76, 1.79346
FILLER_0_79_825, 380.24, 225.76, 1.79346
_07928_, 393.04, 225.76, 1.7934
_07929_, 393.04, 225.76, 1.7934
_15756_, 393.04, 225.76, 1.7934
_15761_, 393.04, 225.76, 1.7934
_18063_, 393.04, 225.76, 1.7934
hold555, 393.04, 225.76, 1.7934
FILLER_0_78_837, 393.04, 225.76, 1.7934
FILLER_0_79_837, 393.04, 225.76, 1.7934
FILLER_0_79_841, 393.04, 225.76, 1.7934
_07938_, 405.84, 225.76, 1.79336
_17928_, 405.84, 225.76, 1.79336
hold512, 405.84, 225.76, 1.79336
FILLER_0_78_864, 405.84, 225.76, 1.79336
FILLER_0_79_863, 405.84, 225.76, 1.79336
_08207_, 418.64, 225.76, 1.79332
_08208_, 418.64, 225.76, 1.79332
_15605_, 418.64, 225.76, 1.79332
_15606_, 418.64, 225.76, 1.79332
hold823, 418.64, 225.76, 1.79332
hold1631, 418.64, 225.76, 1.79332
_15607_, 431.44, 225.76, 1.79328
_17930_, 431.44, 225.76, 1.79328
hold215, 431.44, 225.76, 1.79328
FILLER_0_79_928, 431.44, 225.76, 1.79328
FILLER_0_80_937, 431.44, 225.76, 1.79328
_08204_, 444.24, 225.76, 1.79325
_15604_, 444.24, 225.76, 1.79325
hold2004, 444.24, 225.76, 1.79325
hold2113, 444.24, 225.76, 1.79325
FILLER_0_80_963, 444.24, 225.76, 1.79325
_08184_, 457.04, 225.76, 1.79322
_08212_, 457.04, 225.76, 1.79322
hold1094, 457.04, 225.76, 1.79322
FILLER_0_78_972, 457.04, 225.76, 1.79322
FILLER_0_78_981, 457.04, 225.76, 1.79322
FILLER_0_80_995, 457.04, 225.76, 1.79322
clkbuf_leaf_176_clk, 469.84, 225.76, 1.7932
hold850, 469.84, 225.76, 1.7932
_17895_, 495.308, 225.76, 1.79319
FILLER_0_79_1054, 495.308, 225.76, 1.79319
FILLER_0_78_1089, 507.977, 225.76, 1.79318
_08226_, 520.645, 225.76, 1.79316
_08227_, 520.645, 225.76, 1.79316
_17919_, 520.645, 225.76, 1.79316
_17920_, 520.645, 225.76, 1.79316
FILLER_0_79_1113, 520.645, 225.76, 1.79316
FILLER_0_80_1130, 520.645, 225.76, 1.79316
_08224_, 533.314, 225.76, 1.79316
_15590_, 533.314, 225.76, 1.79316
_15596_, 533.314, 225.76, 1.79316
FILLER_0_79_1168, 545.982, 225.76, 1.79316
FILLER_0_78_1196, 558.651, 225.76, 1.79316
_17003_, 5.52, 220.32, 1.79332
PHY_152, 5.52, 220.32, 1.79332
PHY_154, 5.52, 220.32, 1.79332
output53, 5.52, 220.32, 1.79332
PHY_153, 571.32, 220.32, 1.79293
PHY_155, 571.32, 220.32, 1.79293
output19, 571.32, 220.32, 1.79293
FILLER_0_76_1217, 571.32, 220.32, 1.79293
_10058_, 13.68, 220.32, 1.79333
_14580_, 13.68, 220.32, 1.79333
_17010_, 13.68, 220.32, 1.79333
FILLER_0_76_15, 13.68, 220.32, 1.79333
FILLER_0_77_9, 13.68, 220.32, 1.79333
_10009_, 34.64, 220.32, 1.79321
_10011_, 34.64, 220.32, 1.79321
_10060_, 34.64, 220.32, 1.79321
_14606_, 34.64, 220.32, 1.79321
FILLER_0_76_59, 34.64, 220.32, 1.79321
FILLER_0_77_51, 34.64, 220.32, 1.79321
FILLER_0_77_57, 34.64, 220.32, 1.79321
FILLER_0_77_65, 34.64, 220.32, 1.79321
_10010_, 47.44, 220.32, 1.79307
_10019_, 47.44, 220.32, 1.79307
_14602_, 47.44, 220.32, 1.79307
_14607_, 47.44, 220.32, 1.79307
_14609_, 47.44, 220.32, 1.79307
clkbuf_5_2__f_clk, 47.44, 220.32, 1.79307
hold1935, 47.44, 220.32, 1.79307
FILLER_0_76_88, 47.44, 220.32, 1.79307
_10004_, 60.24, 220.32, 1.79302
_10005_, 60.24, 220.32, 1.79302
_17044_, 60.24, 220.32, 1.79302
hold863, 60.24, 220.32, 1.79302
FILLER_0_76_115, 60.24, 220.32, 1.79302
_09968_, 73.04, 220.32, 1.79298
_09969_, 73.04, 220.32, 1.79298
_14621_, 73.04, 220.32, 1.79298
_14623_, 73.04, 220.32, 1.79298
_14629_, 73.04, 220.32, 1.79298
hold609, 73.04, 220.32, 1.79298
hold1059, 73.04, 220.32, 1.79298
FILLER_0_77_136, 73.04, 220.32, 1.79298
_16997_, 85.84, 220.32, 1.79295
clkbuf_5_3__f_clk, 85.84, 220.32, 1.79295
FILLER_0_77_181, 85.84, 220.32, 1.79295
_10070_, 98.64, 220.32, 1.79299
_14573_, 98.64, 220.32, 1.79299
_16993_, 98.64, 220.32, 1.79299
hold2040, 98.64, 220.32, 1.79299
FILLER_0_76_200, 98.64, 220.32, 1.79299
FILLER_0_77_214, 98.64, 220.32, 1.79299
FILLER_0_78_208, 98.64, 220.32, 1.79299
_10074_, 111.44, 220.32, 1.79305
_10078_, 111.44, 220.32, 1.79305
_10079_, 111.44, 220.32, 1.79305
_14571_, 111.44, 220.32, 1.79305
hold825, 111.44, 220.32, 1.79305
hold2000, 111.44, 220.32, 1.79305
_09917_, 124.24, 220.32, 1.7931
_17072_, 124.24, 220.32, 1.7931
FILLER_0_77_262, 124.24, 220.32, 1.7931
FILLER_0_78_265, 124.24, 220.32, 1.7931
_09916_, 137.04, 220.32, 1.79317
_09920_, 137.04, 220.32, 1.79317
_09921_, 137.04, 220.32, 1.79317
_14657_, 137.04, 220.32, 1.79317
hold887, 137.04, 220.32, 1.79317
hold1789, 137.04, 220.32, 1.79317
_09912_, 149.84, 220.32, 1.79323
_09913_, 149.84, 220.32, 1.79323
_14661_, 149.84, 220.32, 1.79323
_14664_, 149.84, 220.32, 1.79323
_09818_, 162.64, 220.32, 1.7933
_09819_, 162.64, 220.32, 1.7933
_14658_, 162.64, 220.32, 1.7933
_14713_, 162.64, 220.32, 1.7933
_17130_, 162.64, 220.32, 1.7933
hold1411, 162.64, 220.32, 1.7933
FILLER_0_77_330, 162.64, 220.32, 1.7933
FILLER_0_77_337, 162.64, 220.32, 1.7933
_09814_, 188.24, 220.32, 1.79339
_09880_, 188.24, 220.32, 1.79339
_09881_, 188.24, 220.32, 1.79339
hold1374, 188.24, 220.32, 1.79339
FILLER_0_77_388, 188.24, 220.32, 1.79339
_09865_, 201.04, 220.32, 1.79341
_14687_, 201.04, 220.32, 1.79341
hold1183, 201.04, 220.32, 1.79341
FILLER_0_76_421, 201.04, 220.32, 1.79341
FILLER_0_77_417, 201.04, 220.32, 1.79341
_12957_, 213.84, 220.32, 1.79343
hold1184, 213.84, 220.32, 1.79343
FILLER_0_77_439, 213.84, 220.32, 1.79343
FILLER_0_78_457, 213.84, 220.32, 1.79343
FILLER_0_77_497, 239.44, 220.32, 1.79348
_13105_, 252.24, 220.32, 1.7935
_13250_, 265.04, 220.32, 1.79355
_15805_, 265.04, 220.32, 1.79355
_15806_, 265.04, 220.32, 1.79355
FILLER_0_77_553, 265.04, 220.32, 1.79355
FILLER_0_77_566, 265.04, 220.32, 1.79355
FILLER_0_78_569, 265.04, 220.32, 1.79355
_13120_, 277.84, 220.32, 1.79362
_13141_, 277.84, 220.32, 1.79362
_13142_, 277.84, 220.32, 1.79362
_18123_, 277.84, 220.32, 1.79362
FILLER_0_76_589, 277.84, 220.32, 1.79362
FILLER_0_77_589, 277.84, 220.32, 1.79362
FILLER_0_78_598, 277.84, 220.32, 1.79362
_13138_, 290.64, 220.32, 1.79371
_13143_, 290.64, 220.32, 1.79371
_13144_, 290.64, 220.32, 1.79371
_15804_, 290.64, 220.32, 1.79371
FILLER_0_78_633, 290.64, 220.32, 1.79371
_13028_, 303.44, 220.32, 1.79383
_15889_, 303.44, 220.32, 1.79383
FILLER_0_76_637, 303.44, 220.32, 1.79383
FILLER_0_76_645, 303.44, 220.32, 1.79383
FILLER_0_77_640, 303.44, 220.32, 1.79383
FILLER_0_78_653, 303.44, 220.32, 1.79383
_12440_, 316.24, 220.32, 1.79397
_13023_, 316.24, 220.32, 1.79397
_13024_, 316.24, 220.32, 1.79397
_13347_, 316.24, 220.32, 1.79397
_18104_, 316.24, 220.32, 1.79397
FILLER_0_77_682, 316.24, 220.32, 1.79397
_07858_, 341.84, 220.32, 1.79402
_12455_, 341.84, 220.32, 1.79402
hold2225, 341.84, 220.32, 1.79402
FILLER_0_78_734, 341.84, 220.32, 1.79402
FILLER_0_78_742, 341.84, 220.32, 1.79402
_12468_, 354.64, 220.32, 1.7939
_13454_, 354.64, 220.32, 1.7939
_15758_, 367.44, 220.32, 1.7938
hold1220, 367.44, 220.32, 1.7938
FILLER_0_76_778, 367.44, 220.32, 1.7938
FILLER_0_77_778, 367.44, 220.32, 1.7938
FILLER_0_77_797, 367.44, 220.32, 1.7938
FILLER_0_78_793, 367.44, 220.32, 1.7938
_07942_, 380.24, 220.32, 1.7937
clkbuf_leaf_170_clk, 380.24, 220.32, 1.7937
hold205, 380.24, 220.32, 1.7937
_07939_, 393.04, 220.32, 1.79364
_18066_, 393.04, 220.32, 1.79364
FILLER_0_77_831, 393.04, 220.32, 1.79364
FILLER_0_77_841, 393.04, 220.32, 1.79364
_07936_, 405.84, 220.32, 1.79358
_17929_, 405.84, 220.32, 1.79358
hold682, 405.84, 220.32, 1.79358
FILLER_0_76_862, 405.84, 220.32, 1.79358
_08206_, 418.64, 220.32, 1.79354
_17924_, 418.64, 220.32, 1.79354
FILLER_0_77_888, 418.64, 220.32, 1.79354
FILLER_0_77_909, 418.64, 220.32, 1.79354
_08216_, 431.44, 220.32, 1.7935
_08217_, 431.44, 220.32, 1.7935
_15602_, 431.44, 220.32, 1.7935
_17926_, 431.44, 220.32, 1.7935
FILLER_0_76_913, 431.44, 220.32, 1.7935
FILLER_0_76_921, 431.44, 220.32, 1.7935
FILLER_0_77_920, 431.44, 220.32, 1.7935
_08218_, 444.24, 220.32, 1.79347
_08219_, 444.24, 220.32, 1.79347
_15601_, 444.24, 220.32, 1.79347
_15608_, 444.24, 220.32, 1.79347
hold463, 444.24, 220.32, 1.79347
FILLER_0_77_940, 444.24, 220.32, 1.79347
FILLER_0_77_949, 444.24, 220.32, 1.79347
_08311_, 457.04, 220.32, 1.79344
_17877_, 457.04, 220.32, 1.79344
FILLER_0_76_970, 457.04, 220.32, 1.79344
FILLER_0_77_976, 457.04, 220.32, 1.79344
FILLER_0_78_994, 457.04, 220.32, 1.79344
_08305_, 469.84, 220.32, 1.79342
_08310_, 469.84, 220.32, 1.79342
_17880_, 469.84, 220.32, 1.79342
hold849, 469.84, 220.32, 1.79342
FILLER_0_77_1009, 469.84, 220.32, 1.79342
FILLER_0_78_1012, 469.84, 220.32, 1.79342
_08230_, 495.308, 220.32, 1.7933
_08233_, 495.308, 220.32, 1.7933
_17916_, 495.308, 220.32, 1.7933
FILLER_0_77_1054, 495.308, 220.32, 1.7933
_17914_, 507.977, 220.32, 1.7932
hold946, 507.977, 220.32, 1.7932
FILLER_0_76_1089, 507.977, 220.32, 1.7932
FILLER_0_77_1080, 507.977, 220.32, 1.7932
FILLER_0_77_1088, 507.977, 220.32, 1.7932
FILLER_0_78_1105, 507.977, 220.32, 1.7932
_08225_, 520.645, 220.32, 1.79311
_08236_, 520.645, 220.32, 1.79311
_15597_, 520.645, 220.32, 1.79311
_17913_, 520.645, 220.32, 1.79311
clkbuf_leaf_184_clk, 520.645, 220.32, 1.79311
hold331, 520.645, 220.32, 1.79311
hold404, 520.645, 220.32, 1.79311
FILLER_0_77_1127, 520.645, 220.32, 1.79311
_08238_, 533.314, 220.32, 1.79307
_08239_, 533.314, 220.32, 1.79307
hold396, 533.314, 220.32, 1.79307
FILLER_0_76_1134, 533.314, 220.32, 1.79307
FILLER_0_76_1143, 533.314, 220.32, 1.79307
FILLER_0_78_1149, 533.314, 220.32, 1.79307
FILLER_0_77_1166, 545.982, 220.32, 1.79302
FILLER_0_76_1197, 558.651, 220.32, 1.79298
PHY_148, 5.52, 214.88, 1.79357
PHY_150, 5.52, 214.88, 1.79357
PHY_149, 571.32, 214.88, 1.79367
PHY_151, 571.32, 214.88, 1.79367
FILLER_0_74_1217, 571.32, 214.88, 1.79367
_10045_, 13.68, 214.88, 1.79357
_17006_, 13.68, 214.88, 1.79357
FILLER_0_74_15, 13.68, 214.88, 1.79357
FILLER_0_75_15, 13.68, 214.88, 1.79357
_17027_, 34.64, 214.88, 1.79351
_17028_, 34.64, 214.88, 1.79351
FILLER_0_75_53, 34.64, 214.88, 1.79351
FILLER_0_75_57, 34.64, 214.88, 1.79351
_10008_, 47.44, 214.88, 1.79346
_17030_, 47.44, 214.88, 1.79346
hold1412, 47.44, 214.88, 1.79346
FILLER_0_74_80, 47.44, 214.88, 1.79346
_09979_, 60.24, 214.88, 1.79342
_14608_, 60.24, 214.88, 1.79342
_17043_, 60.24, 214.88, 1.79342
hold634, 60.24, 214.88, 1.79342
FILLER_0_75_109, 60.24, 214.88, 1.79342
FILLER_0_75_121, 60.24, 214.88, 1.79342
_09978_, 73.04, 214.88, 1.79339
_14624_, 73.04, 214.88, 1.79339
hold181, 73.04, 214.88, 1.79339
_16992_, 85.84, 214.88, 1.79336
FILLER_0_75_162, 85.84, 214.88, 1.79336
FILLER_0_75_181, 85.84, 214.88, 1.79336
_10071_, 98.64, 214.88, 1.79334
_11617_, 98.64, 214.88, 1.79334
_16995_, 98.64, 214.88, 1.79334
clkbuf_leaf_18_clk, 98.64, 214.88, 1.79334
FILLER_0_74_197, 98.64, 214.88, 1.79334
FILLER_0_75_192, 98.64, 214.88, 1.79334
FILLER_0_75_221, 111.44, 214.88, 1.79337
FILLER_0_76_242, 111.44, 214.88, 1.79337
_17074_, 124.24, 214.88, 1.79339
FILLER_0_74_249, 124.24, 214.88, 1.79339
_17080_, 137.04, 214.88, 1.79343
FILLER_0_75_273, 137.04, 214.88, 1.79343
FILLER_0_76_298, 137.04, 214.88, 1.79343
_09919_, 149.84, 214.88, 1.79347
_14655_, 149.84, 214.88, 1.79347
_14656_, 149.84, 214.88, 1.79347
_14660_, 149.84, 214.88, 1.79347
_17073_, 149.84, 214.88, 1.79347
FILLER_0_74_312, 149.84, 214.88, 1.79347
FILLER_0_75_311, 149.84, 214.88, 1.79347
FILLER_0_76_321, 149.84, 214.88, 1.79347
_09918_, 162.64, 214.88, 1.79352
_17123_, 162.64, 214.88, 1.79352
hold1289, 162.64, 214.88, 1.79352
FILLER_0_75_352, 162.64, 214.88, 1.79352
_14679_, 188.24, 214.88, 1.79355
_17092_, 188.24, 214.88, 1.79355
_17096_, 188.24, 214.88, 1.79355
clkbuf_leaf_22_clk, 188.24, 214.88, 1.79355
hold576, 188.24, 214.88, 1.79355
FILLER_0_74_384, 188.24, 214.88, 1.79355
_09872_, 201.04, 214.88, 1.79358
_14683_, 201.04, 214.88, 1.79358
_17095_, 201.04, 214.88, 1.79358
_17100_, 201.04, 214.88, 1.79358
hold1182, 201.04, 214.88, 1.79358
_09864_, 213.84, 214.88, 1.79362
_09874_, 213.84, 214.88, 1.79362
_09878_, 213.84, 214.88, 1.79362
_09879_, 213.84, 214.88, 1.79362
_14682_, 213.84, 214.88, 1.79362
hold1302, 213.84, 214.88, 1.79362
FILLER_0_74_473, 226.64, 214.88, 1.79367
_13100_, 239.44, 214.88, 1.79372
_13101_, 239.44, 214.88, 1.79372
FILLER_0_74_501, 239.44, 214.88, 1.79372
FILLER_0_75_505, 239.44, 214.88, 1.79372
FILLER_0_76_513, 239.44, 214.88, 1.79372
_13140_, 252.24, 214.88, 1.79377
_13244_, 252.24, 214.88, 1.79377
_13245_, 252.24, 214.88, 1.79377
_13247_, 252.24, 214.88, 1.79377
_15803_, 252.24, 214.88, 1.79377
FILLER_0_75_532, 252.24, 214.88, 1.79377
_13153_, 265.04, 214.88, 1.79385
_13154_, 265.04, 214.88, 1.79385
FILLER_0_75_561, 265.04, 214.88, 1.79385
FILLER_0_76_573, 265.04, 214.88, 1.79385
_13122_, 277.84, 214.88, 1.79394
_13139_, 277.84, 214.88, 1.79394
_13156_, 277.84, 214.88, 1.79394
FILLER_0_74_583, 277.84, 214.88, 1.79394
_13121_, 290.64, 214.88, 1.79403
_13248_, 290.64, 214.88, 1.79403
_13029_, 303.44, 214.88, 1.79413
_15893_, 303.44, 214.88, 1.79413
clkbuf_leaf_230_clk, 303.44, 214.88, 1.79413
FILLER_0_74_637, 303.44, 214.88, 1.79413
FILLER_0_75_641, 303.44, 214.88, 1.79413
FILLER_0_75_649, 303.44, 214.88, 1.79413
_12840_, 316.24, 214.88, 1.79428
_12841_, 316.24, 214.88, 1.79428
_15991_, 316.24, 214.88, 1.79428
_12456_, 341.84, 214.88, 1.79418
_12469_, 341.84, 214.88, 1.79418
_12842_, 341.84, 214.88, 1.79418
_12843_, 341.84, 214.88, 1.79418
_15990_, 341.84, 214.88, 1.79418
FILLER_0_74_718, 341.84, 214.88, 1.79418
_07935_, 354.64, 214.88, 1.7941
_15753_, 354.64, 214.88, 1.7941
_18065_, 354.64, 214.88, 1.7941
FILLER_0_74_752, 354.64, 214.88, 1.7941
FILLER_0_74_757, 354.64, 214.88, 1.7941
_07934_, 367.44, 214.88, 1.79402
_07943_, 367.44, 214.88, 1.79402
_18061_, 367.44, 214.88, 1.79402
hold443, 367.44, 214.88, 1.79402
FILLER_0_75_788, 367.44, 214.88, 1.79402
FILLER_0_76_793, 367.44, 214.88, 1.79402
_07927_, 380.24, 214.88, 1.79396
_15754_, 380.24, 214.88, 1.79396
FILLER_0_75_826, 380.24, 214.88, 1.79396
_07933_, 393.04, 214.88, 1.79389
_07937_, 393.04, 214.88, 1.79389
_15757_, 393.04, 214.88, 1.79389
_15759_, 393.04, 214.88, 1.79389
_18064_, 393.04, 214.88, 1.79389
hold177, 393.04, 214.88, 1.79389
FILLER_0_74_869, 405.84, 214.88, 1.79384
_11268_, 418.64, 214.88, 1.79378
FILLER_0_75_885, 418.64, 214.88, 1.79378
FILLER_0_75_893, 418.64, 214.88, 1.79378
FILLER_0_75_909, 418.64, 214.88, 1.79378
_08328_, 431.44, 214.88, 1.79373
_17923_, 431.44, 214.88, 1.79373
hold1097, 431.44, 214.88, 1.79373
hold1722, 431.44, 214.88, 1.79373
_15532_, 444.24, 214.88, 1.79368
clkbuf_leaf_175_clk, 444.24, 214.88, 1.79368
FILLER_0_74_942, 444.24, 214.88, 1.79368
FILLER_0_74_950, 444.24, 214.88, 1.79368
FILLER_0_75_942, 444.24, 214.88, 1.79368
_08315_, 457.04, 214.88, 1.79368
_17875_, 457.04, 214.88, 1.79368
hold354, 457.04, 214.88, 1.79368
FILLER_0_74_976, 457.04, 214.88, 1.79368
FILLER_0_75_986, 457.04, 214.88, 1.79368
FILLER_0_75_993, 457.04, 214.88, 1.79368
_08314_, 469.84, 214.88, 1.79368
_15548_, 469.84, 214.88, 1.79368
_15550_, 469.84, 214.88, 1.79368
_17879_, 469.84, 214.88, 1.79368
FILLER_0_75_999, 469.84, 214.88, 1.79368
FILLER_0_76_1017, 469.84, 214.88, 1.79368
_08232_, 495.308, 214.88, 1.79368
_15587_, 495.308, 214.88, 1.79368
_15593_, 495.308, 214.88, 1.79368
_15594_, 495.308, 214.88, 1.79368
_17912_, 495.308, 214.88, 1.79368
_17917_, 495.308, 214.88, 1.79368
hold2112, 495.308, 214.88, 1.79368
_08237_, 507.977, 214.88, 1.79368
_08240_, 507.977, 214.88, 1.79368
_08241_, 507.977, 214.88, 1.79368
_15589_, 507.977, 214.88, 1.79368
_15591_, 507.977, 214.88, 1.79368
hold784, 507.977, 214.88, 1.79368
FILLER_0_76_1093, 507.977, 214.88, 1.79368
FILLER_0_76_1105, 507.977, 214.88, 1.79368
_08229_, 520.645, 214.88, 1.79367
hold139, 520.645, 214.88, 1.79367
FILLER_0_75_1121, 520.645, 214.88, 1.79367
_08228_, 533.314, 214.88, 1.79367
_15588_, 533.314, 214.88, 1.79367
_15595_, 533.314, 214.88, 1.79367
FILLER_0_74_1201, 558.651, 214.88, 1.79367
PHY_144, 5.52, 209.44, 1.79369
PHY_146, 5.52, 209.44, 1.79369
PHY_145, 571.32, 209.44, 1.7939
PHY_147, 571.32, 209.44, 1.7939
FILLER_0_72_1217, 571.32, 209.44, 1.7939
_10053_, 13.68, 209.44, 1.79369
_10022_, 34.64, 209.44, 1.79363
_14600_, 34.64, 209.44, 1.79363
_17021_, 34.64, 209.44, 1.79363
FILLER_0_72_52, 34.64, 209.44, 1.79363
FILLER_0_73_69, 34.64, 209.44, 1.79363
_10007_, 47.44, 209.44, 1.79358
_10012_, 47.44, 209.44, 1.79358
_10013_, 47.44, 209.44, 1.79358
_14605_, 47.44, 209.44, 1.79358
_17029_, 47.44, 209.44, 1.79358
clkbuf_leaf_9_clk, 47.44, 209.44, 1.79358
hold1757, 47.44, 209.44, 1.79358
FILLER_0_73_86, 47.44, 209.44, 1.79358
FILLER_0_74_97, 47.44, 209.44, 1.79358
_09966_, 60.24, 209.44, 1.79358
_09967_, 60.24, 209.44, 1.79358
_10006_, 60.24, 209.44, 1.79358
_17049_, 60.24, 209.44, 1.79358
hold427, 60.24, 209.44, 1.79358
FILLER_0_74_132, 60.24, 209.44, 1.79358
_14630_, 73.04, 209.44, 1.79358
hold194, 73.04, 209.44, 1.79358
_09972_, 85.84, 209.44, 1.79358
_09973_, 85.84, 209.44, 1.79358
_14627_, 85.84, 209.44, 1.79358
_16224_, 85.84, 209.44, 1.79358
hold135, 85.84, 209.44, 1.79358
FILLER_0_74_185, 85.84, 209.44, 1.79358
_11616_, 98.64, 209.44, 1.7936
_16222_, 98.64, 209.44, 1.7936
hold127, 98.64, 209.44, 1.7936
hold890, 98.64, 209.44, 1.7936
_11620_, 111.44, 209.44, 1.79362
_11621_, 111.44, 209.44, 1.79362
_13712_, 111.44, 209.44, 1.79362
hold386, 111.44, 209.44, 1.79362
FILLER_0_74_241, 111.44, 209.44, 1.79362
_09834_, 124.24, 209.44, 1.79364
_14704_, 124.24, 209.44, 1.79364
_17115_, 124.24, 209.44, 1.79364
hold1899, 124.24, 209.44, 1.79364
hold2102, 124.24, 209.44, 1.79364
_09904_, 137.04, 209.44, 1.79367
_09905_, 137.04, 209.44, 1.79367
_09914_, 137.04, 209.44, 1.79367
_09915_, 137.04, 209.44, 1.79367
_14665_, 137.04, 209.44, 1.79367
_17071_, 137.04, 209.44, 1.79367
hold1877, 137.04, 209.44, 1.79367
hold1942, 137.04, 209.44, 1.79367
_14662_, 149.84, 209.44, 1.79371
_17077_, 149.84, 209.44, 1.79371
hold1620, 149.84, 209.44, 1.79371
hold1888, 149.84, 209.44, 1.79371
_09910_, 162.64, 209.44, 1.79376
_09911_, 162.64, 209.44, 1.79376
clkbuf_leaf_21_clk, 162.64, 209.44, 1.79376
FILLER_0_73_332, 162.64, 209.44, 1.79376
FILLER_0_73_337, 162.64, 209.44, 1.79376
_09873_, 188.24, 209.44, 1.79391
_17098_, 188.24, 209.44, 1.79391
FILLER_0_73_389, 188.24, 209.44, 1.79391
_09868_, 201.04, 209.44, 1.79397
_09875_, 201.04, 209.44, 1.79397
_14685_, 201.04, 209.44, 1.79397
FILLER_0_72_417, 201.04, 209.44, 1.79397
FILLER_0_74_432, 201.04, 209.44, 1.79397
_14680_, 213.84, 209.44, 1.79403
hold1386, 213.84, 209.44, 1.79403
FILLER_0_73_442, 213.84, 209.44, 1.79403
FILLER_0_73_449, 213.84, 209.44, 1.79403
FILLER_0_74_465, 213.84, 209.44, 1.79403
FILLER_0_72_469, 226.64, 209.44, 1.79409
_15801_, 239.44, 209.44, 1.79415
FILLER_0_73_498, 239.44, 209.44, 1.79415
FILLER_0_72_525, 252.24, 209.44, 1.79422
_13152_, 265.04, 209.44, 1.79429
_13159_, 265.04, 209.44, 1.79429
clkbuf_leaf_236_clk, 265.04, 209.44, 1.79429
FILLER_0_73_553, 265.04, 209.44, 1.79429
FILLER_0_73_561, 265.04, 209.44, 1.79429
_13151_, 277.84, 209.44, 1.79441
_13155_, 277.84, 209.44, 1.79441
_13157_, 277.84, 209.44, 1.79441
_13158_, 277.84, 209.44, 1.79441
FILLER_0_73_605, 277.84, 209.44, 1.79441
FILLER_0_73_613, 290.64, 209.44, 1.79455
FILLER_0_72_641, 303.44, 209.44, 1.79468
_12911_, 316.24, 209.44, 1.79481
_12912_, 316.24, 209.44, 1.79481
hold2132, 316.24, 209.44, 1.79481
FILLER_0_73_669, 316.24, 209.44, 1.79481
FILLER_0_73_725, 341.84, 209.44, 1.79478
_07925_, 354.64, 209.44, 1.7946
_18070_, 354.64, 209.44, 1.7946
FILLER_0_72_748, 354.64, 209.44, 1.7946
FILLER_0_73_765, 354.64, 209.44, 1.7946
_07924_, 367.44, 209.44, 1.79443
_15763_, 367.44, 209.44, 1.79443
_18069_, 367.44, 209.44, 1.79443
clkbuf_5_19__f_clk, 367.44, 209.44, 1.79443
FILLER_0_73_776, 367.44, 209.44, 1.79443
FILLER_0_73_797, 367.44, 209.44, 1.79443
_07926_, 380.24, 209.44, 1.79435
_07931_, 380.24, 209.44, 1.79435
_15762_, 380.24, 209.44, 1.79435
_18067_, 380.24, 209.44, 1.79435
hold780, 380.24, 209.44, 1.79435
FILLER_0_73_822, 380.24, 209.44, 1.79435
_07930_, 393.04, 209.44, 1.79428
_07932_, 393.04, 209.44, 1.79428
_15760_, 393.04, 209.44, 1.79428
hold1077, 393.04, 209.44, 1.79428
FILLER_0_73_832, 393.04, 209.44, 1.79428
_11273_, 405.84, 209.44, 1.79421
_13904_, 405.84, 209.44, 1.79421
_13906_, 405.84, 209.44, 1.79421
_16398_, 405.84, 209.44, 1.79421
FILLER_0_72_869, 405.84, 209.44, 1.79421
_11269_, 418.64, 209.44, 1.79415
_13905_, 418.64, 209.44, 1.79415
_13908_, 418.64, 209.44, 1.79415
_17868_, 418.64, 209.44, 1.79415
hold1013, 418.64, 209.44, 1.79415
hold1616, 418.64, 209.44, 1.79415
FILLER_0_73_906, 418.64, 209.44, 1.79415
FILLER_0_74_900, 418.64, 209.44, 1.79415
_08329_, 431.44, 209.44, 1.79409
_08336_, 431.44, 209.44, 1.79409
_08337_, 431.44, 209.44, 1.79409
_15536_, 431.44, 209.44, 1.79409
_15540_, 431.44, 209.44, 1.79409
_17864_, 431.44, 209.44, 1.79409
FILLER_0_72_920, 431.44, 209.44, 1.79409
_08331_, 444.24, 209.44, 1.79405
_08338_, 444.24, 209.44, 1.79405
_08339_, 444.24, 209.44, 1.79405
_15535_, 444.24, 209.44, 1.79405
_17863_, 444.24, 209.44, 1.79405
_08330_, 457.04, 209.44, 1.79401
_17878_, 457.04, 209.44, 1.79401
hold1553, 457.04, 209.44, 1.79401
FILLER_0_72_974, 457.04, 209.44, 1.79401
FILLER_0_74_993, 457.04, 209.44, 1.79401
_08306_, 469.84, 209.44, 1.79398
_08307_, 469.84, 209.44, 1.79398
_15552_, 469.84, 209.44, 1.79398
_17874_, 469.84, 209.44, 1.79398
hold388, 469.84, 209.44, 1.79398
hold898, 469.84, 209.44, 1.79398
FILLER_0_73_997, 469.84, 209.44, 1.79398
FILLER_0_73_1005, 469.84, 209.44, 1.79398
_08245_, 495.308, 209.44, 1.79394
_08251_, 495.308, 209.44, 1.79394
_15576_, 495.308, 209.44, 1.79394
_08235_, 507.977, 209.44, 1.79391
_17915_, 507.977, 209.44, 1.79391
FILLER_0_72_1088, 507.977, 209.44, 1.79391
_08234_, 520.645, 209.44, 1.7939
_15592_, 520.645, 209.44, 1.7939
_17911_, 520.645, 209.44, 1.7939
_17918_, 520.645, 209.44, 1.7939
hold1286, 520.645, 209.44, 1.7939
FILLER_0_73_1110, 520.645, 209.44, 1.7939
FILLER_0_73_1121, 520.645, 209.44, 1.7939
_08242_, 533.314, 209.44, 1.7939
_08243_, 533.314, 209.44, 1.7939
hold405, 533.314, 209.44, 1.7939
hold406, 533.314, 209.44, 1.7939
FILLER_0_72_1139, 533.314, 209.44, 1.7939
FILLER_0_72_1197, 558.651, 209.44, 1.7939
_17008_, 5.52, 204, 1.79389
PHY_140, 5.52, 204, 1.79389
PHY_142, 5.52, 204, 1.79389
FILLER_0_72_3, 5.52, 204, 1.79389
PHY_141, 571.32, 204, 1.7942
PHY_143, 571.32, 204, 1.7942
FILLER_0_70_1217, 571.32, 204, 1.7942
_10049_, 13.68, 204, 1.79389
_14586_, 13.68, 204, 1.79389
hold1949, 13.68, 204, 1.79389
FILLER_0_71_15, 13.68, 204, 1.79389
_10023_, 34.64, 204, 1.79386
_10051_, 34.64, 204, 1.79386
_14581_, 34.64, 204, 1.79386
_14584_, 34.64, 204, 1.79386
_17026_, 34.64, 204, 1.79386
FILLER_0_71_63, 34.64, 204, 1.79386
FILLER_0_71_69, 34.64, 204, 1.79386
_10015_, 47.44, 204, 1.79384
_14604_, 47.44, 204, 1.79384
_17025_, 47.44, 204, 1.79384
hold707, 47.44, 204, 1.79384
_09975_, 60.24, 204, 1.79382
_10014_, 60.24, 204, 1.79382
_17045_, 60.24, 204, 1.79382
FILLER_0_71_107, 60.24, 204, 1.79382
FILLER_0_71_128, 60.24, 204, 1.79382
_09965_, 73.04, 204, 1.79381
_09974_, 73.04, 204, 1.79381
_09983_, 73.04, 204, 1.79381
_14626_, 73.04, 204, 1.79381
_17046_, 73.04, 204, 1.79381
_17050_, 73.04, 204, 1.79381
FILLER_0_70_133, 73.04, 204, 1.79381
FILLER_0_70_141, 73.04, 204, 1.79381
FILLER_0_71_139, 73.04, 204, 1.79381
_09982_, 85.84, 204, 1.79382
_11615_, 85.84, 204, 1.79382
_16225_, 85.84, 204, 1.79382
hold424, 85.84, 204, 1.79382
hold2056, 85.84, 204, 1.79382
FILLER_0_71_185, 85.84, 204, 1.79382
_11614_, 98.64, 204, 1.79384
_13714_, 98.64, 204, 1.79384
_13715_, 98.64, 204, 1.79384
_16223_, 98.64, 204, 1.79384
FILLER_0_70_193, 98.64, 204, 1.79384
FILLER_0_71_212, 98.64, 204, 1.79384
FILLER_0_72_208, 98.64, 204, 1.79384
_11618_, 111.44, 204, 1.79386
_11619_, 111.44, 204, 1.79386
_13713_, 111.44, 204, 1.79386
_17119_, 111.44, 204, 1.79386
hold393, 111.44, 204, 1.79386
FILLER_0_71_240, 111.44, 204, 1.79386
_09826_, 124.24, 204, 1.79389
_09827_, 124.24, 204, 1.79389
_09835_, 124.24, 204, 1.79389
_14708_, 124.24, 204, 1.79389
_17113_, 124.24, 204, 1.79389
FILLER_0_70_245, 124.24, 204, 1.79389
_09838_, 137.04, 204, 1.79393
_09839_, 137.04, 204, 1.79393
_14702_, 137.04, 204, 1.79393
_17075_, 137.04, 204, 1.79393
FILLER_0_71_299, 137.04, 204, 1.79393
_09922_, 149.84, 204, 1.79398
_09923_, 149.84, 204, 1.79398
FILLER_0_70_300, 149.84, 204, 1.79398
_09772_, 162.64, 204, 1.79402
_09773_, 162.64, 204, 1.79402
_09781_, 162.64, 204, 1.79402
FILLER_0_71_349, 162.64, 204, 1.79402
_09764_, 188.24, 204, 1.79406
_09869_, 188.24, 204, 1.79406
_14677_, 188.24, 204, 1.79406
hold1670, 188.24, 204, 1.79406
FILLER_0_70_389, 188.24, 204, 1.79406
FILLER_0_71_388, 188.24, 204, 1.79406
_09866_, 201.04, 204, 1.79406
_09883_, 201.04, 204, 1.79406
_17093_, 201.04, 204, 1.79406
clkbuf_5_6__f_clk, 201.04, 204, 1.79406
hold1754, 201.04, 204, 1.79406
FILLER_0_72_433, 201.04, 204, 1.79406
FILLER_0_71_444, 213.84, 204, 1.79415
FILLER_0_70_472, 226.64, 204, 1.79424
FILLER_0_71_497, 239.44, 204, 1.79434
_13163_, 252.24, 204, 1.79443
_13164_, 252.24, 204, 1.79443
_13253_, 252.24, 204, 1.79443
_15810_, 252.24, 204, 1.79443
FILLER_0_70_525, 252.24, 204, 1.79443
FILLER_0_72_545, 252.24, 204, 1.79443
_13147_, 265.04, 204, 1.79456
_13160_, 265.04, 204, 1.79456
_13161_, 265.04, 204, 1.79456
_13162_, 265.04, 204, 1.79456
_13165_, 265.04, 204, 1.79456
_13254_, 265.04, 204, 1.79456
FILLER_0_71_567, 265.04, 204, 1.79456
_13251_, 277.84, 204, 1.7947
_15807_, 277.84, 204, 1.7947
FILLER_0_70_585, 277.84, 204, 1.7947
FILLER_0_70_589, 277.84, 204, 1.7947
_15802_, 290.64, 204, 1.79486
_15959_, 303.44, 204, 1.79504
FILLER_0_70_634, 303.44, 204, 1.79504
FILLER_0_70_645, 303.44, 204, 1.79504
FILLER_0_72_657, 303.44, 204, 1.79504
_15953_, 316.24, 204, 1.79523
hold1093, 316.24, 204, 1.79523
FILLER_0_71_665, 316.24, 204, 1.79523
FILLER_0_71_673, 316.24, 204, 1.79523
_12913_, 341.84, 204, 1.79522
_12914_, 341.84, 204, 1.79522
_13865_, 341.84, 204, 1.79522
_15958_, 341.84, 204, 1.79522
hold2147, 341.84, 204, 1.79522
FILLER_0_72_733, 341.84, 204, 1.79522
_11288_, 354.64, 204, 1.79504
_11289_, 354.64, 204, 1.79504
_13418_, 354.64, 204, 1.79504
clkbuf_leaf_226_clk, 354.64, 204, 1.79504
hold1497, 354.64, 204, 1.79504
FILLER_0_71_749, 354.64, 204, 1.79504
FILLER_0_71_757, 354.64, 204, 1.79504
FILLER_0_72_769, 354.64, 204, 1.79504
_16382_, 367.44, 204, 1.79491
_11300_, 380.24, 204, 1.79478
_13893_, 380.24, 204, 1.79478
_16389_, 380.24, 204, 1.79478
_11277_, 393.04, 204, 1.79467
hold256, 393.04, 204, 1.79467
FILLER_0_70_841, 393.04, 204, 1.79467
FILLER_0_71_833, 393.04, 204, 1.79467
_11270_, 405.84, 204, 1.79455
_11271_, 405.84, 204, 1.79455
_11276_, 405.84, 204, 1.79455
_16396_, 405.84, 204, 1.79455
clkbuf_leaf_171_clk, 405.84, 204, 1.79455
hold572, 405.84, 204, 1.79455
_11272_, 418.64, 204, 1.79449
_11274_, 418.64, 204, 1.79449
_11275_, 418.64, 204, 1.79449
hold1883, 418.64, 204, 1.79449
FILLER_0_70_896, 418.64, 204, 1.79449
_08324_, 431.44, 204, 1.79443
_08325_, 431.44, 204, 1.79443
_15539_, 444.24, 204, 1.79437
_17865_, 444.24, 204, 1.79437
_17867_, 444.24, 204, 1.79437
FILLER_0_70_940, 444.24, 204, 1.79437
FILLER_0_70_948, 444.24, 204, 1.79437
FILLER_0_71_942, 444.24, 204, 1.79437
FILLER_0_71_953, 444.24, 204, 1.79437
FILLER_0_71_965, 444.24, 204, 1.79437
_08309_, 457.04, 204, 1.79432
_08334_, 457.04, 204, 1.79432
_15551_, 457.04, 204, 1.79432
hold252, 457.04, 204, 1.79432
FILLER_0_70_981, 457.04, 204, 1.79432
FILLER_0_71_990, 457.04, 204, 1.79432
_08308_, 469.84, 204, 1.79427
FILLER_0_71_997, 469.84, 204, 1.79427
FILLER_0_71_1005, 469.84, 204, 1.79427
_08244_, 495.308, 204, 1.79421
_08250_, 495.308, 204, 1.79421
_15583_, 495.308, 204, 1.79421
_17907_, 495.308, 204, 1.79421
hold1435, 495.308, 204, 1.79421
hold1580, 495.308, 204, 1.79421
_08259_, 507.977, 204, 1.7942
_17903_, 507.977, 204, 1.7942
FILLER_0_70_1086, 507.977, 204, 1.7942
FILLER_0_72_1093, 507.977, 204, 1.7942
FILLER_0_72_1102, 507.977, 204, 1.7942
_08258_, 520.645, 204, 1.7942
hold1898, 520.645, 204, 1.7942
FILLER_0_71_1114, 520.645, 204, 1.7942
FILLER_0_72_1132, 520.645, 204, 1.7942
FILLER_0_70_1145, 533.314, 204, 1.7942
FILLER_0_71_1169, 545.982, 204, 1.7942
FILLER_0_70_1197, 558.651, 204, 1.7942
_17009_, 5.52, 198.56, 1.79391
PHY_136, 5.52, 198.56, 1.79391
PHY_138, 5.52, 198.56, 1.79391
output87, 5.52, 198.56, 1.79391
top_128, 571.32, 198.56, 1.79413
PHY_137, 571.32, 198.56, 1.79413
PHY_139, 571.32, 198.56, 1.79413
FILLER_0_68_1217, 571.32, 198.56, 1.79413
FILLER_0_69_1221, 571.32, 198.56, 1.79413
_10047_, 13.68, 198.56, 1.79395
_10063_, 13.68, 198.56, 1.79395
_17001_, 13.68, 198.56, 1.79395
FILLER_0_69_9, 13.68, 198.56, 1.79395
_10050_, 34.64, 198.56, 1.79398
_10056_, 34.64, 198.56, 1.79398
hold1251, 34.64, 198.56, 1.79398
hold1966, 34.64, 198.56, 1.79398
FILLER_0_70_75, 34.64, 198.56, 1.79398
FILLER_0_68_85, 47.44, 198.56, 1.79396
FILLER_0_69_104, 47.44, 198.56, 1.79396
hold497, 60.24, 198.56, 1.79394
_17041_, 73.04, 198.56, 1.79392
clkbuf_leaf_5_clk, 73.04, 198.56, 1.79392
FILLER_0_69_137, 73.04, 198.56, 1.79392
_09964_, 85.84, 198.56, 1.79395
_14622_, 85.84, 198.56, 1.79395
_14631_, 85.84, 198.56, 1.79395
_16227_, 85.84, 198.56, 1.79395
FILLER_0_69_165, 85.84, 198.56, 1.79395
FILLER_0_69_173, 85.84, 198.56, 1.79395
_11610_, 98.64, 198.56, 1.79398
_11611_, 98.64, 198.56, 1.79398
_13717_, 98.64, 198.56, 1.79398
hold765, 98.64, 198.56, 1.79398
FILLER_0_68_193, 98.64, 198.56, 1.79398
FILLER_0_68_200, 98.64, 198.56, 1.79398
FILLER_0_69_214, 98.64, 198.56, 1.79398
_13718_, 111.44, 198.56, 1.79402
_16228_, 111.44, 198.56, 1.79402
_11608_, 124.24, 198.56, 1.79406
FILLER_0_70_265, 124.24, 198.56, 1.79406
_09828_, 137.04, 198.56, 1.7941
_17111_, 137.04, 198.56, 1.7941
FILLER_0_69_277, 137.04, 198.56, 1.7941
FILLER_0_69_281, 137.04, 198.56, 1.7941
FILLER_0_69_292, 137.04, 198.56, 1.7941
_14699_, 149.84, 198.56, 1.79415
hold1879, 149.84, 198.56, 1.79415
hold2033, 149.84, 198.56, 1.79415
FILLER_0_69_323, 149.84, 198.56, 1.79415
_09769_, 162.64, 198.56, 1.7942
_14738_, 162.64, 198.56, 1.7942
_17142_, 162.64, 198.56, 1.7942
_17146_, 162.64, 198.56, 1.7942
_17148_, 162.64, 198.56, 1.7942
_09782_, 188.24, 198.56, 1.79425
_09867_, 188.24, 198.56, 1.79425
_14686_, 188.24, 198.56, 1.79425
_17091_, 188.24, 198.56, 1.79425
_17099_, 188.24, 198.56, 1.79425
hold1403, 188.24, 198.56, 1.79425
FILLER_0_68_385, 188.24, 198.56, 1.79425
FILLER_0_70_401, 188.24, 198.56, 1.79425
_09882_, 201.04, 198.56, 1.79425
_14681_, 201.04, 198.56, 1.79425
_17094_, 201.04, 198.56, 1.79425
hold1796, 201.04, 198.56, 1.79425
FILLER_0_70_429, 201.04, 198.56, 1.79425
_09871_, 213.84, 198.56, 1.79425
_14684_, 213.84, 198.56, 1.79425
_17097_, 213.84, 198.56, 1.79425
hold539, 213.84, 198.56, 1.79425
FILLER_0_68_447, 213.84, 198.56, 1.79425
_10235_, 226.64, 198.56, 1.79426
clkbuf_5_7__f_clk, 226.64, 198.56, 1.79426
hold1769, 226.64, 198.56, 1.79426
FILLER_0_68_469, 226.64, 198.56, 1.79426
FILLER_0_69_493, 226.64, 198.56, 1.79426
_10234_, 239.44, 198.56, 1.79434
_15809_, 239.44, 198.56, 1.79434
_16913_, 239.44, 198.56, 1.79434
FILLER_0_69_501, 239.44, 198.56, 1.79434
FILLER_0_69_517, 239.44, 198.56, 1.79434
_10238_, 252.24, 198.56, 1.79446
_13167_, 252.24, 198.56, 1.79446
_13168_, 265.04, 198.56, 1.79458
FILLER_0_69_573, 265.04, 198.56, 1.79458
FILLER_0_70_577, 265.04, 198.56, 1.79458
_13145_, 277.84, 198.56, 1.7947
_13148_, 277.84, 198.56, 1.7947
_13149_, 277.84, 198.56, 1.7947
_13252_, 277.84, 198.56, 1.7947
_15808_, 277.84, 198.56, 1.7947
FILLER_0_68_583, 277.84, 198.56, 1.7947
_13098_, 290.64, 198.56, 1.79493
_13099_, 290.64, 198.56, 1.79493
_13246_, 290.64, 198.56, 1.79493
split1, 290.64, 198.56, 1.79493
FILLER_0_69_606, 290.64, 198.56, 1.79493
_11333_, 303.44, 198.56, 1.79522
_16366_, 303.44, 198.56, 1.79522
_16369_, 303.44, 198.56, 1.79522
FILLER_0_68_636, 303.44, 198.56, 1.79522
FILLER_0_69_635, 303.44, 198.56, 1.79522
FILLER_0_70_652, 303.44, 198.56, 1.79522
FILLER_0_70_660, 303.44, 198.56, 1.79522
_11332_, 316.24, 198.56, 1.79552
_12923_, 316.24, 198.56, 1.79552
_12924_, 316.24, 198.56, 1.79552
_15957_, 316.24, 198.56, 1.79552
hold1035, 316.24, 198.56, 1.79552
FILLER_0_69_665, 316.24, 198.56, 1.79552
_11338_, 341.84, 198.56, 1.79565
_11339_, 341.84, 198.56, 1.79565
hold507, 341.84, 198.56, 1.79565
FILLER_0_69_718, 341.84, 198.56, 1.79565
FILLER_0_69_741, 341.84, 198.56, 1.79565
_13897_, 354.64, 198.56, 1.79546
_16388_, 354.64, 198.56, 1.79546
FILLER_0_68_747, 354.64, 198.56, 1.79546
FILLER_0_69_770, 354.64, 198.56, 1.79546
_11301_, 367.44, 198.56, 1.79529
_13891_, 367.44, 198.56, 1.79529
_16384_, 367.44, 198.56, 1.79529
hold1782, 367.44, 198.56, 1.79529
FILLER_0_68_781, 367.44, 198.56, 1.79529
FILLER_0_69_781, 367.44, 198.56, 1.79529
_11286_, 380.24, 198.56, 1.79512
_11287_, 380.24, 198.56, 1.79512
_13898_, 380.24, 198.56, 1.79512
hold518, 380.24, 198.56, 1.79512
hold523, 380.24, 198.56, 1.79512
_16394_, 393.04, 198.56, 1.79495
_16397_, 393.04, 198.56, 1.79495
hold1390, 393.04, 198.56, 1.79495
FILLER_0_69_841, 393.04, 198.56, 1.79495
_13907_, 405.84, 198.56, 1.79479
_16392_, 405.84, 198.56, 1.79479
_16395_, 405.84, 198.56, 1.79479
hold1987, 405.84, 198.56, 1.79479
FILLER_0_70_872, 405.84, 198.56, 1.79479
_11280_, 418.64, 198.56, 1.79465
_11281_, 418.64, 198.56, 1.79465
_13902_, 418.64, 198.56, 1.79465
hold776, 418.64, 198.56, 1.79465
FILLER_0_69_903, 418.64, 198.56, 1.79465
_08333_, 431.44, 198.56, 1.79452
_15542_, 431.44, 198.56, 1.79452
_17866_, 431.44, 198.56, 1.79452
_17870_, 431.44, 198.56, 1.79452
hold527, 431.44, 198.56, 1.79452
FILLER_0_68_915, 431.44, 198.56, 1.79452
_08326_, 444.24, 198.56, 1.79439
_08335_, 444.24, 198.56, 1.79439
_15537_, 444.24, 198.56, 1.79439
_15541_, 444.24, 198.56, 1.79439
clkbuf_leaf_174_clk, 444.24, 198.56, 1.79439
hold541, 444.24, 198.56, 1.79439
FILLER_0_68_945, 444.24, 198.56, 1.79439
FILLER_0_69_944, 444.24, 198.56, 1.79439
_08342_, 457.04, 198.56, 1.79431
_15533_, 457.04, 198.56, 1.79431
_17876_, 457.04, 198.56, 1.79431
clkbuf_5_22__f_clk, 457.04, 198.56, 1.79431
FILLER_0_68_975, 457.04, 198.56, 1.79431
_08312_, 469.84, 198.56, 1.79431
_08313_, 469.84, 198.56, 1.79431
_15549_, 469.84, 198.56, 1.79431
_17872_, 469.84, 198.56, 1.79431
hold387, 469.84, 198.56, 1.79431
FILLER_0_69_1009, 469.84, 198.56, 1.79431
FILLER_0_70_1021, 469.84, 198.56, 1.79431
_15586_, 495.308, 198.56, 1.79418
_17909_, 495.308, 198.56, 1.79418
clkbuf_5_23__f_clk, 495.308, 198.56, 1.79418
FILLER_0_68_1057, 495.308, 198.56, 1.79418
FILLER_0_69_1053, 495.308, 198.56, 1.79418
FILLER_0_69_1061, 495.308, 198.56, 1.79418
FILLER_0_69_1065, 495.308, 198.56, 1.79418
_08246_, 507.977, 198.56, 1.79413
_08247_, 507.977, 198.56, 1.79413
_17905_, 507.977, 198.56, 1.79413
clkbuf_leaf_185_clk, 507.977, 198.56, 1.79413
FILLER_0_68_1088, 507.977, 198.56, 1.79413
_08254_, 520.645, 198.56, 1.79413
_15579_, 520.645, 198.56, 1.79413
_15581_, 520.645, 198.56, 1.79413
FILLER_0_69_1115, 520.645, 198.56, 1.79413
FILLER_0_68_1137, 533.314, 198.56, 1.79413
FILLER_0_68_1145, 533.314, 198.56, 1.79413
FILLER_0_69_1169, 545.982, 198.56, 1.79413
FILLER_0_68_1197, 558.651, 198.56, 1.79413
FILLER_0_69_1213, 558.651, 198.56, 1.79413
PHY_132, 5.52, 193.12, 1.79423
PHY_134, 5.52, 193.12, 1.79423
PHY_133, 571.32, 193.12, 1.79479
PHY_135, 571.32, 193.12, 1.79479
FILLER_0_66_1217, 571.32, 193.12, 1.79479
_11735_, 34.64, 193.12, 1.79421
FILLER_0_66_53, 34.64, 193.12, 1.79421
FILLER_0_67_51, 34.64, 193.12, 1.79421
FILLER_0_68_77, 34.64, 193.12, 1.79421
_11688_, 47.44, 193.12, 1.7942
_11689_, 47.44, 193.12, 1.7942
_16184_, 47.44, 193.12, 1.7942
_16188_, 47.44, 193.12, 1.7942
FILLER_0_67_81, 47.44, 193.12, 1.7942
FILLER_0_68_95, 47.44, 193.12, 1.7942
FILLER_0_68_103, 47.44, 193.12, 1.7942
_11687_, 60.24, 193.12, 1.7942
_11696_, 60.24, 193.12, 1.7942
_11699_, 60.24, 193.12, 1.7942
hold1134, 60.24, 193.12, 1.7942
FILLER_0_67_108, 60.24, 193.12, 1.7942
FILLER_0_67_128, 60.24, 193.12, 1.7942
_11686_, 73.04, 193.12, 1.7942
_11700_, 73.04, 193.12, 1.7942
_13669_, 73.04, 193.12, 1.7942
hold419, 73.04, 193.12, 1.7942
_11567_, 85.84, 193.12, 1.7942
_11577_, 85.84, 193.12, 1.7942
_13738_, 85.84, 193.12, 1.7942
hold578, 85.84, 193.12, 1.7942
FILLER_0_67_181, 85.84, 193.12, 1.7942
_13741_, 98.64, 193.12, 1.7942
_16221_, 98.64, 193.12, 1.7942
hold1301, 98.64, 193.12, 1.7942
hold1402, 98.64, 193.12, 1.7942
FILLER_0_67_193, 98.64, 193.12, 1.7942
FILLER_0_68_208, 98.64, 193.12, 1.7942
_11609_, 111.44, 193.12, 1.79422
_11622_, 111.44, 193.12, 1.79422
_17120_, 111.44, 193.12, 1.79422
hold848, 111.44, 193.12, 1.79422
FILLER_0_67_221, 111.44, 193.12, 1.79422
FILLER_0_67_230, 111.44, 193.12, 1.79422
_09824_, 124.24, 193.12, 1.79424
_14701_, 124.24, 193.12, 1.79424
_14709_, 124.24, 193.12, 1.79424
_17118_, 124.24, 193.12, 1.79424
clkbuf_leaf_19_clk, 124.24, 193.12, 1.79424
hold1708, 124.24, 193.12, 1.79424
FILLER_0_68_265, 124.24, 193.12, 1.79424
_09832_, 137.04, 193.12, 1.79432
_09833_, 137.04, 193.12, 1.79432
_09837_, 137.04, 193.12, 1.79432
_09843_, 137.04, 193.12, 1.79432
_14700_, 137.04, 193.12, 1.79432
_14705_, 137.04, 193.12, 1.79432
_17114_, 137.04, 193.12, 1.79432
hold2146, 137.04, 193.12, 1.79432
_09836_, 149.84, 193.12, 1.79441
_09842_, 149.84, 193.12, 1.79441
_14703_, 149.84, 193.12, 1.79441
hold1936, 149.84, 193.12, 1.79441
_09768_, 162.64, 193.12, 1.7945
_17147_, 162.64, 193.12, 1.7945
hold1595, 162.64, 193.12, 1.7945
FILLER_0_67_333, 162.64, 193.12, 1.7945
FILLER_0_67_337, 162.64, 193.12, 1.7945
FILLER_0_67_345, 162.64, 193.12, 1.7945
FILLER_0_67_387, 188.24, 193.12, 1.79471
_09876_, 201.04, 193.12, 1.79482
_09877_, 201.04, 193.12, 1.79482
_14678_, 201.04, 193.12, 1.79482
FILLER_0_66_413, 201.04, 193.12, 1.79482
_09870_, 213.84, 193.12, 1.79493
FILLER_0_67_444, 213.84, 193.12, 1.79493
_16915_, 226.64, 193.12, 1.79504
FILLER_0_66_469, 226.64, 193.12, 1.79504
FILLER_0_66_477, 226.64, 193.12, 1.79504
FILLER_0_67_473, 226.64, 193.12, 1.79504
_10239_, 239.44, 193.12, 1.79516
_14480_, 239.44, 193.12, 1.79516
hold600, 239.44, 193.12, 1.79516
hold1150, 239.44, 193.12, 1.79516
hold1661, 239.44, 193.12, 1.79516
_13166_, 252.24, 193.12, 1.79527
_13170_, 252.24, 193.12, 1.79527
_15811_, 252.24, 193.12, 1.79527
FILLER_0_66_525, 252.24, 193.12, 1.79527
FILLER_0_67_531, 252.24, 193.12, 1.79527
FILLER_0_67_544, 252.24, 193.12, 1.79527
FILLER_0_68_545, 252.24, 193.12, 1.79527
_13146_, 265.04, 193.12, 1.7954
_13169_, 265.04, 193.12, 1.7954
_13171_, 265.04, 193.12, 1.7954
_13172_, 265.04, 193.12, 1.7954
_13173_, 265.04, 193.12, 1.7954
FILLER_0_67_556, 265.04, 193.12, 1.7954
FILLER_0_68_566, 265.04, 193.12, 1.7954
FILLER_0_68_574, 265.04, 193.12, 1.7954
_13117_, 277.84, 193.12, 1.79554
FILLER_0_66_584, 277.84, 193.12, 1.79554
FILLER_0_67_605, 277.84, 193.12, 1.79554
FILLER_0_68_595, 277.84, 193.12, 1.79554
_13277_, 290.64, 193.12, 1.79576
FILLER_0_67_613, 290.64, 193.12, 1.79576
_11327_, 303.44, 193.12, 1.79598
_13873_, 303.44, 193.12, 1.79598
_13876_, 303.44, 193.12, 1.79598
FILLER_0_66_637, 303.44, 193.12, 1.79598
FILLER_0_66_645, 303.44, 193.12, 1.79598
FILLER_0_67_652, 303.44, 193.12, 1.79598
_11326_, 316.24, 193.12, 1.7962
_11340_, 316.24, 193.12, 1.7962
_13872_, 316.24, 193.12, 1.7962
_16365_, 316.24, 193.12, 1.7962
FILLER_0_67_664, 316.24, 193.12, 1.7962
FILLER_0_67_673, 316.24, 193.12, 1.7962
_13870_, 341.84, 193.12, 1.79626
_13877_, 341.84, 193.12, 1.79626
_16370_, 341.84, 193.12, 1.79626
FILLER_0_67_719, 341.84, 193.12, 1.79626
_11303_, 354.64, 193.12, 1.79609
_11324_, 354.64, 193.12, 1.79609
_13890_, 354.64, 193.12, 1.79609
_16381_, 354.64, 193.12, 1.79609
FILLER_0_66_750, 354.64, 193.12, 1.79609
FILLER_0_67_761, 354.64, 193.12, 1.79609
_11296_, 367.44, 193.12, 1.79594
_11297_, 367.44, 193.12, 1.79594
_16387_, 367.44, 193.12, 1.79594
hold1691, 367.44, 193.12, 1.79594
FILLER_0_66_785, 367.44, 193.12, 1.79594
FILLER_0_67_779, 367.44, 193.12, 1.79594
FILLER_0_67_785, 367.44, 193.12, 1.79594
_11293_, 380.24, 193.12, 1.79579
_13895_, 380.24, 193.12, 1.79579
_13896_, 380.24, 193.12, 1.79579
_16386_, 380.24, 193.12, 1.79579
_16390_, 380.24, 193.12, 1.79579
FILLER_0_66_803, 380.24, 193.12, 1.79579
FILLER_0_68_827, 380.24, 193.12, 1.79579
_11292_, 393.04, 193.12, 1.79566
hold884, 393.04, 193.12, 1.79566
FILLER_0_66_841, 393.04, 193.12, 1.79566
FILLER_0_67_836, 393.04, 193.12, 1.79566
_11283_, 405.84, 193.12, 1.79553
_13901_, 405.84, 193.12, 1.79553
hold1064, 405.84, 193.12, 1.79553
FILLER_0_66_865, 405.84, 193.12, 1.79553
FILLER_0_68_884, 405.84, 193.12, 1.79553
hold1347, 418.64, 193.12, 1.79539
FILLER_0_67_885, 418.64, 193.12, 1.79539
FILLER_0_67_893, 418.64, 193.12, 1.79539
_08340_, 431.44, 193.12, 1.79526
_08341_, 431.44, 193.12, 1.79526
_15534_, 431.44, 193.12, 1.79526
_15538_, 431.44, 193.12, 1.79526
hold1590, 431.44, 193.12, 1.79526
FILLER_0_67_921, 431.44, 193.12, 1.79526
FILLER_0_67_927, 431.44, 193.12, 1.79526
_08327_, 444.24, 193.12, 1.79513
_08332_, 444.24, 193.12, 1.79513
_08343_, 444.24, 193.12, 1.79513
_17861_, 444.24, 193.12, 1.79513
_17869_, 444.24, 193.12, 1.79513
FILLER_0_66_945, 444.24, 193.12, 1.79513
hold2001, 457.04, 193.12, 1.79502
FILLER_0_66_981, 457.04, 193.12, 1.79502
FILLER_0_67_993, 457.04, 193.12, 1.79502
_08321_, 469.84, 193.12, 1.79491
_15155_, 469.84, 193.12, 1.79491
hold116, 469.84, 193.12, 1.79491
FILLER_0_67_1000, 469.84, 193.12, 1.79491
FILLER_0_68_1013, 469.84, 193.12, 1.79491
_08248_, 495.308, 193.12, 1.79479
_08252_, 495.308, 193.12, 1.79479
hold1125, 495.308, 193.12, 1.79479
FILLER_0_66_1057, 495.308, 193.12, 1.79479
FILLER_0_67_1057, 495.308, 193.12, 1.79479
FILLER_0_67_1065, 495.308, 193.12, 1.79479
_08255_, 507.977, 193.12, 1.79479
_15585_, 507.977, 193.12, 1.79479
hold768, 507.977, 193.12, 1.79479
FILLER_0_66_1138, 533.314, 193.12, 1.79479
FILLER_0_67_1169, 545.982, 193.12, 1.79479
FILLER_0_66_1197, 558.651, 193.12, 1.79479
PHY_128, 5.52, 187.68, 1.79438
PHY_130, 5.52, 187.68, 1.79438
PHY_129, 571.32, 187.68, 1.795
PHY_131, 571.32, 187.68, 1.795
FILLER_0_64_1217, 571.32, 187.68, 1.795
_11732_, 34.64, 187.68, 1.79437
_11734_, 34.64, 187.68, 1.79437
_13650_, 34.64, 187.68, 1.79437
_16165_, 34.64, 187.68, 1.79437
hold667, 34.64, 187.68, 1.79437
hold1027, 34.64, 187.68, 1.79437
FILLER_0_65_76, 34.64, 187.68, 1.79437
FILLER_0_66_74, 34.64, 187.68, 1.79437
_11697_, 47.44, 187.68, 1.79436
_11740_, 47.44, 187.68, 1.79436
_11741_, 47.44, 187.68, 1.79436
_13670_, 47.44, 187.68, 1.79436
_13674_, 47.44, 187.68, 1.79436
_16187_, 47.44, 187.68, 1.79436
hold661, 47.44, 187.68, 1.79436
FILLER_0_65_105, 47.44, 187.68, 1.79436
_11701_, 60.24, 187.68, 1.79437
_16182_, 60.24, 187.68, 1.79437
_16183_, 60.24, 187.68, 1.79437
_16189_, 60.24, 187.68, 1.79437
hold1135, 60.24, 187.68, 1.79437
_11572_, 73.04, 187.68, 1.79439
_11573_, 73.04, 187.68, 1.79439
_11698_, 73.04, 187.68, 1.79439
_13675_, 73.04, 187.68, 1.79439
_16246_, 73.04, 187.68, 1.79439
hold1908, 73.04, 187.68, 1.79439
hold2021, 73.04, 187.68, 1.79439
_11576_, 85.84, 187.68, 1.79443
_13736_, 85.84, 187.68, 1.79443
_16242_, 85.84, 187.68, 1.79443
_16249_, 85.84, 187.68, 1.79443
hold1676, 85.84, 187.68, 1.79443
_11566_, 98.64, 187.68, 1.79447
_11580_, 98.64, 187.68, 1.79447
_11623_, 98.64, 187.68, 1.79447
_13711_, 98.64, 187.68, 1.79447
_13734_, 98.64, 187.68, 1.79447
hold1300, 98.64, 187.68, 1.79447
FILLER_0_64_192, 98.64, 187.68, 1.79447
FILLER_0_65_209, 98.64, 187.68, 1.79447
_09825_, 111.44, 187.68, 1.79452
_11605_, 111.44, 187.68, 1.79452
_17112_, 111.44, 187.68, 1.79452
hold1303, 111.44, 187.68, 1.79452
FILLER_0_65_220, 111.44, 187.68, 1.79452
FILLER_0_66_240, 111.44, 187.68, 1.79452
_09829_, 124.24, 187.68, 1.79458
_09831_, 124.24, 187.68, 1.79458
_09840_, 124.24, 187.68, 1.79458
_09841_, 124.24, 187.68, 1.79458
_17117_, 124.24, 187.68, 1.79458
hold1907, 124.24, 187.68, 1.79458
FILLER_0_64_248, 124.24, 187.68, 1.79458
FILLER_0_64_253, 124.24, 187.68, 1.79458
_09830_, 137.04, 187.68, 1.79465
_14706_, 137.04, 187.68, 1.79465
_14707_, 137.04, 187.68, 1.79465
_17116_, 137.04, 187.68, 1.79465
hold1617, 137.04, 187.68, 1.79465
FILLER_0_64_305, 149.84, 187.68, 1.79472
FILLER_0_66_324, 149.84, 187.68, 1.79472
_09770_, 162.64, 187.68, 1.7948
_09771_, 162.64, 187.68, 1.7948
hold733, 162.64, 187.68, 1.7948
FILLER_0_64_333, 162.64, 187.68, 1.7948
FILLER_0_64_341, 162.64, 187.68, 1.7948
FILLER_0_65_328, 162.64, 187.68, 1.7948
_09776_, 188.24, 187.68, 1.795
_09777_, 188.24, 187.68, 1.795
_14741_, 188.24, 187.68, 1.795
hold1266, 188.24, 187.68, 1.795
_09802_, 201.04, 187.68, 1.79512
_09803_, 201.04, 187.68, 1.79512
_14722_, 201.04, 187.68, 1.79512
FILLER_0_65_438, 201.04, 187.68, 1.79512
_09784_, 213.84, 187.68, 1.79525
FILLER_0_65_449, 213.84, 187.68, 1.79525
_09788_, 226.64, 187.68, 1.79537
_09795_, 226.64, 187.68, 1.79537
_10226_, 226.64, 187.68, 1.79537
_10227_, 226.64, 187.68, 1.79537
_16919_, 226.64, 187.68, 1.79537
hold1839, 226.64, 187.68, 1.79537
FILLER_0_65_484, 226.64, 187.68, 1.79537
_14482_, 239.44, 187.68, 1.79551
_14486_, 239.44, 187.68, 1.79551
_14487_, 239.44, 187.68, 1.79551
FILLER_0_64_497, 239.44, 187.68, 1.79551
FILLER_0_64_505, 239.44, 187.68, 1.79551
FILLER_0_65_500, 239.44, 187.68, 1.79551
_15812_, 252.24, 187.68, 1.79564
FILLER_0_64_523, 252.24, 187.68, 1.79564
FILLER_0_64_533, 252.24, 187.68, 1.79564
FILLER_0_65_529, 252.24, 187.68, 1.79564
_13175_, 265.04, 187.68, 1.7958
_13176_, 265.04, 187.68, 1.7958
_13177_, 265.04, 187.68, 1.7958
_13178_, 265.04, 187.68, 1.7958
_13257_, 265.04, 187.68, 1.7958
_13258_, 265.04, 187.68, 1.7958
_15813_, 265.04, 187.68, 1.7958
FILLER_0_64_555, 265.04, 187.68, 1.7958
FILLER_0_65_561, 265.04, 187.68, 1.7958
FILLER_0_64_585, 277.84, 187.68, 1.796
hold499, 290.64, 187.68, 1.7962
FILLER_0_64_613, 290.64, 187.68, 1.7962
FILLER_0_65_629, 290.64, 187.68, 1.7962
_11341_, 303.44, 187.68, 1.7964
_16362_, 303.44, 187.68, 1.7964
clkbuf_leaf_229_clk, 303.44, 187.68, 1.7964
FILLER_0_64_638, 303.44, 187.68, 1.7964
_11335_, 316.24, 187.68, 1.79666
_13869_, 316.24, 187.68, 1.79666
_16368_, 316.24, 187.68, 1.79666
hold1011, 316.24, 187.68, 1.79666
FILLER_0_64_669, 316.24, 187.68, 1.79666
FILLER_0_65_665, 316.24, 187.68, 1.79666
_11325_, 341.84, 187.68, 1.79673
_11336_, 341.84, 187.68, 1.79673
_13867_, 341.84, 187.68, 1.79673
hold941, 341.84, 187.68, 1.79673
hold1552, 341.84, 187.68, 1.79673
_11302_, 354.64, 187.68, 1.79654
_16383_, 354.64, 187.68, 1.79654
FILLER_0_64_747, 354.64, 187.68, 1.79654
FILLER_0_65_755, 354.64, 187.68, 1.79654
_11290_, 367.44, 187.68, 1.79637
_11291_, 367.44, 187.68, 1.79637
_11294_, 367.44, 187.68, 1.79637
_16385_, 367.44, 187.68, 1.79637
hold2070, 367.44, 187.68, 1.79637
FILLER_0_65_781, 367.44, 187.68, 1.79637
_11284_, 380.24, 187.68, 1.79619
_11285_, 380.24, 187.68, 1.79619
_13899_, 380.24, 187.68, 1.79619
FILLER_0_64_809, 380.24, 187.68, 1.79619
_11266_, 393.04, 187.68, 1.79602
_13909_, 393.04, 187.68, 1.79602
_16399_, 393.04, 187.68, 1.79602
FILLER_0_64_837, 393.04, 187.68, 1.79602
_11278_, 405.84, 187.68, 1.79586
_11279_, 405.84, 187.68, 1.79586
_13903_, 405.84, 187.68, 1.79586
_13910_, 405.84, 187.68, 1.79586
_16391_, 405.84, 187.68, 1.79586
_16393_, 405.84, 187.68, 1.79586
_11282_, 418.64, 187.68, 1.79571
_17862_, 418.64, 187.68, 1.79571
hold653, 418.64, 187.68, 1.79571
hold1137, 418.64, 187.68, 1.79571
FILLER_0_65_887, 418.64, 187.68, 1.79571
hold281, 431.44, 187.68, 1.79557
FILLER_0_64_915, 431.44, 187.68, 1.79557
FILLER_0_66_937, 431.44, 187.68, 1.79557
FILLER_0_64_949, 444.24, 187.68, 1.79543
FILLER_0_65_943, 444.24, 187.68, 1.79543
_09022_, 457.04, 187.68, 1.7953
_09023_, 457.04, 187.68, 1.7953
_15164_, 457.04, 187.68, 1.7953
_17521_, 457.04, 187.68, 1.7953
FILLER_0_65_977, 457.04, 187.68, 1.7953
_09010_, 469.84, 187.68, 1.79516
_09011_, 469.84, 187.68, 1.79516
hold462, 469.84, 187.68, 1.79516
_08253_, 495.308, 187.68, 1.79502
_15582_, 495.308, 187.68, 1.79502
_17908_, 495.308, 187.68, 1.79502
hold2005, 495.308, 187.68, 1.79502
_08256_, 507.977, 187.68, 1.79501
_08257_, 507.977, 187.68, 1.79501
_08262_, 507.977, 187.68, 1.79501
_08263_, 507.977, 187.68, 1.79501
_15577_, 507.977, 187.68, 1.79501
_15580_, 507.977, 187.68, 1.79501
_17904_, 507.977, 187.68, 1.79501
hold1426, 507.977, 187.68, 1.79501
FILLER_0_64_1083, 507.977, 187.68, 1.79501
_15578_, 520.645, 187.68, 1.795
hold1602, 520.645, 187.68, 1.795
hold1781, 520.645, 187.68, 1.795
FILLER_0_64_1140, 533.314, 187.68, 1.795
FILLER_0_65_1169, 545.982, 187.68, 1.795
FILLER_0_64_1197, 558.651, 187.68, 1.795
PHY_124, 5.52, 182.24, 1.79443
PHY_126, 5.52, 182.24, 1.79443
output102, 5.52, 182.24, 1.79443
PHY_125, 571.32, 182.24, 1.79518
PHY_127, 571.32, 182.24, 1.79518
output59, 571.32, 182.24, 1.79518
FILLER_0_62_1217, 571.32, 182.24, 1.79518
FILLER_0_64_21, 13.68, 182.24, 1.79446
_11730_, 34.64, 182.24, 1.79446
_13649_, 34.64, 182.24, 1.79446
_13651_, 34.64, 182.24, 1.79446
_16162_, 34.64, 182.24, 1.79446
hold1981, 34.64, 182.24, 1.79446
FILLER_0_62_53, 34.64, 182.24, 1.79446
FILLER_0_63_68, 34.64, 182.24, 1.79446
FILLER_0_64_74, 34.64, 182.24, 1.79446
_11691_, 47.44, 182.24, 1.79443
_13646_, 47.44, 182.24, 1.79443
_13673_, 47.44, 182.24, 1.79443
FILLER_0_63_94, 47.44, 182.24, 1.79443
_11690_, 60.24, 182.24, 1.7944
clkbuf_leaf_6_clk, 60.24, 182.24, 1.7944
FILLER_0_62_117, 60.24, 182.24, 1.7944
FILLER_0_63_106, 60.24, 182.24, 1.7944
FILLER_0_63_116, 60.24, 182.24, 1.7944
_16244_, 73.04, 182.24, 1.79442
_11581_, 85.84, 182.24, 1.79445
_13733_, 85.84, 182.24, 1.79445
clkbuf_leaf_4_clk, 85.84, 182.24, 1.79445
FILLER_0_62_161, 85.84, 182.24, 1.79445
FILLER_0_62_167, 85.84, 182.24, 1.79445
FILLER_0_63_181, 85.84, 182.24, 1.79445
FILLER_0_64_177, 85.84, 182.24, 1.79445
_16230_, 98.64, 182.24, 1.79453
hold1205, 98.64, 182.24, 1.79453
FILLER_0_62_193, 98.64, 182.24, 1.79453
_11604_, 111.44, 182.24, 1.79461
_13720_, 111.44, 182.24, 1.79461
hold637, 111.44, 182.24, 1.79461
FILLER_0_64_241, 111.44, 182.24, 1.79461
hold769, 124.24, 182.24, 1.79469
FILLER_0_62_253, 124.24, 182.24, 1.79469
_13725_, 137.04, 182.24, 1.79478
_16239_, 137.04, 182.24, 1.79478
FILLER_0_63_273, 137.04, 182.24, 1.79478
FILLER_0_64_297, 137.04, 182.24, 1.79478
_17156_, 149.84, 182.24, 1.79487
FILLER_0_62_305, 149.84, 182.24, 1.79487
FILLER_0_62_309, 149.84, 182.24, 1.79487
_09746_, 162.64, 182.24, 1.79496
_09775_, 162.64, 182.24, 1.79496
_17145_, 162.64, 182.24, 1.79496
hold815, 162.64, 182.24, 1.79496
FILLER_0_63_329, 162.64, 182.24, 1.79496
FILLER_0_63_349, 162.64, 182.24, 1.79496
_09766_, 188.24, 182.24, 1.79518
_09778_, 188.24, 182.24, 1.79518
_14735_, 188.24, 182.24, 1.79518
_17131_, 188.24, 182.24, 1.79518
hold1797, 188.24, 182.24, 1.79518
hold2063, 188.24, 182.24, 1.79518
FILLER_0_62_391, 188.24, 182.24, 1.79518
FILLER_0_64_407, 188.24, 182.24, 1.79518
_09796_, 201.04, 182.24, 1.79529
_09797_, 201.04, 182.24, 1.79529
_17134_, 201.04, 182.24, 1.79529
_17140_, 201.04, 182.24, 1.79529
clkbuf_leaf_239_clk, 201.04, 182.24, 1.79529
hold531, 201.04, 182.24, 1.79529
FILLER_0_62_414, 201.04, 182.24, 1.79529
_09785_, 213.84, 182.24, 1.79547
_09789_, 213.84, 182.24, 1.79547
_14725_, 213.84, 182.24, 1.79547
_14729_, 213.84, 182.24, 1.79547
_17135_, 213.84, 182.24, 1.79547
hold2048, 213.84, 182.24, 1.79547
hold2106, 213.84, 182.24, 1.79547
FILLER_0_62_452, 213.84, 182.24, 1.79547
FILLER_0_63_452, 213.84, 182.24, 1.79547
_09794_, 226.64, 182.24, 1.79566
_14726_, 226.64, 182.24, 1.79566
hold1387, 226.64, 182.24, 1.79566
FILLER_0_63_490, 226.64, 182.24, 1.79566
_10225_, 239.44, 182.24, 1.79585
_16920_, 239.44, 182.24, 1.79585
FILLER_0_63_498, 239.44, 182.24, 1.79585
_13174_, 252.24, 182.24, 1.79604
_13256_, 252.24, 182.24, 1.79604
hold1227, 252.24, 182.24, 1.79604
hold1810, 252.24, 182.24, 1.79604
FILLER_0_62_524, 252.24, 182.24, 1.79604
FILLER_0_64_543, 252.24, 182.24, 1.79604
_13180_, 265.04, 182.24, 1.79624
_15814_, 265.04, 182.24, 1.79624
FILLER_0_63_557, 265.04, 182.24, 1.79624
FILLER_0_63_561, 265.04, 182.24, 1.79624
_13259_, 277.84, 182.24, 1.79648
FILLER_0_63_598, 277.84, 182.24, 1.79648
_10290_, 290.64, 182.24, 1.79671
_10291_, 290.64, 182.24, 1.79671
_10298_, 290.64, 182.24, 1.79671
_10299_, 290.64, 182.24, 1.79671
_16887_, 290.64, 182.24, 1.79671
hold1599, 290.64, 182.24, 1.79671
_10292_, 303.44, 182.24, 1.79695
_10293_, 303.44, 182.24, 1.79695
_14450_, 303.44, 182.24, 1.79695
_14452_, 303.44, 182.24, 1.79695
_16888_, 303.44, 182.24, 1.79695
hold1584, 303.44, 182.24, 1.79695
FILLER_0_63_637, 303.44, 182.24, 1.79695
_11343_, 316.24, 182.24, 1.7972
_16361_, 316.24, 182.24, 1.7972
hold489, 316.24, 182.24, 1.7972
FILLER_0_63_685, 316.24, 182.24, 1.7972
FILLER_0_64_677, 316.24, 182.24, 1.7972
_11330_, 341.84, 182.24, 1.79726
_11331_, 341.84, 182.24, 1.79726
_11337_, 341.84, 182.24, 1.79726
_13866_, 341.84, 182.24, 1.79726
_13871_, 341.84, 182.24, 1.79726
_13874_, 341.84, 182.24, 1.79726
hold1695, 341.84, 182.24, 1.79726
_11298_, 354.64, 182.24, 1.79706
_11299_, 354.64, 182.24, 1.79706
_13892_, 354.64, 182.24, 1.79706
FILLER_0_62_753, 354.64, 182.24, 1.79706
FILLER_0_63_759, 354.64, 182.24, 1.79706
_11227_, 367.44, 182.24, 1.79686
_11295_, 367.44, 182.24, 1.79686
_13889_, 367.44, 182.24, 1.79686
_13894_, 367.44, 182.24, 1.79686
_16419_, 367.44, 182.24, 1.79686
hold550, 367.44, 182.24, 1.79686
FILLER_0_62_780, 367.44, 182.24, 1.79686
_11226_, 380.24, 182.24, 1.79668
_11237_, 380.24, 182.24, 1.79668
hold1528, 380.24, 182.24, 1.79668
_11267_, 393.04, 182.24, 1.79649
_13900_, 393.04, 182.24, 1.79649
FILLER_0_63_830, 393.04, 182.24, 1.79649
FILLER_0_64_856, 393.04, 182.24, 1.79649
_11265_, 405.84, 182.24, 1.79631
_16400_, 405.84, 182.24, 1.79631
FILLER_0_62_865, 405.84, 182.24, 1.79631
_11264_, 418.64, 182.24, 1.79613
FILLER_0_62_915, 431.44, 182.24, 1.79595
FILLER_0_62_925, 431.44, 182.24, 1.79595
_09005_, 444.24, 182.24, 1.79578
_17530_, 444.24, 182.24, 1.79578
hold293, 444.24, 182.24, 1.79578
FILLER_0_63_945, 444.24, 182.24, 1.79578
_09004_, 457.04, 182.24, 1.79561
_15161_, 457.04, 182.24, 1.79561
_17527_, 457.04, 182.24, 1.79561
hold123, 457.04, 182.24, 1.79561
hold371, 457.04, 182.24, 1.79561
FILLER_0_62_973, 457.04, 182.24, 1.79561
FILLER_0_63_998, 469.84, 182.24, 1.79545
_08249_, 495.308, 182.24, 1.79526
_15584_, 495.308, 182.24, 1.79526
_17901_, 507.977, 182.24, 1.79524
_17902_, 507.977, 182.24, 1.79524
FILLER_0_62_1081, 507.977, 182.24, 1.79524
FILLER_0_62_1089, 507.977, 182.24, 1.79524
_08260_, 520.645, 182.24, 1.79522
_08261_, 520.645, 182.24, 1.79522
FILLER_0_63_1111, 520.645, 182.24, 1.79522
FILLER_0_62_1141, 533.314, 182.24, 1.79521
FILLER_0_63_1169, 545.982, 182.24, 1.7952
FILLER_0_62_1197, 558.651, 182.24, 1.79519
PHY_120, 5.52, 176.8, 1.79467
PHY_122, 5.52, 176.8, 1.79467
PHY_121, 571.32, 176.8, 1.7953
PHY_123, 571.32, 176.8, 1.7953
FILLER_0_60_1217, 571.32, 176.8, 1.7953
clkbuf_leaf_7_clk, 34.64, 176.8, 1.79463
FILLER_0_60_53, 34.64, 176.8, 1.79463
FILLER_0_61_51, 34.64, 176.8, 1.79463
_11724_, 47.44, 176.8, 1.79465
_11725_, 47.44, 176.8, 1.79465
_13654_, 47.44, 176.8, 1.79465
_13676_, 47.44, 176.8, 1.79465
_16190_, 47.44, 176.8, 1.79465
hold662, 47.44, 176.8, 1.79465
FILLER_0_61_81, 47.44, 176.8, 1.79465
FILLER_0_62_97, 47.44, 176.8, 1.79465
_11703_, 60.24, 176.8, 1.79467
_13668_, 60.24, 176.8, 1.79467
_13672_, 60.24, 176.8, 1.79467
hold720, 60.24, 176.8, 1.79467
FILLER_0_61_121, 60.24, 176.8, 1.79467
FILLER_0_61_129, 60.24, 176.8, 1.79467
FILLER_0_62_125, 60.24, 176.8, 1.79467
FILLER_0_62_131, 60.24, 176.8, 1.79467
_13667_, 73.04, 176.8, 1.7947
_16241_, 73.04, 176.8, 1.7947
hold1351, 73.04, 176.8, 1.7947
FILLER_0_61_138, 73.04, 176.8, 1.7947
FILLER_0_62_153, 73.04, 176.8, 1.7947
_11571_, 85.84, 176.8, 1.79473
_11582_, 85.84, 176.8, 1.79473
_16247_, 85.84, 176.8, 1.79473
hold723, 85.84, 176.8, 1.79473
FILLER_0_62_175, 85.84, 176.8, 1.79473
_11570_, 98.64, 176.8, 1.79477
_11607_, 98.64, 176.8, 1.79477
_11612_, 98.64, 176.8, 1.79477
_11613_, 98.64, 176.8, 1.79477
_13716_, 98.64, 176.8, 1.79477
_16226_, 98.64, 176.8, 1.79477
_16229_, 98.64, 176.8, 1.79477
FILLER_0_61_193, 98.64, 176.8, 1.79477
FILLER_0_62_205, 98.64, 176.8, 1.79477
_13719_, 111.44, 176.8, 1.79482
_16236_, 111.44, 176.8, 1.79482
hold1697, 111.44, 176.8, 1.79482
FILLER_0_61_225, 111.44, 176.8, 1.79482
FILLER_0_61_233, 111.44, 176.8, 1.79482
_11592_, 124.24, 176.8, 1.79488
_11597_, 124.24, 176.8, 1.79488
_11602_, 124.24, 176.8, 1.79488
_11603_, 124.24, 176.8, 1.79488
_13727_, 124.24, 176.8, 1.79488
hold283, 124.24, 176.8, 1.79488
FILLER_0_61_262, 124.24, 176.8, 1.79488
FILLER_0_62_265, 124.24, 176.8, 1.79488
_11586_, 137.04, 176.8, 1.79495
_11587_, 137.04, 176.8, 1.79495
_11596_, 137.04, 176.8, 1.79495
_13730_, 137.04, 176.8, 1.79495
_14643_, 137.04, 176.8, 1.79495
hold1591, 137.04, 176.8, 1.79495
hold1641, 137.04, 176.8, 1.79495
_09753_, 149.84, 176.8, 1.79501
_09759_, 149.84, 176.8, 1.79501
_11600_, 149.84, 176.8, 1.79501
_11601_, 149.84, 176.8, 1.79501
_17159_, 149.84, 176.8, 1.79501
FILLER_0_60_309, 149.84, 176.8, 1.79501
FILLER_0_61_303, 149.84, 176.8, 1.79501
_09745_, 162.64, 176.8, 1.79509
_09747_, 162.64, 176.8, 1.79509
_09758_, 162.64, 176.8, 1.79509
_14743_, 162.64, 176.8, 1.79509
_14746_, 162.64, 176.8, 1.79509
_14752_, 162.64, 176.8, 1.79509
hold2094, 162.64, 176.8, 1.79509
clkbuf_leaf_240_clk, 188.24, 176.8, 1.79525
FILLER_0_61_389, 188.24, 176.8, 1.79525
FILLER_0_61_405, 188.24, 176.8, 1.79525
_09787_, 201.04, 176.8, 1.79538
_14721_, 201.04, 176.8, 1.79538
FILLER_0_60_417, 201.04, 176.8, 1.79538
FILLER_0_60_424, 201.04, 176.8, 1.79538
FILLER_0_61_432, 201.04, 176.8, 1.79538
_14731_, 213.84, 176.8, 1.79552
_17138_, 213.84, 176.8, 1.79552
FILLER_0_61_444, 213.84, 176.8, 1.79552
_10242_, 226.64, 176.8, 1.79566
clkbuf_leaf_238_clk, 226.64, 176.8, 1.79566
FILLER_0_61_485, 226.64, 176.8, 1.79566
FILLER_0_62_482, 226.64, 176.8, 1.79566
_10224_, 239.44, 176.8, 1.79585
_10243_, 239.44, 176.8, 1.79585
_14478_, 239.44, 176.8, 1.79585
_14485_, 239.44, 176.8, 1.79585
_16911_, 239.44, 176.8, 1.79585
_16918_, 239.44, 176.8, 1.79585
hold2092, 239.44, 176.8, 1.79585
_10228_, 252.24, 176.8, 1.79605
_13179_, 265.04, 176.8, 1.79625
_13261_, 265.04, 176.8, 1.79625
FILLER_0_61_553, 265.04, 176.8, 1.79625
FILLER_0_62_565, 265.04, 176.8, 1.79625
FILLER_0_62_575, 265.04, 176.8, 1.79625
_16883_, 277.84, 176.8, 1.79646
FILLER_0_60_579, 277.84, 176.8, 1.79646
FILLER_0_62_601, 277.84, 176.8, 1.79646
_10300_, 290.64, 176.8, 1.79668
_10301_, 290.64, 176.8, 1.79668
_14447_, 290.64, 176.8, 1.79668
_14451_, 290.64, 176.8, 1.79668
_16886_, 290.64, 176.8, 1.79668
hold505, 290.64, 176.8, 1.79668
FILLER_0_62_627, 290.64, 176.8, 1.79668
_10286_, 303.44, 176.8, 1.7969
_10287_, 303.44, 176.8, 1.7969
_10288_, 303.44, 176.8, 1.7969
_10289_, 303.44, 176.8, 1.7969
_16889_, 303.44, 176.8, 1.7969
FILLER_0_60_637, 303.44, 176.8, 1.7969
_14453_, 316.24, 176.8, 1.79713
clkbuf_leaf_228_clk, 316.24, 176.8, 1.79713
hold608, 316.24, 176.8, 1.79713
FILLER_0_60_668, 316.24, 176.8, 1.79713
_14421_, 341.84, 176.8, 1.79717
_16444_, 341.84, 176.8, 1.79717
FILLER_0_61_721, 341.84, 176.8, 1.79717
FILLER_0_61_735, 341.84, 176.8, 1.79717
FILLER_0_61_743, 341.84, 176.8, 1.79717
FILLER_0_62_745, 341.84, 176.8, 1.79717
_11172_, 354.64, 176.8, 1.79695
_11173_, 354.64, 176.8, 1.79695
_11176_, 354.64, 176.8, 1.79695
_16449_, 354.64, 176.8, 1.79695
hold486, 354.64, 176.8, 1.79695
FILLER_0_62_769, 354.64, 176.8, 1.79695
_16414_, 367.44, 176.8, 1.79674
FILLER_0_61_774, 367.44, 176.8, 1.79674
FILLER_0_61_785, 367.44, 176.8, 1.79674
_11229_, 380.24, 176.8, 1.79653
_11236_, 380.24, 176.8, 1.79653
_11239_, 380.24, 176.8, 1.79653
_13925_, 380.24, 176.8, 1.79653
_13926_, 380.24, 176.8, 1.79653
_16413_, 380.24, 176.8, 1.79653
hold1509, 380.24, 176.8, 1.79653
_11238_, 393.04, 176.8, 1.79634
_13930_, 393.04, 176.8, 1.79634
hold1548, 393.04, 176.8, 1.79634
FILLER_0_61_832, 393.04, 176.8, 1.79634
_11305_, 405.84, 176.8, 1.79614
_11322_, 405.84, 176.8, 1.79614
_13879_, 405.84, 176.8, 1.79614
_13881_, 405.84, 176.8, 1.79614
clkbuf_leaf_172_clk, 405.84, 176.8, 1.79614
hold920, 405.84, 176.8, 1.79614
FILLER_0_61_877, 405.84, 176.8, 1.79614
hold583, 418.64, 176.8, 1.79599
FILLER_0_61_886, 418.64, 176.8, 1.79599
FILLER_0_61_897, 418.64, 176.8, 1.79599
FILLER_0_61_909, 418.64, 176.8, 1.79599
_08950_, 431.44, 176.8, 1.79584
_08951_, 431.44, 176.8, 1.79584
_08957_, 431.44, 176.8, 1.79584
_08959_, 431.44, 176.8, 1.79584
_15190_, 431.44, 176.8, 1.79584
_15194_, 431.44, 176.8, 1.79584
_17554_, 431.44, 176.8, 1.79584
hold320, 431.44, 176.8, 1.79584
_08956_, 444.24, 176.8, 1.79569
_15191_, 444.24, 176.8, 1.79569
_17524_, 444.24, 176.8, 1.79569
hold1021, 444.24, 176.8, 1.79569
FILLER_0_61_953, 444.24, 176.8, 1.79569
_09009_, 457.04, 176.8, 1.79556
_09016_, 457.04, 176.8, 1.79556
_15158_, 457.04, 176.8, 1.79556
FILLER_0_60_970, 457.04, 176.8, 1.79556
FILLER_0_60_981, 457.04, 176.8, 1.79556
FILLER_0_61_986, 457.04, 176.8, 1.79556
FILLER_0_61_995, 457.04, 176.8, 1.79556
_09015_, 469.84, 176.8, 1.79542
_17483_, 469.84, 176.8, 1.79542
_17525_, 469.84, 176.8, 1.79542
hold1902, 469.84, 176.8, 1.79542
FILLER_0_61_1002, 469.84, 176.8, 1.79542
FILLER_0_61_1017, 469.84, 176.8, 1.79542
_09084_, 495.308, 176.8, 1.7953
_09085_, 495.308, 176.8, 1.7953
_17490_, 495.308, 176.8, 1.7953
hold304, 495.308, 176.8, 1.7953
FILLER_0_61_1061, 495.308, 176.8, 1.7953
FILLER_0_61_1071, 495.308, 176.8, 1.7953
FILLER_0_60_1141, 533.314, 176.8, 1.7953
FILLER_0_61_1169, 545.982, 176.8, 1.7953
FILLER_0_60_1197, 558.651, 176.8, 1.7953
PHY_116, 5.52, 171.36, 1.7948
PHY_118, 5.52, 171.36, 1.7948
PHY_117, 571.32, 171.36, 1.79527
PHY_119, 571.32, 171.36, 1.79527
FILLER_0_58_1217, 571.32, 171.36, 1.79527
_11736_, 34.64, 171.36, 1.79478
_13645_, 34.64, 171.36, 1.79478
_16170_, 34.64, 171.36, 1.79478
hold1315, 34.64, 171.36, 1.79478
hold2041, 34.64, 171.36, 1.79478
FILLER_0_59_68, 34.64, 171.36, 1.79478
_11684_, 47.44, 171.36, 1.79478
_11685_, 47.44, 171.36, 1.79478
_11738_, 47.44, 171.36, 1.79478
_13647_, 47.44, 171.36, 1.79478
hold1986, 47.44, 171.36, 1.79478
FILLER_0_59_103, 47.44, 171.36, 1.79478
_13666_, 60.24, 171.36, 1.79477
_16181_, 60.24, 171.36, 1.79477
_16185_, 60.24, 171.36, 1.79477
_16186_, 60.24, 171.36, 1.79477
_11583_, 73.04, 171.36, 1.79479
_11694_, 73.04, 171.36, 1.79479
_11695_, 73.04, 171.36, 1.79479
_11702_, 73.04, 171.36, 1.79479
hold1158, 73.04, 171.36, 1.79479
FILLER_0_58_144, 73.04, 171.36, 1.79479
FILLER_0_59_159, 73.04, 171.36, 1.79479
_13732_, 85.84, 171.36, 1.79481
_13735_, 85.84, 171.36, 1.79481
_13739_, 85.84, 171.36, 1.79481
FILLER_0_60_175, 85.84, 171.36, 1.79481
_11575_, 98.64, 171.36, 1.79484
_11606_, 98.64, 171.36, 1.79484
_13710_, 98.64, 171.36, 1.79484
FILLER_0_58_200, 98.64, 171.36, 1.79484
FILLER_0_59_205, 98.64, 171.36, 1.79484
_11593_, 111.44, 171.36, 1.79486
_16231_, 111.44, 171.36, 1.79486
FILLER_0_58_223, 111.44, 171.36, 1.79486
FILLER_0_59_217, 111.44, 171.36, 1.79486
FILLER_0_59_237, 111.44, 171.36, 1.79486
FILLER_0_60_232, 111.44, 171.36, 1.79486
FILLER_0_60_240, 111.44, 171.36, 1.79486
_13722_, 124.24, 171.36, 1.79489
_16234_, 124.24, 171.36, 1.79489
hold260, 124.24, 171.36, 1.79489
FILLER_0_60_268, 124.24, 171.36, 1.79489
_13721_, 137.04, 171.36, 1.79493
_13723_, 137.04, 171.36, 1.79493
_16232_, 137.04, 171.36, 1.79493
hold220, 137.04, 171.36, 1.79493
FILLER_0_59_272, 137.04, 171.36, 1.79493
_17153_, 149.84, 171.36, 1.79498
clkbuf_leaf_20_clk, 149.84, 171.36, 1.79498
FILLER_0_58_309, 149.84, 171.36, 1.79498
_09752_, 162.64, 171.36, 1.79508
_14749_, 162.64, 171.36, 1.79508
_17160_, 162.64, 171.36, 1.79508
hold2128, 162.64, 171.36, 1.79508
FILLER_0_58_333, 162.64, 171.36, 1.79508
FILLER_0_58_341, 162.64, 171.36, 1.79508
FILLER_0_59_345, 162.64, 171.36, 1.79508
FILLER_0_59_353, 162.64, 171.36, 1.79508
_09850_, 188.24, 171.36, 1.79528
_14688_, 188.24, 171.36, 1.79528
_17103_, 188.24, 171.36, 1.79528
_17139_, 188.24, 171.36, 1.79528
hold1948, 188.24, 171.36, 1.79528
_09786_, 201.04, 171.36, 1.79538
_09858_, 201.04, 171.36, 1.79538
hold1181, 201.04, 171.36, 1.79538
hold1214, 201.04, 171.36, 1.79538
FILLER_0_58_415, 201.04, 171.36, 1.79538
FILLER_0_59_434, 201.04, 171.36, 1.79538
_09792_, 213.84, 171.36, 1.79548
_09793_, 213.84, 171.36, 1.79548
_14723_, 213.84, 171.36, 1.79548
_14724_, 213.84, 171.36, 1.79548
_14727_, 213.84, 171.36, 1.79548
hold564, 213.84, 171.36, 1.79548
_09800_, 226.64, 171.36, 1.79559
_09801_, 226.64, 171.36, 1.79559
_16914_, 226.64, 171.36, 1.79559
hold1263, 226.64, 171.36, 1.79559
FILLER_0_59_472, 226.64, 171.36, 1.79559
FILLER_0_60_489, 226.64, 171.36, 1.79559
_10229_, 239.44, 171.36, 1.7957
_10236_, 239.44, 171.36, 1.7957
hold1299, 239.44, 171.36, 1.7957
_13185_, 252.24, 171.36, 1.79581
_15816_, 252.24, 171.36, 1.79581
FILLER_0_58_529, 252.24, 171.36, 1.79581
FILLER_0_59_525, 252.24, 171.36, 1.79581
FILLER_0_60_545, 252.24, 171.36, 1.79581
_13181_, 265.04, 171.36, 1.79596
_13182_, 265.04, 171.36, 1.79596
_13183_, 265.04, 171.36, 1.79596
_13184_, 265.04, 171.36, 1.79596
_13186_, 265.04, 171.36, 1.79596
_13188_, 265.04, 171.36, 1.79596
_15815_, 265.04, 171.36, 1.79596
_13260_, 277.84, 171.36, 1.79615
_16882_, 277.84, 171.36, 1.79615
clkbuf_leaf_237_clk, 277.84, 171.36, 1.79615
FILLER_0_58_584, 277.84, 171.36, 1.79615
_14446_, 290.64, 171.36, 1.79639
_16885_, 303.44, 171.36, 1.79663
FILLER_0_58_637, 303.44, 171.36, 1.79663
FILLER_0_59_641, 303.44, 171.36, 1.79663
FILLER_0_59_649, 303.44, 171.36, 1.79663
_10294_, 316.24, 171.36, 1.79687
_10295_, 316.24, 171.36, 1.79687
_16442_, 316.24, 171.36, 1.79687
hold581, 316.24, 171.36, 1.79687
FILLER_0_58_666, 316.24, 171.36, 1.79687
_11177_, 341.84, 171.36, 1.79685
_13959_, 341.84, 171.36, 1.79685
clkbuf_leaf_227_clk, 341.84, 171.36, 1.79685
hold1068, 341.84, 171.36, 1.79685
FILLER_0_59_721, 341.84, 171.36, 1.79685
_11166_, 354.64, 171.36, 1.79663
_11167_, 354.64, 171.36, 1.79663
_13961_, 354.64, 171.36, 1.79663
_13964_, 354.64, 171.36, 1.79663
hold1337, 354.64, 171.36, 1.79663
_13931_, 367.44, 171.36, 1.7964
_16420_, 367.44, 171.36, 1.7964
FILLER_0_59_774, 367.44, 171.36, 1.7964
FILLER_0_59_797, 367.44, 171.36, 1.7964
FILLER_0_60_793, 367.44, 171.36, 1.7964
_11224_, 380.24, 171.36, 1.79619
_13932_, 380.24, 171.36, 1.79619
clkbuf_leaf_225_clk, 380.24, 171.36, 1.79619
FILLER_0_59_822, 380.24, 171.36, 1.79619
_11228_, 393.04, 171.36, 1.79602
_16371_, 393.04, 171.36, 1.79602
hold2110, 393.04, 171.36, 1.79602
FILLER_0_59_841, 393.04, 171.36, 1.79602
FILLER_0_60_848, 393.04, 171.36, 1.79602
FILLER_0_60_856, 393.04, 171.36, 1.79602
_11318_, 405.84, 171.36, 1.79586
_11319_, 405.84, 171.36, 1.79586
_16373_, 405.84, 171.36, 1.79586
_16378_, 405.84, 171.36, 1.79586
FILLER_0_58_869, 405.84, 171.36, 1.79586
FILLER_0_60_877, 405.84, 171.36, 1.79586
_11304_, 418.64, 171.36, 1.79571
_11309_, 418.64, 171.36, 1.79571
_13888_, 418.64, 171.36, 1.79571
_17553_, 418.64, 171.36, 1.79571
_17557_, 418.64, 171.36, 1.79571
hold1816, 418.64, 171.36, 1.79571
FILLER_0_60_900, 418.64, 171.36, 1.79571
_08958_, 431.44, 171.36, 1.79558
_17556_, 431.44, 171.36, 1.79558
clkbuf_leaf_173_clk, 431.44, 171.36, 1.79558
hold1527, 431.44, 171.36, 1.79558
FILLER_0_58_918, 431.44, 171.36, 1.79558
FILLER_0_58_925, 431.44, 171.36, 1.79558
FILLER_0_59_926, 431.44, 171.36, 1.79558
_09017_, 444.24, 171.36, 1.7955
_15192_, 444.24, 171.36, 1.7955
_15193_, 444.24, 171.36, 1.7955
_17555_, 444.24, 171.36, 1.7955
FILLER_0_60_962, 444.24, 171.36, 1.7955
_15162_, 457.04, 171.36, 1.79542
_17528_, 457.04, 171.36, 1.79542
hold681, 457.04, 171.36, 1.79542
FILLER_0_58_976, 457.04, 171.36, 1.79542
FILLER_0_58_981, 457.04, 171.36, 1.79542
_09008_, 469.84, 171.36, 1.79535
_09014_, 469.84, 171.36, 1.79535
_15159_, 469.84, 171.36, 1.79535
hold1052, 469.84, 171.36, 1.79535
_09103_, 495.308, 171.36, 1.79527
_15111_, 495.308, 171.36, 1.79527
_15120_, 495.308, 171.36, 1.79527
_17481_, 495.308, 171.36, 1.79527
hold492, 495.308, 171.36, 1.79527
FILLER_0_59_1053, 495.308, 171.36, 1.79527
FILLER_0_58_1088, 507.977, 171.36, 1.79527
FILLER_0_59_1117, 520.645, 171.36, 1.79527
FILLER_0_58_1141, 533.314, 171.36, 1.79527
FILLER_0_59_1169, 545.982, 171.36, 1.79527
FILLER_0_58_1197, 558.651, 171.36, 1.79527
PHY_112, 5.52, 165.92, 1.79488
PHY_114, 5.52, 165.92, 1.79488
PHY_113, 571.32, 165.92, 1.7952
PHY_115, 571.32, 165.92, 1.7952
output55, 571.32, 165.92, 1.7952
FILLER_0_56_1217, 571.32, 165.92, 1.7952
_11727_, 34.64, 165.92, 1.79485
_11742_, 34.64, 165.92, 1.79485
_13653_, 34.64, 165.92, 1.79485
_16163_, 34.64, 165.92, 1.79485
hold1794, 34.64, 165.92, 1.79485
_11739_, 47.44, 165.92, 1.79483
_13644_, 47.44, 165.92, 1.79483
_13652_, 47.44, 165.92, 1.79483
_16168_, 47.44, 165.92, 1.79483
FILLER_0_58_105, 47.44, 165.92, 1.79483
_11692_, 60.24, 165.92, 1.79481
_11693_, 60.24, 165.92, 1.79481
_11728_, 60.24, 165.92, 1.79481
_13671_, 60.24, 165.92, 1.79481
hold537, 60.24, 165.92, 1.79481
hold1226, 60.24, 165.92, 1.79481
FILLER_0_57_113, 60.24, 165.92, 1.79481
FILLER_0_57_125, 60.24, 165.92, 1.79481
_11568_, 73.04, 165.92, 1.79479
_13740_, 73.04, 165.92, 1.79479
_16248_, 73.04, 165.92, 1.79479
hold1511, 73.04, 165.92, 1.79479
FILLER_0_56_137, 73.04, 165.92, 1.79479
FILLER_0_56_141, 73.04, 165.92, 1.79479
FILLER_0_57_133, 73.04, 165.92, 1.79479
FILLER_0_57_141, 73.04, 165.92, 1.79479
_11564_, 85.84, 165.92, 1.79479
_11565_, 85.84, 165.92, 1.79479
_11578_, 85.84, 165.92, 1.79479
_13737_, 85.84, 165.92, 1.79479
_13742_, 85.84, 165.92, 1.79479
_16245_, 85.84, 165.92, 1.79479
hold803, 85.84, 165.92, 1.79479
hold1043, 85.84, 165.92, 1.79479
_11574_, 98.64, 165.92, 1.79479
hold1174, 98.64, 165.92, 1.79479
_11595_, 111.44, 165.92, 1.79479
_16235_, 111.44, 165.92, 1.79479
FILLER_0_57_217, 111.44, 165.92, 1.79479
FILLER_0_57_237, 111.44, 165.92, 1.79479
_11594_, 124.24, 165.92, 1.7948
_13726_, 124.24, 165.92, 1.7948
clkbuf_leaf_3_clk, 124.24, 165.92, 1.7948
FILLER_0_56_245, 124.24, 165.92, 1.7948
FILLER_0_56_253, 124.24, 165.92, 1.7948
_11591_, 137.04, 165.92, 1.79486
_13728_, 137.04, 165.92, 1.79486
_16237_, 137.04, 165.92, 1.79486
FILLER_0_57_272, 137.04, 165.92, 1.79486
FILLER_0_57_281, 137.04, 165.92, 1.79486
_09760_, 149.84, 165.92, 1.79492
_11590_, 149.84, 165.92, 1.79492
clkbuf_2_0_0_clk, 149.84, 165.92, 1.79492
FILLER_0_56_309, 149.84, 165.92, 1.79492
FILLER_0_57_316, 149.84, 165.92, 1.79492
_09751_, 162.64, 165.92, 1.79506
_17155_, 162.64, 165.92, 1.79506
hold713, 162.64, 165.92, 1.79506
hold1945, 162.64, 165.92, 1.79506
FILLER_0_57_329, 162.64, 165.92, 1.79506
FILLER_0_57_345, 162.64, 165.92, 1.79506
FILLER_0_57_353, 162.64, 165.92, 1.79506
_09851_, 188.24, 165.92, 1.79532
_09859_, 188.24, 165.92, 1.79532
_14691_, 188.24, 165.92, 1.79532
_14695_, 188.24, 165.92, 1.79532
FILLER_0_57_397, 188.24, 165.92, 1.79532
_14730_, 201.04, 165.92, 1.79543
_17136_, 201.04, 165.92, 1.79543
FILLER_0_56_414, 201.04, 165.92, 1.79543
FILLER_0_58_432, 201.04, 165.92, 1.79543
_09790_, 213.84, 165.92, 1.79555
_09791_, 213.84, 165.92, 1.79555
_14728_, 213.84, 165.92, 1.79555
_17132_, 213.84, 165.92, 1.79555
_17133_, 213.84, 165.92, 1.79555
_09798_, 226.64, 165.92, 1.79569
_10237_, 226.64, 165.92, 1.79569
_14481_, 226.64, 165.92, 1.79569
hold1129, 226.64, 165.92, 1.79569
FILLER_0_58_490, 226.64, 165.92, 1.79569
_10240_, 239.44, 165.92, 1.79582
_10241_, 239.44, 165.92, 1.79582
_14477_, 239.44, 165.92, 1.79582
_14479_, 239.44, 165.92, 1.79582
_16912_, 239.44, 165.92, 1.79582
hold718, 239.44, 165.92, 1.79582
FILLER_0_57_496, 239.44, 165.92, 1.79582
FILLER_0_58_509, 239.44, 165.92, 1.79582
FILLER_0_58_521, 239.44, 165.92, 1.79582
_13187_, 252.24, 165.92, 1.79596
_15817_, 252.24, 165.92, 1.79596
hold1255, 252.24, 165.92, 1.79596
FILLER_0_57_532, 252.24, 165.92, 1.79596
_13189_, 265.04, 165.92, 1.79614
_13190_, 265.04, 165.92, 1.79614
_13262_, 265.04, 165.92, 1.79614
FILLER_0_56_556, 265.04, 165.92, 1.79614
FILLER_0_58_575, 265.04, 165.92, 1.79614
_13263_, 277.84, 165.92, 1.79632
_13264_, 277.84, 165.92, 1.79632
_10284_, 290.64, 165.92, 1.79649
_14444_, 290.64, 165.92, 1.79649
hold1532, 290.64, 165.92, 1.79649
FILLER_0_57_617, 290.64, 165.92, 1.79649
_14449_, 303.44, 165.92, 1.79667
hold524, 303.44, 165.92, 1.79667
FILLER_0_58_657, 303.44, 165.92, 1.79667
_11181_, 316.24, 165.92, 1.79685
_16447_, 316.24, 165.92, 1.79685
FILLER_0_57_663, 316.24, 165.92, 1.79685
_13955_, 341.84, 165.92, 1.79686
_13960_, 341.84, 165.92, 1.79686
_16446_, 341.84, 165.92, 1.79686
FILLER_0_57_723, 341.84, 165.92, 1.79686
_11174_, 354.64, 165.92, 1.79669
_13956_, 354.64, 165.92, 1.79669
FILLER_0_56_749, 354.64, 165.92, 1.79669
FILLER_0_58_769, 354.64, 165.92, 1.79669
_11225_, 367.44, 165.92, 1.79652
_11233_, 367.44, 165.92, 1.79652
_13928_, 367.44, 165.92, 1.79652
_16416_, 367.44, 165.92, 1.79652
hold1406, 367.44, 165.92, 1.79652
FILLER_0_57_775, 367.44, 165.92, 1.79652
FILLER_0_57_791, 367.44, 165.92, 1.79652
FILLER_0_57_797, 367.44, 165.92, 1.79652
_11232_, 380.24, 165.92, 1.79636
_13922_, 380.24, 165.92, 1.79636
_13929_, 380.24, 165.92, 1.79636
_16418_, 380.24, 165.92, 1.79636
hold1525, 380.24, 165.92, 1.79636
FILLER_0_56_813, 380.24, 165.92, 1.79636
FILLER_0_57_804, 380.24, 165.92, 1.79636
FILLER_0_57_819, 380.24, 165.92, 1.79636
_11231_, 393.04, 165.92, 1.79621
_11323_, 393.04, 165.92, 1.79621
hold1465, 393.04, 165.92, 1.79621
FILLER_0_57_834, 393.04, 165.92, 1.79621
FILLER_0_58_847, 393.04, 165.92, 1.79621
_16380_, 405.84, 165.92, 1.79606
hold1636, 405.84, 165.92, 1.79606
FILLER_0_56_865, 405.84, 165.92, 1.79606
_11308_, 418.64, 165.92, 1.79592
_13886_, 418.64, 165.92, 1.79592
FILLER_0_57_886, 418.64, 165.92, 1.79592
_08947_, 431.44, 165.92, 1.79578
_08952_, 431.44, 165.92, 1.79578
_08953_, 431.44, 165.92, 1.79578
FILLER_0_56_917, 431.44, 165.92, 1.79578
FILLER_0_58_933, 431.44, 165.92, 1.79578
_08954_, 444.24, 165.92, 1.79564
_08955_, 444.24, 165.92, 1.79564
_15196_, 444.24, 165.92, 1.79564
_17522_, 444.24, 165.92, 1.79564
FILLER_0_57_945, 444.24, 165.92, 1.79564
_09020_, 457.04, 165.92, 1.79551
_09021_, 457.04, 165.92, 1.79551
_15156_, 457.04, 165.92, 1.79551
hold1246, 457.04, 165.92, 1.79551
FILLER_0_56_971, 457.04, 165.92, 1.79551
_09018_, 469.84, 165.92, 1.79537
_15157_, 469.84, 165.92, 1.79537
_15163_, 469.84, 165.92, 1.79537
clkbuf_leaf_187_clk, 469.84, 165.92, 1.79537
FILLER_0_56_1001, 469.84, 165.92, 1.79537
FILLER_0_57_1002, 469.84, 165.92, 1.79537
FILLER_0_57_1009, 469.84, 165.92, 1.79537
_09102_, 495.308, 165.92, 1.79527
_15112_, 495.308, 165.92, 1.79527
FILLER_0_57_1056, 495.308, 165.92, 1.79527
_09100_, 507.977, 165.92, 1.79526
FILLER_0_56_1082, 507.977, 165.92, 1.79526
FILLER_0_57_1113, 520.645, 165.92, 1.79525
FILLER_0_56_1141, 533.314, 165.92, 1.79524
FILLER_0_57_1169, 545.982, 165.92, 1.79523
FILLER_0_56_1197, 558.651, 165.92, 1.79521
PHY_108, 5.52, 160.48, 1.79488
PHY_110, 5.52, 160.48, 1.79488
output113, 5.52, 160.48, 1.79488
PHY_109, 571.32, 160.48, 1.79526
PHY_111, 571.32, 160.48, 1.79526
FILLER_0_54_1217, 571.32, 160.48, 1.79526
FILLER_0_56_21, 13.68, 160.48, 1.79493
_11726_, 34.64, 160.48, 1.79499
_13648_, 34.64, 160.48, 1.79499
FILLER_0_55_51, 34.64, 160.48, 1.79499
_11729_, 47.44, 160.48, 1.795
FILLER_0_55_84, 47.44, 160.48, 1.795
hold1615, 60.24, 160.48, 1.795
FILLER_0_55_107, 60.24, 160.48, 1.795
FILLER_0_56_129, 60.24, 160.48, 1.795
_11569_, 73.04, 160.48, 1.79501
_16243_, 73.04, 160.48, 1.79501
hold535, 73.04, 160.48, 1.79501
FILLER_0_54_141, 73.04, 160.48, 1.79501
_11579_, 85.84, 160.48, 1.79503
_16250_, 85.84, 160.48, 1.79503
FILLER_0_55_161, 85.84, 160.48, 1.79503
FILLER_0_54_190, 98.64, 160.48, 1.79505
FILLER_0_54_197, 98.64, 160.48, 1.79505
hold1340, 111.44, 160.48, 1.79508
FILLER_0_54_226, 111.44, 160.48, 1.79508
FILLER_0_55_217, 111.44, 160.48, 1.79508
_11589_, 124.24, 160.48, 1.7951
_11598_, 124.24, 160.48, 1.7951
_11599_, 124.24, 160.48, 1.7951
_13724_, 124.24, 160.48, 1.7951
_13729_, 124.24, 160.48, 1.7951
_16238_, 124.24, 160.48, 1.7951
hold2057, 124.24, 160.48, 1.7951
FILLER_0_55_252, 124.24, 160.48, 1.7951
_11588_, 137.04, 160.48, 1.79513
_16240_, 137.04, 160.48, 1.79513
hold657, 137.04, 160.48, 1.79513
hold770, 137.04, 160.48, 1.79513
FILLER_0_54_285, 137.04, 160.48, 1.79513
_09749_, 149.84, 160.48, 1.79517
_09761_, 149.84, 160.48, 1.79517
_11584_, 149.84, 160.48, 1.79517
_17152_, 149.84, 160.48, 1.79517
_17157_, 149.84, 160.48, 1.79517
hold708, 149.84, 160.48, 1.79517
FILLER_0_54_304, 149.84, 160.48, 1.79517
FILLER_0_54_309, 149.84, 160.48, 1.79517
_09748_, 162.64, 160.48, 1.79523
_09750_, 162.64, 160.48, 1.79523
_14750_, 162.64, 160.48, 1.79523
_14751_, 162.64, 160.48, 1.79523
_17151_, 162.64, 160.48, 1.79523
hold1980, 162.64, 160.48, 1.79523
_09846_, 188.24, 160.48, 1.79538
_14697_, 188.24, 160.48, 1.79538
hold1635, 188.24, 160.48, 1.79538
_09861_, 201.04, 160.48, 1.79546
_14690_, 201.04, 160.48, 1.79546
_17102_, 201.04, 160.48, 1.79546
_17137_, 201.04, 160.48, 1.79546
FILLER_0_54_417, 201.04, 160.48, 1.79546
_09799_, 213.84, 160.48, 1.79556
hold773, 213.84, 160.48, 1.79556
hold1714, 213.84, 160.48, 1.79556
FILLER_0_55_441, 213.84, 160.48, 1.79556
FILLER_0_56_466, 213.84, 160.48, 1.79556
_16916_, 226.64, 160.48, 1.79566
FILLER_0_54_473, 226.64, 160.48, 1.79566
FILLER_0_55_473, 226.64, 160.48, 1.79566
FILLER_0_55_481, 226.64, 160.48, 1.79566
FILLER_0_56_489, 226.64, 160.48, 1.79566
_10232_, 239.44, 160.48, 1.79577
_14483_, 239.44, 160.48, 1.79577
_14484_, 239.44, 160.48, 1.79577
_16917_, 239.44, 160.48, 1.79577
hold760, 239.44, 160.48, 1.79577
_10230_, 252.24, 160.48, 1.79589
_13191_, 252.24, 160.48, 1.79589
_13255_, 252.24, 160.48, 1.79589
FILLER_0_56_541, 252.24, 160.48, 1.79589
_13193_, 265.04, 160.48, 1.79601
_13194_, 265.04, 160.48, 1.79601
_13195_, 265.04, 160.48, 1.79601
_13196_, 265.04, 160.48, 1.79601
_15818_, 265.04, 160.48, 1.79601
FILLER_0_55_561, 265.04, 160.48, 1.79601
_13192_, 277.84, 160.48, 1.79616
_16890_, 277.84, 160.48, 1.79616
FILLER_0_56_601, 277.84, 160.48, 1.79616
_10285_, 290.64, 160.48, 1.79632
_10303_, 290.64, 160.48, 1.79632
_14454_, 290.64, 160.48, 1.79632
_16881_, 290.64, 160.48, 1.79632
FILLER_0_55_607, 290.64, 160.48, 1.79632
FILLER_0_55_624, 290.64, 160.48, 1.79632
_10296_, 303.44, 160.48, 1.79649
_10302_, 303.44, 160.48, 1.79649
_14445_, 303.44, 160.48, 1.79649
_14448_, 303.44, 160.48, 1.79649
_16884_, 303.44, 160.48, 1.79649
hold444, 303.44, 160.48, 1.79649
FILLER_0_54_640, 303.44, 160.48, 1.79649
FILLER_0_54_645, 303.44, 160.48, 1.79649
_13243_, 316.24, 160.48, 1.79666
hold1312, 316.24, 160.48, 1.79666
FILLER_0_55_663, 316.24, 160.48, 1.79666
_11175_, 341.84, 160.48, 1.79666
_11179_, 341.84, 160.48, 1.79666
_13958_, 341.84, 160.48, 1.79666
_16441_, 341.84, 160.48, 1.79666
hold1041, 341.84, 160.48, 1.79666
hold1496, 341.84, 160.48, 1.79666
FILLER_0_55_721, 341.84, 160.48, 1.79666
_11183_, 354.64, 160.48, 1.7965
_13965_, 354.64, 160.48, 1.7965
hold612, 354.64, 160.48, 1.7965
FILLER_0_54_750, 354.64, 160.48, 1.7965
FILLER_0_56_772, 354.64, 160.48, 1.7965
_16412_, 367.44, 160.48, 1.79633
hold1738, 367.44, 160.48, 1.79633
FILLER_0_54_783, 367.44, 160.48, 1.79633
FILLER_0_55_781, 367.44, 160.48, 1.79633
_11235_, 380.24, 160.48, 1.79617
_13924_, 380.24, 160.48, 1.79617
_16411_, 380.24, 160.48, 1.79617
_16415_, 380.24, 160.48, 1.79617
_16417_, 380.24, 160.48, 1.79617
hold914, 380.24, 160.48, 1.79617
FILLER_0_54_801, 380.24, 160.48, 1.79617
_11230_, 393.04, 160.48, 1.79603
_11242_, 393.04, 160.48, 1.79603
_11243_, 393.04, 160.48, 1.79603
_13923_, 393.04, 160.48, 1.79603
hold1597, 393.04, 160.48, 1.79603
hold1826, 393.04, 160.48, 1.79603
FILLER_0_55_849, 393.04, 160.48, 1.79603
_11307_, 405.84, 160.48, 1.7959
_16379_, 405.84, 160.48, 1.7959
hold251, 405.84, 160.48, 1.7959
hold1236, 405.84, 160.48, 1.7959
_11310_, 418.64, 160.48, 1.79577
_11311_, 418.64, 160.48, 1.79577
_13885_, 418.64, 160.48, 1.79577
_13887_, 418.64, 160.48, 1.79577
_16377_, 418.64, 160.48, 1.79577
hold1482, 418.64, 160.48, 1.79577
FILLER_0_55_909, 418.64, 160.48, 1.79577
_08946_, 431.44, 160.48, 1.79565
_08960_, 431.44, 160.48, 1.79565
_08961_, 431.44, 160.48, 1.79565
_17559_, 431.44, 160.48, 1.79565
hold128, 431.44, 160.48, 1.79565
FILLER_0_54_920, 431.44, 160.48, 1.79565
_08963_, 444.24, 160.48, 1.79554
_15188_, 444.24, 160.48, 1.79554
_15195_, 444.24, 160.48, 1.79554
_17551_, 444.24, 160.48, 1.79554
hold1662, 444.24, 160.48, 1.79554
FILLER_0_55_947, 444.24, 160.48, 1.79554
_08948_, 457.04, 160.48, 1.79544
_08949_, 457.04, 160.48, 1.79544
_08962_, 457.04, 160.48, 1.79544
_09007_, 457.04, 160.48, 1.79544
_15160_, 457.04, 160.48, 1.79544
_17529_, 457.04, 160.48, 1.79544
FILLER_0_55_972, 457.04, 160.48, 1.79544
FILLER_0_56_989, 457.04, 160.48, 1.79544
_09019_, 469.84, 160.48, 1.79534
_09089_, 469.84, 160.48, 1.79534
_17488_, 469.84, 160.48, 1.79534
hold310, 469.84, 160.48, 1.79534
hold1626, 469.84, 160.48, 1.79534
FILLER_0_55_1020, 469.84, 160.48, 1.79534
FILLER_0_56_1012, 469.84, 160.48, 1.79534
_09101_, 495.308, 160.48, 1.79526
hold603, 495.308, 160.48, 1.79526
hold1170, 495.308, 160.48, 1.79526
FILLER_0_54_1057, 495.308, 160.48, 1.79526
FILLER_0_54_1083, 507.977, 160.48, 1.79526
FILLER_0_55_1113, 520.645, 160.48, 1.79526
FILLER_0_54_1141, 533.314, 160.48, 1.79526
FILLER_0_55_1169, 545.982, 160.48, 1.79526
FILLER_0_54_1197, 558.651, 160.48, 1.79526
PHY_104, 5.52, 155.04, 1.79514
PHY_106, 5.52, 155.04, 1.79514
PHY_105, 571.32, 155.04, 1.79512
PHY_107, 571.32, 155.04, 1.79512
FILLER_0_52_1217, 571.32, 155.04, 1.79512
_11682_, 34.64, 155.04, 1.79512
_13678_, 34.64, 155.04, 1.79512
hold1698, 34.64, 155.04, 1.79512
hold1768, 34.64, 155.04, 1.79512
FILLER_0_53_51, 34.64, 155.04, 1.79512
FILLER_0_54_77, 34.64, 155.04, 1.79512
_11664_, 47.44, 155.04, 1.7951
_16200_, 47.44, 155.04, 1.7951
FILLER_0_52_79, 47.44, 155.04, 1.7951
FILLER_0_52_85, 47.44, 155.04, 1.7951
FILLER_0_54_97, 47.44, 155.04, 1.7951
_16177_, 60.24, 155.04, 1.79508
hold1614, 60.24, 155.04, 1.79508
FILLER_0_53_108, 60.24, 155.04, 1.79508
_11710_, 73.04, 155.04, 1.79507
_11711_, 73.04, 155.04, 1.79507
_13660_, 73.04, 155.04, 1.79507
_13662_, 73.04, 155.04, 1.79507
_16175_, 73.04, 155.04, 1.79507
_11709_, 85.84, 155.04, 1.79507
_16178_, 85.84, 155.04, 1.79507
FILLER_0_53_163, 85.84, 155.04, 1.79507
FILLER_0_53_184, 85.84, 155.04, 1.79507
_11544_, 98.64, 155.04, 1.79508
_11545_, 98.64, 155.04, 1.79508
_11563_, 98.64, 155.04, 1.79508
_11708_, 98.64, 155.04, 1.79508
_16251_, 98.64, 155.04, 1.79508
_16260_, 98.64, 155.04, 1.79508
FILLER_0_52_193, 98.64, 155.04, 1.79508
FILLER_0_54_211, 98.64, 155.04, 1.79508
_11556_, 111.44, 155.04, 1.7951
_11557_, 111.44, 155.04, 1.7951
_11562_, 111.44, 155.04, 1.7951
_13744_, 111.44, 155.04, 1.7951
_13747_, 111.44, 155.04, 1.7951
_16254_, 111.44, 155.04, 1.7951
hold747, 111.44, 155.04, 1.7951
hold2019, 111.44, 155.04, 1.7951
FILLER_0_52_228, 111.44, 155.04, 1.7951
FILLER_0_53_220, 111.44, 155.04, 1.7951
FILLER_0_53_225, 111.44, 155.04, 1.7951
_16233_, 124.24, 155.04, 1.79513
hold1445, 124.24, 155.04, 1.79513
FILLER_0_53_271, 124.24, 155.04, 1.79513
_11585_, 137.04, 155.04, 1.79517
_13731_, 137.04, 155.04, 1.79517
FILLER_0_54_294, 137.04, 155.04, 1.79517
_14745_, 149.84, 155.04, 1.79521
_17158_, 149.84, 155.04, 1.79521
hold628, 149.84, 155.04, 1.79521
FILLER_0_53_317, 149.84, 155.04, 1.79521
_17154_, 162.64, 155.04, 1.79526
FILLER_0_53_329, 162.64, 155.04, 1.79526
FILLER_0_53_349, 162.64, 155.04, 1.79526
FILLER_0_54_355, 162.64, 155.04, 1.79526
_09844_, 188.24, 155.04, 1.79539
_17110_, 188.24, 155.04, 1.79539
FILLER_0_53_387, 188.24, 155.04, 1.79539
FILLER_0_53_405, 188.24, 155.04, 1.79539
_09857_, 201.04, 155.04, 1.79547
_09860_, 201.04, 155.04, 1.79547
FILLER_0_52_421, 201.04, 155.04, 1.79547
FILLER_0_53_424, 201.04, 155.04, 1.79547
FILLER_0_53_431, 201.04, 155.04, 1.79547
FILLER_0_53_437, 201.04, 155.04, 1.79547
hold615, 213.84, 155.04, 1.79556
FILLER_0_53_445, 213.84, 155.04, 1.79556
FILLER_0_53_461, 213.84, 155.04, 1.79556
_10233_, 226.64, 155.04, 1.79564
_10324_, 226.64, 155.04, 1.79564
_10325_, 226.64, 155.04, 1.79564
hold748, 226.64, 155.04, 1.79564
FILLER_0_53_471, 226.64, 155.04, 1.79564
FILLER_0_54_489, 226.64, 155.04, 1.79564
_10231_, 239.44, 155.04, 1.79573
FILLER_0_54_511, 239.44, 155.04, 1.79573
_13265_, 252.24, 155.04, 1.79581
_15820_, 252.24, 155.04, 1.79581
FILLER_0_52_529, 252.24, 155.04, 1.79581
FILLER_0_53_529, 252.24, 155.04, 1.79581
FILLER_0_54_550, 252.24, 155.04, 1.79581
_13197_, 265.04, 155.04, 1.79592
_13198_, 265.04, 155.04, 1.79592
_13199_, 265.04, 155.04, 1.79592
_15819_, 265.04, 155.04, 1.79592
FILLER_0_52_553, 265.04, 155.04, 1.79592
FILLER_0_52_589, 277.84, 155.04, 1.79606
FILLER_0_53_610, 290.64, 155.04, 1.7962
_10297_, 303.44, 155.04, 1.79634
_11255_, 303.44, 155.04, 1.79634
_16405_, 303.44, 155.04, 1.79634
FILLER_0_52_640, 303.44, 155.04, 1.79634
FILLER_0_52_645, 303.44, 155.04, 1.79634
FILLER_0_53_641, 303.44, 155.04, 1.79634
FILLER_0_54_651, 303.44, 155.04, 1.79634
FILLER_0_54_660, 303.44, 155.04, 1.79634
_11254_, 316.24, 155.04, 1.79648
_11257_, 316.24, 155.04, 1.79648
_11263_, 316.24, 155.04, 1.79648
_16404_, 316.24, 155.04, 1.79648
hold746, 316.24, 155.04, 1.79648
FILLER_0_53_673, 316.24, 155.04, 1.79648
FILLER_0_54_678, 316.24, 155.04, 1.79648
_11178_, 341.84, 155.04, 1.79643
_11252_, 341.84, 155.04, 1.79643
hold1310, 341.84, 155.04, 1.79643
FILLER_0_53_741, 341.84, 155.04, 1.79643
_11164_, 354.64, 155.04, 1.79621
_11165_, 354.64, 155.04, 1.79621
_11182_, 354.64, 155.04, 1.79621
_16450_, 354.64, 155.04, 1.79621
FILLER_0_52_757, 354.64, 155.04, 1.79621
_11240_, 367.44, 155.04, 1.79601
_11241_, 367.44, 155.04, 1.79601
hold588, 367.44, 155.04, 1.79601
FILLER_0_53_778, 367.44, 155.04, 1.79601
FILLER_0_54_791, 367.44, 155.04, 1.79601
_11234_, 380.24, 155.04, 1.7958
_13927_, 380.24, 155.04, 1.7958
FILLER_0_53_809, 380.24, 155.04, 1.7958
_11317_, 393.04, 155.04, 1.7956
_11321_, 393.04, 155.04, 1.7956
_13878_, 393.04, 155.04, 1.7956
_16372_, 393.04, 155.04, 1.7956
FILLER_0_52_837, 393.04, 155.04, 1.7956
FILLER_0_53_835, 393.04, 155.04, 1.7956
_11306_, 405.84, 155.04, 1.79541
_11316_, 405.84, 155.04, 1.79541
_11320_, 405.84, 155.04, 1.79541
_13880_, 405.84, 155.04, 1.79541
_13882_, 405.84, 155.04, 1.79541
clkbuf_leaf_224_clk, 405.84, 155.04, 1.79541
hold1460, 405.84, 155.04, 1.79541
_13883_, 418.64, 155.04, 1.79526
_17552_, 418.64, 155.04, 1.79526
clkbuf_2_2_0_clk, 418.64, 155.04, 1.79526
hold594, 418.64, 155.04, 1.79526
FILLER_0_52_886, 418.64, 155.04, 1.79526
FILLER_0_53_890, 418.64, 155.04, 1.79526
_08945_, 431.44, 155.04, 1.79519
_15189_, 431.44, 155.04, 1.79519
_15197_, 431.44, 155.04, 1.79519
_17560_, 431.44, 155.04, 1.79519
hold259, 431.44, 155.04, 1.79519
FILLER_0_52_914, 431.44, 155.04, 1.79519
FILLER_0_54_939, 431.44, 155.04, 1.79519
_17558_, 444.24, 155.04, 1.79514
hold1680, 444.24, 155.04, 1.79514
_09006_, 457.04, 155.04, 1.7951
_15154_, 457.04, 155.04, 1.7951
_17523_, 457.04, 155.04, 1.7951
_17526_, 457.04, 155.04, 1.7951
clkbuf_leaf_188_clk, 457.04, 155.04, 1.7951
FILLER_0_53_993, 457.04, 155.04, 1.7951
_09012_, 469.84, 155.04, 1.79512
_15110_, 469.84, 155.04, 1.79512
_17486_, 469.84, 155.04, 1.79512
hold1752, 469.84, 155.04, 1.79512
FILLER_0_54_1013, 469.84, 155.04, 1.79512
_09096_, 495.308, 155.04, 1.79513
_09097_, 495.308, 155.04, 1.79513
_15114_, 495.308, 155.04, 1.79513
_17484_, 495.308, 155.04, 1.79513
hold740, 495.308, 155.04, 1.79513
FILLER_0_53_1078, 495.308, 155.04, 1.79513
FILLER_0_54_1065, 495.308, 155.04, 1.79513
_08046_, 507.977, 155.04, 1.79512
_08047_, 507.977, 155.04, 1.79512
_08061_, 507.977, 155.04, 1.79512
_18009_, 507.977, 155.04, 1.79512
hold552, 507.977, 155.04, 1.79512
_08045_, 520.645, 155.04, 1.79512
_15689_, 520.645, 155.04, 1.79512
_15691_, 520.645, 155.04, 1.79512
_15697_, 520.645, 155.04, 1.79512
FILLER_0_52_1141, 533.314, 155.04, 1.79512
FILLER_0_53_1173, 545.982, 155.04, 1.79512
FILLER_0_52_1197, 558.651, 155.04, 1.79512
PHY_100, 5.52, 149.6, 1.79526
PHY_102, 5.52, 149.6, 1.79526
PHY_101, 571.32, 149.6, 1.79502
PHY_103, 571.32, 149.6, 1.79502
FILLER_0_50_1217, 571.32, 149.6, 1.79502
_11674_, 34.64, 149.6, 1.79525
_11683_, 34.64, 149.6, 1.79525
_16191_, 34.64, 149.6, 1.79525
hold2010, 34.64, 149.6, 1.79525
_11665_, 47.44, 149.6, 1.79524
_11677_, 47.44, 149.6, 1.79524
_13683_, 47.44, 149.6, 1.79524
_13687_, 47.44, 149.6, 1.79524
_16196_, 47.44, 149.6, 1.79524
FILLER_0_50_85, 47.44, 149.6, 1.79524
FILLER_0_52_101, 47.44, 149.6, 1.79524
_11672_, 60.24, 149.6, 1.79523
FILLER_0_52_130, 60.24, 149.6, 1.79523
_11714_, 73.04, 149.6, 1.79523
_11715_, 73.04, 149.6, 1.79523
hold180, 73.04, 149.6, 1.79523
FILLER_0_51_137, 73.04, 149.6, 1.79523
FILLER_0_51_152, 73.04, 149.6, 1.79523
_11707_, 85.84, 149.6, 1.79523
_13663_, 85.84, 149.6, 1.79523
_16179_, 85.84, 149.6, 1.79523
hold1379, 85.84, 149.6, 1.79523
FILLER_0_50_165, 85.84, 149.6, 1.79523
_13753_, 98.64, 149.6, 1.79523
hold989, 98.64, 149.6, 1.79523
FILLER_0_51_213, 98.64, 149.6, 1.79523
_13748_, 111.44, 149.6, 1.79524
_16255_, 111.44, 149.6, 1.79524
hold1380, 111.44, 149.6, 1.79524
FILLER_0_51_221, 111.44, 149.6, 1.79524
FILLER_0_51_237, 111.44, 149.6, 1.79524
_11554_, 124.24, 149.6, 1.79526
_11555_, 124.24, 149.6, 1.79526
_11653_, 137.04, 149.6, 1.79527
_16205_, 137.04, 149.6, 1.79527
_16206_, 137.04, 149.6, 1.79527
FILLER_0_51_274, 137.04, 149.6, 1.79527
FILLER_0_51_281, 137.04, 149.6, 1.79527
FILLER_0_52_288, 137.04, 149.6, 1.79527
_11652_, 149.84, 149.6, 1.7953
_16207_, 149.84, 149.6, 1.7953
FILLER_0_50_309, 149.84, 149.6, 1.7953
_13643_, 162.64, 149.6, 1.79534
hold340, 162.64, 149.6, 1.79534
FILLER_0_51_332, 162.64, 149.6, 1.79534
FILLER_0_52_353, 162.64, 149.6, 1.79534
_09845_, 188.24, 149.6, 1.79542
_09849_, 188.24, 149.6, 1.79542
_14696_, 188.24, 149.6, 1.79542
_14698_, 188.24, 149.6, 1.79542
_17108_, 188.24, 149.6, 1.79542
hold321, 188.24, 149.6, 1.79542
hold837, 188.24, 149.6, 1.79542
FILLER_0_51_385, 188.24, 149.6, 1.79542
_09855_, 201.04, 149.6, 1.79548
_17104_, 201.04, 149.6, 1.79548
_17105_, 201.04, 149.6, 1.79548
hold357, 201.04, 149.6, 1.79548
hold1186, 201.04, 149.6, 1.79548
_09856_, 213.84, 149.6, 1.79556
_10341_, 213.84, 149.6, 1.79556
_14693_, 213.84, 149.6, 1.79556
_16862_, 213.84, 149.6, 1.79556
_16870_, 213.84, 149.6, 1.79556
hold495, 213.84, 149.6, 1.79556
_10338_, 226.64, 149.6, 1.79564
_14432_, 226.64, 149.6, 1.79564
hold1288, 226.64, 149.6, 1.79564
hold2081, 226.64, 149.6, 1.79564
_10328_, 239.44, 149.6, 1.79573
_10335_, 239.44, 149.6, 1.79573
_14427_, 239.44, 149.6, 1.79573
_16865_, 239.44, 149.6, 1.79573
hold2105, 239.44, 149.6, 1.79573
FILLER_0_51_515, 239.44, 149.6, 1.79573
_10334_, 252.24, 149.6, 1.79583
_13202_, 252.24, 149.6, 1.79583
FILLER_0_50_529, 252.24, 149.6, 1.79583
FILLER_0_51_550, 252.24, 149.6, 1.79583
_13200_, 265.04, 149.6, 1.79593
_13201_, 265.04, 149.6, 1.79593
_13227_, 277.84, 149.6, 1.79604
_13266_, 277.84, 149.6, 1.79604
FILLER_0_51_606, 290.64, 149.6, 1.79614
_11258_, 303.44, 149.6, 1.79625
_11259_, 303.44, 149.6, 1.79625
_16403_, 303.44, 149.6, 1.79625
FILLER_0_50_638, 303.44, 149.6, 1.79625
FILLER_0_51_653, 303.44, 149.6, 1.79625
_13914_, 316.24, 149.6, 1.79636
_13915_, 316.24, 149.6, 1.79636
_13916_, 316.24, 149.6, 1.79636
_16401_, 316.24, 149.6, 1.79636
clkbuf_leaf_219_clk, 316.24, 149.6, 1.79636
FILLER_0_50_669, 316.24, 149.6, 1.79636
FILLER_0_51_685, 316.24, 149.6, 1.79636
_11193_, 341.84, 149.6, 1.79639
_13242_, 341.84, 149.6, 1.79639
_16436_, 341.84, 149.6, 1.79639
FILLER_0_50_725, 341.84, 149.6, 1.79639
FILLER_0_51_724, 341.84, 149.6, 1.79639
FILLER_0_51_729, 341.84, 149.6, 1.79639
FILLER_0_51_738, 341.84, 149.6, 1.79639
_11192_, 354.64, 149.6, 1.79626
_11203_, 354.64, 149.6, 1.79626
_16431_, 354.64, 149.6, 1.79626
hold727, 354.64, 149.6, 1.79626
hold1102, 354.64, 149.6, 1.79626
FILLER_0_51_751, 354.64, 149.6, 1.79626
FILLER_0_52_770, 354.64, 149.6, 1.79626
_11186_, 367.44, 149.6, 1.79614
_11187_, 367.44, 149.6, 1.79614
_11202_, 367.44, 149.6, 1.79614
hold997, 367.44, 149.6, 1.79614
_11209_, 380.24, 149.6, 1.79602
_16374_, 393.04, 149.6, 1.7959
FILLER_0_51_836, 393.04, 149.6, 1.7959
_11313_, 405.84, 149.6, 1.79579
_13884_, 405.84, 149.6, 1.79579
_16376_, 405.84, 149.6, 1.79579
FILLER_0_50_864, 405.84, 149.6, 1.79579
FILLER_0_50_869, 405.84, 149.6, 1.79579
FILLER_0_51_865, 405.84, 149.6, 1.79579
FILLER_0_52_872, 405.84, 149.6, 1.79579
_11312_, 418.64, 149.6, 1.79568
_11315_, 418.64, 149.6, 1.79568
_15087_, 418.64, 149.6, 1.79568
hold567, 418.64, 149.6, 1.79568
_08944_, 431.44, 149.6, 1.79558
_15187_, 431.44, 149.6, 1.79558
hold1985, 431.44, 149.6, 1.79558
FILLER_0_50_915, 431.44, 149.6, 1.79558
FILLER_0_51_943, 444.24, 149.6, 1.79548
_09013_, 457.04, 149.6, 1.79539
hold1535, 457.04, 149.6, 1.79539
FILLER_0_51_977, 457.04, 149.6, 1.79539
FILLER_0_50_1005, 469.84, 149.6, 1.79529
FILLER_0_51_1000, 469.84, 149.6, 1.79529
hold346, 495.308, 149.6, 1.79513
FILLER_0_51_1057, 495.308, 149.6, 1.79513
FILLER_0_51_1077, 495.308, 149.6, 1.79513
_08060_, 507.977, 149.6, 1.79506
_15642_, 507.977, 149.6, 1.79506
_15696_, 507.977, 149.6, 1.79506
_18002_, 507.977, 149.6, 1.79506
_18010_, 507.977, 149.6, 1.79506
hold144, 507.977, 149.6, 1.79506
FILLER_0_50_1080, 507.977, 149.6, 1.79506
FILLER_0_50_1089, 507.977, 149.6, 1.79506
_08044_, 520.645, 149.6, 1.79502
_08056_, 520.645, 149.6, 1.79502
_08057_, 520.645, 149.6, 1.79502
_18004_, 520.645, 149.6, 1.79502
clkbuf_leaf_193_clk, 520.645, 149.6, 1.79502
hold290, 520.645, 149.6, 1.79502
hold680, 520.645, 149.6, 1.79502
FILLER_0_51_1109, 520.645, 149.6, 1.79502
FILLER_0_50_1141, 533.314, 149.6, 1.79502
FILLER_0_51_1165, 545.982, 149.6, 1.79502
FILLER_0_51_1173, 545.982, 149.6, 1.79502
FILLER_0_50_1197, 558.651, 149.6, 1.79502
PHY_96, 5.52, 144.16, 1.79534
PHY_98, 5.52, 144.16, 1.79534
output60, 5.52, 144.16, 1.79534
PHY_97, 571.32, 144.16, 1.79466
PHY_99, 571.32, 144.16, 1.79466
output8, 571.32, 144.16, 1.79466
ANTENNA_6, 571.32, 144.16, 1.79466
FILLER_0_48_1217, 571.32, 144.16, 1.79466
FILLER_0_50_21, 13.68, 144.16, 1.79535
_13680_, 34.64, 144.16, 1.79532
_13682_, 34.64, 144.16, 1.79532
FILLER_0_48_53, 34.64, 144.16, 1.79532
FILLER_0_48_61, 34.64, 144.16, 1.79532
FILLER_0_49_51, 34.64, 144.16, 1.79532
FILLER_0_49_72, 34.64, 144.16, 1.79532
_11673_, 47.44, 144.16, 1.79527
_11676_, 47.44, 144.16, 1.79527
_13679_, 47.44, 144.16, 1.79527
_16192_, 47.44, 144.16, 1.79527
_16194_, 47.44, 144.16, 1.79527
hold918, 47.44, 144.16, 1.79527
FILLER_0_49_103, 47.44, 144.16, 1.79527
_11680_, 60.24, 144.16, 1.79525
_11723_, 60.24, 144.16, 1.79525
hold1484, 60.24, 144.16, 1.79525
FILLER_0_49_125, 60.24, 144.16, 1.79525
FILLER_0_50_132, 60.24, 144.16, 1.79525
_11713_, 73.04, 144.16, 1.79522
_11722_, 73.04, 144.16, 1.79522
_13655_, 73.04, 144.16, 1.79522
_13656_, 73.04, 144.16, 1.79522
hold532, 73.04, 144.16, 1.79522
_11706_, 85.84, 144.16, 1.7952
_13659_, 85.84, 144.16, 1.7952
_13664_, 85.84, 144.16, 1.7952
FILLER_0_49_164, 85.84, 144.16, 1.7952
_16257_, 98.64, 144.16, 1.79518
clkbuf_leaf_2_clk, 98.64, 144.16, 1.79518
FILLER_0_48_192, 98.64, 144.16, 1.79518
FILLER_0_48_197, 98.64, 144.16, 1.79518
FILLER_0_49_193, 98.64, 144.16, 1.79518
_11550_, 111.44, 144.16, 1.79521
_13743_, 111.44, 144.16, 1.79521
_13751_, 111.44, 144.16, 1.79521
hold1968, 111.44, 144.16, 1.79521
_11560_, 124.24, 144.16, 1.79524
_13745_, 124.24, 144.16, 1.79524
hold855, 124.24, 144.16, 1.79524
_11649_, 137.04, 144.16, 1.79528
_11654_, 137.04, 144.16, 1.79528
_11655_, 137.04, 144.16, 1.79528
_13693_, 137.04, 144.16, 1.79528
_13694_, 137.04, 144.16, 1.79528
hold229, 137.04, 144.16, 1.79528
FILLER_0_49_273, 137.04, 144.16, 1.79528
FILLER_0_49_281, 137.04, 144.16, 1.79528
_11650_, 149.84, 144.16, 1.79531
_11651_, 149.84, 144.16, 1.79531
_13695_, 149.84, 144.16, 1.79531
FILLER_0_48_302, 149.84, 144.16, 1.79531
FILLER_0_48_309, 149.84, 144.16, 1.79531
FILLER_0_49_314, 149.84, 144.16, 1.79531
_11658_, 162.64, 144.16, 1.79535
_11659_, 162.64, 144.16, 1.79535
_13692_, 162.64, 144.16, 1.79535
hold439, 162.64, 144.16, 1.79535
_09848_, 188.24, 144.16, 1.79541
_14694_, 188.24, 144.16, 1.79541
_17106_, 188.24, 144.16, 1.79541
FILLER_0_49_384, 188.24, 144.16, 1.79541
_09852_, 201.04, 144.16, 1.79543
_14689_, 201.04, 144.16, 1.79543
_14692_, 201.04, 144.16, 1.79543
_17101_, 201.04, 144.16, 1.79543
FILLER_0_48_416, 201.04, 144.16, 1.79543
FILLER_0_49_428, 201.04, 144.16, 1.79543
_09854_, 213.84, 144.16, 1.79547
_09862_, 213.84, 144.16, 1.79547
_09863_, 213.84, 144.16, 1.79547
_10339_, 213.84, 144.16, 1.79547
_16863_, 213.84, 144.16, 1.79547
FILLER_0_49_445, 213.84, 144.16, 1.79547
_10329_, 226.64, 144.16, 1.79551
_10340_, 226.64, 144.16, 1.79551
_14424_, 226.64, 144.16, 1.79551
_14425_, 226.64, 144.16, 1.79551
FILLER_0_48_470, 226.64, 144.16, 1.79551
FILLER_0_49_468, 226.64, 144.16, 1.79551
FILLER_0_49_492, 226.64, 144.16, 1.79551
FILLER_0_50_488, 226.64, 144.16, 1.79551
_14430_, 239.44, 144.16, 1.79555
_16868_, 239.44, 144.16, 1.79555
hold627, 239.44, 144.16, 1.79555
FILLER_0_48_501, 239.44, 144.16, 1.79555
_13203_, 252.24, 144.16, 1.7956
_13267_, 252.24, 144.16, 1.7956
_15821_, 252.24, 144.16, 1.7956
FILLER_0_48_533, 252.24, 144.16, 1.7956
FILLER_0_49_525, 252.24, 144.16, 1.7956
_13204_, 265.04, 144.16, 1.79567
_13231_, 265.04, 144.16, 1.79567
clkbuf_leaf_246_clk, 265.04, 144.16, 1.79567
FILLER_0_48_555, 265.04, 144.16, 1.79567
FILLER_0_49_573, 265.04, 144.16, 1.79567
_13229_, 277.84, 144.16, 1.79579
_13230_, 277.84, 144.16, 1.79579
_13232_, 277.84, 144.16, 1.79579
_13239_, 277.84, 144.16, 1.79579
_13275_, 277.84, 144.16, 1.79579
_15829_, 277.84, 144.16, 1.79579
_13237_, 290.64, 144.16, 1.79592
_13276_, 290.64, 144.16, 1.79592
_13278_, 290.64, 144.16, 1.79592
_15831_, 290.64, 144.16, 1.79592
FILLER_0_49_617, 290.64, 144.16, 1.79592
FILLER_0_48_634, 303.44, 144.16, 1.79606
_11260_, 316.24, 144.16, 1.79621
_16410_, 316.24, 144.16, 1.79621
hold744, 316.24, 144.16, 1.79621
FILLER_0_49_673, 316.24, 144.16, 1.79621
_16435_, 341.84, 144.16, 1.79617
_16440_, 341.84, 144.16, 1.79617
hold1378, 341.84, 144.16, 1.79617
_11194_, 354.64, 144.16, 1.796
_11195_, 354.64, 144.16, 1.796
_13945_, 354.64, 144.16, 1.796
_13949_, 354.64, 144.16, 1.796
_13950_, 354.64, 144.16, 1.796
_16437_, 354.64, 144.16, 1.796
_16439_, 354.64, 144.16, 1.796
FILLER_0_48_752, 354.64, 144.16, 1.796
FILLER_0_49_756, 354.64, 144.16, 1.796
_11190_, 367.44, 144.16, 1.79584
_11191_, 367.44, 144.16, 1.79584
_13951_, 367.44, 144.16, 1.79584
_13953_, 367.44, 144.16, 1.79584
hold1776, 367.44, 144.16, 1.79584
_11205_, 380.24, 144.16, 1.79569
_16428_, 380.24, 144.16, 1.79569
_16430_, 380.24, 144.16, 1.79569
clkbuf_leaf_223_clk, 380.24, 144.16, 1.79569
hold1159, 380.24, 144.16, 1.79569
FILLER_0_48_802, 380.24, 144.16, 1.79569
FILLER_0_50_816, 380.24, 144.16, 1.79569
_11208_, 393.04, 144.16, 1.7956
_16422_, 393.04, 144.16, 1.7956
hold1705, 393.04, 144.16, 1.7956
FILLER_0_48_841, 393.04, 144.16, 1.7956
FILLER_0_49_837, 393.04, 144.16, 1.7956
_11218_, 405.84, 144.16, 1.79551
_16375_, 405.84, 144.16, 1.79551
hold616, 405.84, 144.16, 1.79551
hold703, 405.84, 144.16, 1.79551
FILLER_0_48_862, 405.84, 144.16, 1.79551
FILLER_0_50_877, 405.84, 144.16, 1.79551
_11314_, 418.64, 144.16, 1.79544
FILLER_0_49_893, 418.64, 144.16, 1.79544
_09128_, 431.44, 144.16, 1.79536
_09129_, 431.44, 144.16, 1.79536
hold654, 431.44, 144.16, 1.79536
FILLER_0_48_913, 431.44, 144.16, 1.79536
_09070_, 444.24, 144.16, 1.79529
_09071_, 444.24, 144.16, 1.79529
_09077_, 444.24, 144.16, 1.79529
_09142_, 444.24, 144.16, 1.79529
_17491_, 444.24, 144.16, 1.79529
_17497_, 444.24, 144.16, 1.79529
FILLER_0_48_946, 444.24, 144.16, 1.79529
FILLER_0_49_945, 444.24, 144.16, 1.79529
FILLER_0_49_953, 444.24, 144.16, 1.79529
FILLER_0_50_961, 444.24, 144.16, 1.79529
_09076_, 457.04, 144.16, 1.79523
_09083_, 457.04, 144.16, 1.79523
_15127_, 457.04, 144.16, 1.79523
_15128_, 457.04, 144.16, 1.79523
hold1975, 457.04, 144.16, 1.79523
_09002_, 469.84, 144.16, 1.79517
_09003_, 469.84, 144.16, 1.79517
_17531_, 469.84, 144.16, 1.79517
hold1139, 469.84, 144.16, 1.79517
FILLER_0_49_997, 469.84, 144.16, 1.79517
FILLER_0_49_1005, 469.84, 144.16, 1.79517
FILLER_0_50_1021, 469.84, 144.16, 1.79517
_08984_, 495.308, 144.16, 1.79504
_08985_, 495.308, 144.16, 1.79504
_08998_, 495.308, 144.16, 1.79504
_17540_, 495.308, 144.16, 1.79504
hold705, 495.308, 144.16, 1.79504
FILLER_0_49_1053, 495.308, 144.16, 1.79504
FILLER_0_50_1072, 495.308, 144.16, 1.79504
_15687_, 507.977, 144.16, 1.79498
FILLER_0_48_1084, 507.977, 144.16, 1.79498
FILLER_0_49_1089, 507.977, 144.16, 1.79498
FILLER_0_50_1105, 507.977, 144.16, 1.79498
FILLER_0_48_1117, 520.645, 144.16, 1.79491
FILLER_0_49_1110, 520.645, 144.16, 1.79491
_08058_, 533.314, 144.16, 1.79485
hold167, 533.314, 144.16, 1.79485
FILLER_0_49_1169, 545.982, 144.16, 1.79479
FILLER_0_48_1197, 558.651, 144.16, 1.79472
FILLER_0_49_1213, 558.651, 144.16, 1.79472
PHY_92, 5.52, 138.72, 1.79545
PHY_94, 5.52, 138.72, 1.79545
PHY_93, 571.32, 138.72, 1.79509
PHY_95, 571.32, 138.72, 1.79509
FILLER_0_46_1217, 571.32, 138.72, 1.79509
_11667_, 34.64, 138.72, 1.79534
_11669_, 34.64, 138.72, 1.79534
clkbuf_leaf_269_clk, 34.64, 138.72, 1.79534
hold2118, 34.64, 138.72, 1.79534
_11681_, 47.44, 138.72, 1.79528
_13677_, 47.44, 138.72, 1.79528
_13681_, 47.44, 138.72, 1.79528
FILLER_0_46_78, 47.44, 138.72, 1.79528
FILLER_0_47_80, 47.44, 138.72, 1.79528
FILLER_0_47_88, 47.44, 138.72, 1.79528
FILLER_0_47_105, 47.44, 138.72, 1.79528
_16171_, 60.24, 138.72, 1.79522
clkbuf_leaf_0_clk, 60.24, 138.72, 1.79522
FILLER_0_46_109, 60.24, 138.72, 1.79522
FILLER_0_46_117, 60.24, 138.72, 1.79522
FILLER_0_47_113, 60.24, 138.72, 1.79522
_16176_, 73.04, 138.72, 1.79521
hold183, 73.04, 138.72, 1.79521
_11716_, 85.84, 138.72, 1.7952
_11717_, 85.84, 138.72, 1.7952
_13665_, 85.84, 138.72, 1.7952
_16172_, 85.84, 138.72, 1.7952
_16174_, 85.84, 138.72, 1.7952
hold1669, 85.84, 138.72, 1.7952
FILLER_0_48_181, 85.84, 138.72, 1.7952
_11547_, 98.64, 138.72, 1.79522
_11551_, 98.64, 138.72, 1.79522
_13750_, 98.64, 138.72, 1.79522
_16259_, 98.64, 138.72, 1.79522
FILLER_0_46_197, 98.64, 138.72, 1.79522
FILLER_0_47_201, 98.64, 138.72, 1.79522
_11546_, 111.44, 138.72, 1.79523
_11548_, 111.44, 138.72, 1.79523
_11553_, 111.44, 138.72, 1.79523
_11561_, 111.44, 138.72, 1.79523
_13749_, 111.44, 138.72, 1.79523
_13752_, 111.44, 138.72, 1.79523
_16252_, 111.44, 138.72, 1.79523
FILLER_0_46_228, 111.44, 138.72, 1.79523
FILLER_0_47_231, 111.44, 138.72, 1.79523
FILLER_0_48_235, 111.44, 138.72, 1.79523
_11558_, 124.24, 138.72, 1.79526
_11559_, 124.24, 138.72, 1.79526
_16253_, 124.24, 138.72, 1.79526
hold1947, 124.24, 138.72, 1.79526
FILLER_0_48_267, 124.24, 138.72, 1.79526
_11647_, 137.04, 138.72, 1.7953
_11648_, 137.04, 138.72, 1.7953
_13696_, 137.04, 138.72, 1.7953
hold1619, 137.04, 138.72, 1.7953
_13688_, 149.84, 138.72, 1.79533
_16203_, 149.84, 138.72, 1.79533
hold1623, 149.84, 138.72, 1.79533
FILLER_0_46_309, 149.84, 138.72, 1.79533
FILLER_0_47_311, 149.84, 138.72, 1.79533
_11656_, 162.64, 138.72, 1.79538
_11657_, 162.64, 138.72, 1.79538
_13691_, 162.64, 138.72, 1.79538
hold1601, 162.64, 138.72, 1.79538
FILLER_0_47_337, 162.64, 138.72, 1.79538
_09853_, 188.24, 138.72, 1.79545
FILLER_0_47_387, 188.24, 138.72, 1.79545
clkbuf_leaf_242_clk, 201.04, 138.72, 1.79546
FILLER_0_46_413, 201.04, 138.72, 1.79546
FILLER_0_48_433, 201.04, 138.72, 1.79546
_10331_, 213.84, 138.72, 1.79552
FILLER_0_46_445, 213.84, 138.72, 1.79552
FILLER_0_47_441, 213.84, 138.72, 1.79552
FILLER_0_47_461, 213.84, 138.72, 1.79552
_10330_, 226.64, 138.72, 1.79558
_14428_, 226.64, 138.72, 1.79558
_14429_, 226.64, 138.72, 1.79558
hold276, 226.64, 138.72, 1.79558
_10327_, 239.44, 138.72, 1.79564
_14422_, 239.44, 138.72, 1.79564
FILLER_0_47_495, 239.44, 138.72, 1.79564
FILLER_0_48_509, 239.44, 138.72, 1.79564
_13205_, 252.24, 138.72, 1.7957
_13206_, 252.24, 138.72, 1.7957
_15822_, 252.24, 138.72, 1.7957
FILLER_0_46_529, 252.24, 138.72, 1.7957
FILLER_0_46_533, 252.24, 138.72, 1.7957
FILLER_0_47_533, 252.24, 138.72, 1.7957
_13268_, 265.04, 138.72, 1.79578
hold2242, 265.04, 138.72, 1.79578
_13235_, 277.84, 138.72, 1.79587
_13236_, 277.84, 138.72, 1.79587
_13238_, 277.84, 138.72, 1.79587
FILLER_0_46_589, 277.84, 138.72, 1.79587
FILLER_0_47_593, 277.84, 138.72, 1.79587
_13233_, 290.64, 138.72, 1.79596
_13234_, 290.64, 138.72, 1.79596
_13240_, 290.64, 138.72, 1.79596
_13279_, 290.64, 138.72, 1.79596
_15832_, 290.64, 138.72, 1.79596
_11261_, 303.44, 138.72, 1.79605
_16402_, 303.44, 138.72, 1.79605
FILLER_0_46_635, 303.44, 138.72, 1.79605
FILLER_0_46_645, 303.44, 138.72, 1.79605
FILLER_0_47_647, 303.44, 138.72, 1.79605
_13913_, 316.24, 138.72, 1.79616
hold745, 316.24, 138.72, 1.79616
FILLER_0_47_688, 316.24, 138.72, 1.79616
_11185_, 341.84, 138.72, 1.7961
_11250_, 341.84, 138.72, 1.7961
clkbuf_leaf_220_clk, 341.84, 138.72, 1.7961
FILLER_0_46_727, 341.84, 138.72, 1.7961
FILLER_0_47_722, 341.84, 138.72, 1.7961
FILLER_0_46_751, 354.64, 138.72, 1.79598
FILLER_0_48_769, 354.64, 138.72, 1.79598
_11188_, 367.44, 138.72, 1.79586
_11189_, 367.44, 138.72, 1.79586
_13952_, 367.44, 138.72, 1.79586
hold422, 367.44, 138.72, 1.79586
_11204_, 380.24, 138.72, 1.79575
_13941_, 380.24, 138.72, 1.79575
_13943_, 380.24, 138.72, 1.79575
_16426_, 380.24, 138.72, 1.79575
FILLER_0_46_802, 380.24, 138.72, 1.79575
FILLER_0_47_808, 380.24, 138.72, 1.79575
_11219_, 393.04, 138.72, 1.79563
_11220_, 393.04, 138.72, 1.79563
_11221_, 393.04, 138.72, 1.79563
_13933_, 393.04, 138.72, 1.79563
_13935_, 393.04, 138.72, 1.79563
_16423_, 393.04, 138.72, 1.79563
hold774, 393.04, 138.72, 1.79563
_13936_, 405.84, 138.72, 1.79553
hold1331, 405.84, 138.72, 1.79553
_17465_, 418.64, 138.72, 1.79543
FILLER_0_47_890, 418.64, 138.72, 1.79543
FILLER_0_47_897, 418.64, 138.72, 1.79543
_09134_, 431.44, 138.72, 1.79534
_09135_, 431.44, 138.72, 1.79534
_15093_, 431.44, 138.72, 1.79534
_17461_, 431.44, 138.72, 1.79534
_17468_, 431.44, 138.72, 1.79534
hold1421, 431.44, 138.72, 1.79534
_09143_, 444.24, 138.72, 1.79526
_17494_, 444.24, 138.72, 1.79526
hold842, 444.24, 138.72, 1.79526
_09073_, 457.04, 138.72, 1.7952
_09082_, 457.04, 138.72, 1.7952
_15122_, 457.04, 138.72, 1.7952
_15125_, 457.04, 138.72, 1.7952
_17496_, 457.04, 138.72, 1.7952
hold1889, 457.04, 138.72, 1.7952
FILLER_0_46_969, 457.04, 138.72, 1.7952
FILLER_0_46_977, 457.04, 138.72, 1.7952
FILLER_0_47_995, 457.04, 138.72, 1.7952
_09072_, 469.84, 138.72, 1.79513
_15166_, 469.84, 138.72, 1.79513
_17536_, 469.84, 138.72, 1.79513
clkbuf_leaf_189_clk, 469.84, 138.72, 1.79513
_08989_, 495.308, 138.72, 1.79511
_15175_, 495.308, 138.72, 1.79511
hold1644, 495.308, 138.72, 1.79511
_08048_, 507.977, 138.72, 1.7951
_08049_, 507.977, 138.72, 1.7951
_15693_, 507.977, 138.72, 1.7951
_15695_, 507.977, 138.72, 1.7951
hold145, 507.977, 138.72, 1.7951
FILLER_0_47_1083, 507.977, 138.72, 1.7951
_08059_, 520.645, 138.72, 1.79509
_15688_, 520.645, 138.72, 1.79509
_15690_, 520.645, 138.72, 1.79509
_15692_, 520.645, 138.72, 1.79509
_18003_, 520.645, 138.72, 1.79509
hold157, 520.645, 138.72, 1.79509
FILLER_0_47_1117, 520.645, 138.72, 1.79509
_08054_, 533.314, 138.72, 1.79509
_08055_, 533.314, 138.72, 1.79509
hold515, 533.314, 138.72, 1.79509
FILLER_0_46_1142, 533.314, 138.72, 1.79509
FILLER_0_47_1167, 545.982, 138.72, 1.79509
FILLER_0_46_1197, 558.651, 138.72, 1.79509
PHY_88, 5.52, 133.28, 1.79562
PHY_90, 5.52, 133.28, 1.79562
PHY_89, 571.32, 133.28, 1.79508
PHY_91, 571.32, 133.28, 1.79508
FILLER_0_44_1217, 571.32, 133.28, 1.79508
_11641_, 34.64, 133.28, 1.79558
_11666_, 34.64, 133.28, 1.79558
_11668_, 34.64, 133.28, 1.79558
_11670_, 34.64, 133.28, 1.79558
_13686_, 34.64, 133.28, 1.79558
hold1792, 34.64, 133.28, 1.79558
hold2109, 34.64, 133.28, 1.79558
FILLER_0_45_77, 34.64, 133.28, 1.79558
_11640_, 47.44, 133.28, 1.79553
_13699_, 47.44, 133.28, 1.79553
hold1699, 47.44, 133.28, 1.79553
FILLER_0_46_97, 47.44, 133.28, 1.79553
_16173_, 60.24, 133.28, 1.79549
hold1533, 60.24, 133.28, 1.79549
FILLER_0_45_125, 60.24, 133.28, 1.79549
_11712_, 73.04, 133.28, 1.79546
_11718_, 73.04, 133.28, 1.79546
_11719_, 73.04, 133.28, 1.79546
_13658_, 73.04, 133.28, 1.79546
_13661_, 73.04, 133.28, 1.79546
hold2126, 73.04, 133.28, 1.79546
_11704_, 85.84, 133.28, 1.79542
_11705_, 85.84, 133.28, 1.79542
_11720_, 85.84, 133.28, 1.79542
_11721_, 85.84, 133.28, 1.79542
_13657_, 85.84, 133.28, 1.79542
hold1051, 85.84, 133.28, 1.79542
hold1685, 85.84, 133.28, 1.79542
_11549_, 98.64, 133.28, 1.79539
_16258_, 98.64, 133.28, 1.79539
FILLER_0_44_189, 98.64, 133.28, 1.79539
FILLER_0_45_215, 98.64, 133.28, 1.79539
_16256_, 111.44, 133.28, 1.79537
hold1339, 111.44, 133.28, 1.79537
_11552_, 124.24, 133.28, 1.79535
_13746_, 124.24, 133.28, 1.79535
_16208_, 124.24, 133.28, 1.79535
hold2015, 124.24, 133.28, 1.79535
FILLER_0_44_245, 124.24, 133.28, 1.79535
FILLER_0_45_271, 124.24, 133.28, 1.79535
_11646_, 137.04, 133.28, 1.79535
_11660_, 137.04, 133.28, 1.79535
_11661_, 137.04, 133.28, 1.79535
_13697_, 137.04, 133.28, 1.79535
_16202_, 137.04, 133.28, 1.79535
_16209_, 137.04, 133.28, 1.79535
hold698, 137.04, 133.28, 1.79535
FILLER_0_44_277, 137.04, 133.28, 1.79535
_11644_, 149.84, 133.28, 1.79536
_11645_, 149.84, 133.28, 1.79536
_11663_, 149.84, 133.28, 1.79536
_13698_, 149.84, 133.28, 1.79536
_16204_, 149.84, 133.28, 1.79536
_16210_, 149.84, 133.28, 1.79536
hold2068, 149.84, 133.28, 1.79536
FILLER_0_45_327, 149.84, 133.28, 1.79536
clkbuf_leaf_259_clk, 162.64, 133.28, 1.79538
FILLER_0_46_354, 162.64, 133.28, 1.79538
FILLER_0_45_385, 188.24, 133.28, 1.79545
FILLER_0_44_414, 201.04, 133.28, 1.79546
_10337_, 213.84, 133.28, 1.79547
_16867_, 213.84, 133.28, 1.79547
FILLER_0_45_441, 213.84, 133.28, 1.79547
FILLER_0_45_461, 213.84, 133.28, 1.79547
FILLER_0_46_453, 213.84, 133.28, 1.79547
_10333_, 226.64, 133.28, 1.79548
_10336_, 226.64, 133.28, 1.79548
_14426_, 226.64, 133.28, 1.79548
_16864_, 226.64, 133.28, 1.79548
clkbuf_leaf_245_clk, 226.64, 133.28, 1.79548
hold764, 226.64, 133.28, 1.79548
FILLER_0_44_469, 226.64, 133.28, 1.79548
FILLER_0_45_491, 226.64, 133.28, 1.79548
FILLER_0_46_481, 226.64, 133.28, 1.79548
_10326_, 239.44, 133.28, 1.79554
_10342_, 239.44, 133.28, 1.79554
_14423_, 239.44, 133.28, 1.79554
_14431_, 239.44, 133.28, 1.79554
_16861_, 239.44, 133.28, 1.79554
_16869_, 239.44, 133.28, 1.79554
hold1383, 239.44, 133.28, 1.79554
_10343_, 252.24, 133.28, 1.79562
_13209_, 252.24, 133.28, 1.79562
_13210_, 252.24, 133.28, 1.79562
hold2082, 252.24, 133.28, 1.79562
FILLER_0_44_533, 252.24, 133.28, 1.79562
_13207_, 265.04, 133.28, 1.79571
_13208_, 265.04, 133.28, 1.79571
_13213_, 265.04, 133.28, 1.79571
_13270_, 265.04, 133.28, 1.79571
FILLER_0_44_555, 265.04, 133.28, 1.79571
_15830_, 277.84, 133.28, 1.79579
FILLER_0_44_585, 277.84, 133.28, 1.79579
FILLER_0_44_589, 277.84, 133.28, 1.79579
FILLER_0_46_597, 277.84, 133.28, 1.79579
FILLER_0_45_609, 290.64, 133.28, 1.79588
_11247_, 303.44, 133.28, 1.79598
_16409_, 303.44, 133.28, 1.79598
FILLER_0_44_635, 303.44, 133.28, 1.79598
FILLER_0_45_653, 303.44, 133.28, 1.79598
_11246_, 316.24, 133.28, 1.79608
_13920_, 316.24, 133.28, 1.79608
_16408_, 316.24, 133.28, 1.79608
FILLER_0_45_666, 316.24, 133.28, 1.79608
_11184_, 341.84, 133.28, 1.79607
_13944_, 341.84, 133.28, 1.79607
_13954_, 341.84, 133.28, 1.79607
_16432_, 341.84, 133.28, 1.79607
hold1746, 341.84, 133.28, 1.79607
FILLER_0_44_725, 341.84, 133.28, 1.79607
FILLER_0_45_725, 341.84, 133.28, 1.79607
_11201_, 354.64, 133.28, 1.79597
_16438_, 354.64, 133.28, 1.79597
hold274, 354.64, 133.28, 1.79597
hold325, 354.64, 133.28, 1.79597
FILLER_0_45_772, 354.64, 133.28, 1.79597
_11155_, 367.44, 133.28, 1.79587
FILLER_0_45_780, 367.44, 133.28, 1.79587
_11145_, 380.24, 133.28, 1.79577
_11212_, 380.24, 133.28, 1.79577
_11213_, 380.24, 133.28, 1.79577
_13939_, 380.24, 133.28, 1.79577
_13976_, 380.24, 133.28, 1.79577
hold836, 380.24, 133.28, 1.79577
FILLER_0_44_807, 380.24, 133.28, 1.79577
FILLER_0_45_809, 380.24, 133.28, 1.79577
_11214_, 393.04, 133.28, 1.79568
_16424_, 393.04, 133.28, 1.79568
FILLER_0_44_833, 393.04, 133.28, 1.79568
FILLER_0_45_837, 393.04, 133.28, 1.79568
FILLER_0_45_853, 393.04, 133.28, 1.79568
_11216_, 405.84, 133.28, 1.79559
_11217_, 405.84, 133.28, 1.79559
_13937_, 405.84, 133.28, 1.79559
_17467_, 405.84, 133.28, 1.79559
FILLER_0_45_863, 405.84, 133.28, 1.79559
_09130_, 418.64, 133.28, 1.79551
_09131_, 418.64, 133.28, 1.79551
_15095_, 418.64, 133.28, 1.79551
hold1216, 418.64, 133.28, 1.79551
FILLER_0_45_889, 418.64, 133.28, 1.79551
_09136_, 431.44, 133.28, 1.79543
_15089_, 431.44, 133.28, 1.79543
_15096_, 431.44, 133.28, 1.79543
FILLER_0_44_916, 431.44, 133.28, 1.79543
FILLER_0_45_924, 431.44, 133.28, 1.79543
_15121_, 444.24, 133.28, 1.79536
FILLER_0_44_949, 444.24, 133.28, 1.79536
FILLER_0_45_946, 444.24, 133.28, 1.79536
hold1218, 457.04, 133.28, 1.79528
FILLER_0_44_975, 457.04, 133.28, 1.79528
_15123_, 469.84, 133.28, 1.79521
_15165_, 469.84, 133.28, 1.79521
hold586, 469.84, 133.28, 1.79521
FILLER_0_44_1001, 469.84, 133.28, 1.79521
FILLER_0_45_997, 469.84, 133.28, 1.79521
FILLER_0_45_1005, 469.84, 133.28, 1.79521
FILLER_0_45_1009, 469.84, 133.28, 1.79521
FILLER_0_46_1017, 469.84, 133.28, 1.79521
_08053_, 495.308, 133.28, 1.79511
_08987_, 495.308, 133.28, 1.79511
_08988_, 495.308, 133.28, 1.79511
_15173_, 495.308, 133.28, 1.79511
_18008_, 495.308, 133.28, 1.79511
hold1273, 495.308, 133.28, 1.79511
hold1919, 495.308, 133.28, 1.79511
FILLER_0_45_1061, 495.308, 133.28, 1.79511
FILLER_0_45_1065, 495.308, 133.28, 1.79511
FILLER_0_46_1078, 495.308, 133.28, 1.79511
_08052_, 507.977, 133.28, 1.79509
_18001_, 507.977, 133.28, 1.79509
hold1414, 507.977, 133.28, 1.79509
_08051_, 520.645, 133.28, 1.79508
_08062_, 520.645, 133.28, 1.79508
_08063_, 520.645, 133.28, 1.79508
_15694_, 520.645, 133.28, 1.79508
_18005_, 520.645, 133.28, 1.79508
hold193, 520.645, 133.28, 1.79508
FILLER_0_44_1141, 533.314, 133.28, 1.79508
FILLER_0_45_1168, 545.982, 133.28, 1.79508
FILLER_0_44_1197, 558.651, 133.28, 1.79508
top_127, 5.52, 127.84, 1.79571
PHY_84, 5.52, 127.84, 1.79571
PHY_86, 5.52, 127.84, 1.79571
PHY_85, 571.32, 127.84, 1.79481
PHY_87, 571.32, 127.84, 1.79481
output79, 571.32, 127.84, 1.79481
FILLER_0_42_1217, 571.32, 127.84, 1.79481
FILLER_0_44_18, 13.68, 127.84, 1.79571
_13684_, 34.64, 127.84, 1.79559
_13685_, 34.64, 127.84, 1.79559
_13701_, 34.64, 127.84, 1.79559
_16212_, 34.64, 127.84, 1.79559
FILLER_0_43_51, 34.64, 127.84, 1.79559
_11635_, 47.44, 127.84, 1.79549
_13704_, 47.44, 127.84, 1.79549
_16215_, 47.44, 127.84, 1.79549
_16218_, 47.44, 127.84, 1.79549
hold1579, 47.44, 127.84, 1.79549
_11628_, 60.24, 127.84, 1.79539
_11643_, 60.24, 127.84, 1.79539
_13700_, 60.24, 127.84, 1.79539
_13707_, 60.24, 127.84, 1.79539
_16211_, 60.24, 127.84, 1.79539
clkbuf_5_0__f_clk, 60.24, 127.84, 1.79539
FILLER_0_43_113, 60.24, 127.84, 1.79539
FILLER_0_43_125, 60.24, 127.84, 1.79539
_11642_, 73.04, 127.84, 1.79538
_16180_, 73.04, 127.84, 1.79538
FILLER_0_44_153, 73.04, 127.84, 1.79538
FILLER_0_43_161, 85.84, 127.84, 1.79537
_13548_, 98.64, 127.84, 1.79536
FILLER_0_42_192, 98.64, 127.84, 1.79536
FILLER_0_42_200, 98.64, 127.84, 1.79536
FILLER_0_43_217, 111.44, 127.84, 1.79535
FILLER_0_42_245, 124.24, 127.84, 1.79534
FILLER_0_42_253, 124.24, 127.84, 1.79534
clkbuf_leaf_260_clk, 137.04, 127.84, 1.79533
FILLER_0_43_273, 137.04, 127.84, 1.79533
FILLER_0_43_293, 137.04, 127.84, 1.79533
_13689_, 149.84, 127.84, 1.79537
_13690_, 149.84, 127.84, 1.79537
_16201_, 149.84, 127.84, 1.79537
FILLER_0_42_305, 149.84, 127.84, 1.79537
FILLER_0_43_315, 149.84, 127.84, 1.79537
FILLER_0_43_323, 149.84, 127.84, 1.79537
_11662_, 162.64, 127.84, 1.79542
_16062_, 162.64, 127.84, 1.79542
_16066_, 162.64, 127.84, 1.79542
hold1848, 162.64, 127.84, 1.79542
FILLER_0_43_329, 162.64, 127.84, 1.79542
FILLER_0_44_355, 162.64, 127.84, 1.79542
_11938_, 188.24, 127.84, 1.79547
hold861, 188.24, 127.84, 1.79547
FILLER_0_42_397, 188.24, 127.84, 1.79547
FILLER_0_43_384, 188.24, 127.84, 1.79547
_11435_, 201.04, 127.84, 1.79546
hold834, 201.04, 127.84, 1.79546
FILLER_0_43_429, 201.04, 127.84, 1.79546
hold652, 213.84, 127.84, 1.79545
FILLER_0_43_439, 213.84, 127.84, 1.79545
FILLER_0_43_461, 213.84, 127.84, 1.79545
_10332_, 226.64, 127.84, 1.79544
_16866_, 226.64, 127.84, 1.79544
hold257, 226.64, 127.84, 1.79544
FILLER_0_44_493, 226.64, 127.84, 1.79544
FILLER_0_43_499, 239.44, 127.84, 1.79544
_13211_, 252.24, 127.84, 1.79545
_13212_, 252.24, 127.84, 1.79545
_15823_, 252.24, 127.84, 1.79545
FILLER_0_42_525, 252.24, 127.84, 1.79545
FILLER_0_42_533, 252.24, 127.84, 1.79545
_13118_, 265.04, 127.84, 1.79546
_13214_, 265.04, 127.84, 1.79546
_13215_, 265.04, 127.84, 1.79546
_13218_, 265.04, 127.84, 1.79546
FILLER_0_43_569, 265.04, 127.84, 1.79546
FILLER_0_44_577, 265.04, 127.84, 1.79546
_13219_, 277.84, 127.84, 1.79557
_13220_, 277.84, 127.84, 1.79557
_13221_, 277.84, 127.84, 1.79557
_13225_, 277.84, 127.84, 1.79557
_13226_, 277.84, 127.84, 1.79557
_13228_, 277.84, 127.84, 1.79557
FILLER_0_43_581, 277.84, 127.84, 1.79557
FILLER_0_43_603, 277.84, 127.84, 1.79557
_13224_, 290.64, 127.84, 1.79568
FILLER_0_42_638, 303.44, 127.84, 1.7958
FILLER_0_43_665, 316.24, 127.84, 1.79591
_10213_, 341.84, 127.84, 1.79586
_11196_, 341.84, 127.84, 1.79586
_11197_, 341.84, 127.84, 1.79586
_11199_, 341.84, 127.84, 1.79586
_13947_, 341.84, 127.84, 1.79586
_16433_, 341.84, 127.84, 1.79586
_16434_, 341.84, 127.84, 1.79586
FILLER_0_43_724, 341.84, 127.84, 1.79586
_11198_, 354.64, 127.84, 1.79572
_11200_, 354.64, 127.84, 1.79572
_13946_, 354.64, 127.84, 1.79572
_13948_, 354.64, 127.84, 1.79572
_16455_, 354.64, 127.84, 1.79572
hold1791, 354.64, 127.84, 1.79572
FILLER_0_42_752, 354.64, 127.84, 1.79572
FILLER_0_44_766, 354.64, 127.84, 1.79572
_11154_, 367.44, 127.84, 1.79558
_13966_, 367.44, 127.84, 1.79558
_13971_, 367.44, 127.84, 1.79558
_16454_, 367.44, 127.84, 1.79558
_16460_, 367.44, 127.84, 1.79558
hold886, 367.44, 127.84, 1.79558
FILLER_0_42_777, 367.44, 127.84, 1.79558
_11144_, 380.24, 127.84, 1.79546
_11222_, 380.24, 127.84, 1.79546
_11223_, 380.24, 127.84, 1.79546
_16421_, 380.24, 127.84, 1.79546
FILLER_0_42_803, 380.24, 127.84, 1.79546
FILLER_0_43_810, 380.24, 127.84, 1.79546
FILLER_0_43_818, 380.24, 127.84, 1.79546
_16425_, 393.04, 127.84, 1.79534
_16429_, 393.04, 127.84, 1.79534
hold385, 393.04, 127.84, 1.79534
hold1901, 393.04, 127.84, 1.79534
_11211_, 405.84, 127.84, 1.79524
_13940_, 405.84, 127.84, 1.79524
_13942_, 405.84, 127.84, 1.79524
_17464_, 405.84, 127.84, 1.79524
hold1316, 405.84, 127.84, 1.79524
hold1377, 405.84, 127.84, 1.79524
FILLER_0_44_881, 405.84, 127.84, 1.79524
_09137_, 418.64, 127.84, 1.79515
_15090_, 418.64, 127.84, 1.79515
_15092_, 418.64, 127.84, 1.79515
hold1157, 418.64, 127.84, 1.79515
_09126_, 431.44, 127.84, 1.79506
_09127_, 431.44, 127.84, 1.79506
_15097_, 431.44, 127.84, 1.79506
_17469_, 431.44, 127.84, 1.79506
clkbuf_leaf_206_clk, 431.44, 127.84, 1.79506
FILLER_0_43_912, 431.44, 127.84, 1.79506
_09067_, 444.24, 127.84, 1.79503
_17495_, 444.24, 127.84, 1.79503
_17499_, 444.24, 127.84, 1.79503
hold1241, 444.24, 127.84, 1.79503
hold1850, 444.24, 127.84, 1.79503
FILLER_0_44_957, 444.24, 127.84, 1.79503
_09066_, 457.04, 127.84, 1.79501
_09074_, 457.04, 127.84, 1.79501
_09081_, 457.04, 127.84, 1.79501
_15126_, 457.04, 127.84, 1.79501
_15129_, 457.04, 127.84, 1.79501
_17492_, 457.04, 127.84, 1.79501
FILLER_0_43_976, 457.04, 127.84, 1.79501
FILLER_0_43_984, 457.04, 127.84, 1.79501
FILLER_0_44_989, 457.04, 127.84, 1.79501
_09065_, 469.84, 127.84, 1.795
_09080_, 469.84, 127.84, 1.795
hold1824, 469.84, 127.84, 1.795
_08986_, 495.308, 127.84, 1.79492
_15174_, 495.308, 127.84, 1.79492
_18006_, 495.308, 127.84, 1.79492
hold1136, 495.308, 127.84, 1.79492
FILLER_0_43_1061, 495.308, 127.84, 1.79492
_18007_, 507.977, 127.84, 1.79487
clkbuf_leaf_192_clk, 507.977, 127.84, 1.79487
FILLER_0_42_1083, 507.977, 127.84, 1.79487
FILLER_0_43_1095, 507.977, 127.84, 1.79487
_08050_, 520.645, 127.84, 1.79485
_08026_, 533.314, 127.84, 1.79484
_08042_, 533.314, 127.84, 1.79484
_15707_, 533.314, 127.84, 1.79484
FILLER_0_42_1145, 533.314, 127.84, 1.79484
FILLER_0_43_1169, 545.982, 127.84, 1.79483
FILLER_0_42_1197, 558.651, 127.84, 1.79482
PHY_80, 5.52, 122.4, 1.79591
PHY_82, 5.52, 122.4, 1.79591
PHY_81, 571.32, 122.4, 1.79505
PHY_83, 571.32, 122.4, 1.79505
FILLER_0_40_1217, 571.32, 122.4, 1.79505
FILLER_0_41_51, 34.64, 122.4, 1.79586
FILLER_0_42_77, 34.64, 122.4, 1.79586
_11629_, 47.44, 122.4, 1.7958
_11634_, 47.44, 122.4, 1.7958
FILLER_0_40_80, 47.44, 122.4, 1.7958
FILLER_0_41_105, 47.44, 122.4, 1.7958
FILLER_0_42_92, 47.44, 122.4, 1.7958
FILLER_0_42_104, 47.44, 122.4, 1.7958
_11625_, 60.24, 122.4, 1.79575
_13709_, 60.24, 122.4, 1.79575
_16220_, 60.24, 122.4, 1.79575
hold536, 60.24, 122.4, 1.79575
FILLER_0_40_109, 60.24, 122.4, 1.79575
hold275, 73.04, 122.4, 1.79571
FILLER_0_40_134, 73.04, 122.4, 1.79571
_11912_, 85.84, 122.4, 1.79567
_11913_, 85.84, 122.4, 1.79567
_11923_, 85.84, 122.4, 1.79567
_16074_, 85.84, 122.4, 1.79567
FILLER_0_40_165, 85.84, 122.4, 1.79567
FILLER_0_40_173, 85.84, 122.4, 1.79567
FILLER_0_41_165, 85.84, 122.4, 1.79567
FILLER_0_41_169, 85.84, 122.4, 1.79567
_11916_, 98.64, 122.4, 1.79563
_16075_, 98.64, 122.4, 1.79563
hold1160, 98.64, 122.4, 1.79563
hold1984, 98.64, 122.4, 1.79563
_11914_, 111.44, 122.4, 1.79561
_11915_, 111.44, 122.4, 1.79561
_13549_, 111.44, 122.4, 1.79561
hold1098, 111.44, 122.4, 1.79561
FILLER_0_41_240, 111.44, 122.4, 1.79561
_11825_, 124.24, 122.4, 1.79558
_11826_, 124.24, 122.4, 1.79558
_11827_, 124.24, 122.4, 1.79558
_13597_, 124.24, 122.4, 1.79558
_16119_, 124.24, 122.4, 1.79558
_16120_, 124.24, 122.4, 1.79558
hold1298, 124.24, 122.4, 1.79558
FILLER_0_42_265, 124.24, 122.4, 1.79558
_11824_, 137.04, 122.4, 1.79557
_11831_, 137.04, 122.4, 1.79557
_11835_, 137.04, 122.4, 1.79557
_13595_, 137.04, 122.4, 1.79557
_13598_, 137.04, 122.4, 1.79557
hold1373, 137.04, 122.4, 1.79557
hold2028, 137.04, 122.4, 1.79557
FILLER_0_41_289, 137.04, 122.4, 1.79557
FILLER_0_42_297, 137.04, 122.4, 1.79557
hold1477, 149.84, 122.4, 1.79556
FILLER_0_41_326, 149.84, 122.4, 1.79556
FILLER_0_42_321, 149.84, 122.4, 1.79556
_11926_, 162.64, 122.4, 1.79556
_11927_, 162.64, 122.4, 1.79556
_11941_, 162.64, 122.4, 1.79556
_13535_, 162.64, 122.4, 1.79556
_13542_, 162.64, 122.4, 1.79556
hold498, 162.64, 122.4, 1.79556
hold860, 162.64, 122.4, 1.79556
_11437_, 188.24, 122.4, 1.79551
_16313_, 188.24, 122.4, 1.79551
_16314_, 188.24, 122.4, 1.79551
FILLER_0_40_385, 188.24, 122.4, 1.79551
FILLER_0_41_405, 188.24, 122.4, 1.79551
_11436_, 201.04, 122.4, 1.79548
_13814_, 201.04, 122.4, 1.79548
_16312_, 201.04, 122.4, 1.79548
_16315_, 201.04, 122.4, 1.79548
FILLER_0_41_417, 201.04, 122.4, 1.79548
FILLER_0_41_424, 201.04, 122.4, 1.79548
_11434_, 213.84, 122.4, 1.79547
_11440_, 213.84, 122.4, 1.79547
_11441_, 213.84, 122.4, 1.79547
_13812_, 213.84, 122.4, 1.79547
_13815_, 213.84, 122.4, 1.79547
hold892, 213.84, 122.4, 1.79547
FILLER_0_42_466, 213.84, 122.4, 1.79547
_16265_, 226.64, 122.4, 1.79545
FILLER_0_40_472, 226.64, 122.4, 1.79545
hold753, 239.44, 122.4, 1.79545
hold1274, 239.44, 122.4, 1.79545
_13119_, 252.24, 122.4, 1.79545
_13269_, 252.24, 122.4, 1.79545
_15824_, 252.24, 122.4, 1.79545
FILLER_0_40_525, 252.24, 122.4, 1.79545
FILLER_0_41_529, 252.24, 122.4, 1.79545
FILLER_0_41_541, 252.24, 122.4, 1.79545
_13216_, 265.04, 122.4, 1.79549
_13217_, 265.04, 122.4, 1.79549
_15825_, 265.04, 122.4, 1.79549
hold2261, 265.04, 122.4, 1.79549
_13222_, 277.84, 122.4, 1.79555
_13223_, 277.84, 122.4, 1.79555
_15826_, 277.84, 122.4, 1.79555
_15828_, 277.84, 122.4, 1.79555
FILLER_0_40_584, 277.84, 122.4, 1.79555
FILLER_0_40_589, 277.84, 122.4, 1.79555
FILLER_0_42_600, 277.84, 122.4, 1.79555
_13272_, 290.64, 122.4, 1.79565
_13273_, 290.64, 122.4, 1.79565
_13274_, 290.64, 122.4, 1.79565
_16922_, 303.44, 122.4, 1.79574
FILLER_0_40_640, 303.44, 122.4, 1.79574
_10216_, 316.24, 122.4, 1.79584
_10217_, 316.24, 122.4, 1.79584
_10220_, 316.24, 122.4, 1.79584
_10221_, 316.24, 122.4, 1.79584
_14490_, 316.24, 122.4, 1.79584
hold881, 316.24, 122.4, 1.79584
hold1324, 316.24, 122.4, 1.79584
hold1678, 316.24, 122.4, 1.79584
FILLER_0_42_689, 316.24, 122.4, 1.79584
_10212_, 341.84, 122.4, 1.79581
_10218_, 341.84, 122.4, 1.79581
_14491_, 341.84, 122.4, 1.79581
_14494_, 341.84, 122.4, 1.79581
hold1280, 341.84, 122.4, 1.79581
_11153_, 354.64, 122.4, 1.79568
_16456_, 354.64, 122.4, 1.79568
FILLER_0_42_769, 354.64, 122.4, 1.79568
_13970_, 367.44, 122.4, 1.79556
clkbuf_leaf_222_clk, 367.44, 122.4, 1.79556
hold1270, 367.44, 122.4, 1.79556
FILLER_0_40_785, 367.44, 122.4, 1.79556
_11146_, 380.24, 122.4, 1.79548
_11147_, 380.24, 122.4, 1.79548
_13934_, 380.24, 122.4, 1.79548
hold1297, 380.24, 122.4, 1.79548
FILLER_0_41_814, 380.24, 122.4, 1.79548
FILLER_0_41_822, 380.24, 122.4, 1.79548
FILLER_0_41_828, 380.24, 122.4, 1.79548
_11207_, 393.04, 122.4, 1.7954
_11215_, 393.04, 122.4, 1.7954
_13938_, 393.04, 122.4, 1.7954
_16427_, 393.04, 122.4, 1.7954
FILLER_0_41_837, 393.04, 122.4, 1.7954
FILLER_0_41_844, 393.04, 122.4, 1.7954
_11206_, 405.84, 122.4, 1.79533
_11210_, 405.84, 122.4, 1.79533
_17462_, 405.84, 122.4, 1.79533
FILLER_0_40_861, 405.84, 122.4, 1.79533
FILLER_0_41_869, 405.84, 122.4, 1.79533
FILLER_0_42_884, 405.84, 122.4, 1.79533
_09140_, 418.64, 122.4, 1.79527
_09141_, 418.64, 122.4, 1.79527
_15088_, 418.64, 122.4, 1.79527
hold1072, 418.64, 122.4, 1.79527
FILLER_0_41_909, 418.64, 122.4, 1.79527
_09133_, 431.44, 122.4, 1.79521
_09138_, 431.44, 122.4, 1.79521
_09139_, 431.44, 122.4, 1.79521
_15094_, 431.44, 122.4, 1.79521
_17463_, 431.44, 122.4, 1.79521
FILLER_0_40_912, 431.44, 122.4, 1.79521
FILLER_0_41_938, 431.44, 122.4, 1.79521
_09069_, 444.24, 122.4, 1.79516
_09075_, 444.24, 122.4, 1.79516
_17498_, 444.24, 122.4, 1.79516
FILLER_0_40_942, 444.24, 122.4, 1.79516
FILLER_0_40_953, 444.24, 122.4, 1.79516
_15130_, 457.04, 122.4, 1.79512
_17493_, 457.04, 122.4, 1.79512
_17500_, 457.04, 122.4, 1.79512
hold1375, 457.04, 122.4, 1.79512
FILLER_0_40_975, 457.04, 122.4, 1.79512
FILLER_0_41_985, 457.04, 122.4, 1.79512
_09064_, 469.84, 122.4, 1.79509
_09078_, 469.84, 122.4, 1.79509
_09079_, 469.84, 122.4, 1.79509
_15124_, 469.84, 122.4, 1.79509
_15131_, 469.84, 122.4, 1.79509
_17535_, 469.84, 122.4, 1.79509
FILLER_0_41_1012, 469.84, 122.4, 1.79509
_09000_, 495.308, 122.4, 1.79505
_09001_, 495.308, 122.4, 1.79505
_15167_, 495.308, 122.4, 1.79505
_17969_, 495.308, 122.4, 1.79505
FILLER_0_41_1059, 495.308, 122.4, 1.79505
FILLER_0_41_1077, 495.308, 122.4, 1.79505
_08126_, 507.977, 122.4, 1.79505
_08138_, 507.977, 122.4, 1.79505
_08139_, 507.977, 122.4, 1.79505
_15646_, 507.977, 122.4, 1.79505
hold1239, 507.977, 122.4, 1.79505
FILLER_0_41_1103, 507.977, 122.4, 1.79505
_08029_, 520.645, 122.4, 1.79505
_08043_, 520.645, 122.4, 1.79505
hold558, 520.645, 122.4, 1.79505
hold1022, 520.645, 122.4, 1.79505
FILLER_0_41_1116, 520.645, 122.4, 1.79505
FILLER_0_42_1129, 520.645, 122.4, 1.79505
_08027_, 533.314, 122.4, 1.79505
hold176, 533.314, 122.4, 1.79505
hold852, 533.314, 122.4, 1.79505
FILLER_0_41_1170, 545.982, 122.4, 1.79505
FILLER_0_40_1197, 558.651, 122.4, 1.79505
PHY_76, 5.52, 116.96, 1.79599
PHY_78, 5.52, 116.96, 1.79599
PHY_77, 571.32, 116.96, 1.79498
PHY_79, 571.32, 116.96, 1.79498
FILLER_0_38_1217, 571.32, 116.96, 1.79498
_11632_, 34.64, 116.96, 1.79587
_11633_, 34.64, 116.96, 1.79587
_11636_, 34.64, 116.96, 1.79587
hold520, 34.64, 116.96, 1.79587
FILLER_0_38_53, 34.64, 116.96, 1.79587
FILLER_0_38_61, 34.64, 116.96, 1.79587
FILLER_0_39_51, 34.64, 116.96, 1.79587
FILLER_0_39_57, 34.64, 116.96, 1.79587
_11637_, 47.44, 116.96, 1.79574
_13703_, 47.44, 116.96, 1.79574
_13705_, 47.44, 116.96, 1.79574
hold1745, 47.44, 116.96, 1.79574
FILLER_0_38_91, 47.44, 116.96, 1.79574
FILLER_0_39_104, 47.44, 116.96, 1.79574
_11624_, 60.24, 116.96, 1.79562
hold1122, 60.24, 116.96, 1.79562
_16076_, 85.84, 116.96, 1.79537
clkbuf_leaf_1_clk, 85.84, 116.96, 1.79537
clkbuf_5_1__f_clk, 85.84, 116.96, 1.79537
FILLER_0_38_165, 85.84, 116.96, 1.79537
FILLER_0_39_161, 85.84, 116.96, 1.79537
FILLER_0_39_181, 85.84, 116.96, 1.79537
_11917_, 98.64, 116.96, 1.79538
_11922_, 98.64, 116.96, 1.79538
_13545_, 98.64, 116.96, 1.79538
_13550_, 98.64, 116.96, 1.79538
_16077_, 98.64, 116.96, 1.79538
hold2153, 98.64, 116.96, 1.79538
FILLER_0_38_193, 98.64, 116.96, 1.79538
FILLER_0_39_214, 98.64, 116.96, 1.79538
hold1143, 111.44, 116.96, 1.79541
_16112_, 124.24, 116.96, 1.79543
FILLER_0_38_246, 124.24, 116.96, 1.79543
FILLER_0_38_253, 124.24, 116.96, 1.79543
FILLER_0_39_249, 124.24, 116.96, 1.79543
_11840_, 137.04, 116.96, 1.79546
_16115_, 137.04, 116.96, 1.79546
_16117_, 137.04, 116.96, 1.79546
FILLER_0_39_275, 137.04, 116.96, 1.79546
FILLER_0_39_281, 137.04, 116.96, 1.79546
_11830_, 149.84, 116.96, 1.7955
_11834_, 149.84, 116.96, 1.7955
_16069_, 149.84, 116.96, 1.7955
hold1814, 149.84, 116.96, 1.7955
FILLER_0_40_320, 149.84, 116.96, 1.7955
FILLER_0_39_330, 162.64, 116.96, 1.79555
_11438_, 188.24, 116.96, 1.79561
_11439_, 188.24, 116.96, 1.79561
_13813_, 188.24, 116.96, 1.79561
hold278, 188.24, 116.96, 1.79561
FILLER_0_39_387, 188.24, 116.96, 1.79561
FILLER_0_39_393, 188.24, 116.96, 1.79561
FILLER_0_39_406, 188.24, 116.96, 1.79561
_11443_, 201.04, 116.96, 1.79563
_13811_, 201.04, 116.96, 1.79563
FILLER_0_38_413, 201.04, 116.96, 1.79563
FILLER_0_39_438, 201.04, 116.96, 1.79563
FILLER_0_40_433, 201.04, 116.96, 1.79563
_11426_, 213.84, 116.96, 1.79564
FILLER_0_39_461, 213.84, 116.96, 1.79564
_11534_, 226.64, 116.96, 1.79565
_11535_, 226.64, 116.96, 1.79565
_11536_, 226.64, 116.96, 1.79565
_11537_, 226.64, 116.96, 1.79565
_13757_, 226.64, 116.96, 1.79565
_16263_, 226.64, 116.96, 1.79565
_16264_, 226.64, 116.96, 1.79565
_11479_, 239.44, 116.96, 1.79568
_11538_, 239.44, 116.96, 1.79568
_13758_, 239.44, 116.96, 1.79568
hold895, 239.44, 116.96, 1.79568
FILLER_0_38_508, 239.44, 116.96, 1.79568
hold799, 252.24, 116.96, 1.79571
_13271_, 265.04, 116.96, 1.79573
hold1887, 265.04, 116.96, 1.79573
_15827_, 277.84, 116.96, 1.79576
FILLER_0_39_609, 290.64, 116.96, 1.7958
_10181_, 303.44, 116.96, 1.79584
_16924_, 303.44, 116.96, 1.79584
FILLER_0_38_637, 303.44, 116.96, 1.79584
FILLER_0_40_657, 303.44, 116.96, 1.79584
_10206_, 316.24, 116.96, 1.79589
_10207_, 316.24, 116.96, 1.79589
_14488_, 316.24, 116.96, 1.79589
_16929_, 316.24, 116.96, 1.79589
FILLER_0_39_665, 316.24, 116.96, 1.79589
FILLER_0_38_725, 341.84, 116.96, 1.79586
FILLER_0_39_721, 341.84, 116.96, 1.79586
FILLER_0_40_744, 341.84, 116.96, 1.79586
_10265_, 354.64, 116.96, 1.79577
_11152_, 354.64, 116.96, 1.79577
_13972_, 354.64, 116.96, 1.79577
FILLER_0_38_757, 354.64, 116.96, 1.79577
FILLER_0_39_753, 354.64, 116.96, 1.79577
FILLER_0_39_764, 354.64, 116.96, 1.79577
FILLER_0_39_770, 354.64, 116.96, 1.79577
_11150_, 367.44, 116.96, 1.79568
_11151_, 367.44, 116.96, 1.79568
_11156_, 367.44, 116.96, 1.79568
_11157_, 367.44, 116.96, 1.79568
_16459_, 367.44, 116.96, 1.79568
hold691, 367.44, 116.96, 1.79568
FILLER_0_39_781, 367.44, 116.96, 1.79568
FILLER_0_39_797, 367.44, 116.96, 1.79568
_13975_, 380.24, 116.96, 1.7956
hold361, 380.24, 116.96, 1.7956
FILLER_0_38_837, 393.04, 116.96, 1.79552
FILLER_0_39_832, 393.04, 116.96, 1.79552
_17470_, 405.84, 116.96, 1.79545
FILLER_0_38_864, 405.84, 116.96, 1.79545
_09124_, 418.64, 116.96, 1.79537
_09125_, 418.64, 116.96, 1.79537
_15098_, 418.64, 116.96, 1.79537
_17466_, 418.64, 116.96, 1.79537
hold775, 418.64, 116.96, 1.79537
_09132_, 431.44, 116.96, 1.79531
_15091_, 431.44, 116.96, 1.79531
hold1500, 431.44, 116.96, 1.79531
FILLER_0_38_917, 431.44, 116.96, 1.79531
_09068_, 444.24, 116.96, 1.79525
hold2090, 444.24, 116.96, 1.79525
FILLER_0_39_942, 444.24, 116.96, 1.79525
FILLER_0_40_963, 444.24, 116.96, 1.79525
hold2026, 457.04, 116.96, 1.79519
FILLER_0_38_973, 457.04, 116.96, 1.79519
_08995_, 469.84, 116.96, 1.79513
FILLER_0_39_1001, 469.84, 116.96, 1.79513
FILLER_0_40_1016, 469.84, 116.96, 1.79513
_08127_, 495.308, 116.96, 1.79503
_15650_, 495.308, 116.96, 1.79503
_15652_, 495.308, 116.96, 1.79503
_17963_, 495.308, 116.96, 1.79503
hold1249, 495.308, 116.96, 1.79503
FILLER_0_38_1058, 495.308, 116.96, 1.79503
FILLER_0_39_1055, 495.308, 116.96, 1.79503
_08031_, 507.977, 116.96, 1.795
_18017_, 507.977, 116.96, 1.795
_18018_, 507.977, 116.96, 1.795
hold211, 507.977, 116.96, 1.795
_08028_, 520.645, 116.96, 1.79498
_08030_, 520.645, 116.96, 1.79498
_15705_, 520.645, 116.96, 1.79498
_15706_, 520.645, 116.96, 1.79498
_18011_, 520.645, 116.96, 1.79498
_18019_, 520.645, 116.96, 1.79498
_15699_, 533.314, 116.96, 1.79498
FILLER_0_39_1172, 545.982, 116.96, 1.79498
FILLER_0_38_1196, 558.651, 116.96, 1.79498
PHY_72, 5.52, 111.52, 1.79616
PHY_74, 5.52, 111.52, 1.79616
PHY_73, 571.32, 111.52, 1.79488
PHY_75, 571.32, 111.52, 1.79488
FILLER_0_36_1217, 571.32, 111.52, 1.79488
_16214_, 34.64, 111.52, 1.79605
_16216_, 34.64, 111.52, 1.79605
FILLER_0_37_51, 34.64, 111.52, 1.79605
FILLER_0_37_57, 34.64, 111.52, 1.79605
_16213_, 47.44, 111.52, 1.79596
clkbuf_leaf_268_clk, 47.44, 111.52, 1.79596
FILLER_0_37_83, 47.44, 111.52, 1.79596
_11627_, 60.24, 111.52, 1.79592
_11638_, 60.24, 111.52, 1.79592
_11639_, 60.24, 111.52, 1.79592
_13702_, 60.24, 111.52, 1.79592
_13706_, 60.24, 111.52, 1.79592
_13708_, 60.24, 111.52, 1.79592
_11626_, 73.04, 111.52, 1.79587
FILLER_0_36_137, 73.04, 111.52, 1.79587
_16071_, 85.84, 111.52, 1.79583
_16073_, 85.84, 111.52, 1.79583
FILLER_0_36_165, 85.84, 111.52, 1.79583
FILLER_0_37_163, 85.84, 111.52, 1.79583
FILLER_0_37_169, 85.84, 111.52, 1.79583
_11905_, 98.64, 111.52, 1.79579
_11911_, 98.64, 111.52, 1.79579
_11920_, 98.64, 111.52, 1.79579
_13551_, 98.64, 111.52, 1.79579
FILLER_0_36_200, 98.64, 111.52, 1.79579
FILLER_0_37_216, 98.64, 111.52, 1.79579
_11906_, 111.44, 111.52, 1.79576
_11907_, 111.44, 111.52, 1.79576
_11910_, 111.44, 111.52, 1.79576
_13552_, 111.44, 111.52, 1.79576
_11841_, 124.24, 111.52, 1.79573
_13590_, 124.24, 111.52, 1.79573
FILLER_0_36_246, 124.24, 111.52, 1.79573
FILLER_0_36_253, 124.24, 111.52, 1.79573
_13593_, 137.04, 111.52, 1.7957
hold188, 137.04, 111.52, 1.7957
FILLER_0_37_273, 137.04, 111.52, 1.7957
FILLER_0_38_291, 137.04, 111.52, 1.7957
FILLER_0_38_298, 137.04, 111.52, 1.7957
_11833_, 149.84, 111.52, 1.79568
hold1207, 149.84, 111.52, 1.79568
FILLER_0_36_303, 149.84, 111.52, 1.79568
_11943_, 162.64, 111.52, 1.79565
FILLER_0_37_329, 162.64, 111.52, 1.79565
hold1815, 188.24, 111.52, 1.79551
FILLER_0_37_386, 188.24, 111.52, 1.79551
_11442_, 201.04, 111.52, 1.7954
_16311_, 201.04, 111.52, 1.7954
_16319_, 201.04, 111.52, 1.7954
clkbuf_leaf_243_clk, 201.04, 111.52, 1.7954
FILLER_0_36_417, 201.04, 111.52, 1.7954
FILLER_0_37_417, 201.04, 111.52, 1.7954
_11541_, 213.84, 111.52, 1.79534
_13819_, 213.84, 111.52, 1.79534
_16262_, 213.84, 111.52, 1.79534
hold1523, 213.84, 111.52, 1.79534
hold1723, 213.84, 111.52, 1.79534
FILLER_0_37_459, 213.84, 111.52, 1.79534
_11540_, 226.64, 111.52, 1.7953
_13759_, 226.64, 111.52, 1.7953
_13760_, 226.64, 111.52, 1.7953
clkbuf_leaf_244_clk, 226.64, 111.52, 1.7953
hold261, 226.64, 111.52, 1.7953
FILLER_0_37_480, 226.64, 111.52, 1.7953
FILLER_0_37_493, 226.64, 111.52, 1.7953
_11539_, 239.44, 111.52, 1.79529
_16293_, 239.44, 111.52, 1.79529
_16297_, 239.44, 111.52, 1.79529
FILLER_0_37_500, 239.44, 111.52, 1.79529
FILLER_0_37_505, 239.44, 111.52, 1.79529
_11465_, 252.24, 111.52, 1.79531
_11470_, 252.24, 111.52, 1.79531
_11477_, 252.24, 111.52, 1.79531
_11478_, 252.24, 111.52, 1.79531
_13791_, 252.24, 111.52, 1.79531
_13792_, 252.24, 111.52, 1.79531
_13795_, 252.24, 111.52, 1.79531
_13798_, 252.24, 111.52, 1.79531
hold402, 252.24, 111.52, 1.79531
FILLER_0_38_544, 252.24, 111.52, 1.79531
FILLER_0_38_550, 252.24, 111.52, 1.79531
_11464_, 265.04, 111.52, 1.79532
_11476_, 265.04, 111.52, 1.79532
_13793_, 265.04, 111.52, 1.79532
_16295_, 265.04, 111.52, 1.79532
hold459, 265.04, 111.52, 1.79532
FILLER_0_37_572, 265.04, 111.52, 1.79532
FILLER_0_38_578, 265.04, 111.52, 1.79532
_10177_, 277.84, 111.52, 1.79534
clkbuf_leaf_247_clk, 277.84, 111.52, 1.79534
hold864, 277.84, 111.52, 1.79534
hold1760, 277.84, 111.52, 1.79534
_10172_, 290.64, 111.52, 1.79541
_10173_, 290.64, 111.52, 1.79541
_14516_, 290.64, 111.52, 1.79541
hold1141, 290.64, 111.52, 1.79541
FILLER_0_37_613, 290.64, 111.52, 1.79541
FILLER_0_37_617, 290.64, 111.52, 1.79541
FILLER_0_37_628, 290.64, 111.52, 1.79541
_16942_, 303.44, 111.52, 1.79548
clkbuf_leaf_218_clk, 303.44, 111.52, 1.79548
hold1250, 303.44, 111.52, 1.79548
hold1352, 303.44, 111.52, 1.79548
FILLER_0_38_648, 303.44, 111.52, 1.79548
_10180_, 316.24, 111.52, 1.7956
_14511_, 316.24, 111.52, 1.7956
_16927_, 316.24, 111.52, 1.7956
FILLER_0_37_668, 316.24, 111.52, 1.7956
_10275_, 341.84, 111.52, 1.79556
_10283_, 341.84, 111.52, 1.79556
_16895_, 341.84, 111.52, 1.79556
_16900_, 341.84, 111.52, 1.79556
clkbuf_leaf_221_clk, 341.84, 111.52, 1.79556
FILLER_0_37_721, 341.84, 111.52, 1.79556
_10274_, 354.64, 111.52, 1.79544
_10282_, 354.64, 111.52, 1.79544
_11163_, 354.64, 111.52, 1.79544
_13967_, 354.64, 111.52, 1.79544
_16451_, 354.64, 111.52, 1.79544
hold1733, 354.64, 111.52, 1.79544
_11162_, 367.44, 111.52, 1.79533
_13973_, 367.44, 111.52, 1.79533
hold1124, 367.44, 111.52, 1.79533
FILLER_0_36_786, 367.44, 111.52, 1.79533
FILLER_0_37_796, 367.44, 111.52, 1.79533
FILLER_0_38_800, 367.44, 111.52, 1.79533
_11148_, 380.24, 111.52, 1.79523
_11149_, 380.24, 111.52, 1.79523
_11158_, 380.24, 111.52, 1.79523
_11159_, 380.24, 111.52, 1.79523
_13969_, 380.24, 111.52, 1.79523
_13974_, 380.24, 111.52, 1.79523
_09024_, 393.04, 111.52, 1.79512
_09025_, 393.04, 111.52, 1.79512
_17515_, 393.04, 111.52, 1.79512
_17520_, 393.04, 111.52, 1.79512
hold812, 393.04, 111.52, 1.79512
FILLER_0_37_834, 393.04, 111.52, 1.79512
FILLER_0_38_852, 393.04, 111.52, 1.79512
_09034_, 405.84, 111.52, 1.79503
_09035_, 405.84, 111.52, 1.79503
clkbuf_leaf_207_clk, 405.84, 111.52, 1.79503
hold1425, 405.84, 111.52, 1.79503
_09029_, 418.64, 111.52, 1.79498
hold1398, 418.64, 111.52, 1.79498
FILLER_0_37_888, 418.64, 111.52, 1.79498
_08965_, 431.44, 111.52, 1.79494
_08971_, 444.24, 111.52, 1.7949
_17547_, 444.24, 111.52, 1.7949
clkbuf_leaf_205_clk, 444.24, 111.52, 1.7949
FILLER_0_37_945, 444.24, 111.52, 1.7949
FILLER_0_37_956, 444.24, 111.52, 1.7949
_08970_, 457.04, 111.52, 1.79491
_09055_, 457.04, 111.52, 1.79491
_17501_, 457.04, 111.52, 1.79491
_17505_, 457.04, 111.52, 1.79491
_09054_, 469.84, 111.52, 1.79493
_09061_, 469.84, 111.52, 1.79493
hold1355, 469.84, 111.52, 1.79493
hold1758, 469.84, 111.52, 1.79493
_08129_, 495.308, 111.52, 1.7949
_08130_, 495.308, 111.52, 1.7949
_17968_, 495.308, 111.52, 1.7949
clkbuf_leaf_191_clk, 495.308, 111.52, 1.7949
hold1238, 495.308, 111.52, 1.7949
FILLER_0_37_1065, 495.308, 111.52, 1.7949
_08128_, 507.977, 111.52, 1.79489
_15651_, 507.977, 111.52, 1.79489
_15698_, 507.977, 111.52, 1.79489
hold781, 507.977, 111.52, 1.79489
FILLER_0_36_1086, 507.977, 111.52, 1.79489
_18014_, 520.645, 111.52, 1.79488
FILLER_0_37_1113, 520.645, 111.52, 1.79488
FILLER_0_37_1133, 520.645, 111.52, 1.79488
FILLER_0_38_1122, 520.645, 111.52, 1.79488
_08024_, 533.314, 111.52, 1.79488
_08036_, 533.314, 111.52, 1.79488
_08037_, 533.314, 111.52, 1.79488
_15702_, 533.314, 111.52, 1.79488
hold972, 533.314, 111.52, 1.79488
FILLER_0_36_1141, 533.314, 111.52, 1.79488
FILLER_0_37_1169, 545.982, 111.52, 1.79488
FILLER_0_36_1197, 558.651, 111.52, 1.79488
PHY_68, 5.52, 106.08, 1.7963
PHY_70, 5.52, 106.08, 1.7963
output62, 5.52, 106.08, 1.7963
PHY_69, 571.32, 106.08, 1.79498
PHY_71, 571.32, 106.08, 1.79498
output61, 571.32, 106.08, 1.79498
FILLER_0_34_1217, 571.32, 106.08, 1.79498
FILLER_0_36_21, 13.68, 106.08, 1.79631
FILLER_0_35_51, 34.64, 106.08, 1.79624
FILLER_0_36_77, 34.64, 106.08, 1.79624
_16219_, 47.44, 106.08, 1.79616
FILLER_0_35_105, 47.44, 106.08, 1.79616
FILLER_0_36_97, 47.44, 106.08, 1.79616
_11630_, 60.24, 106.08, 1.79608
_11631_, 60.24, 106.08, 1.79608
_16217_, 60.24, 106.08, 1.79608
hold247, 60.24, 106.08, 1.79608
FILLER_0_34_109, 60.24, 106.08, 1.79608
hold875, 73.04, 106.08, 1.79601
_11918_, 85.84, 106.08, 1.79595
_11919_, 85.84, 106.08, 1.79595
_11921_, 85.84, 106.08, 1.79595
_13546_, 85.84, 106.08, 1.79595
_13547_, 85.84, 106.08, 1.79595
_16080_, 85.84, 106.08, 1.79595
hold1353, 85.84, 106.08, 1.79595
FILLER_0_34_165, 85.84, 106.08, 1.79595
_11908_, 98.64, 106.08, 1.79589
_13544_, 98.64, 106.08, 1.79589
_13554_, 98.64, 106.08, 1.79589
hold1099, 98.64, 106.08, 1.79589
hold1717, 98.64, 106.08, 1.79589
hold1958, 98.64, 106.08, 1.79589
FILLER_0_34_200, 98.64, 106.08, 1.79589
_13553_, 111.44, 106.08, 1.79584
_16079_, 111.44, 106.08, 1.79584
hold418, 111.44, 106.08, 1.79584
FILLER_0_36_235, 111.44, 106.08, 1.79584
_11829_, 124.24, 106.08, 1.79579
_11842_, 124.24, 106.08, 1.79579
_11843_, 124.24, 106.08, 1.79579
_16111_, 124.24, 106.08, 1.79579
FILLER_0_34_247, 124.24, 106.08, 1.79579
FILLER_0_34_258, 124.24, 106.08, 1.79579
FILLER_0_35_245, 124.24, 106.08, 1.79579
_13589_, 137.04, 106.08, 1.79575
_13591_, 137.04, 106.08, 1.79575
_13594_, 137.04, 106.08, 1.79575
_16116_, 137.04, 106.08, 1.79575
FILLER_0_35_281, 137.04, 106.08, 1.79575
FILLER_0_36_292, 137.04, 106.08, 1.79575
_11832_, 149.84, 106.08, 1.79572
_16068_, 149.84, 106.08, 1.79572
_16070_, 149.84, 106.08, 1.79572
hold1357, 149.84, 106.08, 1.79572
FILLER_0_35_311, 149.84, 106.08, 1.79572
FILLER_0_36_317, 149.84, 106.08, 1.79572
_13532_, 162.64, 106.08, 1.7957
_13533_, 162.64, 106.08, 1.7957
_13541_, 162.64, 106.08, 1.7957
hold1827, 162.64, 106.08, 1.7957
hold2131, 162.64, 106.08, 1.7957
_16320_, 188.24, 106.08, 1.79567
FILLER_0_34_397, 188.24, 106.08, 1.79567
FILLER_0_35_386, 188.24, 106.08, 1.79567
_13820_, 201.04, 106.08, 1.79564
hold589, 201.04, 106.08, 1.79564
FILLER_0_34_417, 201.04, 106.08, 1.79564
FILLER_0_34_421, 201.04, 106.08, 1.79564
FILLER_0_35_437, 201.04, 106.08, 1.79564
_11427_, 213.84, 106.08, 1.79562
_11543_, 213.84, 106.08, 1.79562
_13817_, 213.84, 106.08, 1.79562
_16261_, 213.84, 106.08, 1.79562
FILLER_0_35_449, 213.84, 106.08, 1.79562
_11531_, 226.64, 106.08, 1.79561
_13756_, 226.64, 106.08, 1.79561
hold1118, 226.64, 106.08, 1.79561
FILLER_0_35_486, 226.64, 106.08, 1.79561
_11471_, 239.44, 106.08, 1.7956
_13762_, 239.44, 106.08, 1.7956
hold632, 239.44, 106.08, 1.7956
FILLER_0_35_499, 239.44, 106.08, 1.7956
_11480_, 252.24, 106.08, 1.79559
_11481_, 252.24, 106.08, 1.79559
_13794_, 252.24, 106.08, 1.79559
_16294_, 252.24, 106.08, 1.79559
_16300_, 252.24, 106.08, 1.79559
FILLER_0_35_529, 252.24, 106.08, 1.79559
_11474_, 265.04, 106.08, 1.79559
_11475_, 265.04, 106.08, 1.79559
FILLER_0_35_561, 265.04, 106.08, 1.79559
FILLER_0_35_569, 265.04, 106.08, 1.79559
_16944_, 277.84, 106.08, 1.7956
_16946_, 277.84, 106.08, 1.7956
FILLER_0_34_584, 277.84, 106.08, 1.7956
FILLER_0_34_589, 277.84, 106.08, 1.7956
_14514_, 290.64, 106.08, 1.79562
_16941_, 290.64, 106.08, 1.79562
_16947_, 290.64, 106.08, 1.79562
FILLER_0_35_617, 290.64, 106.08, 1.79562
_10170_, 303.44, 106.08, 1.79565
_10171_, 303.44, 106.08, 1.79565
_10183_, 303.44, 106.08, 1.79565
hold2093, 303.44, 106.08, 1.79565
FILLER_0_34_635, 303.44, 106.08, 1.79565
_10182_, 316.24, 106.08, 1.79568
_14495_, 316.24, 106.08, 1.79568
_14498_, 316.24, 106.08, 1.79568
_14512_, 316.24, 106.08, 1.79568
_14517_, 316.24, 106.08, 1.79568
_16928_, 316.24, 106.08, 1.79568
_16930_, 316.24, 106.08, 1.79568
hold1262, 316.24, 106.08, 1.79568
_14460_, 341.84, 106.08, 1.79556
_16891_, 341.84, 106.08, 1.79556
hold126, 341.84, 106.08, 1.79556
hold771, 341.84, 106.08, 1.79556
FILLER_0_34_728, 341.84, 106.08, 1.79556
_10264_, 354.64, 106.08, 1.79539
_14465_, 354.64, 106.08, 1.79539
_16457_, 354.64, 106.08, 1.79539
clkbuf_5_17__f_clk, 354.64, 106.08, 1.79539
hold1278, 354.64, 106.08, 1.79539
_11161_, 367.44, 106.08, 1.79531
_13968_, 367.44, 106.08, 1.79531
_16453_, 367.44, 106.08, 1.79531
_16458_, 367.44, 106.08, 1.79531
FILLER_0_35_775, 367.44, 106.08, 1.79531
FILLER_0_35_785, 367.44, 106.08, 1.79531
_11160_, 380.24, 106.08, 1.79524
hold952, 380.24, 106.08, 1.79524
hold1168, 380.24, 106.08, 1.79524
hold1542, 380.24, 106.08, 1.79524
_15148_, 393.04, 106.08, 1.79517
_17511_, 393.04, 106.08, 1.79517
hold1385, 393.04, 106.08, 1.79517
FILLER_0_35_832, 393.04, 106.08, 1.79517
_09042_, 405.84, 106.08, 1.79512
_09043_, 405.84, 106.08, 1.79512
_15144_, 405.84, 106.08, 1.79512
_15153_, 405.84, 106.08, 1.79512
_17517_, 405.84, 106.08, 1.79512
_17518_, 405.84, 106.08, 1.79512
FILLER_0_34_857, 405.84, 106.08, 1.79512
FILLER_0_34_865, 405.84, 106.08, 1.79512
_09028_, 418.64, 106.08, 1.79507
_09030_, 418.64, 106.08, 1.79507
_09031_, 418.64, 106.08, 1.79507
_15150_, 418.64, 106.08, 1.79507
_15151_, 418.64, 106.08, 1.79507
hold1073, 418.64, 106.08, 1.79507
FILLER_0_35_906, 418.64, 106.08, 1.79507
_08964_, 431.44, 106.08, 1.79503
_08983_, 431.44, 106.08, 1.79503
_15186_, 431.44, 106.08, 1.79503
_17541_, 431.44, 106.08, 1.79503
_17550_, 431.44, 106.08, 1.79503
hold959, 431.44, 106.08, 1.79503
FILLER_0_34_918, 431.44, 106.08, 1.79503
FILLER_0_35_914, 431.44, 106.08, 1.79503
FILLER_0_36_932, 431.44, 106.08, 1.79503
_08973_, 444.24, 106.08, 1.795
_15182_, 444.24, 106.08, 1.795
_15183_, 444.24, 106.08, 1.795
_17545_, 444.24, 106.08, 1.795
_17546_, 444.24, 106.08, 1.795
hold1036, 444.24, 106.08, 1.795
FILLER_0_34_945, 444.24, 106.08, 1.795
FILLER_0_35_940, 444.24, 106.08, 1.795
_17508_, 457.04, 106.08, 1.79499
hold504, 457.04, 106.08, 1.79499
hold930, 457.04, 106.08, 1.79499
_09062_, 469.84, 106.08, 1.79499
_09063_, 469.84, 106.08, 1.79499
_15133_, 469.84, 106.08, 1.79499
_15137_, 469.84, 106.08, 1.79499
_17502_, 469.84, 106.08, 1.79499
_17503_, 469.84, 106.08, 1.79499
_08134_, 495.308, 106.08, 1.79499
_15643_, 495.308, 106.08, 1.79499
_15648_, 495.308, 106.08, 1.79499
hold721, 495.308, 106.08, 1.79499
FILLER_0_35_1053, 495.308, 106.08, 1.79499
FILLER_0_35_1059, 495.308, 106.08, 1.79499
FILLER_0_36_1078, 495.308, 106.08, 1.79499
_08034_, 507.977, 106.08, 1.79499
_08035_, 507.977, 106.08, 1.79499
FILLER_0_34_1089, 507.977, 106.08, 1.79499
FILLER_0_35_1092, 507.977, 106.08, 1.79499
FILLER_0_35_1106, 507.977, 106.08, 1.79499
_08040_, 520.645, 106.08, 1.79498
_15703_, 520.645, 106.08, 1.79498
hold242, 520.645, 106.08, 1.79498
hold936, 520.645, 106.08, 1.79498
FILLER_0_35_1117, 520.645, 106.08, 1.79498
FILLER_0_35_1126, 520.645, 106.08, 1.79498
_08025_, 533.314, 106.08, 1.79498
_08033_, 533.314, 106.08, 1.79498
_15708_, 533.314, 106.08, 1.79498
hold472, 533.314, 106.08, 1.79498
FILLER_0_35_1166, 545.982, 106.08, 1.79498
FILLER_0_34_1198, 558.651, 106.08, 1.79498
FILLER_0_35_1213, 558.651, 106.08, 1.79498
PHY_64, 5.52, 100.64, 1.79648
PHY_66, 5.52, 100.64, 1.79648
PHY_65, 571.32, 100.64, 1.79475
PHY_67, 571.32, 100.64, 1.79475
FILLER_0_32_1217, 571.32, 100.64, 1.79475
FILLER_0_33_51, 34.64, 100.64, 1.79639
FILLER_0_34_77, 34.64, 100.64, 1.79639
FILLER_0_33_105, 47.44, 100.64, 1.7963
FILLER_0_34_131, 60.24, 100.64, 1.79621
FILLER_0_32_133, 73.04, 100.64, 1.79612
_16072_, 85.84, 100.64, 1.79603
FILLER_0_33_161, 85.84, 100.64, 1.79603
_11904_, 98.64, 100.64, 1.79595
_11909_, 98.64, 100.64, 1.79595
_16078_, 98.64, 100.64, 1.79595
FILLER_0_32_189, 98.64, 100.64, 1.79595
FILLER_0_34_207, 98.64, 100.64, 1.79595
FILLER_0_33_217, 111.44, 100.64, 1.79587
FILLER_0_33_237, 111.44, 100.64, 1.79587
_11828_, 124.24, 100.64, 1.79579
_13596_, 124.24, 100.64, 1.79579
_16113_, 124.24, 100.64, 1.79579
_16118_, 124.24, 100.64, 1.79579
clkbuf_leaf_261_clk, 124.24, 100.64, 1.79579
hold234, 124.24, 100.64, 1.79579
FILLER_0_32_245, 124.24, 100.64, 1.79579
FILLER_0_33_245, 124.24, 100.64, 1.79579
_11838_, 137.04, 100.64, 1.79577
_11839_, 137.04, 100.64, 1.79577
_13588_, 137.04, 100.64, 1.79577
_13592_, 137.04, 100.64, 1.79577
_16114_, 137.04, 100.64, 1.79577
hold195, 137.04, 100.64, 1.79577
FILLER_0_33_276, 137.04, 100.64, 1.79577
FILLER_0_33_295, 137.04, 100.64, 1.79577
_11836_, 149.84, 100.64, 1.79576
_11837_, 149.84, 100.64, 1.79576
_16061_, 149.84, 100.64, 1.79576
FILLER_0_32_303, 149.84, 100.64, 1.79576
FILLER_0_34_320, 149.84, 100.64, 1.79576
_11924_, 162.64, 100.64, 1.79576
_11925_, 162.64, 100.64, 1.79576
_11929_, 162.64, 100.64, 1.79576
_11942_, 162.64, 100.64, 1.79576
_13534_, 162.64, 100.64, 1.79576
_13543_, 162.64, 100.64, 1.79576
hold2083, 162.64, 100.64, 1.79576
_11424_, 188.24, 100.64, 1.79569
_11425_, 188.24, 100.64, 1.79569
_16316_, 188.24, 100.64, 1.79569
FILLER_0_33_393, 188.24, 100.64, 1.79569
FILLER_0_34_409, 188.24, 100.64, 1.79569
_11432_, 201.04, 100.64, 1.79563
_13816_, 201.04, 100.64, 1.79563
_16317_, 201.04, 100.64, 1.79563
_16318_, 201.04, 100.64, 1.79563
hold597, 201.04, 100.64, 1.79563
hold1650, 201.04, 100.64, 1.79563
_11430_, 213.84, 100.64, 1.79558
_11542_, 213.84, 100.64, 1.79558
_13754_, 213.84, 100.64, 1.79558
_13810_, 213.84, 100.64, 1.79558
hold279, 213.84, 100.64, 1.79558
FILLER_0_32_441, 213.84, 100.64, 1.79558
_13755_, 226.64, 100.64, 1.79554
_16267_, 226.64, 100.64, 1.79554
_16270_, 226.64, 100.64, 1.79554
FILLER_0_33_479, 226.64, 100.64, 1.79554
_11524_, 239.44, 100.64, 1.79552
_11530_, 239.44, 100.64, 1.79552
_13765_, 239.44, 100.64, 1.79552
clkbuf_leaf_248_clk, 239.44, 100.64, 1.79552
hold401, 239.44, 100.64, 1.79552
hold1045, 239.44, 100.64, 1.79552
FILLER_0_32_501, 239.44, 100.64, 1.79552
FILLER_0_33_513, 239.44, 100.64, 1.79552
FILLER_0_34_517, 239.44, 100.64, 1.79552
_11472_, 252.24, 100.64, 1.79554
_13790_, 252.24, 100.64, 1.79554
hold1217, 252.24, 100.64, 1.79554
_11469_, 265.04, 100.64, 1.79556
_13796_, 265.04, 100.64, 1.79556
_16298_, 265.04, 100.64, 1.79556
FILLER_0_32_552, 265.04, 100.64, 1.79556
FILLER_0_33_561, 265.04, 100.64, 1.79556
FILLER_0_33_574, 265.04, 100.64, 1.79556
_10166_, 277.84, 100.64, 1.79559
_10167_, 277.84, 100.64, 1.79559
_10175_, 277.84, 100.64, 1.79559
_10176_, 277.84, 100.64, 1.79559
_11468_, 277.84, 100.64, 1.79559
_16949_, 277.84, 100.64, 1.79559
hold1084, 277.84, 100.64, 1.79559
FILLER_0_32_585, 277.84, 100.64, 1.79559
FILLER_0_33_591, 277.84, 100.64, 1.79559
_14510_, 290.64, 100.64, 1.79563
_14519_, 290.64, 100.64, 1.79563
hold548, 290.64, 100.64, 1.79563
_10165_, 303.44, 100.64, 1.79567
_14520_, 303.44, 100.64, 1.79567
FILLER_0_32_645, 303.44, 100.64, 1.79567
FILLER_0_34_657, 303.44, 100.64, 1.79567
_10205_, 316.24, 100.64, 1.79571
_10211_, 316.24, 100.64, 1.79571
hold1344, 316.24, 100.64, 1.79571
_14455_, 341.84, 100.64, 1.79567
_14456_, 341.84, 100.64, 1.79567
FILLER_0_33_721, 341.84, 100.64, 1.79567
_16896_, 354.64, 100.64, 1.79558
FILLER_0_32_757, 354.64, 100.64, 1.79558
_14458_, 367.44, 100.64, 1.7955
_14461_, 367.44, 100.64, 1.7955
_16452_, 367.44, 100.64, 1.7955
hold302, 367.44, 100.64, 1.7955
FILLER_0_32_777, 367.44, 100.64, 1.7955
FILLER_0_32_803, 380.24, 100.64, 1.79543
FILLER_0_32_813, 380.24, 100.64, 1.79543
_09041_, 393.04, 100.64, 1.79536
_15145_, 393.04, 100.64, 1.79536
hold376, 393.04, 100.64, 1.79536
FILLER_0_33_833, 393.04, 100.64, 1.79536
FILLER_0_33_853, 393.04, 100.64, 1.79536
_09032_, 405.84, 100.64, 1.79529
_15147_, 405.84, 100.64, 1.79529
_17516_, 405.84, 100.64, 1.79529
hold1438, 405.84, 100.64, 1.79529
hold1439, 405.84, 100.64, 1.79529
FILLER_0_32_860, 405.84, 100.64, 1.79529
FILLER_0_34_881, 405.84, 100.64, 1.79529
_15152_, 418.64, 100.64, 1.79523
FILLER_0_33_886, 418.64, 100.64, 1.79523
FILLER_0_34_910, 418.64, 100.64, 1.79523
_08982_, 431.44, 100.64, 1.79516
_15177_, 431.44, 100.64, 1.79516
hold1726, 431.44, 100.64, 1.79516
FILLER_0_32_916, 431.44, 100.64, 1.79516
FILLER_0_32_925, 431.44, 100.64, 1.79516
FILLER_0_33_921, 431.44, 100.64, 1.79516
_08972_, 444.24, 100.64, 1.7951
_08975_, 444.24, 100.64, 1.7951
hold2061, 444.24, 100.64, 1.7951
FILLER_0_33_942, 444.24, 100.64, 1.7951
FILLER_0_33_953, 444.24, 100.64, 1.7951
_08974_, 457.04, 100.64, 1.79504
_09048_, 457.04, 100.64, 1.79504
_09049_, 457.04, 100.64, 1.79504
_15140_, 457.04, 100.64, 1.79504
_15181_, 457.04, 100.64, 1.79504
FILLER_0_32_976, 457.04, 100.64, 1.79504
FILLER_0_34_993, 457.04, 100.64, 1.79504
_09059_, 469.84, 100.64, 1.79498
_15134_, 469.84, 100.64, 1.79498
clkbuf_leaf_204_clk, 469.84, 100.64, 1.79498
FILLER_0_32_1005, 469.84, 100.64, 1.79498
FILLER_0_33_1000, 469.84, 100.64, 1.79498
FILLER_0_33_1009, 469.84, 100.64, 1.79498
FILLER_0_33_1017, 469.84, 100.64, 1.79498
_08136_, 495.308, 100.64, 1.79489
_08137_, 495.308, 100.64, 1.79489
_08140_, 495.308, 100.64, 1.79489
_15647_, 495.308, 100.64, 1.79489
FILLER_0_32_1057, 495.308, 100.64, 1.79489
FILLER_0_32_1063, 495.308, 100.64, 1.79489
FILLER_0_33_1071, 495.308, 100.64, 1.79489
_18013_, 507.977, 100.64, 1.79481
_18015_, 507.977, 100.64, 1.79481
hold208, 507.977, 100.64, 1.79481
FILLER_0_33_1092, 507.977, 100.64, 1.79481
_08038_, 520.645, 100.64, 1.79475
_08041_, 520.645, 100.64, 1.79475
_15701_, 520.645, 100.64, 1.79475
_18016_, 520.645, 100.64, 1.79475
_18020_, 520.645, 100.64, 1.79475
clkbuf_leaf_194_clk, 520.645, 100.64, 1.79475
_08032_, 533.314, 100.64, 1.79475
_15704_, 533.314, 100.64, 1.79475
hold1977, 533.314, 100.64, 1.79475
FILLER_0_32_1137, 533.314, 100.64, 1.79475
FILLER_0_32_1145, 533.314, 100.64, 1.79475
FILLER_0_32_1197, 558.651, 100.64, 1.79475
PHY_60, 5.52, 95.2, 1.79666
PHY_62, 5.52, 95.2, 1.79666
PHY_61, 571.32, 95.2, 1.79494
PHY_63, 571.32, 95.2, 1.79494
FILLER_0_30_1217, 571.32, 95.2, 1.79494
ANTENNA_8, 13.68, 95.2, 1.79666
FILLER_0_31_51, 34.64, 95.2, 1.79659
FILLER_0_32_77, 34.64, 95.2, 1.79659
FILLER_0_31_105, 47.44, 95.2, 1.79651
_11815_, 73.04, 95.2, 1.79637
FILLER_0_30_133, 73.04, 95.2, 1.79637
FILLER_0_30_141, 73.04, 95.2, 1.79637
_11807_, 85.84, 95.2, 1.7963
hold239, 85.84, 95.2, 1.7963
FILLER_0_30_172, 85.84, 95.2, 1.7963
FILLER_0_31_161, 85.84, 95.2, 1.7963
_11798_, 98.64, 95.2, 1.79622
_13608_, 98.64, 95.2, 1.79622
FILLER_0_30_197, 98.64, 95.2, 1.79622
FILLER_0_31_205, 98.64, 95.2, 1.79622
_11796_, 111.44, 95.2, 1.79615
_11797_, 111.44, 95.2, 1.79615
_13613_, 111.44, 95.2, 1.79615
_16134_, 111.44, 95.2, 1.79615
hold166, 111.44, 95.2, 1.79615
hold226, 111.44, 95.2, 1.79615
FILLER_0_31_221, 111.44, 95.2, 1.79615
FILLER_0_31_225, 111.44, 95.2, 1.79615
_11794_, 124.24, 95.2, 1.79609
_11795_, 124.24, 95.2, 1.79609
hold240, 124.24, 95.2, 1.79609
FILLER_0_30_248, 124.24, 95.2, 1.79609
_16099_, 137.04, 95.2, 1.79603
FILLER_0_31_274, 137.04, 95.2, 1.79603
_11865_, 149.84, 95.2, 1.79597
FILLER_0_30_302, 149.84, 95.2, 1.79597
_11877_, 162.64, 95.2, 1.79591
_16153_, 162.64, 95.2, 1.79591
hold1176, 162.64, 95.2, 1.79591
FILLER_0_30_333, 162.64, 95.2, 1.79591
FILLER_0_31_329, 162.64, 95.2, 1.79591
FILLER_0_31_337, 162.64, 95.2, 1.79591
_11433_, 188.24, 95.2, 1.79582
_11756_, 188.24, 95.2, 1.79582
_11757_, 188.24, 95.2, 1.79582
_13636_, 188.24, 95.2, 1.79582
hold1024, 188.24, 95.2, 1.79582
_11428_, 201.04, 95.2, 1.79577
_11429_, 201.04, 95.2, 1.79577
_11431_, 201.04, 95.2, 1.79577
_13818_, 201.04, 95.2, 1.79577
FILLER_0_30_416, 201.04, 95.2, 1.79577
FILLER_0_31_417, 201.04, 95.2, 1.79577
_11526_, 213.84, 95.2, 1.79573
_11527_, 213.84, 95.2, 1.79573
_16269_, 213.84, 95.2, 1.79573
hold212, 213.84, 95.2, 1.79573
FILLER_0_30_445, 213.84, 95.2, 1.79573
FILLER_0_31_439, 213.84, 95.2, 1.79573
_11525_, 226.64, 95.2, 1.79569
_13763_, 226.64, 95.2, 1.79569
_13764_, 226.64, 95.2, 1.79569
_16266_, 226.64, 95.2, 1.79569
hold206, 226.64, 95.2, 1.79569
FILLER_0_31_475, 226.64, 95.2, 1.79569
FILLER_0_32_484, 226.64, 95.2, 1.79569
_11532_, 239.44, 95.2, 1.79566
_11533_, 239.44, 95.2, 1.79566
_13761_, 239.44, 95.2, 1.79566
_16292_, 239.44, 95.2, 1.79566
_16296_, 239.44, 95.2, 1.79566
_11473_, 252.24, 95.2, 1.79565
_13788_, 252.24, 95.2, 1.79565
hold1116, 252.24, 95.2, 1.79565
FILLER_0_30_525, 252.24, 95.2, 1.79565
FILLER_0_30_533, 252.24, 95.2, 1.79565
FILLER_0_31_546, 252.24, 95.2, 1.79565
_11483_, 265.04, 95.2, 1.79564
_13797_, 265.04, 95.2, 1.79564
_16291_, 265.04, 95.2, 1.79564
hold394, 265.04, 95.2, 1.79564
_16945_, 277.84, 95.2, 1.79564
hold1761, 277.84, 95.2, 1.79564
FILLER_0_30_585, 277.84, 95.2, 1.79564
_14515_, 290.64, 95.2, 1.79564
_16950_, 290.64, 95.2, 1.79564
hold2108, 290.64, 95.2, 1.79564
FILLER_0_30_614, 290.64, 95.2, 1.79564
FILLER_0_31_613, 290.64, 95.2, 1.79564
FILLER_0_31_617, 290.64, 95.2, 1.79564
FILLER_0_31_625, 290.64, 95.2, 1.79564
_10164_, 303.44, 95.2, 1.79565
_10178_, 303.44, 95.2, 1.79565
hold1201, 303.44, 95.2, 1.79565
hold1282, 303.44, 95.2, 1.79565
FILLER_0_30_673, 316.24, 95.2, 1.79566
FILLER_0_31_666, 316.24, 95.2, 1.79566
_10154_, 341.84, 95.2, 1.79557
_10280_, 341.84, 95.2, 1.79557
_10281_, 341.84, 95.2, 1.79557
hold249, 341.84, 95.2, 1.79557
hold253, 341.84, 95.2, 1.79557
FILLER_0_31_723, 341.84, 95.2, 1.79557
FILLER_0_31_729, 341.84, 95.2, 1.79557
_10272_, 354.64, 95.2, 1.79546
_10273_, 354.64, 95.2, 1.79546
_14457_, 354.64, 95.2, 1.79546
hold124, 354.64, 95.2, 1.79546
hold1632, 354.64, 95.2, 1.79546
FILLER_0_31_769, 354.64, 95.2, 1.79546
FILLER_0_32_770, 354.64, 95.2, 1.79546
_10278_, 367.44, 95.2, 1.79536
_10279_, 367.44, 95.2, 1.79536
clkbuf_leaf_208_clk, 367.44, 95.2, 1.79536
hold235, 367.44, 95.2, 1.79536
_09039_, 380.24, 95.2, 1.79529
_17513_, 380.24, 95.2, 1.79529
FILLER_0_30_805, 380.24, 95.2, 1.79529
FILLER_0_30_813, 380.24, 95.2, 1.79529
FILLER_0_31_813, 380.24, 95.2, 1.79529
FILLER_0_32_825, 380.24, 95.2, 1.79529
_09038_, 393.04, 95.2, 1.79523
_09040_, 393.04, 95.2, 1.79523
_15146_, 393.04, 95.2, 1.79523
_17514_, 393.04, 95.2, 1.79523
hold666, 393.04, 95.2, 1.79523
FILLER_0_32_848, 393.04, 95.2, 1.79523
_09033_, 405.84, 95.2, 1.79518
_09036_, 405.84, 95.2, 1.79518
_15149_, 405.84, 95.2, 1.79518
_17519_, 405.84, 95.2, 1.79518
FILLER_0_30_857, 405.84, 95.2, 1.79518
FILLER_0_30_865, 405.84, 95.2, 1.79518
FILLER_0_31_869, 405.84, 95.2, 1.79518
_09026_, 418.64, 95.2, 1.79514
_09027_, 418.64, 95.2, 1.79514
_15099_, 418.64, 95.2, 1.79514
_15143_, 418.64, 95.2, 1.79514
hold865, 418.64, 95.2, 1.79514
FILLER_0_31_893, 418.64, 95.2, 1.79514
_08966_, 431.44, 95.2, 1.7951
_08978_, 431.44, 95.2, 1.7951
_08980_, 431.44, 95.2, 1.7951
_15176_, 431.44, 95.2, 1.7951
_15178_, 431.44, 95.2, 1.7951
_15179_, 431.44, 95.2, 1.7951
_15185_, 431.44, 95.2, 1.7951
hold314, 431.44, 95.2, 1.7951
hold2077, 444.24, 95.2, 1.79507
FILLER_0_30_950, 444.24, 95.2, 1.79507
_09050_, 457.04, 95.2, 1.79503
_09051_, 457.04, 95.2, 1.79503
_17507_, 457.04, 95.2, 1.79503
FILLER_0_30_975, 457.04, 95.2, 1.79503
FILLER_0_31_977, 457.04, 95.2, 1.79503
FILLER_0_31_994, 457.04, 95.2, 1.79503
_09045_, 469.84, 95.2, 1.79501
_15132_, 469.84, 95.2, 1.79501
_15139_, 469.84, 95.2, 1.79501
_15142_, 469.84, 95.2, 1.79501
_17510_, 469.84, 95.2, 1.79501
hold494, 469.84, 95.2, 1.79501
hold645, 469.84, 95.2, 1.79501
FILLER_0_31_1005, 469.84, 95.2, 1.79501
FILLER_0_31_1009, 469.84, 95.2, 1.79501
_08124_, 495.308, 95.2, 1.79497
_08141_, 495.308, 95.2, 1.79497
_08143_, 495.308, 95.2, 1.79497
_15645_, 495.308, 95.2, 1.79497
_17962_, 495.308, 95.2, 1.79497
hold763, 495.308, 95.2, 1.79497
_08039_, 507.977, 95.2, 1.79495
_08133_, 507.977, 95.2, 1.79495
_15649_, 507.977, 95.2, 1.79495
_17966_, 507.977, 95.2, 1.79495
hold1404, 507.977, 95.2, 1.79495
FILLER_0_30_1089, 507.977, 95.2, 1.79495
FILLER_0_32_1099, 507.977, 95.2, 1.79495
_15700_, 520.645, 95.2, 1.79494
_18012_, 520.645, 95.2, 1.79494
hold2078, 520.645, 95.2, 1.79494
FILLER_0_30_1108, 520.645, 95.2, 1.79494
FILLER_0_31_1113, 520.645, 95.2, 1.79494
FILLER_0_31_1121, 520.645, 95.2, 1.79494
FILLER_0_30_1143, 533.314, 95.2, 1.79494
FILLER_0_30_1197, 558.651, 95.2, 1.79494
PHY_56, 5.52, 89.76, 1.79667
PHY_58, 5.52, 89.76, 1.79667
output9, 5.52, 89.76, 1.79667
PHY_57, 571.32, 89.76, 1.79452
PHY_59, 571.32, 89.76, 1.79452
output100, 571.32, 89.76, 1.79452
FILLER_0_28_1217, 571.32, 89.76, 1.79452
FILLER_0_30_25, 13.68, 89.76, 1.79671
FILLER_0_29_51, 34.64, 89.76, 1.79663
FILLER_0_30_77, 34.64, 89.76, 1.79663
FILLER_0_29_105, 47.44, 89.76, 1.79651
_11814_, 73.04, 89.76, 1.79628
_11817_, 73.04, 89.76, 1.79628
_13603_, 73.04, 89.76, 1.79628
_13604_, 73.04, 89.76, 1.79628
_16124_, 73.04, 89.76, 1.79628
_16125_, 73.04, 89.76, 1.79628
hold425, 73.04, 89.76, 1.79628
FILLER_0_28_133, 73.04, 89.76, 1.79628
FILLER_0_29_137, 73.04, 89.76, 1.79628
_11806_, 85.84, 89.76, 1.79618
_11816_, 85.84, 89.76, 1.79618
_11822_, 85.84, 89.76, 1.79618
_11823_, 85.84, 89.76, 1.79618
_16121_, 85.84, 89.76, 1.79618
_16129_, 85.84, 89.76, 1.79618
hold162, 85.84, 89.76, 1.79618
_11799_, 98.64, 89.76, 1.79609
_11802_, 98.64, 89.76, 1.79609
_11803_, 98.64, 89.76, 1.79609
_13600_, 98.64, 89.76, 1.79609
_16131_, 98.64, 89.76, 1.79609
_16133_, 98.64, 89.76, 1.79609
hold1455, 98.64, 89.76, 1.79609
hold1675, 98.64, 89.76, 1.79609
_13610_, 111.44, 89.76, 1.79602
_13611_, 111.44, 89.76, 1.79602
_13614_, 111.44, 89.76, 1.79602
_16135_, 111.44, 89.76, 1.79602
FILLER_0_29_228, 111.44, 89.76, 1.79602
_11790_, 124.24, 89.76, 1.79596
_11867_, 124.24, 89.76, 1.79596
_13615_, 124.24, 89.76, 1.79596
hold355, 124.24, 89.76, 1.79596
FILLER_0_30_264, 124.24, 89.76, 1.79596
_11866_, 137.04, 89.76, 1.7959
_11868_, 137.04, 89.76, 1.7959
_11869_, 137.04, 89.76, 1.7959
_13575_, 137.04, 89.76, 1.7959
_16098_, 137.04, 89.76, 1.7959
_16100_, 137.04, 89.76, 1.7959
hold204, 137.04, 89.76, 1.7959
hold245, 137.04, 89.76, 1.7959
_11864_, 149.84, 89.76, 1.79585
_13570_, 149.84, 89.76, 1.79585
_13576_, 149.84, 89.76, 1.79585
_16093_, 149.84, 89.76, 1.79585
_16094_, 149.84, 89.76, 1.79585
hold1133, 149.84, 89.76, 1.79585
FILLER_0_28_301, 149.84, 89.76, 1.79585
_11759_, 162.64, 89.76, 1.79582
_11876_, 162.64, 89.76, 1.79582
_11878_, 162.64, 89.76, 1.79582
_13632_, 162.64, 89.76, 1.79582
_16160_, 162.64, 89.76, 1.79582
hold982, 162.64, 89.76, 1.79582
FILLER_0_29_340, 162.64, 89.76, 1.79582
FILLER_0_30_345, 162.64, 89.76, 1.79582
_11749_, 188.24, 89.76, 1.79562
_16158_, 188.24, 89.76, 1.79562
clkbuf_5_4__f_clk, 188.24, 89.76, 1.79562
_13640_, 201.04, 89.76, 1.79553
hold1401, 201.04, 89.76, 1.79553
_11528_, 213.84, 89.76, 1.79544
_11529_, 213.84, 89.76, 1.79544
_16268_, 213.84, 89.76, 1.79544
FILLER_0_29_445, 213.84, 89.76, 1.79544
clkbuf_5_5__f_clk, 226.64, 89.76, 1.79536
FILLER_0_28_469, 226.64, 89.76, 1.79536
FILLER_0_30_485, 226.64, 89.76, 1.79536
_11422_, 239.44, 89.76, 1.79538
hold604, 239.44, 89.76, 1.79538
FILLER_0_29_500, 239.44, 89.76, 1.79538
_16299_, 252.24, 89.76, 1.79539
hold1780, 252.24, 89.76, 1.79539
FILLER_0_29_541, 252.24, 89.76, 1.79539
_11466_, 265.04, 89.76, 1.79542
_11467_, 265.04, 89.76, 1.79542
_11482_, 265.04, 89.76, 1.79542
_13789_, 265.04, 89.76, 1.79542
FILLER_0_30_577, 265.04, 89.76, 1.79542
_10174_, 277.84, 89.76, 1.79544
FILLER_0_28_585, 277.84, 89.76, 1.79544
_10179_, 290.64, 89.76, 1.79547
_16943_, 290.64, 89.76, 1.79547
_16948_, 290.64, 89.76, 1.79547
FILLER_0_29_609, 290.64, 89.76, 1.79547
FILLER_0_29_617, 290.64, 89.76, 1.79547
_10168_, 303.44, 89.76, 1.79551
_10169_, 303.44, 89.76, 1.79551
_14513_, 303.44, 89.76, 1.79551
_14518_, 303.44, 89.76, 1.79551
hold2029, 303.44, 89.76, 1.79551
FILLER_0_28_637, 303.44, 89.76, 1.79551
_10152_, 316.24, 89.76, 1.79555
_10153_, 316.24, 89.76, 1.79555
_14527_, 316.24, 89.76, 1.79555
_16956_, 316.24, 89.76, 1.79555
hold1119, 316.24, 89.76, 1.79555
FILLER_0_29_666, 316.24, 89.76, 1.79555
_10158_, 341.84, 89.76, 1.79549
_14524_, 341.84, 89.76, 1.79549
_14526_, 341.84, 89.76, 1.79549
_16892_, 341.84, 89.76, 1.79549
_16899_, 341.84, 89.76, 1.79549
FILLER_0_29_729, 341.84, 89.76, 1.79549
_10266_, 354.64, 89.76, 1.79541
_10268_, 354.64, 89.76, 1.79541
_10269_, 354.64, 89.76, 1.79541
_14464_, 354.64, 89.76, 1.79541
_16893_, 354.64, 89.76, 1.79541
_16898_, 354.64, 89.76, 1.79541
hold121, 354.64, 89.76, 1.79541
_10270_, 367.44, 89.76, 1.79533
_10271_, 367.44, 89.76, 1.79533
_14459_, 367.44, 89.76, 1.79533
_14462_, 367.44, 89.76, 1.79533
hold168, 367.44, 89.76, 1.79533
_17512_, 380.24, 89.76, 1.79526
_09037_, 393.04, 89.76, 1.7952
_09117_, 393.04, 89.76, 1.7952
_15103_, 393.04, 89.76, 1.7952
FILLER_0_28_837, 393.04, 89.76, 1.7952
FILLER_0_29_834, 393.04, 89.76, 1.7952
FILLER_0_29_841, 393.04, 89.76, 1.7952
FILLER_0_30_850, 393.04, 89.76, 1.7952
_09116_, 405.84, 89.76, 1.79514
hold697, 405.84, 89.76, 1.79514
FILLER_0_29_882, 405.84, 89.76, 1.79514
_09111_, 418.64, 89.76, 1.79508
_15106_, 418.64, 89.76, 1.79508
_17543_, 418.64, 89.76, 1.79508
hold643, 418.64, 89.76, 1.79508
FILLER_0_29_891, 418.64, 89.76, 1.79508
FILLER_0_30_911, 418.64, 89.76, 1.79508
_08979_, 431.44, 89.76, 1.79502
_08981_, 431.44, 89.76, 1.79502
_17542_, 431.44, 89.76, 1.79502
_17549_, 431.44, 89.76, 1.79502
hold1974, 431.44, 89.76, 1.79502
_08976_, 444.24, 89.76, 1.79498
_08977_, 444.24, 89.76, 1.79498
_15180_, 444.24, 89.76, 1.79498
_17544_, 444.24, 89.76, 1.79498
_17548_, 444.24, 89.76, 1.79498
hold1348, 444.24, 89.76, 1.79498
FILLER_0_30_962, 444.24, 89.76, 1.79498
_08968_, 457.04, 89.76, 1.79496
_17509_, 457.04, 89.76, 1.79496
hold717, 457.04, 89.76, 1.79496
FILLER_0_29_973, 457.04, 89.76, 1.79496
FILLER_0_29_981, 457.04, 89.76, 1.79496
_09046_, 469.84, 89.76, 1.79495
_09047_, 469.84, 89.76, 1.79495
_09056_, 469.84, 89.76, 1.79495
_15136_, 469.84, 89.76, 1.79495
_15141_, 469.84, 89.76, 1.79495
_17506_, 469.84, 89.76, 1.79495
hold933, 469.84, 89.76, 1.79495
_08125_, 495.308, 89.76, 1.79487
_15644_, 495.308, 89.76, 1.79487
_15653_, 495.308, 89.76, 1.79487
_17961_, 495.308, 89.76, 1.79487
hold2107, 495.308, 89.76, 1.79487
FILLER_0_28_1061, 495.308, 89.76, 1.79487
_08132_, 507.977, 89.76, 1.79481
FILLER_0_28_1083, 507.977, 89.76, 1.79481
FILLER_0_29_1114, 520.645, 89.76, 1.79476
FILLER_0_28_1141, 533.314, 89.76, 1.7947
FILLER_0_29_1169, 545.982, 89.76, 1.79464
FILLER_0_28_1197, 558.651, 89.76, 1.79458
FILLER_0_29_1213, 558.651, 89.76, 1.79458
PHY_52, 5.52, 84.32, 1.79696
PHY_54, 5.52, 84.32, 1.79696
PHY_53, 571.32, 84.32, 1.79501
PHY_55, 571.32, 84.32, 1.79501
FILLER_0_26_1217, 571.32, 84.32, 1.79501
FILLER_0_27_51, 34.64, 84.32, 1.79682
FILLER_0_28_77, 34.64, 84.32, 1.79682
FILLER_0_27_105, 47.44, 84.32, 1.79668
clkbuf_leaf_267_clk, 73.04, 84.32, 1.79641
FILLER_0_26_133, 73.04, 84.32, 1.79641
FILLER_0_26_141, 73.04, 84.32, 1.79641
FILLER_0_27_161, 85.84, 84.32, 1.79631
FILLER_0_28_186, 85.84, 84.32, 1.79631
clkbuf_leaf_262_clk, 98.64, 84.32, 1.79621
FILLER_0_26_197, 98.64, 84.32, 1.79621
FILLER_0_27_214, 98.64, 84.32, 1.79621
_13617_, 111.44, 84.32, 1.79615
_16137_, 111.44, 84.32, 1.79615
hold165, 111.44, 84.32, 1.79615
FILLER_0_27_237, 111.44, 84.32, 1.79615
FILLER_0_28_237, 111.44, 84.32, 1.79615
_11787_, 124.24, 84.32, 1.7961
_11791_, 124.24, 84.32, 1.7961
_13616_, 124.24, 84.32, 1.7961
hold1422, 124.24, 84.32, 1.7961
FILLER_0_28_264, 124.24, 84.32, 1.7961
_11874_, 137.04, 84.32, 1.79605
_11875_, 137.04, 84.32, 1.79605
_13574_, 137.04, 84.32, 1.79605
_16095_, 137.04, 84.32, 1.79605
FILLER_0_26_284, 137.04, 84.32, 1.79605
FILLER_0_27_273, 137.04, 84.32, 1.79605
_11879_, 149.84, 84.32, 1.796
_13566_, 149.84, 84.32, 1.796
_13569_, 149.84, 84.32, 1.796
FILLER_0_26_302, 149.84, 84.32, 1.796
FILLER_0_27_326, 149.84, 84.32, 1.796
_16156_, 162.64, 84.32, 1.79596
clkbuf_leaf_256_clk, 162.64, 84.32, 1.79596
FILLER_0_26_333, 162.64, 84.32, 1.79596
_11748_, 188.24, 84.32, 1.79592
_13641_, 188.24, 84.32, 1.79592
_16159_, 188.24, 84.32, 1.79592
hold1967, 188.24, 84.32, 1.79592
FILLER_0_27_385, 188.24, 84.32, 1.79592
_11397_, 201.04, 84.32, 1.79589
_11746_, 201.04, 84.32, 1.79589
FILLER_0_26_413, 201.04, 84.32, 1.79589
FILLER_0_26_421, 201.04, 84.32, 1.79589
FILLER_0_27_440, 213.84, 84.32, 1.79585
_11401_, 226.64, 84.32, 1.79582
_11414_, 226.64, 84.32, 1.79582
_11415_, 226.64, 84.32, 1.79582
_11423_, 226.64, 84.32, 1.79582
_13834_, 226.64, 84.32, 1.79582
hold1225, 226.64, 84.32, 1.79582
FILLER_0_26_473, 226.64, 84.32, 1.79582
FILLER_0_28_489, 226.64, 84.32, 1.79582
_11413_, 239.44, 84.32, 1.79578
_16326_, 239.44, 84.32, 1.79578
hold1581, 239.44, 84.32, 1.79578
FILLER_0_28_522, 239.44, 84.32, 1.79578
_11412_, 252.24, 84.32, 1.79576
_11420_, 252.24, 84.32, 1.79576
_11421_, 252.24, 84.32, 1.79576
hold802, 252.24, 84.32, 1.79576
FILLER_0_27_557, 265.04, 84.32, 1.79573
FILLER_0_28_577, 265.04, 84.32, 1.79573
_11356_, 277.84, 84.32, 1.79571
_11357_, 277.84, 84.32, 1.79571
_11361_, 277.84, 84.32, 1.79571
_13856_, 277.84, 84.32, 1.79571
_16352_, 277.84, 84.32, 1.79571
FILLER_0_26_585, 277.84, 84.32, 1.79571
FILLER_0_27_585, 277.84, 84.32, 1.79571
_11360_, 290.64, 84.32, 1.79569
hold1211, 290.64, 84.32, 1.79569
hold1481, 290.64, 84.32, 1.79569
_16959_, 303.44, 84.32, 1.79568
FILLER_0_26_641, 303.44, 84.32, 1.79568
_10147_, 316.24, 84.32, 1.79567
_14530_, 316.24, 84.32, 1.79567
_16951_, 316.24, 84.32, 1.79567
hold934, 316.24, 84.32, 1.79567
FILLER_0_26_669, 316.24, 84.32, 1.79567
_10267_, 341.84, 84.32, 1.79558
hold526, 341.84, 84.32, 1.79558
FILLER_0_27_718, 341.84, 84.32, 1.79558
FILLER_0_28_736, 341.84, 84.32, 1.79558
_10277_, 354.64, 84.32, 1.7955
_14463_, 354.64, 84.32, 1.7955
_16894_, 354.64, 84.32, 1.7955
_16897_, 354.64, 84.32, 1.7955
FILLER_0_26_747, 354.64, 84.32, 1.7955
FILLER_0_27_753, 354.64, 84.32, 1.7955
FILLER_0_27_761, 354.64, 84.32, 1.7955
_10276_, 367.44, 84.32, 1.79543
hold1269, 367.44, 84.32, 1.79543
FILLER_0_26_805, 380.24, 84.32, 1.79536
_17471_, 393.04, 84.32, 1.79529
_17474_, 393.04, 84.32, 1.79529
FILLER_0_27_836, 393.04, 84.32, 1.79529
_09122_, 405.84, 84.32, 1.79523
_17477_, 405.84, 84.32, 1.79523
_17478_, 405.84, 84.32, 1.79523
hold696, 405.84, 84.32, 1.79523
FILLER_0_26_857, 405.84, 84.32, 1.79523
FILLER_0_26_865, 405.84, 84.32, 1.79523
_09108_, 418.64, 84.32, 1.79519
_09110_, 418.64, 84.32, 1.79519
_15107_, 418.64, 84.32, 1.79519
hold816, 418.64, 84.32, 1.79519
_08967_, 431.44, 84.32, 1.79515
FILLER_0_26_914, 431.44, 84.32, 1.79515
FILLER_0_27_915, 431.44, 84.32, 1.79515
_08969_, 444.24, 84.32, 1.79511
_15184_, 444.24, 84.32, 1.79511
FILLER_0_27_953, 444.24, 84.32, 1.79511
_17504_, 457.04, 84.32, 1.79507
FILLER_0_26_973, 457.04, 84.32, 1.79507
_09057_, 469.84, 84.32, 1.79504
FILLER_0_26_1005, 469.84, 84.32, 1.79504
FILLER_0_27_998, 469.84, 84.32, 1.79504
_08142_, 495.308, 84.32, 1.79501
FILLER_0_27_1057, 495.308, 84.32, 1.79501
FILLER_0_27_1077, 495.308, 84.32, 1.79501
_08121_, 507.977, 84.32, 1.79501
_08109_, 520.645, 84.32, 1.79501
_08112_, 520.645, 84.32, 1.79501
_08113_, 520.645, 84.32, 1.79501
hold496, 520.645, 84.32, 1.79501
FILLER_0_27_1108, 520.645, 84.32, 1.79501
FILLER_0_27_1168, 545.982, 84.32, 1.79501
FILLER_0_26_1197, 558.651, 84.32, 1.79501
PHY_48, 5.52, 78.88, 1.79715
PHY_50, 5.52, 78.88, 1.79715
PHY_49, 571.32, 78.88, 1.79472
PHY_51, 571.32, 78.88, 1.79472
FILLER_0_24_1217, 571.32, 78.88, 1.79472
FILLER_0_25_51, 34.64, 78.88, 1.79702
FILLER_0_26_77, 34.64, 78.88, 1.79702
FILLER_0_25_105, 47.44, 78.88, 1.79689
_11804_, 73.04, 78.88, 1.79664
_11805_, 73.04, 78.88, 1.79664
_13609_, 73.04, 78.88, 1.79664
_16130_, 73.04, 78.88, 1.79664
hold158, 73.04, 78.88, 1.79664
FILLER_0_24_133, 73.04, 78.88, 1.79664
FILLER_0_25_137, 73.04, 78.88, 1.79664
FILLER_0_25_146, 73.04, 78.88, 1.79664
_11821_, 85.84, 78.88, 1.79652
_13601_, 85.84, 78.88, 1.79652
_13602_, 85.84, 78.88, 1.79652
_16123_, 85.84, 78.88, 1.79652
FILLER_0_26_188, 85.84, 78.88, 1.79652
_11800_, 98.64, 78.88, 1.79641
_11801_, 98.64, 78.88, 1.79641
_11813_, 98.64, 78.88, 1.79641
_13605_, 98.64, 78.88, 1.79641
_16126_, 98.64, 78.88, 1.79641
_16132_, 98.64, 78.88, 1.79641
FILLER_0_25_197, 98.64, 78.88, 1.79641
FILLER_0_26_205, 98.64, 78.88, 1.79641
_13599_, 111.44, 78.88, 1.79632
_13612_, 111.44, 78.88, 1.79632
_13620_, 111.44, 78.88, 1.79632
hold1104, 111.44, 78.88, 1.79632
FILLER_0_25_237, 111.44, 78.88, 1.79632
FILLER_0_26_238, 111.44, 78.88, 1.79632
_13619_, 124.24, 78.88, 1.79623
clkbuf_leaf_263_clk, 124.24, 78.88, 1.79623
hold1785, 124.24, 78.88, 1.79623
hold2053, 124.24, 78.88, 1.79623
_11792_, 137.04, 78.88, 1.79618
_13571_, 137.04, 78.88, 1.79618
FILLER_0_24_280, 137.04, 78.88, 1.79618
FILLER_0_25_277, 137.04, 78.88, 1.79618
_11883_, 149.84, 78.88, 1.79613
hold1222, 149.84, 78.88, 1.79613
FILLER_0_24_303, 149.84, 78.88, 1.79613
_11755_, 162.64, 78.88, 1.79608
hold940, 162.64, 78.88, 1.79608
FILLER_0_24_330, 162.64, 78.88, 1.79608
FILLER_0_24_341, 162.64, 78.88, 1.79608
FILLER_0_25_329, 162.64, 78.88, 1.79608
FILLER_0_25_349, 162.64, 78.88, 1.79608
_11751_, 188.24, 78.88, 1.7959
_11760_, 188.24, 78.88, 1.7959
hold2104, 188.24, 78.88, 1.7959
FILLER_0_25_404, 188.24, 78.88, 1.7959
_11398_, 201.04, 78.88, 1.79578
_11399_, 201.04, 78.88, 1.79578
_13836_, 201.04, 78.88, 1.79578
_16333_, 201.04, 78.88, 1.79578
_16334_, 201.04, 78.88, 1.79578
hold481, 201.04, 78.88, 1.79578
hold1998, 201.04, 78.88, 1.79578
_11390_, 213.84, 78.88, 1.79567
_11391_, 213.84, 78.88, 1.79567
_11396_, 213.84, 78.88, 1.79567
_13835_, 213.84, 78.88, 1.79567
_13839_, 213.84, 78.88, 1.79567
_16332_, 213.84, 78.88, 1.79567
_16337_, 213.84, 78.88, 1.79567
FILLER_0_24_447, 213.84, 78.88, 1.79567
_11400_, 226.64, 78.88, 1.79558
_16321_, 226.64, 78.88, 1.79558
_16325_, 226.64, 78.88, 1.79558
hold1571, 226.64, 78.88, 1.79558
FILLER_0_24_472, 226.64, 78.88, 1.79558
_13822_, 239.44, 78.88, 1.7955
_13826_, 239.44, 78.88, 1.7955
_13827_, 239.44, 78.88, 1.7955
_13831_, 239.44, 78.88, 1.7955
_16322_, 239.44, 78.88, 1.7955
FILLER_0_25_508, 239.44, 78.88, 1.7955
FILLER_0_25_519, 239.44, 78.88, 1.7955
_11404_, 252.24, 78.88, 1.79544
_11405_, 252.24, 78.88, 1.79544
_13823_, 252.24, 78.88, 1.79544
_16358_, 252.24, 78.88, 1.79544
clkbuf_leaf_249_clk, 252.24, 78.88, 1.79544
hold2097, 252.24, 78.88, 1.79544
_11344_, 265.04, 78.88, 1.79542
_11345_, 265.04, 78.88, 1.79542
_11348_, 265.04, 78.88, 1.79542
_11350_, 265.04, 78.88, 1.79542
_11351_, 265.04, 78.88, 1.79542
_13864_, 265.04, 78.88, 1.79542
hold605, 265.04, 78.88, 1.79542
hold1103, 265.04, 78.88, 1.79542
FILLER_0_26_577, 265.04, 78.88, 1.79542
_13861_, 277.84, 78.88, 1.79541
_16354_, 277.84, 78.88, 1.79541
_16357_, 277.84, 78.88, 1.79541
hold1847, 277.84, 78.88, 1.79541
FILLER_0_24_580, 277.84, 78.88, 1.79541
_13858_, 290.64, 78.88, 1.79541
hold1085, 290.64, 78.88, 1.79541
FILLER_0_25_612, 290.64, 78.88, 1.79541
FILLER_0_25_629, 290.64, 78.88, 1.79541
FILLER_0_26_633, 290.64, 78.88, 1.79541
_10248_, 303.44, 78.88, 1.79542
_10255_, 303.44, 78.88, 1.79542
_14474_, 303.44, 78.88, 1.79542
clkbuf_leaf_215_clk, 303.44, 78.88, 1.79542
hold403, 303.44, 78.88, 1.79542
_10163_, 316.24, 78.88, 1.79546
clkbuf_leaf_216_clk, 316.24, 78.88, 1.79546
FILLER_0_24_667, 316.24, 78.88, 1.79546
FILLER_0_25_667, 316.24, 78.88, 1.79546
_10150_, 341.84, 78.88, 1.79541
hold573, 341.84, 78.88, 1.79541
FILLER_0_25_720, 341.84, 78.88, 1.79541
_10186_, 354.64, 78.88, 1.79528
_10199_, 354.64, 78.88, 1.79528
_14502_, 354.64, 78.88, 1.79528
_10185_, 367.44, 78.88, 1.79515
_10196_, 367.44, 78.88, 1.79515
FILLER_0_25_777, 367.44, 78.88, 1.79515
FILLER_0_25_785, 367.44, 78.88, 1.79515
FILLER_0_24_802, 380.24, 78.88, 1.79501
_09123_, 393.04, 78.88, 1.79488
_15100_, 393.04, 78.88, 1.79488
_17475_, 393.04, 78.88, 1.79488
clkbuf_leaf_209_clk, 393.04, 78.88, 1.79488
FILLER_0_24_837, 393.04, 78.88, 1.79488
_09109_, 405.84, 78.88, 1.7948
_09114_, 405.84, 78.88, 1.7948
hold596, 405.84, 78.88, 1.7948
FILLER_0_24_863, 405.84, 78.88, 1.7948
FILLER_0_26_881, 405.84, 78.88, 1.7948
FILLER_0_24_892, 418.64, 78.88, 1.79471
FILLER_0_25_886, 418.64, 78.88, 1.79471
_08094_, 431.44, 78.88, 1.79463
_08095_, 431.44, 78.88, 1.79463
clkbuf_leaf_202_clk, 431.44, 78.88, 1.79463
FILLER_0_25_921, 431.44, 78.88, 1.79463
clkbuf_5_20__f_clk, 444.24, 78.88, 1.79459
_08087_, 457.04, 78.88, 1.79463
_15674_, 457.04, 78.88, 1.79463
clkbuf_leaf_203_clk, 457.04, 78.88, 1.79463
hold269, 457.04, 78.88, 1.79463
_08008_, 469.84, 78.88, 1.79471
_08018_, 469.84, 78.88, 1.79471
hold1317, 469.84, 78.88, 1.79471
hold1731, 469.84, 78.88, 1.79471
_08020_, 495.308, 78.88, 1.79476
_17972_, 495.308, 78.88, 1.79476
_17977_, 495.308, 78.88, 1.79476
hold1730, 495.308, 78.88, 1.79476
FILLER_0_25_1065, 495.308, 78.88, 1.79476
_08110_, 507.977, 78.88, 1.79473
_08111_, 507.977, 78.88, 1.79473
_08120_, 507.977, 78.88, 1.79473
_15656_, 507.977, 78.88, 1.79473
_15661_, 507.977, 78.88, 1.79473
_17976_, 507.977, 78.88, 1.79473
hold525, 507.977, 78.88, 1.79473
hold706, 507.977, 78.88, 1.79473
FILLER_0_25_1105, 507.977, 78.88, 1.79473
_08108_, 520.645, 78.88, 1.79472
_15660_, 520.645, 78.88, 1.79472
_15662_, 520.645, 78.88, 1.79472
_17971_, 520.645, 78.88, 1.79472
_17978_, 520.645, 78.88, 1.79472
hold1677, 520.645, 78.88, 1.79472
_08122_, 533.314, 78.88, 1.79472
FILLER_0_24_1140, 533.314, 78.88, 1.79472
FILLER_0_25_1172, 545.982, 78.88, 1.79472
FILLER_0_24_1197, 558.651, 78.88, 1.79472
PHY_44, 5.52, 73.44, 1.79733
PHY_46, 5.52, 73.44, 1.79733
PHY_45, 571.32, 73.44, 1.79471
PHY_47, 571.32, 73.44, 1.79471
FILLER_0_22_1217, 571.32, 73.44, 1.79471
FILLER_0_23_51, 34.64, 73.44, 1.79721
FILLER_0_24_77, 34.64, 73.44, 1.79721
FILLER_0_23_105, 47.44, 73.44, 1.79708
_11809_, 73.04, 73.44, 1.79683
_16122_, 73.04, 73.44, 1.79683
FILLER_0_22_133, 73.04, 73.44, 1.79683
FILLER_0_22_141, 73.04, 73.44, 1.79683
FILLER_0_23_137, 73.04, 73.44, 1.79683
_11808_, 85.84, 73.44, 1.79671
_11819_, 85.84, 73.44, 1.79671
_11820_, 85.84, 73.44, 1.79671
hold262, 85.84, 73.44, 1.79671
hold284, 85.84, 73.44, 1.79671
hold1724, 85.84, 73.44, 1.79671
_11812_, 98.64, 73.44, 1.7966
_11818_, 98.64, 73.44, 1.7966
_16138_, 98.64, 73.44, 1.7966
hold1309, 98.64, 73.44, 1.7966
_11785_, 111.44, 73.44, 1.79649
_11788_, 111.44, 73.44, 1.79649
_11789_, 111.44, 73.44, 1.79649
_13618_, 111.44, 73.44, 1.79649
_16136_, 111.44, 73.44, 1.79649
_16139_, 111.44, 73.44, 1.79649
FILLER_0_23_231, 111.44, 73.44, 1.79649
_11786_, 124.24, 73.44, 1.7964
_11793_, 124.24, 73.44, 1.7964
hold843, 124.24, 73.44, 1.7964
_11872_, 137.04, 73.44, 1.7963
_11873_, 137.04, 73.44, 1.7963
_13572_, 137.04, 73.44, 1.7963
_16091_, 137.04, 73.44, 1.7963
_16096_, 137.04, 73.44, 1.7963
hold1704, 137.04, 73.44, 1.7963
FILLER_0_22_272, 137.04, 73.44, 1.7963
FILLER_0_23_274, 137.04, 73.44, 1.7963
_11881_, 149.84, 73.44, 1.79623
_11882_, 149.84, 73.44, 1.79623
_13568_, 149.84, 73.44, 1.79623
_13573_, 149.84, 73.44, 1.79623
_16092_, 149.84, 73.44, 1.79623
_16097_, 149.84, 73.44, 1.79623
FILLER_0_22_300, 149.84, 73.44, 1.79623
FILLER_0_22_309, 149.84, 73.44, 1.79623
FILLER_0_23_309, 149.84, 73.44, 1.79623
FILLER_0_24_317, 149.84, 73.44, 1.79623
_11870_, 162.64, 73.44, 1.79616
_11880_, 162.64, 73.44, 1.79616
_16151_, 162.64, 73.44, 1.79616
_16155_, 162.64, 73.44, 1.79616
hold981, 162.64, 73.44, 1.79616
FILLER_0_23_337, 162.64, 73.44, 1.79616
_11750_, 188.24, 73.44, 1.79602
_13634_, 188.24, 73.44, 1.79602
_13639_, 188.24, 73.44, 1.79602
clkbuf_leaf_257_clk, 188.24, 73.44, 1.79602
hold1873, 188.24, 73.44, 1.79602
FILLER_0_23_396, 188.24, 73.44, 1.79602
_13832_, 213.84, 73.44, 1.7959
_16335_, 213.84, 73.44, 1.7959
hold2052, 213.84, 73.44, 1.7959
FILLER_0_23_449, 213.84, 73.44, 1.7959
_11393_, 226.64, 73.44, 1.79585
_13838_, 226.64, 73.44, 1.79585
FILLER_0_24_492, 226.64, 73.44, 1.79585
_13829_, 239.44, 73.44, 1.79579
_16330_, 239.44, 73.44, 1.79579
FILLER_0_23_499, 239.44, 73.44, 1.79579
_11349_, 252.24, 73.44, 1.79575
_16360_, 252.24, 73.44, 1.79575
FILLER_0_22_525, 252.24, 73.44, 1.79575
_13854_, 265.04, 73.44, 1.79572
_13862_, 265.04, 73.44, 1.79572
FILLER_0_23_551, 265.04, 73.44, 1.79572
FILLER_0_23_557, 265.04, 73.44, 1.79572
FILLER_0_23_573, 265.04, 73.44, 1.79572
FILLER_0_24_570, 265.04, 73.44, 1.79572
_11352_, 277.84, 73.44, 1.79568
_13860_, 277.84, 73.44, 1.79568
_16356_, 277.84, 73.44, 1.79568
FILLER_0_22_581, 277.84, 73.44, 1.79568
FILLER_0_22_589, 277.84, 73.44, 1.79568
FILLER_0_23_605, 277.84, 73.44, 1.79568
_10249_, 290.64, 73.44, 1.79566
_16905_, 290.64, 73.44, 1.79566
FILLER_0_23_613, 290.64, 73.44, 1.79566
FILLER_0_23_617, 290.64, 73.44, 1.79566
FILLER_0_24_629, 290.64, 73.44, 1.79566
_10254_, 303.44, 73.44, 1.79564
_14466_, 303.44, 73.44, 1.79564
_14471_, 303.44, 73.44, 1.79564
hold749, 303.44, 73.44, 1.79564
FILLER_0_23_660, 303.44, 73.44, 1.79564
_10160_, 316.24, 73.44, 1.79562
_10161_, 316.24, 73.44, 1.79562
_14523_, 316.24, 73.44, 1.79562
_16952_, 316.24, 73.44, 1.79562
hold1142, 316.24, 73.44, 1.79562
FILLER_0_24_683, 316.24, 73.44, 1.79562
_10144_, 341.84, 73.44, 1.7955
_10156_, 341.84, 73.44, 1.7955
_10187_, 341.84, 73.44, 1.7955
_16933_, 341.84, 73.44, 1.7955
hold761, 341.84, 73.44, 1.7955
FILLER_0_22_727, 341.84, 73.44, 1.7955
FILLER_0_23_722, 341.84, 73.44, 1.7955
FILLER_0_23_729, 341.84, 73.44, 1.7955
FILLER_0_23_737, 341.84, 73.44, 1.7955
FILLER_0_24_741, 341.84, 73.44, 1.7955
_10198_, 354.64, 73.44, 1.79539
_14508_, 354.64, 73.44, 1.79539
hold1034, 354.64, 73.44, 1.79539
hold1431, 354.64, 73.44, 1.79539
FILLER_0_24_760, 354.64, 73.44, 1.79539
_10197_, 367.44, 73.44, 1.79529
_14503_, 367.44, 73.44, 1.79529
_14509_, 367.44, 73.44, 1.79529
_16934_, 367.44, 73.44, 1.79529
_16940_, 367.44, 73.44, 1.79529
hold1418, 367.44, 73.44, 1.79529
FILLER_0_23_774, 367.44, 73.44, 1.79529
hold1546, 380.24, 73.44, 1.7952
FILLER_0_22_809, 380.24, 73.44, 1.7952
_09115_, 393.04, 73.44, 1.79511
_09119_, 393.04, 73.44, 1.79511
_15102_, 393.04, 73.44, 1.79511
_15104_, 393.04, 73.44, 1.79511
_17473_, 393.04, 73.44, 1.79511
FILLER_0_23_837, 393.04, 73.44, 1.79511
FILLER_0_23_841, 393.04, 73.44, 1.79511
_09118_, 405.84, 73.44, 1.79503
_09120_, 405.84, 73.44, 1.79503
_17472_, 405.84, 73.44, 1.79503
hold610, 405.84, 73.44, 1.79503
hold999, 405.84, 73.44, 1.79503
FILLER_0_22_869, 405.84, 73.44, 1.79503
FILLER_0_23_862, 405.84, 73.44, 1.79503
FILLER_0_24_877, 405.84, 73.44, 1.79503
_09104_, 418.64, 73.44, 1.79496
_09105_, 418.64, 73.44, 1.79496
_15101_, 418.64, 73.44, 1.79496
_15105_, 418.64, 73.44, 1.79496
clkbuf_leaf_210_clk, 418.64, 73.44, 1.79496
hold1417, 418.64, 73.44, 1.79496
FILLER_0_23_908, 418.64, 73.44, 1.79496
_08091_, 431.44, 73.44, 1.79492
_15670_, 431.44, 73.44, 1.79492
_15672_, 431.44, 73.44, 1.79492
_17987_, 431.44, 73.44, 1.79492
_17990_, 431.44, 73.44, 1.79492
hold879, 431.44, 73.44, 1.79492
hold1840, 431.44, 73.44, 1.79492
_08090_, 444.24, 73.44, 1.7949
_08092_, 444.24, 73.44, 1.7949
_08093_, 444.24, 73.44, 1.7949
_08101_, 444.24, 73.44, 1.7949
_17986_, 444.24, 73.44, 1.7949
hold759, 444.24, 73.44, 1.7949
FILLER_0_23_945, 444.24, 73.44, 1.7949
FILLER_0_24_955, 444.24, 73.44, 1.7949
_08086_, 457.04, 73.44, 1.79489
_17982_, 457.04, 73.44, 1.79489
_18028_, 457.04, 73.44, 1.79489
hold1054, 457.04, 73.44, 1.79489
hold1858, 457.04, 73.44, 1.79489
FILLER_0_24_987, 457.04, 73.44, 1.79489
_08009_, 469.84, 73.44, 1.79489
_08019_, 469.84, 73.44, 1.79489
_15712_, 469.84, 73.44, 1.79489
_15717_, 469.84, 73.44, 1.79489
_18023_, 469.84, 73.44, 1.79489
FILLER_0_23_1005, 469.84, 73.44, 1.79489
_08010_, 495.308, 73.44, 1.79482
_15711_, 495.308, 73.44, 1.79482
clkbuf_leaf_198_clk, 495.308, 73.44, 1.79482
hold1849, 495.308, 73.44, 1.79482
_08119_, 507.977, 73.44, 1.79478
_15654_, 507.977, 73.44, 1.79478
_15657_, 507.977, 73.44, 1.79478
_17973_, 507.977, 73.44, 1.79478
hold1577, 507.977, 73.44, 1.79478
FILLER_0_22_1088, 507.977, 73.44, 1.79478
FILLER_0_24_1099, 507.977, 73.44, 1.79478
_08123_, 520.645, 73.44, 1.79474
_15655_, 520.645, 73.44, 1.79474
hold846, 520.645, 73.44, 1.79474
FILLER_0_23_1113, 520.645, 73.44, 1.79474
clkbuf_leaf_195_clk, 533.314, 73.44, 1.79471
FILLER_0_22_1139, 533.314, 73.44, 1.79471
FILLER_0_23_1136, 533.314, 73.44, 1.79471
FILLER_0_23_1166, 545.982, 73.44, 1.79471
FILLER_0_22_1197, 558.651, 73.44, 1.79471
PHY_40, 5.52, 68, 1.79751
PHY_42, 5.52, 68, 1.79751
output42, 5.52, 68, 1.79751
PHY_41, 571.32, 68, 1.79487
PHY_43, 571.32, 68, 1.79487
output67, 571.32, 68, 1.79487
FILLER_0_20_1217, 571.32, 68, 1.79487
FILLER_0_22_21, 13.68, 68, 1.79751
FILLER_0_21_51, 34.64, 68, 1.79738
FILLER_0_22_77, 34.64, 68, 1.79738
FILLER_0_21_105, 47.44, 68, 1.79724
_16128_, 73.04, 68, 1.79697
FILLER_0_20_133, 73.04, 68, 1.79697
_11811_, 85.84, 68, 1.79684
_13607_, 85.84, 68, 1.79684
_16127_, 85.84, 68, 1.79684
FILLER_0_21_161, 85.84, 68, 1.79684
_11810_, 98.64, 68, 1.79672
_13606_, 98.64, 68, 1.79672
hold1436, 98.64, 68, 1.79672
FILLER_0_20_189, 98.64, 68, 1.79672
FILLER_0_21_189, 98.64, 68, 1.79672
FILLER_0_21_215, 98.64, 68, 1.79672
_16140_, 111.44, 68, 1.7966
_11784_, 124.24, 68, 1.79649
FILLER_0_20_245, 124.24, 68, 1.79649
FILLER_0_22_264, 124.24, 68, 1.79649
_13567_, 137.04, 68, 1.79638
clkbuf_leaf_264_clk, 137.04, 68, 1.79638
hold1342, 137.04, 68, 1.79638
FILLER_0_20_273, 137.04, 68, 1.79638
FILLER_0_21_273, 137.04, 68, 1.79638
_11871_, 149.84, 68, 1.79631
FILLER_0_20_305, 149.84, 68, 1.79631
FILLER_0_21_317, 149.84, 68, 1.79631
_11774_, 162.64, 68, 1.79625
_11775_, 162.64, 68, 1.79625
_13626_, 162.64, 68, 1.79625
_16145_, 162.64, 68, 1.79625
FILLER_0_21_337, 162.64, 68, 1.79625
FILLER_0_21_349, 162.64, 68, 1.79625
_11766_, 188.24, 68, 1.79606
_11767_, 188.24, 68, 1.79606
hold207, 188.24, 68, 1.79606
FILLER_0_22_410, 188.24, 68, 1.79606
_11385_, 201.04, 68, 1.79594
_11386_, 201.04, 68, 1.79594
_11387_, 201.04, 68, 1.79594
_13841_, 201.04, 68, 1.79594
_16339_, 201.04, 68, 1.79594
hold790, 201.04, 68, 1.79594
FILLER_0_20_414, 201.04, 68, 1.79594
FILLER_0_21_417, 201.04, 68, 1.79594
FILLER_0_22_433, 201.04, 68, 1.79594
_11384_, 213.84, 68, 1.79582
_11394_, 213.84, 68, 1.79582
_11395_, 213.84, 68, 1.79582
_13842_, 213.84, 68, 1.79582
clkbuf_leaf_253_clk, 213.84, 68, 1.79582
hold1993, 213.84, 68, 1.79582
FILLER_0_20_444, 213.84, 68, 1.79582
FILLER_0_21_449, 213.84, 68, 1.79582
_16328_, 226.64, 68, 1.79575
hold1937, 226.64, 68, 1.79575
FILLER_0_22_489, 226.64, 68, 1.79575
_11408_, 239.44, 68, 1.79569
_13821_, 239.44, 68, 1.79569
_13830_, 239.44, 68, 1.79569
_16329_, 239.44, 68, 1.79569
hold779, 239.44, 68, 1.79569
_11419_, 252.24, 68, 1.79564
_13824_, 252.24, 68, 1.79564
hold1234, 252.24, 68, 1.79564
FILLER_0_20_529, 252.24, 68, 1.79564
FILLER_0_21_543, 252.24, 68, 1.79564
_11362_, 265.04, 68, 1.7956
_11363_, 265.04, 68, 1.7956
_13855_, 265.04, 68, 1.7956
hold880, 265.04, 68, 1.7956
_11353_, 277.84, 68, 1.79555
_11354_, 277.84, 68, 1.79555
_11355_, 277.84, 68, 1.79555
_13863_, 277.84, 68, 1.79555
clkbuf_leaf_250_clk, 277.84, 68, 1.79555
FILLER_0_20_581, 277.84, 68, 1.79555
FILLER_0_21_586, 277.84, 68, 1.79555
_13859_, 290.64, 68, 1.79555
_16908_, 290.64, 68, 1.79555
hold624, 290.64, 68, 1.79555
hold1983, 290.64, 68, 1.79555
_10257_, 303.44, 68, 1.79555
_10258_, 303.44, 68, 1.79555
_16904_, 303.44, 68, 1.79555
_16910_, 303.44, 68, 1.79555
FILLER_0_21_641, 303.44, 68, 1.79555
FILLER_0_21_649, 303.44, 68, 1.79555
FILLER_0_22_651, 303.44, 68, 1.79555
_10245_, 316.24, 68, 1.79557
_10256_, 316.24, 68, 1.79557
_14470_, 316.24, 68, 1.79557
_14476_, 316.24, 68, 1.79557
hold566, 316.24, 68, 1.79557
hold631, 316.24, 68, 1.79557
_10310_, 341.84, 68, 1.79548
_14499_, 341.84, 68, 1.79548
_16939_, 341.84, 68, 1.79548
hold1694, 341.84, 68, 1.79548
FILLER_0_21_721, 341.84, 68, 1.79548
FILLER_0_21_729, 341.84, 68, 1.79548
_10194_, 354.64, 68, 1.79537
_14506_, 354.64, 68, 1.79537
clkbuf_leaf_212_clk, 354.64, 68, 1.79537
FILLER_0_20_752, 354.64, 68, 1.79537
FILLER_0_21_756, 354.64, 68, 1.79537
_10184_, 367.44, 68, 1.79531
hold980, 380.24, 68, 1.79525
_17479_, 393.04, 68, 1.7952
FILLER_0_21_833, 393.04, 68, 1.7952
_09121_, 405.84, 68, 1.79514
_15108_, 405.84, 68, 1.79514
_17476_, 405.84, 68, 1.79514
hold255, 405.84, 68, 1.79514
FILLER_0_20_858, 405.84, 68, 1.79514
_09112_, 418.64, 68, 1.7951
_09113_, 418.64, 68, 1.7951
_15109_, 418.64, 68, 1.7951
_17480_, 418.64, 68, 1.7951
hold300, 418.64, 68, 1.7951
FILLER_0_21_906, 418.64, 68, 1.7951
_08085_, 431.44, 68, 1.79507
_08096_, 431.44, 68, 1.79507
_08097_, 431.44, 68, 1.79507
_15675_, 431.44, 68, 1.79507
_17985_, 431.44, 68, 1.79507
_08084_, 444.24, 68, 1.79504
_15671_, 444.24, 68, 1.79504
_17989_, 444.24, 68, 1.79504
FILLER_0_21_965, 444.24, 68, 1.79504
_08089_, 457.04, 68, 1.79502
_08100_, 457.04, 68, 1.79502
_15667_, 457.04, 68, 1.79502
_15673_, 457.04, 68, 1.79502
FILLER_0_20_968, 457.04, 68, 1.79502
FILLER_0_20_981, 457.04, 68, 1.79502
_15719_, 469.84, 68, 1.795
_18030_, 469.84, 68, 1.795
FILLER_0_21_997, 469.84, 68, 1.795
FILLER_0_21_1005, 469.84, 68, 1.795
_08014_, 495.308, 68, 1.79497
hold202, 495.308, 68, 1.79497
FILLER_0_21_1055, 495.308, 68, 1.79497
_08115_, 507.977, 68, 1.79494
_08118_, 507.977, 68, 1.79494
_15658_, 507.977, 68, 1.79494
_15659_, 507.977, 68, 1.79494
_08104_, 520.645, 68, 1.79492
_08105_, 520.645, 68, 1.79492
_15664_, 520.645, 68, 1.79492
_17980_, 520.645, 68, 1.79492
hold432, 520.645, 68, 1.79492
FILLER_0_22_1120, 520.645, 68, 1.79492
FILLER_0_21_1170, 545.982, 68, 1.7949
FILLER_0_20_1197, 558.651, 68, 1.79488
FILLER_0_21_1213, 558.651, 68, 1.79488
PHY_36, 5.52, 62.56, 1.79771
PHY_38, 5.52, 62.56, 1.79771
PHY_37, 571.32, 62.56, 1.79495
PHY_39, 571.32, 62.56, 1.79495
FILLER_0_18_1217, 571.32, 62.56, 1.79495
FILLER_0_19_51, 34.64, 62.56, 1.79757
FILLER_0_20_77, 34.64, 62.56, 1.79757
FILLER_0_19_105, 47.44, 62.56, 1.79742
FILLER_0_18_133, 73.04, 62.56, 1.79713
FILLER_0_18_165, 85.84, 62.56, 1.79698
FILLER_0_18_173, 85.84, 62.56, 1.79698
FILLER_0_19_161, 85.84, 62.56, 1.79698
FILLER_0_19_181, 85.84, 62.56, 1.79698
_11892_, 98.64, 62.56, 1.79683
_13565_, 98.64, 62.56, 1.79683
_16090_, 98.64, 62.56, 1.79683
clkbuf_leaf_266_clk, 98.64, 62.56, 1.79683
FILLER_0_19_210, 98.64, 62.56, 1.79683
FILLER_0_19_216, 98.64, 62.56, 1.79683
_11887_, 111.44, 62.56, 1.79674
_11890_, 111.44, 62.56, 1.79674
_11891_, 111.44, 62.56, 1.79674
_13555_, 111.44, 62.56, 1.79674
_13562_, 111.44, 62.56, 1.79674
_13564_, 111.44, 62.56, 1.79674
hold244, 111.44, 62.56, 1.79674
_16110_, 124.24, 62.56, 1.79664
hold885, 124.24, 62.56, 1.79664
hold1089, 124.24, 62.56, 1.79664
FILLER_0_20_265, 124.24, 62.56, 1.79664
_11844_, 137.04, 62.56, 1.79655
_11854_, 149.84, 62.56, 1.79647
_11855_, 149.84, 62.56, 1.79647
_13621_, 162.64, 62.56, 1.79638
_16142_, 162.64, 62.56, 1.79638
FILLER_0_18_337, 162.64, 62.56, 1.79638
FILLER_0_19_329, 162.64, 62.56, 1.79638
FILLER_0_19_337, 162.64, 62.56, 1.79638
_13630_, 188.24, 62.56, 1.7962
_16149_, 188.24, 62.56, 1.7962
hold587, 188.24, 62.56, 1.7962
FILLER_0_20_403, 188.24, 62.56, 1.7962
_11389_, 201.04, 62.56, 1.7961
_16338_, 201.04, 62.56, 1.7961
_16340_, 201.04, 62.56, 1.7961
FILLER_0_18_413, 201.04, 62.56, 1.7961
FILLER_0_19_413, 201.04, 62.56, 1.7961
_11388_, 213.84, 62.56, 1.79602
_13833_, 213.84, 62.56, 1.79602
_13840_, 213.84, 62.56, 1.79602
_16331_, 213.84, 62.56, 1.79602
_16336_, 213.84, 62.56, 1.79602
hold2047, 213.84, 62.56, 1.79602
_11392_, 226.64, 62.56, 1.79595
_11402_, 226.64, 62.56, 1.79595
_11403_, 226.64, 62.56, 1.79595
_11409_, 226.64, 62.56, 1.79595
_11417_, 226.64, 62.56, 1.79595
_13825_, 226.64, 62.56, 1.79595
_16324_, 226.64, 62.56, 1.79595
hold2034, 226.64, 62.56, 1.79595
FILLER_0_18_470, 226.64, 62.56, 1.79595
_11407_, 239.44, 62.56, 1.79589
_11416_, 239.44, 62.56, 1.79589
_16323_, 239.44, 62.56, 1.79589
hold1765, 239.44, 62.56, 1.79589
hold1773, 239.44, 62.56, 1.79589
_11418_, 252.24, 62.56, 1.79584
_16351_, 252.24, 62.56, 1.79584
hold1578, 252.24, 62.56, 1.79584
FILLER_0_19_549, 252.24, 62.56, 1.79584
FILLER_0_20_543, 252.24, 62.56, 1.79584
_11358_, 265.04, 62.56, 1.7958
_11359_, 265.04, 62.56, 1.7958
_13857_, 265.04, 62.56, 1.7958
hold656, 265.04, 62.56, 1.7958
FILLER_0_19_557, 265.04, 62.56, 1.7958
_16355_, 277.84, 62.56, 1.79575
_16359_, 277.84, 62.56, 1.79575
FILLER_0_19_584, 277.84, 62.56, 1.79575
_10263_, 290.64, 62.56, 1.79573
_11346_, 290.64, 62.56, 1.79573
_11347_, 290.64, 62.56, 1.79573
FILLER_0_19_629, 290.64, 62.56, 1.79573
FILLER_0_20_632, 290.64, 62.56, 1.79573
_10259_, 303.44, 62.56, 1.7957
_14467_, 303.44, 62.56, 1.7957
hold641, 303.44, 62.56, 1.7957
hold1476, 303.44, 62.56, 1.7957
FILLER_0_20_657, 303.44, 62.56, 1.7957
FILLER_0_19_663, 316.24, 62.56, 1.79567
_10191_, 341.84, 62.56, 1.79557
_10195_, 341.84, 62.56, 1.79557
_10316_, 341.84, 62.56, 1.79557
_14437_, 341.84, 62.56, 1.79557
_14440_, 341.84, 62.56, 1.79557
hold1593, 341.84, 62.56, 1.79557
FILLER_0_18_724, 341.84, 62.56, 1.79557
FILLER_0_19_735, 341.84, 62.56, 1.79557
FILLER_0_20_740, 341.84, 62.56, 1.79557
_14504_, 354.64, 62.56, 1.79549
_16932_, 354.64, 62.56, 1.79549
hold562, 354.64, 62.56, 1.79549
hold1999, 354.64, 62.56, 1.79549
_10189_, 367.44, 62.56, 1.79542
_14501_, 367.44, 62.56, 1.79542
_16931_, 367.44, 62.56, 1.79542
_16938_, 367.44, 62.56, 1.79542
hold508, 367.44, 62.56, 1.79542
_10188_, 380.24, 62.56, 1.79536
_14507_, 380.24, 62.56, 1.79536
_09106_, 393.04, 62.56, 1.79531
_09107_, 393.04, 62.56, 1.79531
FILLER_0_19_833, 393.04, 62.56, 1.79531
FILLER_0_20_845, 393.04, 62.56, 1.79531
FILLER_0_18_861, 405.84, 62.56, 1.79526
_17984_, 418.64, 62.56, 1.7952
FILLER_0_19_889, 418.64, 62.56, 1.7952
_15669_, 431.44, 62.56, 1.79515
hold111, 431.44, 62.56, 1.79515
FILLER_0_18_917, 431.44, 62.56, 1.79515
FILLER_0_18_925, 431.44, 62.56, 1.79515
_15665_, 444.24, 62.56, 1.79511
_15668_, 444.24, 62.56, 1.79511
_17988_, 444.24, 62.56, 1.79511
FILLER_0_19_942, 444.24, 62.56, 1.79511
_08088_, 457.04, 62.56, 1.79507
hold1802, 457.04, 62.56, 1.79507
hold1866, 457.04, 62.56, 1.79507
FILLER_0_20_994, 457.04, 62.56, 1.79507
_08005_, 469.84, 62.56, 1.79504
_08013_, 469.84, 62.56, 1.79504
_08016_, 469.84, 62.56, 1.79504
_08017_, 469.84, 62.56, 1.79504
_15713_, 469.84, 62.56, 1.79504
_15715_, 469.84, 62.56, 1.79504
hold638, 469.84, 62.56, 1.79504
FILLER_0_19_1005, 469.84, 62.56, 1.79504
_08022_, 495.308, 62.56, 1.79498
_08023_, 495.308, 62.56, 1.79498
_17974_, 495.308, 62.56, 1.79498
hold543, 495.308, 62.56, 1.79498
FILLER_0_19_1068, 495.308, 62.56, 1.79498
FILLER_0_20_1074, 495.308, 62.56, 1.79498
_08114_, 507.977, 62.56, 1.79496
_08116_, 507.977, 62.56, 1.79496
_17975_, 507.977, 62.56, 1.79496
hold381, 507.977, 62.56, 1.79496
FILLER_0_18_1089, 507.977, 62.56, 1.79496
FILLER_0_20_1101, 507.977, 62.56, 1.79496
_08107_, 520.645, 62.56, 1.79495
_15663_, 520.645, 62.56, 1.79495
_17979_, 520.645, 62.56, 1.79495
hold454, 520.645, 62.56, 1.79495
FILLER_0_19_1111, 520.645, 62.56, 1.79495
_08106_, 533.314, 62.56, 1.79495
FILLER_0_18_1138, 533.314, 62.56, 1.79495
FILLER_0_18_1197, 558.651, 62.56, 1.79495
PHY_32, 5.52, 57.12, 1.79792
PHY_34, 5.52, 57.12, 1.79792
PHY_33, 571.32, 57.12, 1.79491
PHY_35, 571.32, 57.12, 1.79491
FILLER_0_16_1217, 571.32, 57.12, 1.79491
FILLER_0_17_51, 34.64, 57.12, 1.79778
FILLER_0_18_77, 34.64, 57.12, 1.79778
FILLER_0_17_105, 47.44, 57.12, 1.79764
FILLER_0_16_133, 73.04, 57.12, 1.79736
_11893_, 85.84, 57.12, 1.79722
_11897_, 85.84, 57.12, 1.79722
_11901_, 85.84, 57.12, 1.79722
_16086_, 85.84, 57.12, 1.79722
FILLER_0_16_165, 85.84, 57.12, 1.79722
FILLER_0_16_173, 85.84, 57.12, 1.79722
FILLER_0_17_161, 85.84, 57.12, 1.79722
FILLER_0_17_169, 85.84, 57.12, 1.79722
FILLER_0_17_177, 85.84, 57.12, 1.79722
_11884_, 98.64, 57.12, 1.79708
_11885_, 98.64, 57.12, 1.79708
_13557_, 98.64, 57.12, 1.79708
_13561_, 98.64, 57.12, 1.79708
hold828, 98.64, 57.12, 1.79708
hold857, 98.64, 57.12, 1.79708
FILLER_0_17_205, 98.64, 57.12, 1.79708
_16087_, 111.44, 57.12, 1.79695
_16089_, 111.44, 57.12, 1.79695
FILLER_0_17_217, 111.44, 57.12, 1.79695
FILLER_0_17_225, 111.44, 57.12, 1.79695
_11845_, 124.24, 57.12, 1.79683
_11863_, 124.24, 57.12, 1.79683
_11886_, 124.24, 57.12, 1.79683
_13587_, 124.24, 57.12, 1.79683
_16103_, 124.24, 57.12, 1.79683
FILLER_0_17_249, 124.24, 57.12, 1.79683
FILLER_0_17_268, 124.24, 57.12, 1.79683
_11858_, 137.04, 57.12, 1.79672
_11859_, 137.04, 57.12, 1.79672
_11862_, 137.04, 57.12, 1.79672
_13577_, 137.04, 57.12, 1.79672
_13580_, 137.04, 57.12, 1.79672
_16105_, 137.04, 57.12, 1.79672
hold648, 137.04, 57.12, 1.79672
hold1495, 137.04, 57.12, 1.79672
_11860_, 149.84, 57.12, 1.79662
_11861_, 149.84, 57.12, 1.79662
_13579_, 149.84, 57.12, 1.79662
_13582_, 149.84, 57.12, 1.79662
hold702, 149.84, 57.12, 1.79662
hold1910, 149.84, 57.12, 1.79662
FILLER_0_16_301, 149.84, 57.12, 1.79662
_11764_, 162.64, 57.12, 1.79652
_11776_, 162.64, 57.12, 1.79652
_11777_, 162.64, 57.12, 1.79652
_11781_, 162.64, 57.12, 1.79652
_13625_, 162.64, 57.12, 1.79652
_13631_, 162.64, 57.12, 1.79652
hold216, 162.64, 57.12, 1.79652
hold1912, 162.64, 57.12, 1.79652
FILLER_0_18_348, 162.64, 57.12, 1.79652
_11770_, 188.24, 57.12, 1.79635
_11771_, 188.24, 57.12, 1.79635
_13628_, 188.24, 57.12, 1.79635
hold446, 188.24, 57.12, 1.79635
FILLER_0_17_385, 188.24, 57.12, 1.79635
FILLER_0_16_413, 201.04, 57.12, 1.79627
_13837_, 213.84, 57.12, 1.79619
FILLER_0_18_456, 213.84, 57.12, 1.79619
FILLER_0_18_462, 213.84, 57.12, 1.79619
FILLER_0_16_469, 226.64, 57.12, 1.79611
FILLER_0_18_492, 226.64, 57.12, 1.79611
_11406_, 239.44, 57.12, 1.79603
_11411_, 239.44, 57.12, 1.79603
_13828_, 239.44, 57.12, 1.79603
_16327_, 239.44, 57.12, 1.79603
FILLER_0_17_497, 239.44, 57.12, 1.79603
FILLER_0_17_505, 239.44, 57.12, 1.79603
FILLER_0_17_514, 239.44, 57.12, 1.79603
_11410_, 252.24, 57.12, 1.79596
_16353_, 252.24, 57.12, 1.79596
FILLER_0_16_525, 252.24, 57.12, 1.79596
_11511_, 265.04, 57.12, 1.7959
_11513_, 265.04, 57.12, 1.7959
_13774_, 265.04, 57.12, 1.7959
hold1106, 265.04, 57.12, 1.7959
FILLER_0_18_578, 265.04, 57.12, 1.7959
_11512_, 277.84, 57.12, 1.79583
hold571, 277.84, 57.12, 1.79583
hold1096, 277.84, 57.12, 1.79583
_16901_, 290.64, 57.12, 1.79577
_16903_, 290.64, 57.12, 1.79577
_16907_, 290.64, 57.12, 1.79577
FILLER_0_16_609, 290.64, 57.12, 1.79577
FILLER_0_17_617, 290.64, 57.12, 1.79577
FILLER_0_18_621, 290.64, 57.12, 1.79577
_10250_, 303.44, 57.12, 1.79573
_10262_, 303.44, 57.12, 1.79573
_14469_, 303.44, 57.12, 1.79573
hold1040, 303.44, 57.12, 1.79573
FILLER_0_17_659, 303.44, 57.12, 1.79573
_10247_, 316.24, 57.12, 1.79569
_10252_, 316.24, 57.12, 1.79569
_16909_, 316.24, 57.12, 1.79569
hold1551, 316.24, 57.12, 1.79569
FILLER_0_17_668, 316.24, 57.12, 1.79569
_10309_, 341.84, 57.12, 1.79557
_14441_, 341.84, 57.12, 1.79557
_16935_, 341.84, 57.12, 1.79557
_16937_, 341.84, 57.12, 1.79557
FILLER_0_17_725, 341.84, 57.12, 1.79557
FILLER_0_17_729, 341.84, 57.12, 1.79557
_10190_, 354.64, 57.12, 1.7955
_10200_, 354.64, 57.12, 1.7955
_10201_, 354.64, 57.12, 1.7955
_16936_, 354.64, 57.12, 1.7955
FILLER_0_16_750, 354.64, 57.12, 1.7955
FILLER_0_17_755, 354.64, 57.12, 1.7955
_10192_, 367.44, 57.12, 1.79544
_10202_, 367.44, 57.12, 1.79544
_10203_, 367.44, 57.12, 1.79544
_14500_, 367.44, 57.12, 1.79544
_14505_, 367.44, 57.12, 1.79544
hold506, 367.44, 57.12, 1.79544
hold551, 367.44, 57.12, 1.79544
FILLER_0_16_804, 380.24, 57.12, 1.79538
FILLER_0_16_861, 405.84, 57.12, 1.79525
_07971_, 418.64, 57.12, 1.79519
_07979_, 418.64, 57.12, 1.79519
_18043_, 418.64, 57.12, 1.79519
FILLER_0_16_889, 418.64, 57.12, 1.79519
FILLER_0_17_889, 418.64, 57.12, 1.79519
FILLER_0_17_897, 418.64, 57.12, 1.79519
_07978_, 431.44, 57.12, 1.79514
_17983_, 431.44, 57.12, 1.79514
hold390, 431.44, 57.12, 1.79514
FILLER_0_16_920, 431.44, 57.12, 1.79514
FILLER_0_17_931, 431.44, 57.12, 1.79514
_07964_, 444.24, 57.12, 1.79509
_07965_, 444.24, 57.12, 1.79509
_08098_, 444.24, 57.12, 1.79509
_08099_, 444.24, 57.12, 1.79509
_17981_, 444.24, 57.12, 1.79509
hold282, 444.24, 57.12, 1.79509
hold1397, 444.24, 57.12, 1.79509
FILLER_0_17_948, 444.24, 57.12, 1.79509
FILLER_0_17_961, 444.24, 57.12, 1.79509
FILLER_0_18_956, 444.24, 57.12, 1.79509
_08102_, 457.04, 57.12, 1.79505
_08103_, 457.04, 57.12, 1.79505
_15666_, 457.04, 57.12, 1.79505
_18024_, 457.04, 57.12, 1.79505
FILLER_0_16_969, 457.04, 57.12, 1.79505
FILLER_0_16_977, 457.04, 57.12, 1.79505
FILLER_0_18_992, 457.04, 57.12, 1.79505
_18026_, 469.84, 57.12, 1.79502
hold483, 469.84, 57.12, 1.79502
FILLER_0_17_999, 469.84, 57.12, 1.79502
_08117_, 495.308, 57.12, 1.79496
FILLER_0_17_1056, 495.308, 57.12, 1.79496
FILLER_0_18_1072, 495.308, 57.12, 1.79496
clkbuf_leaf_197_clk, 507.977, 57.12, 1.79491
hold2072, 507.977, 57.12, 1.79491
FILLER_0_16_1085, 507.977, 57.12, 1.79491
_08071_, 520.645, 57.12, 1.79491
FILLER_0_16_1112, 520.645, 57.12, 1.79491
FILLER_0_17_1110, 520.645, 57.12, 1.79491
_08068_, 533.314, 57.12, 1.79491
_08069_, 533.314, 57.12, 1.79491
FILLER_0_16_1143, 533.314, 57.12, 1.79491
FILLER_0_17_1169, 545.982, 57.12, 1.79491
FILLER_0_16_1193, 558.651, 57.12, 1.79491
FILLER_0_16_1201, 558.651, 57.12, 1.79491
PHY_28, 5.52, 51.68, 1.79812
PHY_30, 5.52, 51.68, 1.79812
output68, 5.52, 51.68, 1.79812
top_136, 571.32, 51.68, 1.79494
PHY_29, 571.32, 51.68, 1.79494
PHY_31, 571.32, 51.68, 1.79494
FILLER_0_14_1217, 571.32, 51.68, 1.79494
FILLER_0_15_1221, 571.32, 51.68, 1.79494
FILLER_0_16_21, 13.68, 51.68, 1.79812
FILLER_0_15_51, 34.64, 51.68, 1.79796
FILLER_0_16_77, 34.64, 51.68, 1.79796
FILLER_0_15_105, 47.44, 51.68, 1.7978
FILLER_0_14_133, 73.04, 51.68, 1.79749
_16082_, 85.84, 51.68, 1.79733
_16084_, 85.84, 51.68, 1.79733
FILLER_0_15_161, 85.84, 51.68, 1.79733
FILLER_0_15_169, 85.84, 51.68, 1.79733
_11896_, 98.64, 51.68, 1.79718
_11900_, 98.64, 51.68, 1.79718
_13558_, 98.64, 51.68, 1.79718
_13559_, 98.64, 51.68, 1.79718
_16081_, 98.64, 51.68, 1.79718
hold460, 98.64, 51.68, 1.79718
hold2044, 98.64, 51.68, 1.79718
FILLER_0_14_192, 98.64, 51.68, 1.79718
FILLER_0_15_208, 98.64, 51.68, 1.79718
_11902_, 111.44, 51.68, 1.79704
_11903_, 111.44, 51.68, 1.79704
_13556_, 111.44, 51.68, 1.79704
hold618, 111.44, 51.68, 1.79704
FILLER_0_16_242, 111.44, 51.68, 1.79704
_16101_, 124.24, 51.68, 1.79691
hold349, 124.24, 51.68, 1.79691
_13578_, 137.04, 51.68, 1.79678
_13583_, 137.04, 51.68, 1.79678
_16102_, 137.04, 51.68, 1.79678
FILLER_0_15_273, 137.04, 51.68, 1.79678
FILLER_0_15_293, 137.04, 51.68, 1.79678
_11847_, 149.84, 51.68, 1.79666
_16144_, 149.84, 51.68, 1.79666
FILLER_0_14_309, 149.84, 51.68, 1.79666
_11765_, 162.64, 51.68, 1.79655
_16148_, 162.64, 51.68, 1.79655
_16150_, 162.64, 51.68, 1.79655
clkbuf_leaf_255_clk, 162.64, 51.68, 1.79655
FILLER_0_15_329, 162.64, 51.68, 1.79655
_11773_, 188.24, 51.68, 1.7964
FILLER_0_15_389, 188.24, 51.68, 1.7964
_11446_, 201.04, 51.68, 1.79632
FILLER_0_15_441, 213.84, 51.68, 1.79624
_11460_, 226.64, 51.68, 1.79615
_11502_, 226.64, 51.68, 1.79615
hold1410, 226.64, 51.68, 1.79615
FILLER_0_14_470, 226.64, 51.68, 1.79615
FILLER_0_15_473, 226.64, 51.68, 1.79615
hold975, 239.44, 51.68, 1.79607
_11508_, 252.24, 51.68, 1.79599
_11509_, 252.24, 51.68, 1.79599
_16277_, 252.24, 51.68, 1.79599
hold976, 252.24, 51.68, 1.79599
FILLER_0_14_533, 252.24, 51.68, 1.79599
FILLER_0_15_529, 252.24, 51.68, 1.79599
FILLER_0_15_537, 252.24, 51.68, 1.79599
_11510_, 265.04, 51.68, 1.79591
_16275_, 265.04, 51.68, 1.79591
_16276_, 265.04, 51.68, 1.79591
hold1311, 265.04, 51.68, 1.79591
_11514_, 277.84, 51.68, 1.79585
_13771_, 277.84, 51.68, 1.79585
FILLER_0_14_583, 277.84, 51.68, 1.79585
_10251_, 290.64, 51.68, 1.79579
_14473_, 290.64, 51.68, 1.79579
FILLER_0_15_612, 290.64, 51.68, 1.79579
FILLER_0_15_617, 290.64, 51.68, 1.79579
FILLER_0_15_629, 290.64, 51.68, 1.79579
_10253_, 303.44, 51.68, 1.79573
_10261_, 303.44, 51.68, 1.79573
_16906_, 303.44, 51.68, 1.79573
FILLER_0_14_637, 303.44, 51.68, 1.79573
FILLER_0_15_648, 303.44, 51.68, 1.79573
_14468_, 316.24, 51.68, 1.79568
_14472_, 316.24, 51.68, 1.79568
_14475_, 316.24, 51.68, 1.79568
_16880_, 316.24, 51.68, 1.79568
hold1960, 316.24, 51.68, 1.79568
_10308_, 341.84, 51.68, 1.79556
_16878_, 341.84, 51.68, 1.79556
hold2073, 341.84, 51.68, 1.79556
FILLER_0_15_732, 341.84, 51.68, 1.79556
_10193_, 354.64, 51.68, 1.7955
FILLER_0_15_781, 367.44, 51.68, 1.79543
FILLER_0_14_805, 380.24, 51.68, 1.79536
FILLER_0_15_833, 393.04, 51.68, 1.7953
FILLER_0_14_861, 405.84, 51.68, 1.79523
FILLER_0_15_877, 405.84, 51.68, 1.79523
FILLER_0_16_881, 405.84, 51.68, 1.79523
_07970_, 418.64, 51.68, 1.79516
_18047_, 418.64, 51.68, 1.79516
_18049_, 418.64, 51.68, 1.79516
hold545, 418.64, 51.68, 1.79516
_15734_, 431.44, 51.68, 1.79511
_15740_, 431.44, 51.68, 1.79511
_18042_, 431.44, 51.68, 1.79511
_18050_, 431.44, 51.68, 1.79511
hold149, 431.44, 51.68, 1.79511
FILLER_0_14_917, 431.44, 51.68, 1.79511
FILLER_0_15_928, 431.44, 51.68, 1.79511
FILLER_0_16_933, 431.44, 51.68, 1.79511
_15731_, 444.24, 51.68, 1.79507
_18058_, 444.24, 51.68, 1.79507
hold1451, 444.24, 51.68, 1.79507
_07951_, 457.04, 51.68, 1.79504
_15742_, 457.04, 51.68, 1.79504
FILLER_0_14_981, 457.04, 51.68, 1.79504
FILLER_0_15_983, 457.04, 51.68, 1.79504
_07950_, 469.84, 51.68, 1.79502
hold1830, 469.84, 51.68, 1.79502
FILLER_0_14_1008, 469.84, 51.68, 1.79502
FILLER_0_15_1017, 469.84, 51.68, 1.79502
_07985_, 495.308, 51.68, 1.79497
_15720_, 495.308, 51.68, 1.79497
_15730_, 495.308, 51.68, 1.79497
_18040_, 495.308, 51.68, 1.79497
hold170, 495.308, 51.68, 1.79497
hold327, 495.308, 51.68, 1.79497
_07984_, 507.977, 51.68, 1.79495
_08077_, 507.977, 51.68, 1.79495
_15728_, 507.977, 51.68, 1.79495
_17997_, 507.977, 51.68, 1.79495
hold590, 507.977, 51.68, 1.79495
FILLER_0_15_1089, 507.977, 51.68, 1.79495
FILLER_0_16_1105, 507.977, 51.68, 1.79495
_08070_, 520.645, 51.68, 1.79494
_17998_, 520.645, 51.68, 1.79494
hold951, 520.645, 51.68, 1.79494
hold1388, 520.645, 51.68, 1.79494
FILLER_0_15_1124, 520.645, 51.68, 1.79494
FILLER_0_16_1129, 520.645, 51.68, 1.79494
_08072_, 533.314, 51.68, 1.79494
_15684_, 533.314, 51.68, 1.79494
hold356, 533.314, 51.68, 1.79494
FILLER_0_14_1193, 558.651, 51.68, 1.79494
FILLER_0_14_1201, 558.651, 51.68, 1.79494
FILLER_0_15_1213, 558.651, 51.68, 1.79494
PHY_24, 5.52, 46.24, 1.79835
PHY_26, 5.52, 46.24, 1.79835
PHY_25, 571.32, 46.24, 1.79498
PHY_27, 571.32, 46.24, 1.79498
FILLER_0_12_1217, 571.32, 46.24, 1.79498
FILLER_0_13_51, 34.64, 46.24, 1.79819
FILLER_0_14_77, 34.64, 46.24, 1.79819
FILLER_0_13_105, 47.44, 46.24, 1.79804
FILLER_0_12_133, 73.04, 46.24, 1.79772
_16083_, 85.84, 46.24, 1.79757
FILLER_0_13_161, 85.84, 46.24, 1.79757
FILLER_0_13_169, 85.84, 46.24, 1.79757
_11898_, 98.64, 46.24, 1.79742
_11889_, 111.44, 46.24, 1.79727
_13560_, 111.44, 46.24, 1.79727
_13563_, 111.44, 46.24, 1.79727
_16088_, 111.44, 46.24, 1.79727
FILLER_0_12_221, 111.44, 46.24, 1.79727
FILLER_0_12_229, 111.44, 46.24, 1.79727
FILLER_0_14_242, 111.44, 46.24, 1.79727
_11852_, 124.24, 46.24, 1.79712
_11853_, 124.24, 46.24, 1.79712
_11856_, 124.24, 46.24, 1.79712
_11888_, 124.24, 46.24, 1.79712
FILLER_0_12_253, 124.24, 46.24, 1.79712
_11850_, 137.04, 46.24, 1.79698
_13581_, 137.04, 46.24, 1.79698
_16109_, 137.04, 46.24, 1.79698
hold806, 137.04, 46.24, 1.79698
hold1800, 137.04, 46.24, 1.79698
FILLER_0_13_289, 137.04, 46.24, 1.79698
_11846_, 149.84, 46.24, 1.79685
_11848_, 149.84, 46.24, 1.79685
_11849_, 149.84, 46.24, 1.79685
_13586_, 149.84, 46.24, 1.79685
hold766, 149.84, 46.24, 1.79685
hold1223, 149.84, 46.24, 1.79685
_11769_, 162.64, 46.24, 1.79672
FILLER_0_13_330, 162.64, 46.24, 1.79672
FILLER_0_13_337, 162.64, 46.24, 1.79672
_11772_, 188.24, 46.24, 1.79646
_13627_, 188.24, 46.24, 1.79646
_16309_, 188.24, 46.24, 1.79646
hold580, 188.24, 46.24, 1.79646
FILLER_0_13_405, 188.24, 46.24, 1.79646
FILLER_0_14_410, 188.24, 46.24, 1.79646
_11447_, 201.04, 46.24, 1.79634
_11448_, 201.04, 46.24, 1.79634
_11449_, 201.04, 46.24, 1.79634
_13807_, 201.04, 46.24, 1.79634
_13808_, 201.04, 46.24, 1.79634
_16302_, 201.04, 46.24, 1.79634
hold1151, 201.04, 46.24, 1.79634
FILLER_0_13_434, 201.04, 46.24, 1.79634
_11461_, 213.84, 46.24, 1.79622
_11503_, 213.84, 46.24, 1.79622
_13799_, 213.84, 46.24, 1.79622
_13801_, 213.84, 46.24, 1.79622
_13806_, 213.84, 46.24, 1.79622
_16303_, 213.84, 46.24, 1.79622
hold916, 213.84, 46.24, 1.79622
FILLER_0_13_442, 213.84, 46.24, 1.79622
_11501_, 226.64, 46.24, 1.79612
_13779_, 226.64, 46.24, 1.79612
_16281_, 226.64, 46.24, 1.79612
_16282_, 226.64, 46.24, 1.79612
_16284_, 226.64, 46.24, 1.79612
hold2050, 226.64, 46.24, 1.79612
_11495_, 239.44, 46.24, 1.79604
_11500_, 239.44, 46.24, 1.79604
_13777_, 239.44, 46.24, 1.79604
_16285_, 239.44, 46.24, 1.79604
hold1547, 239.44, 46.24, 1.79604
FILLER_0_12_505, 239.44, 46.24, 1.79604
FILLER_0_13_495, 239.44, 46.24, 1.79604
FILLER_0_14_519, 239.44, 46.24, 1.79604
_11494_, 252.24, 46.24, 1.79597
_16278_, 252.24, 46.24, 1.79597
hold451, 252.24, 46.24, 1.79597
_11515_, 265.04, 46.24, 1.79591
_13766_, 265.04, 46.24, 1.79591
_13772_, 265.04, 46.24, 1.79591
_13773_, 265.04, 46.24, 1.79591
_13775_, 265.04, 46.24, 1.79591
hold1487, 265.04, 46.24, 1.79591
FILLER_0_12_564, 265.04, 46.24, 1.79591
FILLER_0_13_552, 265.04, 46.24, 1.79591
_13843_, 277.84, 46.24, 1.79585
_16348_, 277.84, 46.24, 1.79585
hold943, 277.84, 46.24, 1.79585
FILLER_0_13_588, 277.84, 46.24, 1.79585
_16341_, 290.64, 46.24, 1.7958
hold570, 290.64, 46.24, 1.7958
_11365_, 303.44, 46.24, 1.79576
_11382_, 303.44, 46.24, 1.79576
_16902_, 303.44, 46.24, 1.79576
FILLER_0_13_661, 303.44, 46.24, 1.79576
_10246_, 316.24, 46.24, 1.79572
_10260_, 316.24, 46.24, 1.79572
hold1786, 316.24, 46.24, 1.79572
FILLER_0_13_669, 316.24, 46.24, 1.79572
FILLER_0_13_673, 316.24, 46.24, 1.79572
hold1554, 341.84, 46.24, 1.79561
FILLER_0_12_723, 341.84, 46.24, 1.79561
FILLER_0_13_719, 341.84, 46.24, 1.79561
FILLER_0_12_749, 354.64, 46.24, 1.79554
FILLER_0_13_777, 367.44, 46.24, 1.79547
FILLER_0_12_805, 380.24, 46.24, 1.79539
FILLER_0_13_833, 393.04, 46.24, 1.79532
FILLER_0_12_861, 405.84, 46.24, 1.79524
FILLER_0_14_881, 405.84, 46.24, 1.79524
_07966_, 418.64, 46.24, 1.79517
_07967_, 418.64, 46.24, 1.79517
_15738_, 418.64, 46.24, 1.79517
clkbuf_leaf_211_clk, 418.64, 46.24, 1.79517
FILLER_0_13_889, 418.64, 46.24, 1.79517
_07980_, 431.44, 46.24, 1.79513
_07981_, 431.44, 46.24, 1.79513
_15733_, 431.44, 46.24, 1.79513
FILLER_0_12_915, 431.44, 46.24, 1.79513
FILLER_0_13_921, 431.44, 46.24, 1.79513
FILLER_0_13_937, 431.44, 46.24, 1.79513
_07948_, 444.24, 46.24, 1.7951
_07949_, 444.24, 46.24, 1.7951
_15741_, 444.24, 46.24, 1.7951
FILLER_0_13_948, 444.24, 46.24, 1.7951
FILLER_0_13_953, 444.24, 46.24, 1.7951
_07944_, 457.04, 46.24, 1.79506
_07945_, 457.04, 46.24, 1.79506
_15745_, 457.04, 46.24, 1.79506
_15750_, 457.04, 46.24, 1.79506
_15752_, 457.04, 46.24, 1.79506
_18055_, 457.04, 46.24, 1.79506
_18057_, 457.04, 46.24, 1.79506
hold1444, 457.04, 46.24, 1.79506
FILLER_0_13_978, 457.04, 46.24, 1.79506
_07954_, 469.84, 46.24, 1.79504
_07955_, 469.84, 46.24, 1.79504
_07993_, 469.84, 46.24, 1.79504
_15747_, 469.84, 46.24, 1.79504
_18036_, 469.84, 46.24, 1.79504
hold1856, 469.84, 46.24, 1.79504
FILLER_0_13_1022, 469.84, 46.24, 1.79504
_07989_, 495.308, 46.24, 1.79501
_08002_, 495.308, 46.24, 1.79501
_18038_, 495.308, 46.24, 1.79501
hold739, 495.308, 46.24, 1.79501
FILLER_0_13_1056, 495.308, 46.24, 1.79501
_07988_, 507.977, 46.24, 1.79499
_08076_, 507.977, 46.24, 1.79499
_15676_, 507.977, 46.24, 1.79499
_15680_, 507.977, 46.24, 1.79499
_17994_, 507.977, 46.24, 1.79499
FILLER_0_13_1088, 507.977, 46.24, 1.79499
_08073_, 520.645, 46.24, 1.79498
_15682_, 520.645, 46.24, 1.79498
_15683_, 520.645, 46.24, 1.79498
_17996_, 520.645, 46.24, 1.79498
FILLER_0_13_1108, 520.645, 46.24, 1.79498
FILLER_0_13_1116, 520.645, 46.24, 1.79498
FILLER_0_13_1121, 520.645, 46.24, 1.79498
hold522, 533.314, 46.24, 1.79498
FILLER_0_12_1141, 533.314, 46.24, 1.79498
FILLER_0_13_1172, 545.982, 46.24, 1.79498
FILLER_0_12_1197, 558.651, 46.24, 1.79498
PHY_20, 5.52, 40.8, 1.79856
PHY_22, 5.52, 40.8, 1.79856
PHY_21, 571.32, 40.8, 1.7949
PHY_23, 571.32, 40.8, 1.7949
FILLER_0_10_1217, 571.32, 40.8, 1.7949
FILLER_0_11_51, 34.64, 40.8, 1.79838
FILLER_0_12_77, 34.64, 40.8, 1.79838
FILLER_0_11_105, 47.44, 40.8, 1.79819
FILLER_0_10_133, 73.04, 40.8, 1.79782
_11899_, 85.84, 40.8, 1.79764
FILLER_0_11_161, 85.84, 40.8, 1.79764
FILLER_0_12_177, 85.84, 40.8, 1.79764
FILLER_0_12_187, 85.84, 40.8, 1.79764
FILLER_0_10_189, 98.64, 40.8, 1.79746
_11895_, 111.44, 40.8, 1.79727
_16085_, 111.44, 40.8, 1.79727
clkbuf_leaf_265_clk, 111.44, 40.8, 1.79727
FILLER_0_10_221, 111.44, 40.8, 1.79727
FILLER_0_11_217, 111.44, 40.8, 1.79727
_11894_, 124.24, 40.8, 1.79713
_16104_, 124.24, 40.8, 1.79713
_16106_, 124.24, 40.8, 1.79713
hold475, 124.24, 40.8, 1.79713
FILLER_0_10_245, 124.24, 40.8, 1.79713
_11851_, 137.04, 40.8, 1.79701
_13584_, 137.04, 40.8, 1.79701
_16108_, 137.04, 40.8, 1.79701
hold673, 137.04, 40.8, 1.79701
_13585_, 149.84, 40.8, 1.7969
FILLER_0_11_327, 149.84, 40.8, 1.7969
_11462_, 188.24, 40.8, 1.79653
_11463_, 188.24, 40.8, 1.79653
_16308_, 188.24, 40.8, 1.79653
hold1359, 188.24, 40.8, 1.79653
FILLER_0_10_389, 188.24, 40.8, 1.79653
FILLER_0_10_397, 188.24, 40.8, 1.79653
FILLER_0_11_385, 188.24, 40.8, 1.79653
FILLER_0_11_393, 188.24, 40.8, 1.79653
FILLER_0_12_401, 188.24, 40.8, 1.79653
_11451_, 201.04, 40.8, 1.79639
_13800_, 201.04, 40.8, 1.79639
hold426, 201.04, 40.8, 1.79639
FILLER_0_10_424, 201.04, 40.8, 1.79639
FILLER_0_12_434, 201.04, 40.8, 1.79639
_11459_, 213.84, 40.8, 1.79626
_11497_, 213.84, 40.8, 1.79626
_13802_, 213.84, 40.8, 1.79626
_16307_, 213.84, 40.8, 1.79626
FILLER_0_10_447, 213.84, 40.8, 1.79626
FILLER_0_11_441, 213.84, 40.8, 1.79626
_11496_, 226.64, 40.8, 1.79614
_13778_, 226.64, 40.8, 1.79614
_13781_, 226.64, 40.8, 1.79614
hold1030, 226.64, 40.8, 1.79614
FILLER_0_10_467, 226.64, 40.8, 1.79614
FILLER_0_11_477, 226.64, 40.8, 1.79614
_11493_, 239.44, 40.8, 1.79601
_13782_, 239.44, 40.8, 1.79601
_16286_, 239.44, 40.8, 1.79601
FILLER_0_11_505, 239.44, 40.8, 1.79601
_11492_, 252.24, 40.8, 1.7959
_11507_, 252.24, 40.8, 1.7959
_13783_, 252.24, 40.8, 1.7959
_16279_, 252.24, 40.8, 1.7959
FILLER_0_11_529, 252.24, 40.8, 1.7959
FILLER_0_12_541, 252.24, 40.8, 1.7959
_11505_, 265.04, 40.8, 1.79579
_11506_, 265.04, 40.8, 1.79579
_16280_, 265.04, 40.8, 1.79579
clkbuf_leaf_251_clk, 265.04, 40.8, 1.79579
FILLER_0_12_573, 265.04, 40.8, 1.79579
_11368_, 277.84, 40.8, 1.79574
_11504_, 277.84, 40.8, 1.79574
_16346_, 277.84, 40.8, 1.79574
hold1200, 277.84, 40.8, 1.79574
FILLER_0_10_579, 277.84, 40.8, 1.79574
FILLER_0_10_589, 277.84, 40.8, 1.79574
FILLER_0_11_585, 277.84, 40.8, 1.79574
_11372_, 290.64, 40.8, 1.79569
_11383_, 290.64, 40.8, 1.79569
_13844_, 290.64, 40.8, 1.79569
hold1039, 290.64, 40.8, 1.79569
FILLER_0_11_613, 290.64, 40.8, 1.79569
FILLER_0_11_624, 290.64, 40.8, 1.79569
FILLER_0_11_632, 290.64, 40.8, 1.79569
_11364_, 303.44, 40.8, 1.79564
_11376_, 303.44, 40.8, 1.79564
_11377_, 303.44, 40.8, 1.79564
_13847_, 303.44, 40.8, 1.79564
_13853_, 303.44, 40.8, 1.79564
_16344_, 303.44, 40.8, 1.79564
clkbuf_leaf_214_clk, 303.44, 40.8, 1.79564
hold1954, 303.44, 40.8, 1.79564
hold577, 316.24, 40.8, 1.79565
FILLER_0_11_685, 316.24, 40.8, 1.79565
_10314_, 341.84, 40.8, 1.79559
FILLER_0_10_753, 354.64, 40.8, 1.79552
FILLER_0_11_780, 367.44, 40.8, 1.79544
FILLER_0_10_805, 380.24, 40.8, 1.79537
FILLER_0_11_833, 393.04, 40.8, 1.7953
FILLER_0_10_861, 405.84, 40.8, 1.79523
_07972_, 418.64, 40.8, 1.79516
_07973_, 418.64, 40.8, 1.79516
_15732_, 418.64, 40.8, 1.79516
_15737_, 418.64, 40.8, 1.79516
_18046_, 418.64, 40.8, 1.79516
FILLER_0_11_889, 418.64, 40.8, 1.79516
FILLER_0_11_903, 418.64, 40.8, 1.79516
_07976_, 431.44, 40.8, 1.79509
_07977_, 431.44, 40.8, 1.79509
hold529, 431.44, 40.8, 1.79509
hold606, 431.44, 40.8, 1.79509
_07959_, 444.24, 40.8, 1.79503
_07969_, 444.24, 40.8, 1.79503
clkbuf_leaf_201_clk, 444.24, 40.8, 1.79503
hold1470, 444.24, 40.8, 1.79503
FILLER_0_10_951, 444.24, 40.8, 1.79503
FILLER_0_11_943, 444.24, 40.8, 1.79503
FILLER_0_11_953, 444.24, 40.8, 1.79503
_07958_, 457.04, 40.8, 1.79502
_15749_, 457.04, 40.8, 1.79502
hold2091, 457.04, 40.8, 1.79502
hold2127, 457.04, 40.8, 1.79502
FILLER_0_10_976, 457.04, 40.8, 1.79502
FILLER_0_12_984, 457.04, 40.8, 1.79502
_18033_, 469.84, 40.8, 1.79502
FILLER_0_11_1021, 469.84, 40.8, 1.79502
_08003_, 495.308, 40.8, 1.79498
_15721_, 495.308, 40.8, 1.79498
_08065_, 507.977, 40.8, 1.79494
_15686_, 507.977, 40.8, 1.79494
FILLER_0_10_1081, 507.977, 40.8, 1.79494
FILLER_0_11_1089, 507.977, 40.8, 1.79494
FILLER_0_11_1097, 507.977, 40.8, 1.79494
_08079_, 520.645, 40.8, 1.7949
_08082_, 520.645, 40.8, 1.7949
_15679_, 520.645, 40.8, 1.7949
clkbuf_leaf_196_clk, 520.645, 40.8, 1.7949
FILLER_0_11_1115, 520.645, 40.8, 1.7949
FILLER_0_11_1121, 520.645, 40.8, 1.7949
_08078_, 533.314, 40.8, 1.7949
_08080_, 533.314, 40.8, 1.7949
FILLER_0_10_1136, 533.314, 40.8, 1.7949
FILLER_0_11_1171, 545.982, 40.8, 1.7949
FILLER_0_10_1201, 558.651, 40.8, 1.7949
PHY_16, 5.52, 35.36, 1.79878
PHY_18, 5.52, 35.36, 1.79878
output80, 5.52, 35.36, 1.79878
PHY_17, 571.32, 35.36, 1.79496
PHY_19, 571.32, 35.36, 1.79496
output74, 571.32, 35.36, 1.79496
FILLER_0_8_1217, 571.32, 35.36, 1.79496
FILLER_0_9_53, 34.64, 35.36, 1.79863
FILLER_0_10_77, 34.64, 35.36, 1.79863
FILLER_0_9_105, 47.44, 35.36, 1.79846
FILLER_0_8_133, 73.04, 35.36, 1.79811
FILLER_0_9_161, 85.84, 35.36, 1.79794
FILLER_0_8_189, 98.64, 35.36, 1.79777
FILLER_0_9_217, 111.44, 35.36, 1.7976
_16107_, 124.24, 35.36, 1.79743
FILLER_0_8_245, 124.24, 35.36, 1.79743
_11857_, 137.04, 35.36, 1.79726
FILLER_0_9_273, 137.04, 35.36, 1.79726
FILLER_0_10_299, 137.04, 35.36, 1.79726
FILLER_0_8_301, 149.84, 35.36, 1.7971
FILLER_0_9_329, 162.64, 35.36, 1.79693
_16301_, 188.24, 35.36, 1.79659
FILLER_0_9_385, 188.24, 35.36, 1.79659
_13805_, 201.04, 35.36, 1.79643
clkbuf_leaf_254_clk, 201.04, 35.36, 1.79643
FILLER_0_8_413, 201.04, 35.36, 1.79643
_11450_, 213.84, 35.36, 1.7963
_11455_, 213.84, 35.36, 1.7963
_11458_, 213.84, 35.36, 1.7963
FILLER_0_8_448, 213.84, 35.36, 1.7963
FILLER_0_9_441, 213.84, 35.36, 1.7963
FILLER_0_10_454, 213.84, 35.36, 1.7963
clkbuf_leaf_252_clk, 226.64, 35.36, 1.79618
FILLER_0_8_473, 226.64, 35.36, 1.79618
FILLER_0_8_477, 226.64, 35.36, 1.79618
_11498_, 239.44, 35.36, 1.7961
_11499_, 239.44, 35.36, 1.7961
_16283_, 239.44, 35.36, 1.7961
hold450, 239.44, 35.36, 1.7961
FILLER_0_9_497, 239.44, 35.36, 1.7961
_11516_, 252.24, 35.36, 1.79603
_11517_, 252.24, 35.36, 1.79603
_16274_, 252.24, 35.36, 1.79603
FILLER_0_9_537, 252.24, 35.36, 1.79603
FILLER_0_10_545, 252.24, 35.36, 1.79603
_13770_, 265.04, 35.36, 1.79596
_13776_, 265.04, 35.36, 1.79596
hold490, 265.04, 35.36, 1.79596
FILLER_0_8_557, 265.04, 35.36, 1.79596
_11369_, 277.84, 35.36, 1.7959
_11373_, 277.84, 35.36, 1.7959
_13849_, 277.84, 35.36, 1.7959
_13851_, 277.84, 35.36, 1.7959
FILLER_0_8_580, 277.84, 35.36, 1.7959
FILLER_0_8_589, 277.84, 35.36, 1.7959
_16347_, 290.64, 35.36, 1.79584
_16350_, 290.64, 35.36, 1.79584
hold942, 290.64, 35.36, 1.79584
FILLER_0_9_609, 290.64, 35.36, 1.79584
FILLER_0_9_629, 290.64, 35.36, 1.79584
_13850_, 303.44, 35.36, 1.79579
hold468, 303.44, 35.36, 1.79579
_16873_, 316.24, 35.36, 1.79574
_16879_, 316.24, 35.36, 1.79574
FILLER_0_9_665, 316.24, 35.36, 1.79574
FILLER_0_9_673, 316.24, 35.36, 1.79574
FILLER_0_10_677, 316.24, 35.36, 1.79574
_10312_, 341.84, 35.36, 1.79564
_10313_, 341.84, 35.36, 1.79564
_14438_, 341.84, 35.36, 1.79564
_14439_, 341.84, 35.36, 1.79564
hold755, 341.84, 35.36, 1.79564
hold1739, 341.84, 35.36, 1.79564
FILLER_0_10_745, 341.84, 35.36, 1.79564
FILLER_0_8_753, 354.64, 35.36, 1.79558
FILLER_0_9_776, 367.44, 35.36, 1.79551
FILLER_0_8_805, 380.24, 35.36, 1.79545
FILLER_0_9_833, 393.04, 35.36, 1.79538
FILLER_0_8_861, 405.84, 35.36, 1.79532
FILLER_0_10_881, 405.84, 35.36, 1.79532
_07983_, 418.64, 35.36, 1.79526
_18041_, 418.64, 35.36, 1.79526
hold358, 418.64, 35.36, 1.79526
FILLER_0_8_893, 418.64, 35.36, 1.79526
FILLER_0_9_889, 418.64, 35.36, 1.79526
_07974_, 431.44, 35.36, 1.7952
_07975_, 431.44, 35.36, 1.7952
_07982_, 431.44, 35.36, 1.7952
_15735_, 431.44, 35.36, 1.7952
_18045_, 431.44, 35.36, 1.7952
FILLER_0_8_921, 431.44, 35.36, 1.7952
FILLER_0_8_925, 431.44, 35.36, 1.7952
_15736_, 444.24, 35.36, 1.79515
_15739_, 444.24, 35.36, 1.79515
_18053_, 444.24, 35.36, 1.79515
_18060_, 444.24, 35.36, 1.79515
hold2059, 444.24, 35.36, 1.79515
FILLER_0_9_949, 444.24, 35.36, 1.79515
FILLER_0_9_953, 444.24, 35.36, 1.79515
FILLER_0_8_972, 457.04, 35.36, 1.79512
FILLER_0_8_981, 457.04, 35.36, 1.79512
FILLER_0_9_991, 457.04, 35.36, 1.79512
_07946_, 469.84, 35.36, 1.79508
_15751_, 469.84, 35.36, 1.79508
hold1813, 469.84, 35.36, 1.79508
FILLER_0_9_999, 469.84, 35.36, 1.79508
_08000_, 495.308, 35.36, 1.79502
_08001_, 495.308, 35.36, 1.79502
_15722_, 495.308, 35.36, 1.79502
_18032_, 495.308, 35.36, 1.79502
hold164, 495.308, 35.36, 1.79502
FILLER_0_9_1052, 495.308, 35.36, 1.79502
_08064_, 507.977, 35.36, 1.79499
_08075_, 507.977, 35.36, 1.79499
_08083_, 507.977, 35.36, 1.79499
_15681_, 507.977, 35.36, 1.79499
_18000_, 507.977, 35.36, 1.79499
FILLER_0_9_1091, 507.977, 35.36, 1.79499
_15677_, 520.645, 35.36, 1.79497
_17993_, 520.645, 35.36, 1.79497
hold1079, 520.645, 35.36, 1.79497
hold1784, 520.645, 35.36, 1.79497
_15685_, 533.314, 35.36, 1.79496
_17992_, 533.314, 35.36, 1.79496
hold1519, 533.314, 35.36, 1.79496
hold1989, 533.314, 35.36, 1.79496
FILLER_0_8_1199, 558.651, 35.36, 1.79496
FILLER_0_9_1213, 558.651, 35.36, 1.79496
PHY_12, 5.52, 29.92, 1.79905
PHY_14, 5.52, 29.92, 1.79905
PHY_13, 571.32, 29.92, 1.79502
PHY_15, 571.32, 29.92, 1.79502
FILLER_0_6_1217, 571.32, 29.92, 1.79502
FILLER_0_7_51, 34.64, 29.92, 1.79887
FILLER_0_8_77, 34.64, 29.92, 1.79887
FILLER_0_7_105, 47.44, 29.92, 1.79869
FILLER_0_6_133, 73.04, 29.92, 1.79833
FILLER_0_7_161, 85.84, 29.92, 1.79815
FILLER_0_6_189, 98.64, 29.92, 1.79797
FILLER_0_7_217, 111.44, 29.92, 1.79779
FILLER_0_6_245, 124.24, 29.92, 1.79761
FILLER_0_7_273, 137.04, 29.92, 1.79744
FILLER_0_6_301, 149.84, 29.92, 1.79726
FILLER_0_7_329, 162.64, 29.92, 1.79708
FILLER_0_7_385, 188.24, 29.92, 1.79675
FILLER_0_7_405, 188.24, 29.92, 1.79675
_11452_, 201.04, 29.92, 1.79661
_11453_, 201.04, 29.92, 1.79661
_11457_, 201.04, 29.92, 1.79661
_16304_, 201.04, 29.92, 1.79661
hold501, 201.04, 29.92, 1.79661
hold1464, 201.04, 29.92, 1.79661
_11444_, 213.84, 29.92, 1.79647
_11445_, 213.84, 29.92, 1.79647
_11454_, 213.84, 29.92, 1.79647
_13809_, 213.84, 29.92, 1.79647
_16305_, 213.84, 29.92, 1.79647
_16310_, 213.84, 29.92, 1.79647
hold1563, 213.84, 29.92, 1.79647
FILLER_0_6_439, 213.84, 29.92, 1.79647
_11485_, 226.64, 29.92, 1.79636
_11488_, 226.64, 29.92, 1.79636
_11489_, 226.64, 29.92, 1.79636
_13785_, 226.64, 29.92, 1.79636
_13804_, 226.64, 29.92, 1.79636
_16288_, 226.64, 29.92, 1.79636
_16290_, 226.64, 29.92, 1.79636
hold395, 226.64, 29.92, 1.79636
FILLER_0_6_472, 226.64, 29.92, 1.79636
_11490_, 239.44, 29.92, 1.79625
_11491_, 239.44, 29.92, 1.79625
_13780_, 239.44, 29.92, 1.79625
_13784_, 239.44, 29.92, 1.79625
_13786_, 239.44, 29.92, 1.79625
_13787_, 239.44, 29.92, 1.79625
_16289_, 239.44, 29.92, 1.79625
hold1434, 239.44, 29.92, 1.79625
hold1767, 239.44, 29.92, 1.79625
FILLER_0_7_500, 239.44, 29.92, 1.79625
FILLER_0_8_511, 239.44, 29.92, 1.79625
_11486_, 252.24, 29.92, 1.79616
_11487_, 252.24, 29.92, 1.79616
_16272_, 252.24, 29.92, 1.79616
hold986, 252.24, 29.92, 1.79616
FILLER_0_7_531, 252.24, 29.92, 1.79616
_11519_, 265.04, 29.92, 1.79607
_11520_, 265.04, 29.92, 1.79607
_11522_, 265.04, 29.92, 1.79607
_11523_, 265.04, 29.92, 1.79607
_13767_, 265.04, 29.92, 1.79607
_13768_, 265.04, 29.92, 1.79607
_13769_, 265.04, 29.92, 1.79607
_16273_, 265.04, 29.92, 1.79607
hold465, 265.04, 29.92, 1.79607
FILLER_0_6_555, 265.04, 29.92, 1.79607
_11375_, 277.84, 29.92, 1.79599
_11518_, 277.84, 29.92, 1.79599
_13848_, 277.84, 29.92, 1.79599
_16345_, 277.84, 29.92, 1.79599
hold1474, 277.84, 29.92, 1.79599
FILLER_0_6_589, 277.84, 29.92, 1.79599
FILLER_0_8_603, 277.84, 29.92, 1.79599
_11366_, 290.64, 29.92, 1.79592
_11370_, 290.64, 29.92, 1.79592
_11371_, 290.64, 29.92, 1.79592
_11374_, 290.64, 29.92, 1.79592
_16343_, 290.64, 29.92, 1.79592
FILLER_0_7_612, 290.64, 29.92, 1.79592
FILLER_0_7_617, 290.64, 29.92, 1.79592
_13845_, 303.44, 29.92, 1.79586
_13846_, 303.44, 29.92, 1.79586
_16342_, 303.44, 29.92, 1.79586
_10319_, 316.24, 29.92, 1.79581
hold1113, 316.24, 29.92, 1.79581
FILLER_0_8_677, 316.24, 29.92, 1.79581
FILLER_0_8_685, 316.24, 29.92, 1.79581
FILLER_0_7_718, 341.84, 29.92, 1.79569
FILLER_0_6_749, 354.64, 29.92, 1.79562
FILLER_0_7_777, 367.44, 29.92, 1.79556
FILLER_0_6_805, 380.24, 29.92, 1.79549
FILLER_0_7_833, 393.04, 29.92, 1.79543
FILLER_0_6_861, 405.84, 29.92, 1.79536
_18044_, 418.64, 29.92, 1.7953
FILLER_0_7_889, 418.64, 29.92, 1.7953
_18048_, 431.44, 29.92, 1.79524
FILLER_0_6_917, 431.44, 29.92, 1.79524
_07953_, 444.24, 29.92, 1.79519
_07957_, 444.24, 29.92, 1.79519
_07968_, 444.24, 29.92, 1.79519
_15746_, 444.24, 29.92, 1.79519
_18054_, 444.24, 29.92, 1.79519
FILLER_0_7_945, 444.24, 29.92, 1.79519
FILLER_0_7_953, 444.24, 29.92, 1.79519
_07947_, 457.04, 29.92, 1.79514
_07956_, 457.04, 29.92, 1.79514
_07963_, 457.04, 29.92, 1.79514
_18059_, 457.04, 29.92, 1.79514
hold1855, 457.04, 29.92, 1.79514
hold2071, 457.04, 29.92, 1.79514
FILLER_0_7_982, 457.04, 29.92, 1.79514
_07960_, 469.84, 29.92, 1.79511
_15743_, 469.84, 29.92, 1.79511
_18035_, 469.84, 29.92, 1.79511
_18039_, 469.84, 29.92, 1.79511
hold2016, 469.84, 29.92, 1.79511
hold2099, 469.84, 29.92, 1.79511
FILLER_0_7_1004, 469.84, 29.92, 1.79511
FILLER_0_7_1017, 469.84, 29.92, 1.79511
_07996_, 495.308, 29.92, 1.79506
_07997_, 495.308, 29.92, 1.79506
_15724_, 495.308, 29.92, 1.79506
_18034_, 495.308, 29.92, 1.79506
hold129, 495.308, 29.92, 1.79506
FILLER_0_7_1061, 495.308, 29.92, 1.79506
_17991_, 507.977, 29.92, 1.79504
_17995_, 507.977, 29.92, 1.79504
FILLER_0_6_1086, 507.977, 29.92, 1.79504
FILLER_0_7_1080, 507.977, 29.92, 1.79504
_08067_, 520.645, 29.92, 1.79503
_08074_, 520.645, 29.92, 1.79503
_17999_, 520.645, 29.92, 1.79503
hold665, 520.645, 29.92, 1.79503
FILLER_0_7_1110, 520.645, 29.92, 1.79503
FILLER_0_7_1116, 520.645, 29.92, 1.79503
_08066_, 533.314, 29.92, 1.79502
_08081_, 533.314, 29.92, 1.79502
_15678_, 533.314, 29.92, 1.79502
hold213, 533.314, 29.92, 1.79502
FILLER_0_6_1141, 533.314, 29.92, 1.79502
FILLER_0_7_1134, 533.314, 29.92, 1.79502
FILLER_0_6_1197, 558.651, 29.92, 1.79502
PHY_8, 5.52, 24.48, 1.79914
PHY_10, 5.52, 24.48, 1.79914
PHY_9, 571.32, 24.48, 1.79513
PHY_11, 571.32, 24.48, 1.79513
FILLER_0_4_1217, 571.32, 24.48, 1.79513
FILLER_0_5_51, 34.64, 24.48, 1.79896
FILLER_0_6_77, 34.64, 24.48, 1.79896
FILLER_0_5_105, 47.44, 24.48, 1.79878
FILLER_0_4_133, 73.04, 24.48, 1.79841
FILLER_0_5_161, 85.84, 24.48, 1.79823
FILLER_0_4_189, 98.64, 24.48, 1.79805
FILLER_0_5_217, 111.44, 24.48, 1.79787
FILLER_0_4_245, 124.24, 24.48, 1.79769
FILLER_0_5_273, 137.04, 24.48, 1.7975
FILLER_0_4_301, 149.84, 24.48, 1.79732
FILLER_0_5_329, 162.64, 24.48, 1.79714
_16306_, 188.24, 24.48, 1.79684
FILLER_0_5_385, 188.24, 24.48, 1.79684
FILLER_0_5_405, 188.24, 24.48, 1.79684
_11456_, 201.04, 24.48, 1.79673
_13803_, 201.04, 24.48, 1.79673
FILLER_0_4_413, 201.04, 24.48, 1.79673
hold1478, 213.84, 24.48, 1.79663
FILLER_0_5_440, 213.84, 24.48, 1.79663
FILLER_0_4_469, 226.64, 24.48, 1.79652
_11484_, 239.44, 24.48, 1.79641
_16287_, 239.44, 24.48, 1.79641
FILLER_0_5_500, 239.44, 24.48, 1.79641
_11521_, 252.24, 24.48, 1.79631
FILLER_0_4_525, 252.24, 24.48, 1.79631
FILLER_0_5_549, 252.24, 24.48, 1.79631
FILLER_0_6_541, 252.24, 24.48, 1.79631
_16271_, 265.04, 24.48, 1.79621
FILLER_0_5_557, 265.04, 24.48, 1.79621
_11367_, 277.84, 24.48, 1.79612
_13852_, 277.84, 24.48, 1.79612
_16349_, 277.84, 24.48, 1.79612
hold1178, 277.84, 24.48, 1.79612
FILLER_0_4_581, 277.84, 24.48, 1.79612
FILLER_0_5_581, 277.84, 24.48, 1.79612
FILLER_0_5_593, 277.84, 24.48, 1.79612
_11378_, 290.64, 24.48, 1.79603
_11379_, 290.64, 24.48, 1.79603
hold973, 290.64, 24.48, 1.79603
FILLER_0_5_606, 290.64, 24.48, 1.79603
_11380_, 303.44, 24.48, 1.79595
_11381_, 303.44, 24.48, 1.79595
hold467, 303.44, 24.48, 1.79595
FILLER_0_4_637, 303.44, 24.48, 1.79595
FILLER_0_5_664, 316.24, 24.48, 1.79587
FILLER_0_5_721, 341.84, 24.48, 1.79572
FILLER_0_4_749, 354.64, 24.48, 1.79567
FILLER_0_5_777, 367.44, 24.48, 1.79561
FILLER_0_4_805, 380.24, 24.48, 1.79555
FILLER_0_5_833, 393.04, 24.48, 1.79549
FILLER_0_4_861, 405.84, 24.48, 1.79543
FILLER_0_5_889, 418.64, 24.48, 1.79537
FILLER_0_4_917, 431.44, 24.48, 1.79531
_18056_, 444.24, 24.48, 1.79525
FILLER_0_5_945, 444.24, 24.48, 1.79525
_07952_, 457.04, 24.48, 1.7952
_15748_, 457.04, 24.48, 1.7952
_18051_, 457.04, 24.48, 1.7952
_18052_, 457.04, 24.48, 1.7952
FILLER_0_4_973, 457.04, 24.48, 1.7952
_07961_, 469.84, 24.48, 1.79516
_07962_, 469.84, 24.48, 1.79516
_15744_, 469.84, 24.48, 1.79516
FILLER_0_5_1004, 469.84, 24.48, 1.79516
FILLER_0_5_1057, 495.308, 24.48, 1.79513
FILLER_0_4_1085, 507.977, 24.48, 1.79513
FILLER_0_5_1113, 520.645, 24.48, 1.79513
FILLER_0_4_1141, 533.314, 24.48, 1.79513
FILLER_0_5_1169, 545.982, 24.48, 1.79513
FILLER_0_4_1197, 558.651, 24.48, 1.79513
PHY_4, 5.52, 19.04, 1.79912
PHY_6, 5.52, 19.04, 1.79912
PHY_5, 571.32, 19.04, 1.79512
PHY_7, 571.32, 19.04, 1.79512
FILLER_0_2_1217, 571.32, 19.04, 1.79512
FILLER_0_3_51, 34.64, 19.04, 1.79894
FILLER_0_4_77, 34.64, 19.04, 1.79894
FILLER_0_3_105, 47.44, 19.04, 1.79876
FILLER_0_2_133, 73.04, 19.04, 1.7984
FILLER_0_3_161, 85.84, 19.04, 1.79822
FILLER_0_2_189, 98.64, 19.04, 1.79804
FILLER_0_3_217, 111.44, 19.04, 1.79786
FILLER_0_2_245, 124.24, 19.04, 1.79768
FILLER_0_3_273, 137.04, 19.04, 1.7975
FILLER_0_2_301, 149.84, 19.04, 1.79732
FILLER_0_3_329, 162.64, 19.04, 1.79714
FILLER_0_3_385, 188.24, 19.04, 1.79686
FILLER_0_2_413, 201.04, 19.04, 1.79677
FILLER_0_3_441, 213.84, 19.04, 1.79667
FILLER_0_2_469, 226.64, 19.04, 1.79657
FILLER_0_3_497, 239.44, 19.04, 1.79647
FILLER_0_2_525, 252.24, 19.04, 1.79637
FILLER_0_3_553, 265.04, 19.04, 1.79627
FILLER_0_2_581, 277.84, 19.04, 1.79617
FILLER_0_3_609, 290.64, 19.04, 1.79608
FILLER_0_2_637, 303.44, 19.04, 1.79598
FILLER_0_3_665, 316.24, 19.04, 1.79588
FILLER_0_3_721, 341.84, 19.04, 1.79573
FILLER_0_2_749, 354.64, 19.04, 1.79567
FILLER_0_3_777, 367.44, 19.04, 1.79562
FILLER_0_2_805, 380.24, 19.04, 1.79556
FILLER_0_3_833, 393.04, 19.04, 1.79551
FILLER_0_2_861, 405.84, 19.04, 1.79545
FILLER_0_3_889, 418.64, 19.04, 1.7954
FILLER_0_2_917, 431.44, 19.04, 1.79534
FILLER_0_3_945, 444.24, 19.04, 1.79529
FILLER_0_2_973, 457.04, 19.04, 1.79523
FILLER_0_3_1001, 469.84, 19.04, 1.79518
FILLER_0_3_1057, 495.308, 19.04, 1.79512
FILLER_0_2_1085, 507.977, 19.04, 1.79512
FILLER_0_3_1113, 520.645, 19.04, 1.79512
FILLER_0_2_1141, 533.314, 19.04, 1.79512
FILLER_0_3_1169, 545.982, 19.04, 1.79512
FILLER_0_2_1197, 558.651, 19.04, 1.79512
PHY_0, 5.52, 13.6, 1.79883
PHY_2, 5.52, 13.6, 1.79883
output64, 5.52, 13.6, 1.79883
output88, 5.52, 13.6, 1.79883
top_138, 571.32, 13.6, 1.79358
PHY_1, 571.32, 13.6, 1.79358
PHY_3, 571.32, 13.6, 1.79358
output58, 571.32, 13.6, 1.79358
output40, 13.68, 13.6, 1.79887
FILLER_0_2_21, 13.68, 13.6, 1.79887
output95, 34.64, 13.6, 1.79861
FILLER_0_0_53, 34.64, 13.6, 1.79861
FILLER_0_0_75, 34.64, 13.6, 1.79861
FILLER_0_1_51, 34.64, 13.6, 1.79861
FILLER_0_2_77, 34.64, 13.6, 1.79861
output57, 47.44, 13.6, 1.79835
FILLER_0_0_105, 47.44, 13.6, 1.79835
FILLER_0_1_105, 47.44, 13.6, 1.79835
FILLER_0_0_125, 60.24, 13.6, 1.79811
output72, 73.04, 13.6, 1.79787
output43, 85.84, 13.6, 1.79764
FILLER_0_0_165, 85.84, 13.6, 1.79764
FILLER_0_0_169, 85.84, 13.6, 1.79764
FILLER_0_1_161, 85.84, 13.6, 1.79764
output103, 98.64, 13.6, 1.79742
FILLER_0_0_217, 111.44, 13.6, 1.79725
FILLER_0_1_217, 111.44, 13.6, 1.79725
output66, 124.24, 13.6, 1.79709
FILLER_0_0_249, 124.24, 13.6, 1.79709
FILLER_0_0_271, 124.24, 13.6, 1.79709
output2, 137.04, 13.6, 1.79692
FILLER_0_0_281, 137.04, 13.6, 1.79692
FILLER_0_1_273, 137.04, 13.6, 1.79692
output26, 149.84, 13.6, 1.7968
FILLER_0_0_329, 162.64, 13.6, 1.79676
FILLER_0_1_329, 162.64, 13.6, 1.79676
output104, 188.24, 13.6, 1.79643
FILLER_0_0_393, 188.24, 13.6, 1.79643
FILLER_0_1_385, 188.24, 13.6, 1.79643
FILLER_0_0_433, 201.04, 13.6, 1.79622
output73, 213.84, 13.6, 1.79602
FILLER_0_1_441, 213.84, 13.6, 1.79602
output23, 226.64, 13.6, 1.79581
FILLER_0_0_473, 226.64, 13.6, 1.79581
output6, 239.44, 13.6, 1.79567
FILLER_0_0_495, 239.44, 13.6, 1.79567
FILLER_0_1_497, 239.44, 13.6, 1.79567
FILLER_0_0_525, 252.24, 13.6, 1.79558
FILLER_0_0_545, 252.24, 13.6, 1.79558
output63, 265.04, 13.6, 1.7955
FILLER_0_1_553, 265.04, 13.6, 1.7955
output98, 277.84, 13.6, 1.79543
FILLER_0_0_585, 277.84, 13.6, 1.79543
top_125, 290.64, 13.6, 1.7954
FILLER_0_0_607, 290.64, 13.6, 1.7954
FILLER_0_0_629, 290.64, 13.6, 1.7954
FILLER_0_1_609, 290.64, 13.6, 1.7954
FILLER_0_0_636, 303.44, 13.6, 1.79538
FILLER_0_0_657, 303.44, 13.6, 1.79538
output105, 316.24, 13.6, 1.79536
FILLER_0_1_665, 316.24, 13.6, 1.79536
output13, 341.84, 13.6, 1.7951
FILLER_0_0_741, 341.84, 13.6, 1.7951
FILLER_0_1_721, 341.84, 13.6, 1.7951
FILLER_0_0_751, 354.64, 13.6, 1.79487
output29, 367.44, 13.6, 1.79463
FILLER_0_0_781, 367.44, 13.6, 1.79463
FILLER_0_1_777, 367.44, 13.6, 1.79463
output89, 380.24, 13.6, 1.79448
ANTENNA_24, 380.24, 13.6, 1.79448
FILLER_0_0_805, 380.24, 13.6, 1.79448
FILLER_0_0_813, 380.24, 13.6, 1.79448
FILLER_0_0_853, 393.04, 13.6, 1.7944
FILLER_0_1_833, 393.04, 13.6, 1.7944
output112, 405.84, 13.6, 1.79431
FILLER_0_0_863, 405.84, 13.6, 1.79431
output30, 418.64, 13.6, 1.79429
FILLER_0_0_893, 418.64, 13.6, 1.79429
FILLER_0_1_889, 418.64, 13.6, 1.79429
output71, 431.44, 13.6, 1.79435
FILLER_0_0_917, 431.44, 13.6, 1.79435
FILLER_0_0_925, 431.44, 13.6, 1.79435
FILLER_0_1_945, 444.24, 13.6, 1.79441
output77, 457.04, 13.6, 1.79448
FILLER_0_0_977, 457.04, 13.6, 1.79448
output25, 469.84, 13.6, 1.79456
FILLER_0_0_999, 469.84, 13.6, 1.79456
FILLER_0_1_1001, 469.84, 13.6, 1.79456
output27, 495.308, 13.6, 1.79437
FILLER_0_0_1059, 495.308, 13.6, 1.79437
FILLER_0_1_1057, 495.308, 13.6, 1.79437
output83, 507.977, 13.6, 1.79414
FILLER_0_0_1089, 507.977, 13.6, 1.79414
output69, 520.645, 13.6, 1.79398
FILLER_0_0_1111, 520.645, 13.6, 1.79398
FILLER_0_1_1113, 520.645, 13.6, 1.79398
ANTENNA_5, 533.314, 13.6, 1.79382
FILLER_0_0_1141, 533.314, 13.6, 1.79382
output4, 545.982, 13.6, 1.79366
FILLER_0_0_1171, 545.982, 13.6, 1.79366
FILLER_0_1_1169, 545.982, 13.6, 1.79366
output21, 558.651, 13.6, 1.79359
ANTENNA_10, 558.651, 13.6, 1.79359
FILLER_0_0_1201, 558.651, 13.6, 1.79359
FILLER_0_0_1215, 558.651, 13.6, 1.79359
FILLER_0_1_1213, 558.651, 13.6, 1.79359

