net,length_um
_06146_,1040.51
net34,826.47
net43,823.35
clknet_0_clk,753.2
_06082_,742.62
net65,723.6
net95,717.44
net82,680.61
net108,667.72
_06083_,660.39
net4,651.27
net83,629.14
net101,628.98
net89,602.2
net88,595.88
net7,594.72
net50,588.02
net112,580.42
net9,577.12
net8,573.36
net36,554.94
net94,547.52
net48,543.48
net49,542.56
net21,539.54
net37,538.75
net44,537.54
net84,536.12
net45,532.07
_05558_,528.98
net110,527.69
clknet_2_1_0_clk,526.54
net56,516.42
net24,513.47
clk,512.71
clknet_2_3_0_clk,506.72
net109,504.45
net30,495.85
clknet_2_2_0_clk,484.46
net27,481.5
net78,472.93
clknet_2_0_0_clk,469.72
net102,469.54
net6,467.24
_05897_,466.56
net103,458.98
_05306_,453.76
net15,452.16
net29,444.48
net40,443.7
net51,442.615
net144,442.4
net2,442.38
_05987_,440.96
net58,440.24
net93,440.2
net70,437.85
_06084_,437.15
_06101_,430.89
net80,427.24
net85,425.48
net157,424.66
net81,423.48
_05605_,421.85
_05138_,414.47
net72,413.94
_05643_,413.26
net28,408.7
net61,408.66
_06202_,401.2
net23,400.96
net90,400.41
net32,400.3
_06094_,399.19
_06100_,397.73
net77,396.5
net74,394.92
net52,394.4
_05148_,388.86
net87,387.72
net79,386.6
_06098_,386.06
_05983_,385.685
net25,385.42
_06105_,384.7
net98,384.7
net47,382.9
_05139_,382.7
_05934_,382.08
net13,382.07
net57,378.02
net111,377.24
net12,376.56
net19,372.64
net64,370.54
net99,370
net100,368.96
net113,368.04
net5,363.52
_05699_,362.8
_05606_,362.65
net106,362.315
net69,359.08
_05886_,358.12
net54,357.7
net18,354.69
net68,354.62
_06355_,354.61
_05982_,351.76
net67,351.16
net107,345.64
_05726_,344.32
net59,343.54
_05187_,336.98
net22,335.96
_05180_,335.21
clknet_5_14__leaf_clk,334.44
_05137_,333.2
_05132_,333.05
_06344_,330.17
_05551_,329.93
_06343_,326.29
_06337_,325.94
net39,325.63
_05147_,325.18
_05134_,322.29
clknet_5_21__leaf_clk,320.57
_05133_,319.945
net31,315.94
_05604_,315.81
_06093_,315.41
net117,313.98
net55,313.96
net17,312.34
clknet_5_5__leaf_clk,312
_05553_,310.25
net119,309.93
_05963_,308.34
clknet_5_9__leaf_clk,307.85
clknet_5_29__leaf_clk,306.84
net53,306.255
clknet_5_4__leaf_clk,305.69
_05548_,303.98
net62,301.74
net146,300.48
net14,299.78
_06090_,297.45
_06102_,297.16
net86,296.56
_05165_,296.09
clknet_5_30__leaf_clk,295.77
_05146_,295.6
clknet_5_12__leaf_clk,294.25
_05613_,293.24
_05140_,290.02
clknet_5_6__leaf_clk,289.17
_05852_,288.95
net71,288.94
net91,288.72
clknet_5_28__leaf_clk,287.4
_05557_,285.78
net35,284.86
_06099_,283.52
_05159_,277.8
net66,277.14
_05970_,276.655
net10,275.035
clknet_5_18__leaf_clk,273.6
clknet_5_2__leaf_clk,273.24
_05287_,271.88
net60,271.76
_05135_,267.26
_05599_,265.85
net3,265.46
_06106_,264.69
clknet_5_19__leaf_clk,264.63
clknet_5_26__leaf_clk,263.56
net104,262.28
clknet_5_23__leaf_clk,261.49
clknet_5_27__leaf_clk,260.5
clknet_5_1__leaf_clk,259.21
_05556_,258.4
_06104_,258.035
net16,257.74
_06124_,255.9
net96,254.7
_06095_,254.44
_05945_,252.67
_06342_,252.12
_05863_,250.94
clknet_5_3__leaf_clk,249.32
clknet_5_22__leaf_clk,249.03
_06111_,249
clknet_5_15__leaf_clk,248.99
_06088_,247.36
_05608_,246.87
_05547_,246.63
_05851_,243.28
_05695_,241.94
net105,241.58
_05136_,239.72
_05974_,239.72
_06341_,239.71
clknet_5_16__leaf_clk,239.25
_05793_,238.01
clknet_5_10__leaf_clk,237.92
_06191_,237.78
clknet_5_7__leaf_clk,237.18
net33,236.56
_05141_,236.08
_05158_,235.34
_06147_,233.68
_06109_,233.4
_06290_,233.04
net152,232.64
_06108_,232.06
_06268_,231.44
_05959_,231.2
_06224_,230.38
_06135_,229.3
_05293_,229.24
clknet_5_8__leaf_clk,225.67
net73,225.44
clknet_5_13__leaf_clk,225.44
net20,224.1
net11,223.74
_06180_,222.32
_06323_,221.24
_06113_,219.12
_06279_,219.08
net97,217.14
net153,215.04
_06235_,214.93
clknet_5_17__leaf_clk,213.97
clknet_5_0__leaf_clk,212.28
clknet_5_20__leaf_clk,210.36
net26,210.08
_06246_,208.04
_06092_,208
clknet_5_11__leaf_clk,205.69
_05908_,205.38
_05742_,204.88
_06158_,202.42
_06110_,202.24
_06169_,202.01
_06091_,200.52
clknet_5_25__leaf_clk,200.42
_06312_,199.46
_06213_,199.2
_06301_,198.56
clknet_5_24__leaf_clk,196.7
_06366_,188.34
_06097_,188.2
_06257_,187.16
net120,183.24
net92,182.54
_05550_,181.9
_05294_,177.19
_05145_,175.87
_05131_,171.92
_05981_,170.93
_05155_,168.15
net118,162.8
_05984_,159.035
_06340_,158.64
clknet_5_31__leaf_clk,154.77
_05990_,142.82
_06336_,142.12
clknet_leaf_19_clk,140.48
net63,138.86
clknet_leaf_157_clk,138.54
_06089_,138.085
_05592_,137.92
clknet_leaf_201_clk,137.92
_06107_,136.94
_05885_,136.27
_06335_,135.38
_05126_,133.92
_06014_,133.02
clknet_leaf_177_clk,132.94
clknet_leaf_93_clk,132.38
_06015_,131.935
clknet_leaf_179_clk,131.47
_06017_,131.14
_06103_,131.04
_06018_,129.06
clknet_leaf_129_clk,128.28
clknet_leaf_103_clk,127.24
clknet_leaf_111_clk,126.395
net140,125.88
net46,125.42
clknet_leaf_142_clk,124.84
_06096_,124.4
_06087_,123.96
_05560_,123.94
clknet_leaf_31_clk,123.74
_06338_,121.46
clknet_leaf_116_clk,120.78
clknet_leaf_109_clk,120.6
_05924_,118
clknet_leaf_156_clk,117.94
clknet_leaf_15_clk,117.82
clknet_leaf_167_clk,114.72
clknet_leaf_25_clk,114.62
RF_inst.Registers\[3\]\[17\],114.17
_05705_,113.34
clknet_leaf_130_clk,113.2
clknet_leaf_65_clk,113.04
_05989_,112.84
clknet_leaf_148_clk,112.3
clknet_leaf_91_clk,112.18
clknet_leaf_77_clk,111.94
clknet_leaf_86_clk,111.14
clknet_leaf_181_clk,110.9
clknet_leaf_135_clk,110.74
_00096_,109.38
clknet_leaf_38_clk,108.34
clknet_leaf_185_clk,108.02
clknet_leaf_240_clk,108.02
clknet_leaf_150_clk,107.8
_06085_,107.715
clknet_leaf_207_clk,107.7
clknet_leaf_128_clk,107.22
clknet_leaf_219_clk,106.51
clknet_leaf_61_clk,106.32
net114,106.1
clknet_leaf_145_clk,105.74
clknet_leaf_155_clk,105.34
clknet_leaf_54_clk,103.62
clknet_leaf_17_clk,103.42
clknet_leaf_97_clk,103.28
clknet_leaf_249_clk,103.24
clknet_leaf_188_clk,102.78
clknet_leaf_10_clk,102.4
clknet_leaf_238_clk,102.4
_06120_,101.98
clknet_leaf_264_clk,101.94
clknet_leaf_139_clk,101.56
clknet_leaf_269_clk,101.56
clknet_leaf_227_clk,101.22
clknet_leaf_152_clk,100.56
clknet_leaf_121_clk,99.96
clknet_leaf_68_clk,99.8
clknet_leaf_229_clk,99.68
clknet_leaf_45_clk,99.59
clknet_leaf_159_clk,99.26
_06210_,99.1
clknet_leaf_190_clk,98.94
clknet_leaf_13_clk,98.26
_06334_,98.24
clknet_leaf_218_clk,97.875
clknet_leaf_132_clk,97.815
clknet_leaf_214_clk,97.8
clknet_leaf_95_clk,97.77
_06286_,97.52
clknet_leaf_236_clk,97.52
_05799_,97.5
clknet_leaf_12_clk,97.44
clknet_leaf_72_clk,97.38
clknet_leaf_1_clk,96.86
clknet_leaf_50_clk,96.84
clknet_leaf_176_clk,96.54
clknet_leaf_89_clk,95.58
clknet_leaf_212_clk,95.32
clknet_leaf_158_clk,95.2
clknet_leaf_2_clk,94.7
clknet_leaf_8_clk,94.7
clknet_leaf_120_clk,94.62
clknet_leaf_247_clk,94.46
clknet_leaf_213_clk,93.92
_05152_,93.84
clknet_leaf_127_clk,93.81
clknet_leaf_182_clk,93.76
clknet_leaf_237_clk,93.68
clknet_leaf_239_clk,93.6
clknet_leaf_55_clk,93.1
clknet_leaf_96_clk,92.92
clknet_leaf_171_clk,92.36
_05798_,92.2
_06289_,92.16
clknet_leaf_35_clk,92.02
clknet_leaf_225_clk,91.92
clknet_leaf_105_clk,91.68
_06227_,91.61
net42,91.58
clknet_leaf_134_clk,91.48
_06186_,91.44
RF_inst.Registers\[3\]\[3\],91.43
clknet_leaf_7_clk,91.34
_06112_,91.2
_05130_,91.14
_06270_,91.1
_06190_,91.04
_06165_,90.94
clknet_leaf_206_clk,90.72
clknet_leaf_165_clk,90.7
_06189_,90.68
clknet_leaf_223_clk,90.68
clknet_leaf_226_clk,90.62
clknet_leaf_112_clk,90.44
clknet_leaf_137_clk,90.4
clknet_leaf_37_clk,90.36
_06150_,90.06
_06144_,89.8
_06145_,89.39
clknet_leaf_6_clk,89.2
_06225_,89.12
clknet_leaf_4_clk,89.02
clknet_leaf_258_clk,88.98
_06309_,88.66
clknet_leaf_194_clk,88.18
_06160_,87.92
clknet_leaf_22_clk,87.84
_06242_,87.32
clknet_leaf_51_clk,87.28
_06306_,87.04
_06193_,86.86
_06119_,86.56
clknet_leaf_67_clk,86.52
_06287_,86.42
_06114_,86.3
clknet_leaf_56_clk,86.26
RF_inst.Registers\[3\]\[16\],86.24
_06237_,86.22
_06253_,86.06
clknet_leaf_28_clk,85.96
_06122_,85.94
clknet_leaf_260_clk,85.86
clknet_leaf_118_clk,85.71
clknet_leaf_183_clk,85.64
_06204_,85.54
clknet_leaf_256_clk,85.4
clknet_leaf_21_clk,85.1
_06140_,85.08
clknet_leaf_88_clk,85.04
clknet_leaf_202_clk,84.98
net75,84.76
_05218_,84.71
_06264_,84.635
_06125_,84.59
_06250_,84.47
clknet_leaf_60_clk,84.42
_06123_,84.28
_06209_,84.205
_06232_,84.2
_06166_,84.195
_06086_,84.16
_06315_,84.06
clknet_leaf_18_clk,84.04
_06168_,83.9
_06187_,83.79
RF_inst.Registers\[3\]\[2\],83.77
clknet_leaf_76_clk,83.7
clknet_leaf_59_clk,83.46
_06212_,83.42
_05309_,83.34
_06236_,83.14
_06115_,83.07
_06118_,83.02
clknet_leaf_232_clk,82.96
_06207_,82.85
_06216_,82.72
_06254_,82.72
clknet_leaf_197_clk,82.66
clknet_leaf_104_clk,82.28
_06256_,82.2
clknet_leaf_58_clk,82.16
_06321_,82.12
clknet_leaf_43_clk,81.98
_06143_,81.975
_05426_,81.96
clknet_leaf_151_clk,81.86
_06131_,81.815
_06141_,81.775
_06258_,81.73
clknet_leaf_63_clk,81.72
clknet_leaf_82_clk,81.72
clknet_leaf_87_clk,81.6
_05830_,81.56
_06228_,81.08
_06276_,80.94
clknet_leaf_44_clk,80.78
clknet_leaf_40_clk,80.72
_06303_,80.67
clknet_leaf_253_clk,80.595
_06324_,80.56
clknet_leaf_250_clk,80.5
clknet_leaf_248_clk,80.44
_06148_,80.42
clknet_leaf_175_clk,80.28
clknet_leaf_186_clk,80.26
_06280_,80.12
_06221_,79.82
clknet_leaf_149_clk,79.8
_05286_,79.68
clknet_leaf_254_clk,79.6
_06291_,79.52
clknet_leaf_27_clk,79.3
_06128_,79.16
_06178_,79.14
clknet_leaf_53_clk,79.11
_06200_,78.96
_06230_,78.9
_06175_,78.68
_06239_,78.43
_05790_,78.24
_06196_,78.18
_06317_,78.08
_06243_,78
_06229_,77.875
clknet_leaf_14_clk,77.84
_06222_,77.74
clknet_leaf_187_clk,77.58
_06260_,77.56
_06274_,77.5
_06296_,77.46
_06164_,77.43
_06331_,77.19
_06126_,77.15
_05412_,77.04
_06322_,76.96
_06185_,76.8
_06206_,76.62
_06247_,76.62
clknet_leaf_52_clk,76.62
_06211_,76.58
_06218_,76.56
_06326_,76.22
clknet_leaf_41_clk,76.22
_06134_,76.12
clknet_leaf_251_clk,76.09
_06157_,75.92
_05603_,75.82
_06154_,75.82
_06192_,75.72
_06249_,75.675
clknet_leaf_246_clk,75.58
_06327_,75.42
clknet_leaf_85_clk,75.34
_06153_,75.2
_06199_,75.16
clknet_leaf_102_clk,75.14
_06195_,75.1
_06304_,75.1
_06332_,75.06
clknet_leaf_178_clk,75.06
_06329_,75.02
_06205_,74.98
_06244_,74.86
_06130_,74.72
clknet_leaf_224_clk,74.66
_06132_,74.62
_06127_,74.6
clknet_leaf_47_clk,74.58
_06259_,74.54
clknet_leaf_205_clk,74.42
_06223_,74.36
_06318_,74.3
clknet_leaf_222_clk,74.24
clknet_leaf_119_clk,74.14
_06151_,74.12
RF_inst.Registers\[3\]\[30\],73.9
_06298_,73.86
_06263_,73.84
_06142_,73.82
_06149_,73.8
_06220_,73.72
clknet_leaf_191_clk,73.68
_06117_,73.48
_06173_,73.45
_06177_,73.38
clknet_leaf_107_clk,73.08
_06302_,73.04
clknet_leaf_78_clk,73.04
clknet_leaf_172_clk,73.04
clknet_leaf_243_clk,73.02
_06167_,72.9
_05815_,72.78
_06162_,72.675
_06292_,72.64
clknet_leaf_64_clk,72.62
_06288_,72.61
RF_inst.Registers\[3\]\[29\],72.52
_06188_,72.44
clknet_leaf_221_clk,72.36
clknet_leaf_46_clk,72.18
clknet_leaf_90_clk,72.16
_05483_,72.155
_06313_,72.135
_06333_,71.94
_06136_,71.92
_06171_,71.86
_05921_,71.84
clknet_leaf_203_clk,71.78
clknet_leaf_215_clk,71.74
clknet_leaf_259_clk,71.735
clknet_leaf_3_clk,71.68
clknet_leaf_84_clk,71.64
_06233_,71.62
clknet_leaf_123_clk,71.28
_06305_,71.24
clknet_leaf_94_clk,71.18
clknet_leaf_32_clk,71.12
clknet_leaf_146_clk,71.1
_06155_,71.04
_06294_,70.96
clknet_leaf_244_clk,70.86
_06231_,70.78
clknet_leaf_83_clk,70.78
RF_inst.Registers\[3\]\[7\],70.515
_06197_,70.4
clknet_leaf_141_clk,70.28
clknet_leaf_168_clk,70.16
_06285_,70.06
RF_inst.Registers\[3\]\[9\],69.995
_06174_,69.995
_06176_,69.735
_06156_,69.69
_06251_,69.595
clknet_leaf_16_clk,69.56
_06275_,69.535
_06284_,69.16
_06314_,68.98
_06184_,68.955
_06198_,68.44
clknet_leaf_180_clk,68.32
clknet_leaf_110_clk,68.3
clknet_leaf_220_clk,68.28
_06261_,68.275
_06201_,68.26
_06170_,68.14
_06203_,67.84
_06293_,67.835
_06181_,67.74
_06152_,67.62
clknet_leaf_252_clk,67.54
_06217_,67.48
_05780_,67.46
RF_inst.Registers\[1\]\[7\],67.24
_06241_,67.2
clknet_leaf_49_clk,67.18
_06308_,67.175
_06295_,67.12
clknet_leaf_235_clk,67.12
_06137_,67.055
_06252_,67.045
_06182_,66.92
_06194_,66.88
_06208_,66.88
RF_inst.Registers\[3\]\[13\],66.85
_06133_,66.82
_06310_,66.755
clknet_leaf_108_clk,66.58
_06283_,66.56
_06316_,66.25
clknet_leaf_131_clk,65.94
_05194_,65.9
_06328_,65.82
_06248_,65.8
clknet_leaf_263_clk,65.76
clknet_leaf_245_clk,65.74
_06139_,65.455
clknet_leaf_166_clk,65.44
_06161_,65.28
_06277_,65.24
clknet_leaf_29_clk,65.2
clknet_leaf_147_clk,65.16
RF_inst.Registers\[1\]\[31\],65.1
_06234_,65.085
_05997_,65.08
_06121_,65
_06269_,64.975
clknet_leaf_26_clk,64.76
clknet_leaf_266_clk,64.74
_06138_,64.64
_06255_,64.58
_05283_,64.52
RF_inst.Registers\[7\]\[16\],64.44
_06163_,64.36
_06240_,64.3
clknet_leaf_164_clk,64.22
_06272_,64.04
_06116_,63.795
clknet_leaf_154_clk,63.78
_05265_,63.775
_06179_,63.6
_06299_,63.52
_06271_,63.48
RF_inst.Registers\[1\]\[10\],63.34
clknet_leaf_242_clk,63.3
_06278_,63.28
_06214_,63.24
clknet_leaf_30_clk,62.815
RF_inst.Registers\[1\]\[11\],62.76
_06245_,62.76
clknet_leaf_20_clk,62.68
_06129_,62.64
clknet_leaf_81_clk,62.36
clknet_leaf_70_clk,62.28
_06266_,62.22
_06330_,62.2
_06265_,62.14
clknet_leaf_255_clk,62.1
RF_inst.Registers\[3\]\[4\],62.08
_06215_,62.06
clknet_leaf_160_clk,61.98
clknet_leaf_169_clk,61.87
net123,61.84
RF_inst.Registers\[1\]\[9\],61.82
clknet_leaf_261_clk,61.76
_06172_,61.72
_06307_,61.22
clknet_leaf_24_clk,61.22
clknet_leaf_189_clk,61.2
RF_inst.Registers\[3\]\[14\],61.02
clknet_leaf_170_clk,60.88
_06319_,60.78
clknet_leaf_73_clk,60.76
RF_inst.Registers\[5\]\[1\],60.64
_06183_,60.64
net142,60.52
_06219_,60.495
_06281_,60.46
clknet_leaf_144_clk,60.3
clknet_leaf_100_clk,60.28
_06320_,60.26
_06006_,59.98
clknet_leaf_209_clk,59.88
net115,59.78
_06226_,59.58
_06262_,59.58
RF_inst.Registers\[3\]\[12\],59.14
_06238_,59.09
clknet_leaf_216_clk,58.86
_05494_,58.74
RF_inst.Registers\[1\]\[5\],58.66
net150,58.62
_06159_,58.54
_05806_,58.5
_05367_,58.48
clknet_leaf_114_clk,58.44
RF_inst.Registers\[3\]\[27\],58.42
clknet_leaf_75_clk,58.32
RF_inst.Registers\[3\]\[11\],58.27
_06325_,58.22
RF_inst.Registers\[5\]\[2\],58.02
clknet_leaf_230_clk,57.87
clknet_leaf_228_clk,57.82
clknet_leaf_198_clk,57.72
clknet_leaf_79_clk,57.64
clknet_leaf_0_clk,57.1
_05191_,57.02
RF_inst.Registers\[3\]\[10\],56.72
_05487_,56.64
_05229_,56.56
_05344_,56.56
_05226_,56.4
clknet_leaf_126_clk,56.34
clknet_leaf_34_clk,56.12
clknet_leaf_71_clk,56.12
_05203_,56.06
clknet_leaf_196_clk,56
_05175_,55.94
clknet_leaf_265_clk,55.94
_05258_,55.93
_05188_,55.9
clknet_leaf_208_clk,55.68
clknet_leaf_192_clk,55.52
RF_inst.Registers\[3\]\[6\],55.37
_05789_,55.28
net147,55.2
clknet_leaf_257_clk,55.18
RF_inst.Registers\[7\]\[14\],55.12
RF_inst.Registers\[1\]\[13\],55.04
_05633_,55.02
RF_inst.Registers\[1\]\[24\],54.92
_05202_,54.86
_06311_,54.76
RF_inst.Registers\[3\]\[0\],54.72
clknet_leaf_66_clk,54.62
_06282_,54.41
clknet_leaf_241_clk,54.38
clknet_leaf_113_clk,54.36
_06297_,54.32
clknet_leaf_62_clk,54.3
_06273_,54.14
RF_inst.Registers\[3\]\[22\],54
RF_inst.Registers\[1\]\[28\],53.94
RF_inst.Registers\[1\]\[8\],53.9
clknet_leaf_57_clk,53.54
_05201_,53.48
_06300_,53.455
RF_inst.Registers\[1\]\[6\],53.34
_05156_,53.28
clknet_leaf_231_clk,53.24
_06267_,53.2
RF_inst.Registers\[3\]\[5\],53.16
_05256_,53.06
clknet_leaf_9_clk,52.62
clknet_leaf_33_clk,52.62
clknet_leaf_138_clk,52.62
RF_inst.Registers\[3\]\[21\],52.56
clknet_leaf_99_clk,52.2
net116,51.92
clknet_leaf_80_clk,51.82
clknet_leaf_69_clk,51.7
clknet_leaf_143_clk,51.7
clknet_leaf_106_clk,51.64
_05400_,51.52
_05261_,51.18
clknet_leaf_199_clk,51.1
RF_inst.Registers\[7\]\[7\],50.96
clknet_leaf_36_clk,50.72
_05284_,50.58
RF_inst.Registers\[3\]\[19\],50.12
_06004_,49.9
_05211_,49.82
clknet_leaf_173_clk,49.72
_05996_,49.5
clknet_leaf_5_clk,49.48
_05411_,49.2
_05922_,48.89
RF_inst.Registers\[3\]\[15\],48.675
RF_inst.Registers\[5\]\[3\],48.64
clknet_leaf_184_clk,48.44
clknet_leaf_122_clk,48.32
_05770_,48.24
clknet_leaf_23_clk,48.14
RF_inst.Registers\[3\]\[18\],48
clknet_leaf_174_clk,47.68
_05310_,47.49
RF_inst.Registers\[5\]\[17\],47.46
_05224_,47.36
clknet_leaf_117_clk,47.31
_05758_,47.28
clknet_leaf_204_clk,47.14
RF_inst.Registers\[3\]\[1\],47.06
_05240_,46.935
clknet_leaf_115_clk,46.64
clknet_leaf_92_clk,46.54
RF_inst.Registers\[7\]\[5\],46.38
_05237_,46.3
clknet_leaf_161_clk,46.18
_05153_,46.12
_05546_,46.04
clknet_leaf_39_clk,46
DM_inst.D_Memory\[0\]\[6\],45.96
clknet_leaf_98_clk,45.1
_05589_,44.86
_05281_,44.725
clknet_leaf_133_clk,44.56
clknet_leaf_233_clk,44.02
_05841_,43.98
_05270_,43.96
clknet_leaf_193_clk,43.92
_05349_,43.1
clknet_leaf_262_clk,43.08
_05668_,43.06
clknet_leaf_210_clk,42.96
RF_inst.Registers\[3\]\[24\],42.88
_05273_,42.605
_05572_,42.38
RF_inst.Registers\[7\]\[29\],42.34
clknet_leaf_140_clk,42.12
clknet_leaf_163_clk,42.08
_05807_,41.86
clknet_leaf_153_clk,41.74
_05200_,41.7
_05378_,41.68
_05333_,41.62
_05390_,41.54
RF_inst.Registers\[3\]\[23\],41.44
RF_inst.Registers\[3\]\[26\],41.4
_05448_,41.06
clknet_leaf_48_clk,40.9
clknet_leaf_74_clk,40.86
RF_inst.Registers\[1\]\[4\],40.66
clknet_leaf_217_clk,40.62
_05317_,40.49
clknet_leaf_200_clk,40.4
_05157_,39.94
_05285_,39.64
clknet_leaf_211_clk,39.58
DM_inst.D_Memory\[0\]\[16\],39.28
_06008_,39.22
clknet_leaf_42_clk,38.98
clknet_leaf_136_clk,38.98
clknet_leaf_11_clk,38.96
RF_inst.Registers\[3\]\[25\],38.58
_05128_,38.48
_05752_,38.42
_05215_,38.4
DM_inst.D_Memory\[0\]\[4\],38.36
_05417_,38.02
_05365_,37.82
_05696_,37.54
RF_inst.Registers\[1\]\[0\],37.44
_05208_,37.435
_05384_,37.4
_05566_,36.86
_05797_,36.64
_05246_,36.54
_05179_,36.38
RF_inst.Registers\[3\]\[8\],36.37
_05469_,36.3
_05477_,36.15
RF_inst.Registers\[1\]\[17\],35.9
_05642_,35.52
clknet_leaf_268_clk,35.14
_05252_,35.12
_05354_,34.6
_05498_,34.58
_05361_,34.54
_05212_,34.36
_05189_,34.14
_05427_,34.1
_05405_,34.02
_05615_,33.8
_05357_,33.525
RF_inst.Registers\[7\]\[23\],33.44
RF_inst.Registers\[7\]\[15\],33.26
_05395_,33.23
RF_inst.Registers\[7\]\[19\],33.06
RF_inst.Registers\[3\]\[31\],33.04
net145,32.86
_05529_,32.84
RF_inst.Registers\[1\]\[30\],32.62
_05233_,32.62
_05522_,32.5
RF_inst.Registers\[7\]\[18\],32.48
_05457_,32.46
clknet_leaf_195_clk,32.42
clknet_leaf_124_clk,32.28
clknet_leaf_125_clk,32.28
net76,32.06
clknet_leaf_267_clk,32.04
_05735_,31.92
_05262_,31.91
_05381_,31.88
_05205_,31.76
_06003_,31.74
_05526_,31.68
_05221_,31.595
_05338_,31.58
_05172_,31.14
RF_inst.Registers\[3\]\[20\],31.08
_05453_,30.98
_05734_,30.88
_05724_,30.84
RF_inst.Registers\[1\]\[27\],30.63
_05420_,30.445
_05536_,30.3
_05552_,30.28
RF_inst.Registers\[7\]\[11\],30.06
RF_inst.Registers\[7\]\[21\],29.96
_05368_,29.92
_05404_,29.2
_05814_,29.2
_05757_,29.18
_05312_,28.99
RF_inst.Registers\[3\]\[28\],28.82
_05461_,28.68
RF_inst.Registers\[7\]\[13\],28.58
_05602_,28.5
_05441_,28.32
_05445_,28.18
_05164_,27.9
_05308_,27.88
_05243_,27.64
clknet_leaf_162_clk,27.6
_05244_,27.4
_05185_,27.3
_05315_,27.2
_05502_,27.02
RF_inst.Registers\[7\]\[2\],26.96
_05769_,26.96
_05234_,26.9
_05492_,26.78
RF_inst.Registers\[1\]\[14\],26.66
_05833_,26.6
RF_inst.Registers\[1\]\[23\],26.52
_05204_,26.5
_05751_,26.47
_05410_,26.24
_05328_,26.14
_05467_,26.12
_05821_,26.07
_06072_,26.04
_05348_,25.99
_05779_,25.9
_06010_,25.74
_05582_,25.73
_05334_,25.7
_05485_,25.59
RF_inst.Registers\[2\]\[27\],25.58
_05327_,25.5
RF_inst.Registers\[1\]\[19\],25.42
_05298_,25.4
_05690_,25.37
RF_inst.Registers\[5\]\[12\],25.24
RF_inst.Registers\[1\]\[1\],25.14
RF_inst.Registers\[1\]\[29\],25.06
_05351_,25.02
_05511_,24.94
RF_inst.Registers\[2\]\[26\],24.84
_05488_,24.8
RF_inst.Registers\[7\]\[25\],24.58
_05796_,24.58
RF_inst.Registers\[7\]\[27\],24.2
_05576_,24.2
_05392_,23.92
_06005_,23.92
_05684_,23.9
RF_inst.Registers\[1\]\[22\],23.86
_05393_,23.7
RF_inst.Registers\[7\]\[26\],23.66
_05677_,23.66
RF_inst.Registers\[7\]\[30\],23.6
_05998_,23.6
_06075_,23.44
_05184_,23.42
_05369_,23.18
_05555_,23.18
_05650_,23.06
_05694_,23.02
_05197_,23
_05151_,22.96
_05524_,22.9
_05358_,22.89
_06032_,22.86
_05671_,22.82
_06019_,22.8
RF_inst.Registers\[2\]\[29\],22.65
_05678_,22.62
_05479_,22.58
RF_inst.Registers\[1\]\[18\],22.54
RF_inst.Registers\[1\]\[16\],22.5
RF_inst.Registers\[5\]\[21\],22.5
_05470_,22.5
_05414_,22.46
_05809_,22.36
DM_inst.D_Memory\[0\]\[9\],22.24
_05439_,22.14
DM_inst.D_Memory\[0\]\[15\],22.12
_05568_,22.04
_05535_,22.02
net151,21.94
_05716_,21.56
_05497_,21.45
_05698_,21.42
RF_inst.Registers\[7\]\[12\],21.34
_07579_,21.32
_05506_,21.26
_05452_,21.22
_05534_,21.22
_05689_,21.1
_05702_,21.02
_05567_,20.92
RF_inst.Registers\[1\]\[21\],20.8
RF_inst.Registers\[1\]\[15\],20.66
_05326_,20.66
RF_inst.Registers\[2\]\[25\],20.58
_05168_,20.58
_05366_,20.58
_05339_,20.48
_05520_,20.36
RF_inst.Registers\[7\]\[17\],20.34
_05323_,20.28
_07333_,20.28
_06073_,20.22
_05507_,20.2
_05296_,20.16
_05683_,20.08
_04588_,19.98
RF_inst.Registers\[1\]\[3\],19.94
_05627_,19.9
_05771_,19.76
_06722_,19.76
_05330_,19.72
DM_inst.D_Memory\[0\]\[11\],19.7
_05459_,19.68
_05510_,19.58
_05436_,19.46
RF_inst.Registers\[1\]\[25\],19.4
_05637_,19.4
_05645_,19.36
_05161_,19.32
RF_inst.Registers\[5\]\[15\],19.28
_06055_,19.16
_05624_,19.12
RF_inst.Registers\[1\]\[26\],18.98
_05292_,18.96
_05679_,18.9
_05717_,18.88
_05144_,18.84
_05715_,18.84
DM_inst.D_Memory\[0\]\[18\],18.82
_05267_,18.7
net1878,18.68
DM_inst.D_Memory\[0\]\[22\],18.66
_05217_,18.615
RF_inst.Registers\[2\]\[23\],18.6
DM_inst.D_Memory\[5\]\[28\],18.58
_05783_,18.58
_06025_,18.52
DM_inst.D_Memory\[0\]\[20\],18.34
_05748_,18.34
_05271_,18.28
_05532_,18.26
_05818_,18.24
_05266_,18.2
_05347_,18.18
_06677_,18.18
_02326_,18.16
_03966_,18.12
_05415_,18.12
_05755_,18.08
net1662,18.06
RF_inst.Registers\[2\]\[30\],17.98
_05648_,17.98
_05521_,17.92
_05531_,17.9
net2405,17.86
_05614_,17.855
_05753_,17.8
_05183_,17.74
_05397_,17.68
_04844_,17.66
DM_inst.D_Memory\[0\]\[31\],17.64
_04666_,17.62
_05570_,17.59
_05225_,17.48
_07240_,17.48
_05127_,17.46
_05462_,17.46
_05714_,17.4
_05398_,17.38
RF_inst.Registers\[2\]\[3\],17.36
RF_inst.Registers\[7\]\[9\],17.34
_05320_,17.34
_07293_,17.34
DM_inst.D_Memory\[0\]\[10\],17.3
_03988_,17.3
_05343_,17.28
_05673_,17.28
RF_inst.Registers\[5\]\[16\],17.24
_03198_,17.24
_07540_,17.2
_05374_,17.16
_05600_,17.14
_05359_,17.12
_05277_,17.1
_06057_,17.06
_07466_,17.04
_05629_,17.02
_07193_,17
_05518_,16.96
_07500_,16.94
_07655_,16.94
_07492_,16.88
_05697_,16.86
_05774_,16.86
_05000_,16.82
_05626_,16.78
net1807,16.78
_05425_,16.76
_05571_,16.76
net2077,16.76
_07508_,16.74
_07230_,16.68
_03119_,16.625
DM_inst.D_Memory\[0\]\[1\],16.6
_07298_,16.54
_05383_,16.51
net38,16.505
_06076_,16.47
_05450_,16.44
_03334_,16.42
_05845_,16.4
_07676_,16.38
_03560_,16.36
_05691_,16.36
_05449_,16.34
_05455_,16.34
_05438_,16.3
_06460_,16.24
_07657_,16.24
DM_inst.D_Memory\[34\]\[6\],16.22
_05360_,16.22
_05407_,16.21
_06445_,16.2
_05372_,16.18
_05362_,16.16
_06038_,16.14
_07664_,16.12
DM_inst.D_Memory\[0\]\[14\],16.1
WriteBack_out[17],16.08
_05373_,16.08
DM_inst.D_Memory\[0\]\[5\],16.06
RF_inst.Registers\[7\]\[10\],16.04
_05711_,15.98
_04800_,15.96
_05299_,15.94
net2177,15.92
_05304_,15.9
_05876_,15.9
RF_inst.Registers\[7\]\[1\],15.84
_05018_,15.84
_06026_,15.82
DM_inst.D_Memory\[0\]\[3\],15.8
_04875_,15.8
_05388_,15.8
_07302_,15.8
_07149_,15.78
_07295_,15.76
_05451_,15.74
_05910_,15.74
_05114_,15.68
_05245_,15.64
_07524_,15.64
ALU_out[14],15.62
_07816_,15.62
RF_inst.Registers\[7\]\[8\],15.6
_07596_,15.6
_06035_,15.56
_05356_,15.54
_00993_,15.51
_05023_,15.5
_06040_,15.5
_07638_,15.5
_05209_,15.48
_07340_,15.48
_07808_,15.48
net2315,15.48
DM_inst.D_Memory\[0\]\[12\],15.46
_03384_,15.44
_05468_,15.44
_05597_,15.44
_06469_,15.44
_05772_,15.42
net138,15.4
WriteBack_out[15],15.4
_02999_,15.38
_06902_,15.38
_07580_,15.38
net1497,15.38
_04842_,15.36
_05504_,15.36
net2080,15.36
_05389_,15.34
_05660_,15.34
_04964_,15.32
_05808_,15.32
_06635_,15.32
_07693_,15.32
_06078_,15.3
net1831,15.3
_02577_,15.28
_05121_,15.26
_07117_,15.26
net2383,15.24
_06063_,15.22
_04749_,15.2
_05496_,15.2
_05434_,15.19
_07576_,15.18
_07308_,15.16
DM_inst.D_Memory\[0\]\[25\],15.14
_05619_,15.14
_04810_,15.12
_05654_,15.12
_06956_,15.1
clknet_leaf_101_clk,15.1
_01140_,15.07
_05248_,15.07
DM_inst.D_Memory\[62\]\[6\],15.04
_04781_,15.04
RF_inst.Registers\[2\]\[15\],15.02
_05111_,15.02
_05733_,15.02
RF_inst.Registers\[2\]\[22\],15
_03069_,15
_07401_,15
net212,15
_05513_,14.98
DM_inst.D_Memory\[0\]\[24\],14.96
_05337_,14.96
_05371_,14.96
_06456_,14.96
_04638_,14.94
_04375_,14.92
_05223_,14.92
_07549_,14.92
net183,14.92
_00275_,14.91
_05561_,14.86
_05169_,14.84
_05345_,14.78
_07542_,14.78
_05517_,14.74
_05391_,14.68
DM_inst.D_Memory\[43\]\[0\],14.64
_06042_,14.64
net2346,14.64
_05428_,14.62
_05481_,14.62
_05509_,14.62
_00684_,14.6
_04998_,14.58
_05067_,14.58
net1488,14.58
net2327,14.58
net2340,14.58
_07400_,14.56
_04582_,14.54
_06521_,14.54
_07588_,14.54
_00208_,14.53
_04664_,14.5
_04525_,14.46
_05078_,14.46
_07832_,14.44
_03772_,14.42
_07806_,14.42
_05474_,14.41
_07303_,14.4
_05501_,14.38
_00269_,14.37
_07589_,14.34
RF_inst.Registers\[1\]\[12\],14.32
_05314_,14.29
_01210_,14.28
_05508_,14.28
_05512_,14.26
_01141_,14.23
_05129_,14.22
_05816_,14.18
net2167,14.18
_03062_,14.14
_04597_,14.14
_05659_,14.14
DM_inst.D_Memory\[50\]\[12\],14.12
net1657,14.12
_05743_,14.1
net1747,14.1
_03414_,14.08
_05754_,14.08
_02919_,14.06
_06056_,14.06
_07139_,14.06
_02336_,14.04
_06027_,14.035
RF_inst.Registers\[7\]\[22\],14
_02769_,14
_03093_,14
_03308_,14
net2379,14
_05181_,13.96
_07442_,13.96
_07674_,13.96
_05651_,13.92
RF_inst.Registers\[2\]\[31\],13.9
net848,13.9
_03723_,13.88
_07410_,13.88
_05489_,13.87
_02609_,13.865
_04035_,13.84
_05403_,13.84
_07518_,13.84
net469,13.84
_03890_,13.825
_05866_,13.82
_06398_,13.82
_07477_,13.82
_02140_,13.81
_07078_,13.8
_04372_,13.78
_05953_,13.78
_07453_,13.78
_03632_,13.76
_06048_,13.76
_05530_,13.74
_00924_,13.73
RF_inst.Registers\[5\]\[29\],13.72
_07738_,13.72
_07072_,13.7
RF_inst.Registers\[7\]\[20\],13.68
net1160,13.68
DM_inst.D_Memory\[54\]\[12\],13.66
_05418_,13.66
_07252_,13.66
_03665_,13.64
_05098_,13.64
_04607_,13.62
_04668_,13.62
_05622_,13.62
_05632_,13.62
_05824_,13.62
_04204_,13.6
_05456_,13.56
_06816_,13.54
_06946_,13.54
net1783,13.52
_04981_,13.5
_05100_,13.5
_06785_,13.5
_06786_,13.5
_07708_,13.5
_05325_,13.48
_05015_,13.46
_04611_,13.44
_07587_,13.44
_01342_,13.43
_02387_,13.42
_04414_,13.42
_04636_,13.42
net2394,13.42
_01077_,13.41
RF_inst.Registers\[1\]\[2\],13.4
_05446_,13.4
_05559_,13.4
_07038_,13.4
_00237_,13.39
_05160_,13.38
_05186_,13.38
_05249_,13.38
_05727_,13.38
net2395,13.38
net1214,13.34
_02365_,13.32
net208,13.32
WriteBack_out[30],13.3
_06060_,13.26
net172,13.26
_02316_,13.22
_02546_,13.22
_05110_,13.2
DM_inst.D_Memory\[17\]\[8\],13.16
DM_inst.D_Memory\[4\]\[30\],13.16
DM_inst.D_Memory\[54\]\[28\],13.16
_04140_,13.16
_04609_,13.16
_05475_,13.16
net1571,13.16
_03710_,13.14
_04053_,13.14
_03527_,13.12
_05150_,13.1
_05590_,13.1
_03043_,13.08
_03186_,13.08
_04164_,13.08
_04209_,13.08
_04684_,13.08
net1349,13.08
net1767,13.08
_05149_,13.06
_07491_,13.06
net1034,13.06
_05025_,13.04
_06459_,13.04
net435,13.04
net662,13.04
_06594_,13.02
_05579_,13
_05554_,12.99
_01184_,12.97
_05042_,12.96
_05710_,12.96
_05792_,12.96
_06016_,12.96
_07438_,12.96
_07529_,12.94
_03733_,12.925
_04991_,12.92
_07351_,12.9
_05305_,12.89
_05791_,12.88
_05584_,12.86
net2375,12.84
_01352_,12.82
_04856_,12.82
_05644_,12.82
net2311,12.82
DM_inst.D_Memory\[48\]\[31\],12.8
_01809_,12.8
_07602_,12.8
RF_inst.Registers\[2\]\[28\],12.78
_04686_,12.78
_03644_,12.76
_03295_,12.74
_05612_,12.74
_05782_,12.74
_06590_,12.74
_06593_,12.74
net1413,12.74
_04923_,12.72
_05319_,12.72
_05625_,12.72
DM_inst.D_Memory\[40\]\[28\],12.7
DM_inst.D_Memory\[7\]\[20\],12.7
_02717_,12.7
_03057_,12.7
_05466_,12.7
net1837,12.7
_03350_,12.68
_05611_,12.68
_05978_,12.66
_06080_,12.66
net1006,12.66
ALU_out[27],12.62
_05054_,12.62
_05577_,12.62
_06830_,12.62
_06871_,12.62
_07210_,12.62
net121,12.62
net709,12.62
_01048_,12.61
_05235_,12.6
_05254_,12.6
_01823_,12.59
_04848_,12.58
_05303_,12.58
_06064_,12.56
_06069_,12.56
_03779_,12.545
net2217,12.54
_03348_,12.52
_05321_,12.52
_05836_,12.51
DM_inst.D_Memory\[0\]\[27\],12.5
_04700_,12.5
_05006_,12.5
_05661_,12.5
_06525_,12.5
_07013_,12.5
net2112,12.5
_06890_,12.48
_07145_,12.48
RF_inst.Registers\[5\]\[4\],12.475
DM_inst.D_Memory\[0\]\[30\],12.46
_05634_,12.46
_03683_,12.445
RF_inst.Registers\[2\]\[13\],12.44
_01472_,12.44
_05331_,12.44
_05721_,12.44
net148,12.44
_05607_,12.42
_05713_,12.42
_02686_,12.4
_04909_,12.4
_05120_,12.4
_07507_,12.4
DM_inst.D_Memory\[32\]\[12\],12.38
DM_inst.D_Memory\[36\]\[23\],12.38
_03714_,12.38
_05706_,12.38
net2136,12.38
_04341_,12.365
_06502_,12.34
_06050_,12.32
_01866_,12.31
RF_inst.Registers\[2\]\[16\],12.3
_03525_,12.3
_05288_,12.3
_02465_,12.28
_04738_,12.28
_07547_,12.28
_07673_,12.28
_07698_,12.28
_07844_,12.28
_03015_,12.26
_05119_,12.26
_05174_,12.26
_07221_,12.26
DM_inst.D_Memory\[16\]\[14\],12.24
DM_inst.D_Memory\[21\]\[15\],12.24
DM_inst.D_Memory\[29\]\[25\],12.24
_02375_,12.24
_03188_,12.24
_04521_,12.24
_07691_,12.24
_07779_,12.24
net2254,12.24
_01253_,12.22
_02851_,12.22
_03962_,12.22
_05541_,12.22
_05712_,12.22
_05874_,12.22
_02958_,12.2
_04635_,12.2
_05143_,12.2
_02128_,12.19
_04612_,12.18
_05482_,12.18
_03530_,12.16
_04830_,12.16
_05097_,12.16
_05282_,12.16
_06900_,12.16
net1014,12.16
net2098,12.16
_01698_,12.15
_03105_,12.14
_02624_,12.125
_02939_,12.125
PC_Mux.out\[8\],12.12
_03910_,12.12
_04100_,12.12
_04852_,12.12
_05464_,12.12
net154,12.12
net2262,12.12
_01725_,12.1
net1505,12.1
_03470_,12.08
_05435_,12.08
_05493_,12.08
_07336_,12.08
net1897,12.08
_07114_,12.06
_05880_,12.04
_06047_,12.04
_06841_,12.04
_07397_,12.04
_07577_,12.04
_07751_,12.04
net161,12.04
_07083_,12.02
_07556_,12.02
net2399,12.02
_05322_,12
_05641_,12
net2295,12
RF_inst.Registers\[5\]\[30\],11.98
_06054_,11.98
RF_inst.Registers\[2\]\[21\],11.96
_01241_,11.96
net2208,11.96
_02302_,11.95
Instr_out[14],11.94
Instr_out[5],11.94
WriteBack_out[22],11.94
_07684_,11.94
net165,11.94
_02458_,11.92
_04764_,11.92
_05021_,11.92
_05575_,11.92
_06980_,11.92
net170,11.92
_03027_,11.905
_05171_,11.9
_06037_,11.88
_01146_,11.87
_01310_,11.86
_02478_,11.86
_07804_,11.86
DM_inst.D_Memory\[0\]\[0\],11.84
_02804_,11.84
_03001_,11.84
_03032_,11.84
_03383_,11.84
_05499_,11.84
_05580_,11.84
DM_inst.D_Memory\[27\]\[13\],11.82
DM_inst.D_Memory\[50\]\[15\],11.82
_02547_,11.82
_03197_,11.82
_06383_,11.82
_07590_,11.82
net224,11.82
net343,11.82
net1452,11.82
net2400,11.82
_06835_,11.8
DM_inst.D_Memory\[41\]\[22\],11.78
_03974_,11.78
_06506_,11.78
_06991_,11.78
_07007_,11.78
_07475_,11.78
_05431_,11.76
_01500_,11.75
_04485_,11.74
_05043_,11.74
_05443_,11.74
_03305_,11.72
_04753_,11.72
_05686_,11.72
_06379_,11.72
_06845_,11.72
_07287_,11.72
_02782_,11.7
_03788_,11.7
_04769_,11.7
_04944_,11.7
_07799_,11.7
net783,11.7
net1759,11.7
DM_inst.D_Memory\[15\]\[24\],11.68
DM_inst.D_Memory\[17\]\[17\],11.66
_04281_,11.66
_04660_,11.66
_04689_,11.66
_05549_,11.66
_06081_,11.66
_07056_,11.66
_07317_,11.66
net520,11.66
_04721_,11.64
net2134,11.64
_02823_,11.62
_06021_,11.62
_06490_,11.62
_03671_,11.6
net2160,11.6
_00714_,11.59
_00980_,11.59
_04898_,11.58
_05667_,11.58
_05675_,11.58
_06918_,11.58
_07177_,11.58
net158,11.58
net446,11.58
_04005_,11.565
_03664_,11.56
_05616_,11.56
RF_inst.Registers\[7\]\[31\],11.54
_05342_,11.54
net2031,11.54
PC_Mux.out\[27\],11.52
_04653_,11.52
_05472_,11.52
_07643_,11.52
_04138_,11.5
net220,11.5
_02633_,11.48
_05486_,11.48
_01822_,11.47
RF_inst.Registers\[6\]\[25\],11.46
_05402_,11.46
_06803_,11.46
_07411_,11.46
_01636_,11.45
_05341_,11.42
net793,11.42
_01491_,11.4
_07075_,11.4
_00166_,11.39
_01150_,11.39
_05408_,11.38
_05490_,11.38
_02334_,11.36
_03212_,11.36
_05763_,11.36
_06518_,11.36
_06573_,11.36
_07258_,11.36
_07284_,11.36
_07458_,11.36
net880,11.36
net1252,11.36
net1409,11.36
net1730,11.36
net2100,11.36
_07763_,11.34
DM_inst.D_Memory\[34\]\[26\],11.32
_05210_,11.32
_05363_,11.32
_06424_,11.32
net2392,11.32
_05617_,11.28
_06352_,11.28
_06752_,11.28
net407,11.28
_01692_,11.27
PC_out[5],11.26
WriteBack_out[10],11.26
_03113_,11.26
_05195_,11.26
_07045_,11.26
ALU_out[6],11.24
DM_inst.D_Memory\[57\]\[4\],11.24
WriteBack_out[3],11.24
_04585_,11.24
_04602_,11.24
_04704_,11.24
_04786_,11.24
_04789_,11.24
_04846_,11.24
_04971_,11.24
_05059_,11.24
_05080_,11.24
_06655_,11.24
_06695_,11.24
_06777_,11.24
_06828_,11.24
_06833_,11.24
_07234_,11.24
_07369_,11.24
_07372_,11.24
_07514_,11.24
_07689_,11.24
net219,11.24
net691,11.24
net839,11.24
net1165,11.24
net1886,11.24
net1908,11.24
net2359,11.24
_00235_,11.2
_03244_,11.2
_05849_,11.2
_06656_,11.2
_06792_,11.2
_07237_,11.2
_07447_,11.2
net2158,11.2
_00138_,11.19
_05093_,11.18
_06660_,11.18
_01074_,11.17
_01977_,11.17
_03685_,11.165
_05216_,11.16
_05382_,11.16
_05515_,11.16
_00554_,11.13
ALU_out[31],11.12
_04915_,11.12
_05241_,11.12
_06674_,11.12
_06898_,11.12
_07071_,11.12
_07101_,11.12
_07269_,11.12
_07327_,11.12
_07337_,11.12
_07436_,11.12
_07455_,11.12
_07528_,11.12
net2123,11.12
_02060_,11.09
_01667_,11.08
_05638_,11.08
_05839_,11.08
_02705_,11.065
_04791_,11.06
_06856_,11.06
RF_inst.Registers\[2\]\[2\],11.04
_07087_,11.04
net164,11.04
net211,11.04
net239,11.04
DM_inst.D_Memory\[0\]\[26\],11.02
_07633_,11.02
_01384_,11.01
_01800_,11.01
DM_inst.D_Memory\[51\]\[7\],11
RF_inst.Registers\[2\]\[19\],11
net163,11
_02541_,10.985
PC_Mux.out\[7\],10.98
_02377_,10.98
_05723_,10.96
_06651_,10.96
net1931,10.96
_03104_,10.94
_04533_,10.94
_04933_,10.94
net311,10.92
net722,10.92
DM_inst.D_Memory\[42\]\[30\],10.9
_01686_,10.9
_04720_,10.9
_04737_,10.9
_04841_,10.9
_04855_,10.9
_05014_,10.9
_05105_,10.9
_05564_,10.9
_05923_,10.9
_06482_,10.9
_06520_,10.9
_06709_,10.9
_06726_,10.9
_06733_,10.9
_06755_,10.9
_06756_,10.9
_06800_,10.9
_06854_,10.9
_06963_,10.9
_06984_,10.9
_07009_,10.9
_07199_,10.9
_07203_,10.9
_07219_,10.9
_07278_,10.9
_07617_,10.9
_07750_,10.9
_07813_,10.9
net1032,10.9
net1259,10.9
net1419,10.9
_05173_,10.89
RF_inst.Registers\[2\]\[10\],10.88
_05190_,10.88
_05838_,10.88
_07805_,10.88
_04462_,10.86
_05032_,10.86
_06357_,10.86
_07067_,10.86
_07299_,10.86
_07826_,10.86
net295,10.86
net1450,10.86
net1512,10.86
net1734,10.86
net1926,10.86
net2159,10.86
net2348,10.86
DM_inst.D_Memory\[18\]\[3\],10.84
_02373_,10.84
_03868_,10.84
_07341_,10.84
DM_inst.D_Memory\[0\]\[29\],10.82
_03803_,10.82
_06513_,10.82
_07137_,10.82
net1391,10.82
_04757_,10.8
_06410_,10.8
_00996_,10.79
DM_inst.D_Memory\[3\]\[1\],10.78
RF_inst.Registers\[5\]\[20\],10.78
_02938_,10.78
_04671_,10.78
_04685_,10.78
_04727_,10.78
_04889_,10.78
_04952_,10.78
_05004_,10.78
_05036_,10.78
_05065_,10.78
_06389_,10.78
_06464_,10.78
_06474_,10.78
_06512_,10.78
_06577_,10.78
_06604_,10.78
_06645_,10.78
_06710_,10.78
_06763_,10.78
_06843_,10.78
_06904_,10.78
_07129_,10.78
_07192_,10.78
_07550_,10.78
_07586_,10.78
_07608_,10.78
_07682_,10.78
_07739_,10.78
_07831_,10.78
net414,10.78
net995,10.78
net1510,10.78
net1949,10.78
_02101_,10.77
_02190_,10.77
_04044_,10.76
_05376_,10.76
_06610_,10.76
net2025,10.76
net2179,10.76
_03033_,10.74
_04968_,10.74
_06905_,10.74
_07151_,10.74
_07347_,10.74
net41,10.74
_01304_,10.73
RF_inst.Registers\[7\]\[4\],10.72
_05253_,10.72
_05636_,10.72
_06028_,10.72
_06599_,10.72
_06607_,10.72
_07079_,10.72
_07158_,10.72
_07225_,10.72
_04575_,10.705
_03400_,10.7
net1981,10.7
_00328_,10.67
_04517_,10.665
net125,10.66
_05875_,10.66
_05915_,10.66
_06449_,10.66
net840,10.66
_02682_,10.62
_05747_,10.62
_06036_,10.62
_01358_,10.61
_01407_,10.61
RF_inst.Registers\[2\]\[9\],10.58
_01529_,10.58
net927,10.58
ALU_out[19],10.56
Instr_out[20],10.56
WriteBack_out[23],10.56
_04337_,10.56
_06985_,10.56
DM_inst.D_Memory\[22\]\[0\],10.54
_05544_,10.54
_05760_,10.54
_07560_,10.54
_04458_,10.525
RF_inst.Registers\[5\]\[27\],10.5
_05289_,10.5
_06030_,10.5
_00388_,10.49
_01390_,10.49
_01397_,10.49
_02792_,10.48
_06049_,10.48
_03287_,10.46
_03706_,10.46
_05692_,10.46
net2384,10.46
DM_inst.D_Memory\[37\]\[22\],10.44
DM_inst.D_Memory\[45\]\[6\],10.44
DM_inst.D_Memory\[50\]\[10\],10.44
_03697_,10.44
_04591_,10.44
_04754_,10.44
_04762_,10.44
_04776_,10.44
_04782_,10.44
_04813_,10.44
_04954_,10.44
_05028_,10.44
_05085_,10.44
_05089_,10.44
_05101_,10.44
_05107_,10.44
_05124_,10.44
_05621_,10.44
_06461_,10.44
_06480_,10.44
_06576_,10.44
_06672_,10.44
_06687_,10.44
_06745_,10.44
_06821_,10.44
_06826_,10.44
_06897_,10.44
_06987_,10.44
_07032_,10.44
_07089_,10.44
_07146_,10.44
_07245_,10.44
_07270_,10.44
_07289_,10.44
_07449_,10.44
_07494_,10.44
_07666_,10.44
_07697_,10.44
_07745_,10.44
_07807_,10.44
net388,10.44
net607,10.44
net913,10.44
net1077,10.44
net1830,10.44
net2316,10.44
_04880_,10.42
_06070_,10.42
DM_inst.D_Memory\[17\]\[29\],10.4
DM_inst.D_Memory\[33\]\[24\],10.4
_05380_,10.4
_05527_,10.4
_05766_,10.4
_06378_,10.4
_07621_,10.4
net697,10.4
net1161,10.4
net1890,10.4
RF_inst.Registers\[5\]\[31\],10.385
_01198_,10.38
_02817_,10.38
_03026_,10.38
_04158_,10.38
_04368_,10.38
_01297_,10.37
_01700_,10.37
_04863_,10.36
_04892_,10.36
_05946_,10.34
_06370_,10.34
_06483_,10.34
_06957_,10.34
net429,10.34
DM_inst.D_Memory\[19\]\[15\],10.32
DM_inst.D_Memory\[42\]\[23\],10.32
DM_inst.D_Memory\[63\]\[16\],10.32
net131,10.32
_04031_,10.32
_06479_,10.32
_06794_,10.32
_06862_,10.32
net124,10.32
net289,10.32
net756,10.32
net1128,10.32
net1436,10.32
net1805,10.32
net1810,10.32
net2296,10.32
net2381,10.32
_03324_,10.3
_05827_,10.3
_06683_,10.3
_00967_,10.29
_02484_,10.285
_02201_,10.28
_03418_,10.28
_03477_,10.28
_04929_,10.28
_05058_,10.28
_05595_,10.28
_05708_,10.28
_05720_,10.28
_06523_,10.28
_07066_,10.28
_07241_,10.28
net1263,10.28
net2187,10.28
_00903_,10.27
_01296_,10.27
_02333_,10.26
_03460_,10.24
_05912_,10.24
_06029_,10.24
_06031_,10.24
_07311_,10.24
net2021,10.24
_05610_,10.22
net2018,10.22
net2354,10.22
_00645_,10.21
_01388_,10.21
_01770_,10.21
DM_inst.D_Memory\[0\]\[13\],10.2
DM_inst.D_Memory\[27\]\[27\],10.2
_01413_,10.2
_03061_,10.2
_04656_,10.2
_04765_,10.2
_04849_,10.2
_06775_,10.2
_07000_,10.2
_07148_,10.2
_07429_,10.2
_07546_,10.2
net2221,10.2
net2265,10.2
_02127_,10.18
_01682_,10.17
_05116_,10.16
_05840_,10.16
net191,10.16
_04104_,10.14
_05948_,10.14
_06736_,10.14
net217,10.12
_02671_,10.06
net541,10.06
RF_inst.Registers\[5\]\[7\],10.04
_05433_,10.04
net2015,10.04
net1520,10.035
_01186_,10.02
_00491_,10.01
DM_inst.D_Memory\[47\]\[30\],10
_00547_,10
_02687_,10
_03662_,10
_03990_,10
_05213_,10
net2344,10
_01003_,9.99
ALU_out[3],9.98
DM_inst.D_Memory\[17\]\[31\],9.98
DM_inst.D_Memory\[32\]\[5\],9.98
DM_inst.D_Memory\[47\]\[5\],9.98
WriteBack_out[8],9.98
_00951_,9.98
_00997_,9.98
_02315_,9.98
_02544_,9.98
_03613_,9.98
_04698_,9.98
_06418_,9.98
_06516_,9.98
_06585_,9.98
_07374_,9.98
_07640_,9.98
net395,9.98
net787,9.98
net946,9.98
net1192,9.98
net1257,9.98
net1797,9.98
net1853,9.98
net1898,9.98
net1918,9.98
net1965,9.98
net2048,9.98
net2228,9.98
net2398,9.98
_04060_,9.96
_05024_,9.96
_07557_,9.96
DM_inst.D_Memory\[40\]\[1\],9.94
DM_inst.D_Memory\[63\]\[14\],9.94
_02649_,9.94
_04134_,9.94
_06392_,9.94
_06686_,9.94
_07223_,9.94
_07344_,9.94
net1146,9.94
net1695,9.94
net1786,9.94
net2331,9.94
net2385,9.94
RF_inst.Registers\[2\]\[4\],9.92
RF_inst.Registers\[7\]\[24\],9.92
_04083_,9.92
_02251_,9.91
_03747_,9.9
_05236_,9.9
_05906_,9.9
_06734_,9.9
_02832_,9.88
_04613_,9.88
_04691_,9.88
_07743_,9.88
DM_inst.D_Memory\[21\]\[7\],9.86
_02610_,9.86
_05473_,9.86
_05895_,9.86
_06052_,9.86
_06066_,9.86
_06646_,9.86
_07208_,9.86
_07291_,9.86
_07572_,9.86
_07688_,9.86
net419,9.86
net632,9.86
net732,9.86
net802,9.86
net820,9.86
net825,9.86
net1217,9.86
net1543,9.86
net1562,9.86
net1709,9.86
net1716,9.86
net1990,9.86
net2052,9.86
net2406,9.86
_07601_,9.84
_07829_,9.84
net1575,9.84
_02658_,9.825
_03228_,9.825
_03670_,9.825
DM_inst.D_Memory\[7\]\[3\],9.82
_00286_,9.82
_04245_,9.82
_04867_,9.82
_05290_,9.82
_06535_,9.82
_06639_,9.82
_06795_,9.82
_07423_,9.82
_07553_,9.82
_07801_,9.82
_02330_,9.805
RF_inst.Registers\[2\]\[11\],9.8
RF_inst.Registers\[7\]\[28\],9.8
_05587_,9.8
_06058_,9.8
_06400_,9.8
_06679_,9.8
_07730_,9.8
_01286_,9.79
_01391_,9.79
_02076_,9.79
_02809_,9.785
_02612_,9.78
_04577_,9.78
_06039_,9.78
_07431_,9.78
_07593_,9.78
ALU_out[0],9.76
_05336_,9.75
_01637_,9.74
_04600_,9.74
_04999_,9.74
_05543_,9.74
_06712_,9.74
_06804_,9.74
net1527,9.74
RF_inst.Registers\[5\]\[8\],9.72
_06067_,9.72
DM_inst.D_Memory\[0\]\[2\],9.7
_02181_,9.7
_02765_,9.7
net225,9.7
_00375_,9.68
_00781_,9.67
_01076_,9.67
_01389_,9.67
_02534_,9.66
_02853_,9.66
_03256_,9.66
_03765_,9.66
ALU_out[17],9.64
ALU_out[18],9.64
ALU_out[21],9.64
ALU_out[23],9.64
ALU_out[2],9.64
ALU_out[9],9.64
Instr_out[15],9.64
net129,9.64
Instr_out[22],9.64
PC_out[0],9.64
PC_out[10],9.64
PC_out[11],9.64
PC_out[28],9.64
WriteBack_out[18],9.64
WriteBack_out[19],9.64
WriteBack_out[25],9.64
WriteBack_out[4],9.64
WriteBack_out[5],9.64
WriteBack_out[6],9.64
WriteBack_out[7],9.64
_04249_,9.64
net245,9.64
_02208_,9.63
DM_inst.D_Memory\[35\]\[2\],9.62
_03558_,9.62
_04010_,9.62
_04018_,9.62
_04057_,9.62
_04434_,9.62
_05478_,9.62
_06062_,9.62
_01383_,9.6
_04194_,9.6
_02102_,9.59
DM_inst.D_Memory\[22\]\[29\],9.58
DM_inst.D_Memory\[2\]\[8\],9.58
_05842_,9.58
_00062_,9.56
RF_inst.Registers\[2\]\[17\],9.54
_02636_,9.54
_03984_,9.54
_04284_,9.54
_04325_,9.54
_04508_,9.54
DM_inst.D_Memory\[3\]\[2\],9.52
DM_inst.D_Memory\[4\]\[16\],9.52
DM_inst.D_Memory\[56\]\[20\],9.52
DM_inst.D_Memory\[63\]\[21\],9.52
_00534_,9.52
_02379_,9.52
_02762_,9.52
_02830_,9.52
_04690_,9.52
_04774_,9.52
_06531_,9.52
_06662_,9.52
_06969_,9.52
_07408_,9.52
_07521_,9.52
_07737_,9.52
_07794_,9.52
net339,9.52
net345,9.52
net352,9.52
net503,9.52
net619,9.52
net759,9.52
net1026,9.52
net1844,9.52
net1845,9.52
net2326,9.52
net2328,9.52
net2378,9.52
net2390,9.52
_04953_,9.5
_05250_,9.5
_05961_,9.5
_06959_,9.5
_07346_,9.5
_07368_,9.5
RF_inst.Registers\[6\]\[2\],9.48
_02402_,9.48
_02543_,9.48
_03493_,9.48
_03521_,9.48
_05416_,9.48
_05681_,9.48
_06692_,9.48
_07093_,9.48
_07651_,9.48
net2147,9.48
net2347,9.48
_01122_,9.47
DM_inst.D_Memory\[51\]\[9\],9.46
DM_inst.D_Memory\[6\]\[18\],9.46
_01433_,9.46
_02225_,9.46
DM_inst.D_Memory\[29\]\[11\],9.44
RF_inst.Registers\[4\]\[11\],9.44
_02821_,9.44
_02891_,9.44
_03224_,9.44
_04675_,9.44
_04926_,9.44
_05346_,9.44
_07065_,9.42
DM_inst.D_Memory\[53\]\[0\],9.4
DM_inst.D_Memory\[5\]\[27\],9.4
_02923_,9.4
_04011_,9.4
_06435_,9.4
_06583_,9.4
_06647_,9.4
_07088_,9.4
_07102_,9.4
_07121_,9.4
_07318_,9.4
net842,9.4
net859,9.4
net1181,9.4
net1685,9.4
net2319,9.4
_04074_,9.38
DM_inst.D_Memory\[42\]\[18\],9.36
_04236_,9.36
_04589_,9.36
_05102_,9.36
_05658_,9.36
_06694_,9.36
_06933_,9.36
_06974_,9.36
_07012_,9.36
_07021_,9.36
net1071,9.36
net1626,9.36
net1934,9.36
net2068,9.36
net2175,9.36
net2207,9.36
_05001_,9.34
_05447_,9.34
_07041_,9.34
_07668_,9.34
_00026_,9.33
_00958_,9.33
_01645_,9.33
_01756_,9.33
_01935_,9.33
_03785_,9.32
_05528_,9.32
_05562_,9.32
_06000_,9.32
_06033_,9.32
_07506_,9.32
_07654_,9.32
net518,9.32
net160,9.3
net1780,9.3
_01488_,9.29
_04824_,9.28
_04985_,9.28
_06584_,9.28
_06802_,9.28
_06982_,9.28
_07509_,9.28
net236,9.28
net984,9.28
_05332_,9.26
_05480_,9.26
_05784_,9.26
_07157_,9.26
_01878_,9.25
_00647_,9.24
_03219_,9.225
_03351_,9.22
_05856_,9.22
_01950_,9.21
_07551_,9.2
_01460_,9.19
_02072_,9.19
_01002_,9.17
_01509_,9.17
_01690_,9.17
DM_inst.D_Memory\[36\]\[22\],9.16
DM_inst.D_Memory\[38\]\[15\],9.16
_04448_,9.16
_06547_,9.16
_06973_,9.16
net492,9.16
ALU_out[26],9.15
_00529_,9.14
_02318_,9.14
_04009_,9.14
_04529_,9.14
_05396_,9.14
_04615_,9.12
_06395_,9.12
net1404,9.12
_02773_,9.1
_04089_,9.1
_04484_,9.1
_02108_,9.09
_06543_,9.08
net192,9.08
net2371,9.08
_00088_,9.07
_00153_,9.07
_00415_,9.07
DM_inst.D_Memory\[26\]\[29\],9.06
DM_inst.D_Memory\[37\]\[9\],9.06
DM_inst.D_Memory\[43\]\[29\],9.06
_03756_,9.06
_04196_,9.06
_04812_,9.06
_04980_,9.06
_05891_,9.06
_05892_,9.06
_06421_,9.06
_06437_,9.06
_06788_,9.06
_06874_,9.06
_06958_,9.06
_07211_,9.06
_07250_,9.06
_07678_,9.06
net627,9.06
net695,9.06
net1267,9.06
net1590,9.06
net1686,9.06
_02526_,9.04
_05672_,9.04
_05898_,9.04
_06534_,9.04
_06641_,9.04
_07499_,9.04
_00049_,9.03
_01355_,9.03
_02043_,9.03
_02259_,9.03
DM_inst.D_Memory\[0\]\[21\],9.02
DM_inst.D_Memory\[36\]\[26\],9.02
DM_inst.D_Memory\[62\]\[23\],9.02
_02736_,9.02
_03155_,9.02
_04627_,9.02
_04708_,9.02
_04961_,9.02
_05583_,9.02
_06044_,9.02
_06689_,9.02
_06925_,9.02
_07122_,9.02
net376,9.02
net656,9.02
net1969,9.02
net2041,9.02
RF_inst.Registers\[1\]\[20\],9
_02774_,9
_04420_,9
_07051_,9
net1732,9
net1827,9
_00660_,8.99
DM_inst.D_Memory\[46\]\[23\],8.98
_00191_,8.98
_02549_,8.98
_03450_,8.98
_03536_,8.98
_03694_,8.98
_05905_,8.98
net2275,8.98
ALU_out[11],8.96
ALU_out[1],8.96
ALU_out[30],8.96
ALU_out[5],8.96
PC_out[21],8.96
PC_out[27],8.96
PC_out[29],8.96
PC_out[2],8.96
WriteBack_out[16],8.96
_04590_,8.96
_05352_,8.96
_06020_,8.96
_07003_,8.96
_07792_,8.96
net615,8.96
net737,8.96
net1798,8.96
DM_inst.D_Memory\[16\]\[6\],8.94
DM_inst.D_Memory\[17\]\[12\],8.94
DM_inst.D_Memory\[1\]\[6\],8.94
DM_inst.D_Memory\[41\]\[17\],8.94
DM_inst.D_Memory\[46\]\[2\],8.94
DM_inst.D_Memory\[61\]\[15\],8.94
DM_inst.D_Memory\[63\]\[3\],8.94
RF_inst.Registers\[7\]\[6\],8.94
_02632_,8.94
_02976_,8.94
_04568_,8.94
_05030_,8.94
_05465_,8.94
_05505_,8.94
_05655_,8.94
_05787_,8.94
_05801_,8.94
_06375_,8.94
_06438_,8.94
_06779_,8.94
_07154_,8.94
_07723_,8.94
net175,8.94
net540,8.94
net657,8.94
net1194,8.94
net1239,8.94
net1533,8.94
net1677,8.94
net1710,8.94
net1900,8.94
net1944,8.94
net1982,8.94
net2171,8.94
DM_inst.D_Memory\[38\]\[14\],8.92
_00539_,8.92
_02728_,8.92
_05142_,8.92
_07224_,8.92
net501,8.92
net923,8.92
_01303_,8.91
RF_inst.Registers\[4\]\[2\],8.9
_02384_,8.9
_05274_,8.9
_07076_,8.9
_07172_,8.9
net2263,8.9
_00035_,8.89
_00879_,8.89
_06425_,8.88
_06753_,8.88
_07611_,8.88
_01039_,8.87
_01896_,8.87
_00783_,8.86
_04657_,8.86
_04797_,8.86
_05656_,8.86
_06751_,8.86
_07511_,8.86
_07795_,8.86
_06024_,8.85
_01745_,8.84
_01748_,8.84
_03399_,8.84
net387,8.84
net1191,8.84
_05778_,8.835
_00701_,8.83
_01247_,8.83
_03465_,8.825
_03468_,8.825
_04256_,8.82
_04626_,8.82
_06363_,8.82
_07332_,8.82
_07343_,8.82
_07472_,8.82
net2162,8.82
net2169,8.82
_04815_,8.8
_05278_,8.8
_06970_,8.8
_07802_,8.8
_01699_,8.77
_03828_,8.765
_04167_,8.765
_07645_,8.76
_00158_,8.75
_01697_,8.75
_02513_,8.74
net193,8.74
_04272_,8.725
ALU_out[22],8.72
ALU_out[24],8.72
net139,8.72
Instr_out[16],8.72
Instr_out[8],8.72
net141,8.72
net226,8.72
_01099_,8.71
_01486_,8.71
_01960_,8.71
RF_inst.Registers\[5\]\[10\],8.7
RF_inst.Registers\[5\]\[22\],8.7
_03734_,8.7
_03996_,8.7
_04240_,8.7
_04940_,8.7
_05545_,8.7
net385,8.7
net538,8.7
net1169,8.7
net2113,8.7
_02865_,8.685
_04426_,8.685
_02371_,8.68
_03077_,8.68
_04489_,8.68
_06339_,8.68
net858,8.66
net1957,8.66
_02228_,8.64
_03557_,8.64
_04061_,8.64
_04086_,8.64
_04111_,8.64
_05992_,8.64
net1769,8.64
_00571_,8.63
_02033_,8.63
DM_inst.D_Memory\[55\]\[27\],8.62
_00029_,8.62
_00403_,8.62
_03682_,8.62
_03919_,8.62
_03935_,8.62
_04049_,8.62
_04255_,8.62
_04437_,8.62
_04542_,8.62
net2128,8.62
_01752_,8.61
DM_inst.D_Memory\[11\]\[7\],8.6
DM_inst.D_Memory\[11\]\[9\],8.6
DM_inst.D_Memory\[19\]\[22\],8.6
DM_inst.D_Memory\[20\]\[21\],8.6
DM_inst.D_Memory\[21\]\[19\],8.6
DM_inst.D_Memory\[26\]\[24\],8.6
DM_inst.D_Memory\[37\]\[20\],8.6
DM_inst.D_Memory\[40\]\[16\],8.6
DM_inst.D_Memory\[40\]\[27\],8.6
DM_inst.D_Memory\[49\]\[3\],8.6
DM_inst.D_Memory\[50\]\[29\],8.6
DM_inst.D_Memory\[55\]\[16\],8.6
DM_inst.D_Memory\[6\]\[11\],8.6
DM_inst.D_Memory\[7\]\[24\],8.6
DM_inst.D_Memory\[7\]\[2\],8.6
DM_inst.D_Memory\[9\]\[19\],8.6
DM_inst.D_Memory\[9\]\[25\],8.6
_04087_,8.6
_04641_,8.6
_05035_,8.6
_06470_,8.6
_06556_,8.6
_06903_,8.6
_07109_,8.6
_07418_,8.6
net337,8.6
net499,8.6
net590,8.6
net609,8.6
net628,8.6
net663,8.6
net700,8.6
net1023,8.6
net1132,8.6
net1380,8.6
net1486,8.6
net1519,8.6
net1526,8.6
net1570,8.6
net1860,8.6
net1907,8.6
net2013,8.6
_01733_,8.58
_04606_,8.58
_04922_,8.58
_06386_,8.58
_06484_,8.58
_06767_,8.58
_06938_,8.58
net1,8.58
net505,8.58
DM_inst.D_Memory\[10\]\[10\],8.56
DM_inst.D_Memory\[1\]\[11\],8.56
DM_inst.D_Memory\[49\]\[21\],8.56
_03133_,8.56
_05115_,8.56
_05424_,8.56
_05533_,8.56
_05802_,8.56
_05855_,8.56
_06715_,8.56
_07463_,8.56
net648,8.56
net692,8.56
net952,8.56
net1187,8.56
net1336,8.56
net1356,8.56
net1458,8.56
net2019,8.56
_00139_,8.55
_00209_,8.55
_00264_,8.55
_01068_,8.55
_01766_,8.55
_02062_,8.55
_00076_,8.53
_05894_,8.52
_02389_,8.5
_04949_,8.5
_05122_,8.5
_05255_,8.5
_07427_,8.5
_07629_,8.5
net122,8.5
_00819_,8.49
DM_inst.D_Memory\[23\]\[4\],8.48
_00450_,8.48
_02595_,8.48
_03000_,8.48
_03341_,8.48
_03592_,8.48
_04007_,8.48
_04151_,8.48
_04211_,8.48
_04326_,8.48
_04945_,8.48
_04963_,8.48
_05399_,8.48
_05873_,8.48
_06013_,8.48
_06915_,8.48
_07433_,8.48
net166,8.48
net231,8.48
net405,8.48
net604,8.48
net789,8.48
net866,8.48
net1104,8.48
net1186,8.48
net1199,8.48
net1430,8.48
net1669,8.48
net1678,8.48
net1826,8.48
net2096,8.48
net2343,8.48
DM_inst.D_Memory\[35\]\[22\],8.46
_00707_,8.46
_02739_,8.46
_04015_,8.46
_04806_,8.46
_06061_,8.46
_06622_,8.46
_06626_,8.46
_06633_,8.46
_06952_,8.46
_07265_,8.46
_07623_,8.46
_07663_,8.46
_04478_,8.445
RF_inst.Registers\[2\]\[7\],8.44
_04850_,8.44
_05471_,8.44
_05896_,8.44
_06034_,8.44
_06912_,8.44
_07100_,8.44
_07227_,8.44
_07420_,8.44
net1427,8.44
net2189,8.44
net2352,8.44
_01104_,8.43
_01123_,8.43
_03588_,8.42
_07316_,8.42
_01333_,8.41
_01808_,8.41
_00594_,8.4
_05295_,8.4
_05476_,8.4
_05609_,8.4
_06909_,8.4
_01069_,8.37
_01779_,8.37
_03254_,8.365
DM_inst.D_Memory\[18\]\[28\],8.36
RF_inst.Registers\[5\]\[19\],8.36
_05409_,8.36
_06041_,8.36
_06609_,8.36
_07583_,8.36
_07742_,8.36
_07798_,8.36
net350,8.36
net1343,8.36
net1648,8.36
net1800,8.36
_05588_,8.34
_06570_,8.34
net1964,8.34
_01191_,8.33
_01273_,8.33
_01922_,8.33
DM_inst.D_Memory\[0\]\[19\],8.32
RF_inst.Registers\[2\]\[1\],8.32
_01582_,8.32
_02404_,8.32
_04278_,8.32
_06023_,8.32
_06043_,8.32
_02474_,8.305
_04474_,8.305
_00330_,8.29
_00573_,8.29
_01746_,8.29
_00198_,8.28
_00339_,8.28
_01465_,8.28
net293,8.28
net2310,8.28
_03029_,8.26
_03630_,8.26
_03759_,8.26
_03809_,8.26
_04073_,8.26
net188,8.26
_01249_,8.25
DM_inst.D_Memory\[0\]\[7\],8.24
DM_inst.D_Memory\[6\]\[27\],8.24
RF_inst.Registers\[5\]\[28\],8.24
_03748_,8.24
_04554_,8.24
_04836_,8.24
_05800_,8.24
_00592_,8.22
_03845_,8.22
_03847_,8.22
_04145_,8.22
_04499_,8.22
_05843_,8.22
DM_inst.D_Memory\[1\]\[14\],8.2
_00998_,8.2
_05669_,8.2
_01240_,8.19
_02057_,8.19
_00557_,8.18
_02303_,8.18
_05731_,8.18
_01114_,8.17
_01772_,8.17
_02366_,8.16
_02445_,8.16
_02776_,8.16
_02795_,8.16
_02884_,8.16
_03420_,8.16
_03503_,8.16
_03742_,8.16
_03977_,8.16
_03982_,8.16
_04118_,8.16
_04127_,8.16
_04307_,8.16
_04494_,8.16
net281,8.16
net320,8.16
net428,8.16
net498,8.16
net1560,8.16
net2063,8.16
net2073,8.16
_00131_,8.15
_01836_,8.15
_01962_,8.15
DM_inst.D_Memory\[17\]\[13\],8.14
_02091_,8.14
_02868_,8.14
_02922_,8.14
_03456_,8.14
_03794_,8.14
_04216_,8.14
_04465_,8.14
_04709_,8.14
_05019_,8.14
_05068_,8.14
_05820_,8.14
_05853_,8.14
_05864_,8.14
_05907_,8.14
_06685_,8.14
_06723_,8.14
_06861_,8.14
_06945_,8.14
_07016_,8.14
_07173_,8.14
_07214_,8.14
_07731_,8.14
_07752_,8.14
_07823_,8.14
net294,8.14
net440,8.14
net516,8.14
net544,8.14
net872,8.14
net1201,8.14
net1347,8.14
net1774,8.14
net1814,8.14
net1979,8.14
net2090,8.14
net2145,8.14
_00114_,8.13
DM_inst.D_Memory\[20\]\[30\],8.12
_02507_,8.12
_03279_,8.12
_03370_,8.12
_04816_,8.12
_04958_,8.12
_04994_,8.12
_05353_,8.12
_06541_,8.12
_06670_,8.12
_06793_,8.12
_06807_,8.12
_06941_,8.12
_06953_,8.12
_07422_,8.12
_07595_,8.12
_07606_,8.12
_07753_,8.12
_00305_,8.11
_02184_,8.11
DM_inst.D_Memory\[1\]\[19\],8.1
DM_inst.D_Memory\[29\]\[30\],8.1
DM_inst.D_Memory\[55\]\[17\],8.1
DM_inst.D_Memory\[59\]\[31\],8.1
DM_inst.D_Memory\[6\]\[1\],8.1
_02763_,8.1
_02906_,8.1
_03091_,8.1
_03591_,8.1
_04120_,8.1
_05745_,8.1
_05890_,8.1
_05950_,8.1
_06499_,8.1
_06504_,8.1
_06620_,8.1
_07247_,8.1
_07443_,8.1
_01760_,8.09
_01730_,8.08
_03344_,8.08
_03857_,8.08
_05573_,8.08
_01807_,8.06
_02828_,8.06
_07251_,8.06
ALU_out[13],8.04
ALU_out[29],8.04
Instr_out[21],8.04
Instr_out[30],8.04
PC_out[16],8.04
PC_out[24],8.04
PC_out[30],8.04
WriteBack_out[21],8.04
WriteBack_out[24],8.04
WriteBack_out[29],8.04
WriteBack_out[2],8.04
_05011_,8.04
_05377_,8.04
_05519_,8.04
_07260_,8.04
net182,8.04
_02962_,8.02
_03147_,8.02
_03326_,8.02
_03386_,8.02
_04610_,8.02
_04730_,8.02
_04735_,8.02
_05231_,8.02
_05680_,8.02
_06345_,8.02
_06616_,8.02
_06964_,8.02
_07228_,8.02
_07385_,8.02
_07392_,8.02
_07642_,8.02
_07800_,8.02
net171,8.02
net265,8.02
net270,8.02
net317,8.02
net377,8.02
net394,8.02
net406,8.02
net468,8.02
net513,8.02
net521,8.02
net564,8.02
net643,8.02
net669,8.02
net690,8.02
net728,8.02
net731,8.02
net888,8.02
net918,8.02
net928,8.02
net1053,8.02
net1096,8.02
net1099,8.02
net1113,8.02
net1311,8.02
net1360,8.02
net1395,8.02
net1552,8.02
net1580,8.02
net1765,8.02
net1790,8.02
net1975,8.02
net2030,8.02
net2108,8.02
net2251,8.02
net2272,8.02
net2287,8.02
net2323,8.02
DM_inst.D_Memory\[52\]\[5\],8
_03101_,8
_03439_,8
_04548_,8
_04751_,8
_04935_,8
_04976_,8
_05073_,8
_05596_,8
_06548_,8
net284,8
_02471_,7.985
RF_inst.Registers\[5\]\[25\],7.98
_00486_,7.98
_01070_,7.98
_02301_,7.98
_03097_,7.98
_03648_,7.98
_04172_,7.98
_06068_,7.98
_06403_,7.98
_06951_,7.98
_07456_,7.98
_07775_,7.98
net176,7.98
net2309,7.98
_06765_,7.96
_00157_,7.95
_00232_,7.95
_00752_,7.95
_00966_,7.95
DM_inst.D_Memory\[40\]\[22\],7.94
_00857_,7.94
_01643_,7.94
_03594_,7.94
_04983_,7.94
_05846_,7.94
net2268,7.94
_04593_,7.92
_07510_,7.92
net826,7.92
_00335_,7.91
_00385_,7.91
_00492_,7.91
_01110_,7.91
_02188_,7.91
_01759_,7.9
_04695_,7.9
_04872_,7.9
_05096_,7.9
_05275_,7.9
_05719_,7.9
_05775_,7.9
_07778_,7.9
net586,7.9
net2043,7.9
net2097,7.9
_03973_,7.885
_05737_,7.88
_01262_,7.87
_03964_,7.865
_04395_,7.865
_02124_,7.86
_02847_,7.86
_05540_,7.86
_05709_,7.86
_01710_,7.85
_04292_,7.845
_05663_,7.84
_00656_,7.83
_00794_,7.83
_01528_,7.83
_02055_,7.83
_00854_,7.82
_01014_,7.82
_01059_,7.82
_01466_,7.82
_01834_,7.82
net187,7.82
net983,7.82
net1939,7.82
net2273,7.82
DM_inst.D_Memory\[52\]\[10\],7.8
_02780_,7.8
_03421_,7.8
_03949_,7.8
_05022_,7.8
net190,7.8
net2277,7.8
_00363_,7.79
_00397_,7.79
_00476_,7.79
_00510_,7.79
_00744_,7.79
_00902_,7.79
_01317_,7.79
_01719_,7.79
DM_inst.D_Memory\[53\]\[16\],7.78
DM_inst.D_Memory\[56\]\[31\],7.78
DM_inst.D_Memory\[59\]\[0\],7.78
_02533_,7.78
_03635_,7.78
_03709_,7.78
_05070_,7.78
_05870_,7.78
_06505_,7.78
_06810_,7.78
_07098_,7.78
_07445_,7.78
_07537_,7.78
_07644_,7.78
_07749_,7.78
net232,7.78
_01107_,7.77
_02802_,7.76
_02870_,7.76
_03132_,7.76
_03170_,7.76
_03194_,7.76
_03376_,7.76
_03486_,7.76
_03918_,7.76
_04185_,7.76
_04188_,7.76
_04319_,7.76
_04378_,7.76
_04436_,7.76
_00521_,7.75
_00619_,7.75
_00721_,7.75
_01600_,7.75
_01641_,7.75
_01666_,7.75
_01924_,7.75
_01941_,7.75
_01981_,7.75
DM_inst.D_Memory\[29\]\[18\],7.74
DM_inst.D_Memory\[46\]\[21\],7.74
DM_inst.D_Memory\[59\]\[13\],7.74
_05460_,7.74
net378,7.74
_01688_,7.73
_01805_,7.73
_00349_,7.72
_02010_,7.72
_03657_,7.72
_04569_,7.72
_02757_,7.7
_05563_,7.7
_05785_,7.7
_05869_,7.7
net254,7.7
net261,7.7
net454,7.7
net642,7.7
net679,7.7
net1689,7.7
net2065,7.7
net2156,7.7
net2321,7.7
net2351,7.7
net2401,7.7
net2408,7.7
_00156_,7.69
_00577_,7.69
DM_inst.D_Memory\[19\]\[24\],7.68
DM_inst.D_Memory\[27\]\[25\],7.68
DM_inst.D_Memory\[31\]\[11\],7.68
DM_inst.D_Memory\[33\]\[18\],7.68
DM_inst.D_Memory\[55\]\[22\],7.68
DM_inst.D_Memory\[7\]\[17\],7.68
RF_inst.Registers\[6\]\[31\],7.68
_02580_,7.68
_02669_,7.68
_02908_,7.68
_02912_,7.68
_03221_,7.68
_03312_,7.68
_03598_,7.68
_03722_,7.68
_04000_,7.68
_04199_,7.68
_04362_,7.68
_04451_,7.68
_04620_,7.68
_05761_,7.68
_06415_,7.68
_06713_,7.68
_06721_,7.68
_06740_,7.68
_06910_,7.68
_07204_,7.68
_07564_,7.68
_07600_,7.68
_07625_,7.68
_07631_,7.68
net216,7.68
net222,7.68
net278,7.68
net316,7.68
net318,7.68
net354,7.68
net368,7.68
net383,7.68
net399,7.68
net404,7.68
net417,7.68
net451,7.68
net479,7.68
net517,7.68
net552,7.68
net560,7.68
net582,7.68
net638,7.68
net676,7.68
net730,7.68
net738,7.68
net739,7.68
net745,7.68
net764,7.68
net794,7.68
net799,7.68
net853,7.68
net884,7.68
net885,7.68
net900,7.68
net914,7.68
net991,7.68
net1042,7.68
net1085,7.68
net1140,7.68
net1213,7.68
net1215,7.68
net1253,7.68
net1270,7.68
net1276,7.68
net1302,7.68
net1357,7.68
net1424,7.68
net1554,7.68
net1563,7.68
net1749,7.68
net1763,7.68
net1840,7.68
net1870,7.68
net1873,7.68
net1937,7.68
net1943,7.68
net1992,7.68
net2083,7.68
net2194,7.68
net2329,7.68
net2333,7.68
_02369_,7.66
_03405_,7.66
_03862_,7.66
_04649_,7.66
_04676_,7.66
_04731_,7.66
_04785_,7.66
_04837_,7.66
_04902_,7.66
_05026_,7.66
_05988_,7.66
_06422_,7.66
_06454_,7.66
_06574_,7.66
_06658_,7.66
_06678_,7.66
_06699_,7.66
_06769_,7.66
_06789_,7.66
_06901_,7.66
_07070_,7.66
_07080_,7.66
_07124_,7.66
_07156_,7.66
_07395_,7.66
_07446_,7.66
_07451_,7.66
_07483_,7.66
_07501_,7.66
_07746_,7.66
_07759_,7.66
_07784_,7.66
_01326_,7.65
_01511_,7.65
_01995_,7.65
_02858_,7.64
_03047_,7.64
_03443_,7.64
_03509_,7.64
_03517_,7.64
_03544_,7.64
_04152_,7.64
_04399_,7.64
_04625_,7.64
_05844_,7.64
_07417_,7.64
_07430_,7.64
net1617,7.64
net2225,7.64
net2257,7.64
DM_inst.D_Memory\[11\]\[26\],7.62
_03143_,7.62
net1647,7.62
_01125_,7.61
DM_inst.D_Memory\[54\]\[10\],7.6
_00464_,7.6
_00505_,7.6
_00549_,7.6
_00639_,7.6
_02133_,7.6
_05162_,7.6
_05503_,7.6
_06428_,7.6
_00704_,7.59
_00747_,7.59
_01479_,7.59
_04619_,7.58
_04648_,7.58
_06806_,7.58
_06850_,7.58
_07215_,7.58
net1059,7.58
net1902,7.58
net1991,7.58
net2032,7.58
DM_inst.D_Memory\[16\]\[29\],7.56
RF_inst.Registers\[5\]\[26\],7.56
_00319_,7.56
_00864_,7.56
_02324_,7.56
_02353_,7.56
_02453_,7.56
_02665_,7.56
_02887_,7.56
_02900_,7.56
_02983_,7.56
_03445_,7.56
_03628_,7.56
_04584_,7.56
_04891_,7.56
_05674_,7.56
_05952_,7.56
_06399_,7.56
_06533_,7.56
_06719_,7.56
_07292_,7.56
_07356_,7.56
_07610_,7.56
_07650_,7.56
_07715_,7.56
net330,7.56
net441,7.56
net528,7.56
net530,7.56
net736,7.56
net758,7.56
net1135,7.56
net1189,7.56
net1420,7.56
net1508,7.56
net1540,7.56
net1542,7.56
net1784,7.56
net1863,7.56
net2020,7.56
net2023,7.56
net2267,7.56
_02275_,7.54
_05565_,7.54
_02381_,7.525
_02848_,7.525
_03480_,7.525
RF_inst.Registers\[7\]\[3\],7.52
_02994_,7.52
_04268_,7.52
_04697_,7.52
_05601_,7.52
_05955_,7.52
_06433_,7.52
_06579_,7.52
_06724_,7.52
_07659_,7.52
_07696_,7.52
net935,7.52
net1238,7.52
net1913,7.52
net2047,7.52
_01423_,7.51
RF_inst.Registers\[4\]\[12\],7.5
_04921_,7.5
_06926_,7.5
_07612_,7.5
_00259_,7.49
_00914_,7.49
_01476_,7.49
_04340_,7.485
_00061_,7.48
_00617_,7.48
_00731_,7.48
_03225_,7.48
_05944_,7.48
_07006_,7.48
net174,7.46
net196,7.46
net565,7.46
_00018_,7.45
_00552_,7.45
_00853_,7.45
DM_inst.D_Memory\[12\]\[11\],7.44
DM_inst.D_Memory\[32\]\[13\],7.44
_01019_,7.44
_01607_,7.44
_01615_,7.44
_01816_,7.44
_02523_,7.44
_02916_,7.44
_04012_,7.44
_04581_,7.44
_04667_,7.44
_04778_,7.44
_04924_,7.44
_04931_,7.44
_05008_,7.44
_05302_,7.44
_05585_,7.44
_06569_,7.44
_06681_,7.44
_06781_,7.44
_06976_,7.44
_07505_,7.44
_07683_,7.44
_07758_,7.44
net315,7.44
net912,7.44
DM_inst.D_Memory\[4\]\[0\],7.42
DM_inst.D_Memory\[31\]\[18\],7.4
RF_inst.Registers\[2\]\[18\],7.4
_00865_,7.4
_02385_,7.4
_02874_,7.4
_03485_,7.4
_03926_,7.4
_04287_,7.4
_05379_,7.4
_01487_,7.37
_04033_,7.365
_04090_,7.365
DM_inst.D_Memory\[0\]\[17\],7.36
_05670_,7.36
_06012_,7.36
net507,7.36
net673,7.36
net2045,7.36
net2084,7.36
_00471_,7.35
_03053_,7.34
_03327_,7.34
_03574_,7.34
_03599_,7.34
_04253_,7.34
_00101_,7.33
_00604_,7.33
_01174_,7.33
_01199_,7.33
_01741_,7.33
_05718_,7.33
DM_inst.D_Memory\[12\]\[5\],7.32
DM_inst.D_Memory\[20\]\[7\],7.32
DM_inst.D_Memory\[30\]\[27\],7.32
_01568_,7.32
_02515_,7.32
_02587_,7.32
_03643_,7.32
_04312_,7.32
_04410_,7.32
_05040_,7.32
_05370_,7.32
_05386_,7.32
_05419_,7.32
_06551_,7.32
_06762_,7.32
_06827_,7.32
_06988_,7.32
_07264_,7.32
net447,7.32
net1588,7.32
net1762,7.32
_00584_,7.3
_02934_,7.3
_03232_,7.3
_00045_,7.29
_00826_,7.29
_01731_,7.29
_01958_,7.29
_00272_,7.27
_01265_,7.27
_01539_,7.27
_01862_,7.27
_02021_,7.27
_00392_,7.26
_00821_,7.26
_01041_,7.26
_01065_,7.26
_01351_,7.26
_01443_,7.26
_02744_,7.26
_04495_,7.26
_02156_,7.25
_05220_,7.24
net364,7.24
net744,7.24
net755,7.24
net821,7.24
net1073,7.24
net1847,7.24
net2332,7.24
net2372,7.24
net2393,7.24
DM_inst.D_Memory\[2\]\[14\],7.22
DM_inst.D_Memory\[30\]\[10\],7.22
DM_inst.D_Memory\[39\]\[1\],7.22
DM_inst.D_Memory\[4\]\[11\],7.22
RF_inst.Registers\[5\]\[24\],7.22
_03190_,7.22
_03223_,7.22
_03245_,7.22
_03401_,7.22
_03663_,7.22
_03719_,7.22
_03736_,7.22
_04219_,7.22
_04672_,7.22
_04901_,7.22
_04927_,7.22
_04990_,7.22
_05423_,7.22
_05729_,7.22
_05962_,7.22
_07095_,7.22
_07183_,7.22
_07220_,7.22
_07384_,7.22
_07771_,7.22
net249,7.22
net310,7.22
net312,7.22
net525,7.22
net526,7.22
net533,7.22
net536,7.22
net653,7.22
net775,7.22
net797,7.22
net969,7.22
net1011,7.22
net1082,7.22
net1119,7.22
net1130,7.22
net1170,7.22
net1216,7.22
net1224,7.22
net1344,7.22
net1366,7.22
net1411,7.22
net1594,7.22
net1637,7.22
net1715,7.22
net1725,7.22
net1836,7.22
net1874,7.22
net1945,7.22
net2235,7.22
net2350,7.22
_00667_,7.21
DM_inst.D_Memory\[31\]\[8\],7.2
RF_inst.Registers\[5\]\[11\],7.2
_02948_,7.2
_03744_,7.2
_04767_,7.2
_06642_,7.2
_06667_,7.2
_07513_,7.2
_07761_,7.2
_01432_,7.19
_01837_,7.19
_01940_,7.19
DM_inst.D_Memory\[2\]\[2\],7.18
DM_inst.D_Memory\[49\]\[20\],7.18
DM_inst.D_Memory\[55\]\[12\],7.18
DM_inst.D_Memory\[61\]\[10\],7.18
DM_inst.D_Memory\[61\]\[5\],7.18
RF_inst.Registers\[5\]\[5\],7.18
_01008_,7.18
_02540_,7.18
_03108_,7.18
_03461_,7.18
_03611_,7.18
_03968_,7.18
_04036_,7.18
_04088_,7.18
_04286_,7.18
_04598_,7.18
_04629_,7.18
_04858_,7.18
_04919_,7.18
_06648_,7.18
_06811_,7.18
_06962_,7.18
_06966_,7.18
_07108_,7.18
_07218_,7.18
_07705_,7.18
net926,7.18
net1322,7.18
net1429,7.18
net2074,7.18
_00025_,7.17
_01650_,7.17
_02276_,7.17
net285,7.16
net557,7.16
DM_inst.D_Memory\[15\]\[31\],7.14
DM_inst.D_Memory\[35\]\[24\],7.14
DM_inst.D_Memory\[45\]\[28\],7.14
DM_inst.D_Memory\[56\]\[19\],7.14
DM_inst.D_Memory\[61\]\[31\],7.14
_01136_,7.14
_04805_,7.12
_04873_,7.12
_05045_,7.12
_05166_,7.12
_05387_,7.12
_06427_,7.12
_06447_,7.12
_06939_,7.12
_07020_,7.12
_07136_,7.12
_07152_,7.12
_07262_,7.12
_07364_,7.12
_07394_,7.12
_07712_,7.12
_07819_,7.12
net346,7.12
net598,7.12
net685,7.12
net822,7.12
net942,7.12
net1134,7.12
net1600,7.12
net1885,7.12
net1955,7.12
net2044,7.12
net2131,7.12
_00470_,7.11
_01616_,7.11
DM_inst.D_Memory\[20\]\[20\],7.1
DM_inst.D_Memory\[61\]\[7\],7.1
_01631_,7.1
_02479_,7.1
_03255_,7.1
_03492_,7.1
_03762_,7.1
_03922_,7.1
_04622_,7.1
_04745_,7.1
_04763_,7.1
_04946_,7.1
_04982_,7.1
_05072_,7.1
_05099_,7.1
_05222_,7.1
_05881_,7.1
_06408_,7.1
_06682_,7.1
_06684_,7.1
_06748_,7.1
_06770_,7.1
_06776_,7.1
_06780_,7.1
_06852_,7.1
_06927_,7.1
_06977_,7.1
_07011_,7.1
_07023_,7.1
_07061_,7.1
_07073_,7.1
_07085_,7.1
_07144_,7.1
_07170_,7.1
_07231_,7.1
_07249_,7.1
_07301_,7.1
_07353_,7.1
_07355_,7.1
_07428_,7.1
_07457_,7.1
_07484_,7.1
_07680_,7.1
_07732_,7.1
_07790_,7.1
net181,7.1
net259,7.1
net288,7.1
net696,7.1
net714,7.1
net800,7.1
net904,7.1
net978,7.1
net1348,7.1
net1352,7.1
net2050,7.1
net2061,7.1
net2300,7.1
net2411,7.1
DM_inst.D_Memory\[48\]\[30\],7.08
_02811_,7.08
_06808_,7.08
_03192_,7.065
_03267_,7.065
_03299_,7.065
_04170_,7.065
DM_inst.D_Memory\[0\]\[28\],7.06
_02706_,7.06
_03118_,7.06
_03230_,7.06
_03766_,7.06
_04834_,7.06
_05031_,7.06
_05430_,7.06
_05523_,7.06
_05631_,7.06
_05725_,7.06
_05938_,7.06
_06457_,7.06
_06725_,7.06
_07277_,7.06
_07461_,7.06
net214,7.06
net467,7.06
net852,7.06
net1118,7.06
net1364,7.06
net1471,7.06
net1809,7.06
net1901,7.06
net2076,7.06
net2092,7.06
_01821_,7.05
_07525_,7.04
_00043_,7.03
_00407_,7.03
_00504_,7.03
_00751_,7.03
_00757_,7.03
_00825_,7.03
_00883_,7.03
_00933_,7.03
_01160_,7.03
_01245_,7.03
_01404_,7.03
_01997_,7.03
_02460_,7
net206,7
net229,7
net2283,7
net2289,7
net2312,7
_00210_,6.99
_00686_,6.99
_01761_,6.99
_01826_,6.99
_02122_,6.99
_02233_,6.99
RF_inst.Registers\[5\]\[6\],6.985
_03128_,6.985
DM_inst.D_Memory\[0\]\[8\],6.98
_00003_,6.98
_00219_,6.98
_00576_,6.98
_01325_,6.98
_01435_,6.98
_01525_,6.98
_03302_,6.98
_03586_,6.98
_04702_,6.98
_04752_,6.98
_04851_,6.98
_05257_,6.98
_05859_,6.98
_06605_,6.98
_07275_,6.98
_07383_,6.98
_07628_,6.98
_07639_,6.98
net235,6.98
net246,6.98
net2195,6.98
_00452_,6.96
_00926_,6.96
_01179_,6.96
_03899_,6.96
_05178_,6.96
_06822_,6.96
net1375,6.96
_00211_,6.94
_00433_,6.94
_03067_,6.94
_03272_,6.94
_03619_,6.94
_04179_,6.94
_05422_,6.92
_01006_,6.91
_01257_,6.91
_01570_,6.91
net641,6.9
net1102,6.9
net2288,6.9
net127,6.89
_00430_,6.88
_00895_,6.88
_02573_,6.88
_02718_,6.88
_02750_,6.88
_02921_,6.88
_03082_,6.88
_03247_,6.88
_03373_,6.88
_03431_,6.88
_03580_,6.88
_03726_,6.88
_03741_,6.88
_04223_,6.88
DM_inst.D_Memory\[1\]\[0\],6.86
DM_inst.D_Memory\[26\]\[28\],6.86
DM_inst.D_Memory\[44\]\[28\],6.86
DM_inst.D_Memory\[54\]\[22\],6.86
DM_inst.D_Memory\[7\]\[4\],6.86
RF_inst.Registers\[5\]\[23\],6.86
_01919_,6.86
_03471_,6.86
_03498_,6.86
_04321_,6.86
net962,6.86
net1307,6.86
net1582,6.86
net2132,6.86
net2403,6.86
_03688_,6.84
_03846_,6.84
_04094_,6.84
net2370,6.84
_02092_,6.83
DM_inst.D_Memory\[11\]\[29\],6.82
DM_inst.D_Memory\[47\]\[19\],6.82
_00970_,6.82
_05732_,6.82
_00776_,6.81
_01409_,6.81
_00284_,6.8
_00495_,6.8
_00715_,6.8
_01172_,6.8
_01215_,6.8
_02459_,6.8
_02473_,6.8
_03905_,6.8
RF_inst.Registers\[2\]\[20\],6.78
_05823_,6.78
net177,6.78
net314,6.78
net448,6.78
net495,6.78
net554,6.78
net575,6.78
net726,6.78
net735,6.78
net837,6.78
net871,6.78
net882,6.78
net1044,6.78
net1182,6.78
net1228,6.78
net1285,6.78
net1353,6.78
net1354,6.78
net1457,6.78
net1475,6.78
net1603,6.78
net1607,6.78
net1667,6.78
net1744,6.78
net1766,6.78
net1794,6.78
net2174,6.78
net2184,6.78
net2244,6.78
net2258,6.78
_00725_,6.77
_01203_,6.77
_01656_,6.77
_02067_,6.77
_03881_,6.765
DM_inst.D_Memory\[19\]\[11\],6.76
DM_inst.D_Memory\[19\]\[13\],6.76
DM_inst.D_Memory\[21\]\[4\],6.76
DM_inst.D_Memory\[33\]\[23\],6.76
DM_inst.D_Memory\[34\]\[12\],6.76
DM_inst.D_Memory\[46\]\[24\],6.76
DM_inst.D_Memory\[57\]\[8\],6.76
RF_inst.Registers\[2\]\[14\],6.76
RF_inst.Registers\[4\]\[25\],6.76
_02529_,6.76
_02639_,6.76
_02642_,6.76
_02785_,6.76
_02789_,6.76
_03004_,6.76
_03022_,6.76
_03045_,6.76
_03865_,6.76
_03909_,6.76
_03938_,6.76
_03957_,6.76
_03989_,6.76
_04084_,6.76
_04105_,6.76
_04106_,6.76
_04173_,6.76
_04634_,6.76
_04652_,6.76
_04833_,6.76
_05034_,6.76
_05062_,6.76
_05316_,6.76
_05700_,6.76
_05707_,6.76
_05871_,6.76
_05968_,6.76
_06455_,6.76
_06564_,6.76
_06630_,6.76
_06638_,6.76
_06919_,6.76
_06993_,6.76
_07063_,6.76
_07119_,6.76
_07132_,6.76
_07160_,6.76
_07512_,6.76
_07538_,6.76
_07544_,6.76
_07591_,6.76
net241,6.76
net367,6.76
net462,6.76
net488,6.76
net580,6.76
net630,6.76
net712,6.76
net855,6.76
net932,6.76
net955,6.76
net958,6.76
net975,6.76
net986,6.76
net992,6.76
net1031,6.76
net1052,6.76
net1177,6.76
net1288,6.76
net1321,6.76
net1333,6.76
net1368,6.76
net1394,6.76
net1408,6.76
net1655,6.76
net1741,6.76
net1919,6.76
net2356,6.76
net2373,6.76
DM_inst.D_Memory\[37\]\[29\],6.74
DM_inst.D_Memory\[45\]\[16\],6.74
DM_inst.D_Memory\[48\]\[10\],6.74
DM_inst.D_Memory\[58\]\[15\],6.74
_02722_,6.74
_03836_,6.74
_04102_,6.74
_04637_,6.74
_06624_,6.74
_06879_,6.74
DM_inst.D_Memory\[17\]\[27\],6.72
DM_inst.D_Memory\[22\]\[31\],6.72
DM_inst.D_Memory\[25\]\[0\],6.72
DM_inst.D_Memory\[29\]\[8\],6.72
DM_inst.D_Memory\[38\]\[11\],6.72
DM_inst.D_Memory\[44\]\[31\],6.72
DM_inst.D_Memory\[48\]\[19\],6.72
DM_inst.D_Memory\[57\]\[1\],6.72
DM_inst.D_Memory\[63\]\[19\],6.72
RF_inst.Registers\[6\]\[23\],6.72
_00239_,6.72
_02110_,6.72
_02625_,6.72
_02638_,6.72
_02694_,6.72
_02751_,6.72
_02778_,6.72
_02810_,6.72
_02927_,6.72
_02931_,6.72
_03012_,6.72
_03068_,6.72
_03109_,6.72
_03296_,6.72
_03381_,6.72
_03566_,6.72
_03572_,6.72
_03595_,6.72
_03746_,6.72
_03802_,6.72
_03820_,6.72
_03853_,6.72
_04224_,6.72
_04250_,6.72
_04317_,6.72
_04366_,6.72
_04380_,6.72
_04418_,6.72
_04556_,6.72
_04678_,6.72
_05313_,6.72
_05646_,6.72
_05850_,6.72
_06423_,6.72
_06485_,6.72
_06586_,6.72
_06634_,6.72
_07198_,6.72
_07281_,6.72
_07636_,6.72
_07842_,6.72
net773,6.72
net1923,6.72
net2099,6.72
_00253_,6.71
_00256_,6.71
_00638_,6.71
_01693_,6.71
_01708_,6.71
_01804_,6.71
_01952_,6.71
_02000_,6.71
DM_inst.D_Memory\[0\]\[23\],6.7
DM_inst.D_Memory\[31\]\[15\],6.7
DM_inst.D_Memory\[3\]\[31\],6.7
DM_inst.D_Memory\[56\]\[0\],6.7
_01883_,6.69
DM_inst.D_Memory\[48\]\[16\],6.66
_03126_,6.66
_03173_,6.66
_04716_,6.66
_04718_,6.66
_04729_,6.66
_04995_,6.66
_06411_,6.66
_06472_,6.66
_06486_,6.66
_06552_,6.66
_07062_,6.66
_07081_,6.66
_07096_,6.66
_07110_,6.66
_07616_,6.66
_07727_,6.66
net178,6.66
net637,6.66
net652,6.66
net1038,6.66
net1504,6.66
net1696,6.66
net1791,6.66
net2238,6.66
_01422_,6.65
DM_inst.D_Memory\[13\]\[18\],6.64
DM_inst.D_Memory\[23\]\[31\],6.64
DM_inst.D_Memory\[8\]\[5\],6.64
_00787_,6.64
_02829_,6.64
_02837_,6.64
_02880_,6.64
_03123_,6.64
_03193_,6.64
_03427_,6.64
_03462_,6.64
_03508_,6.64
_03563_,6.64
_03702_,6.64
_03783_,6.64
_03979_,6.64
_04221_,6.64
_04511_,6.64
_04528_,6.64
_04596_,6.64
_04616_,6.64
_04628_,6.64
_04645_,6.64
_04925_,6.64
_05005_,6.64
_05029_,6.64
_05207_,6.64
_05539_,6.64
_05740_,6.64
_06394_,6.64
_06458_,6.64
_06540_,6.64
_06654_,6.64
_06680_,6.64
_06693_,6.64
_06696_,6.64
_06747_,6.64
_06749_,6.64
_06848_,6.64
_06859_,6.64
_06870_,6.64
_06929_,6.64
_06936_,6.64
_06937_,6.64
_06949_,6.64
_07049_,6.64
_07060_,6.64
_07161_,6.64
_07191_,6.64
_07238_,6.64
_07257_,6.64
_07300_,6.64
_07345_,6.64
_07382_,6.64
_07387_,6.64
_07412_,6.64
_07413_,6.64
_07424_,6.64
_07444_,6.64
_07468_,6.64
_07489_,6.64
_07534_,6.64
_07567_,6.64
_07605_,6.64
_07702_,6.64
_07720_,6.64
_07787_,6.64
_07797_,6.64
_07814_,6.64
_07838_,6.64
net202,6.64
net242,6.64
net325,6.64
net347,6.64
net390,6.64
net425,6.64
net640,6.64
net751,6.64
net937,6.64
net947,6.64
net1095,6.64
net1381,6.64
net1549,6.64
net1700,6.64
net1706,6.64
net1877,6.64
net2008,6.64
net2137,6.64
net2178,6.64
net2216,6.64
DM_inst.D_Memory\[13\]\[4\],6.62
_01236_,6.62
_05291_,6.62
_05623_,6.62
_03313_,6.605
_03314_,6.605
_03331_,6.605
_03934_,6.605
_04258_,6.605
_04402_,6.605
net221,6.605
DM_inst.D_Memory\[30\]\[3\],6.6
_00558_,6.6
_01031_,6.6
_01167_,6.6
_01450_,6.6
_02001_,6.6
_02557_,6.6
_03534_,6.6
_04984_,6.6
_06851_,6.6
_07159_,6.6
_07322_,6.6
_07603_,6.6
_07729_,6.6
_07772_,6.6
_07812_,6.6
net1144,6.6
_00009_,6.59
_00676_,6.57
_00678_,6.57
_00691_,6.57
_00763_,6.57
_01078_,6.57
_01875_,6.57
_02049_,6.57
_02729_,6.565
_02930_,6.565
_02980_,6.565
_03852_,6.565
_04679_,6.56
_05081_,6.54
net2279,6.54
net2308,6.54
_00023_,6.53
_00110_,6.53
_00266_,6.53
_00457_,6.53
_00982_,6.53
_01750_,6.53
_02252_,6.53
_00038_,6.52
_02850_,6.52
_03201_,6.52
_04617_,6.52
_04784_,6.52
_04884_,6.52
_05805_,6.52
_06444_,6.52
_06853_,6.52
net846,6.52
net1473,6.52
_01127_,6.48
_01427_,6.48
_01864_,6.48
_02604_,6.48
_03153_,6.48
_03303_,6.48
_03458_,6.48
_02234_,6.47
_03358_,6.465
_03674_,6.465
_00112_,6.45
_00357_,6.45
_01044_,6.45
_01890_,6.45
_02008_,6.45
_02846_,6.445
RF_inst.Registers\[2\]\[0\],6.44
net167,6.44
net1707,6.44
net1751,6.44
net2318,6.44
net2396,6.44
_01927_,6.42
_02160_,6.42
_02522_,6.42
_02564_,6.42
_02567_,6.42
_02933_,6.42
_02977_,6.42
_03262_,6.42
_03426_,6.42
_03781_,6.42
_03906_,6.42
_03914_,6.42
_05440_,6.42
net248,6.42
_01061_,6.41
_01154_,6.41
DM_inst.D_Memory\[28\]\[14\],6.4
DM_inst.D_Memory\[36\]\[20\],6.4
DM_inst.D_Memory\[3\]\[25\],6.4
_04496_,6.4
_01079_,6.38
_02662_,6.38
_02808_,6.38
_02827_,6.38
_03058_,6.38
_03216_,6.38
_03263_,6.38
_03410_,6.38
_03417_,6.38
_03447_,6.38
_03622_,6.38
_03641_,6.38
_03707_,6.38
_03808_,6.38
_04068_,6.38
_04269_,6.38
_04356_,6.38
_04466_,6.38
_00073_,6.37
_00155_,6.37
_00366_,6.37
_00372_,6.37
_00424_,6.37
_00434_,6.37
_00739_,6.37
_00806_,6.37
_01062_,6.37
_01080_,6.37
_01196_,6.37
_01207_,6.37
_01244_,6.37
_01368_,6.37
_01803_,6.37
_01859_,6.37
_02285_,6.37
_02295_,6.37
_02300_,6.37
DM_inst.D_Memory\[33\]\[11\],6.36
RF_inst.Registers\[4\]\[31\],6.36
_00690_,6.36
_00307_,6.35
_00422_,6.35
_00698_,6.35
_00779_,6.35
_01369_,6.35
_01540_,6.35
_01724_,6.35
_01736_,6.35
_01751_,6.35
_02174_,6.35
_02274_,6.35
net651,6.34
RF_inst.Registers\[7\]\[0\],6.32
_05882_,6.32
net252,6.32
net355,6.32
net382,6.32
net421,6.32
net426,6.32
net508,6.32
net529,6.32
net539,6.32
net703,6.32
net762,6.32
net801,6.32
net819,6.32
net922,6.32
net1007,6.32
net1030,6.32
net1151,6.32
net1218,6.32
net1221,6.32
net1231,6.32
net1258,6.32
net1308,6.32
net1462,6.32
net1487,6.32
net1539,6.32
net1572,6.32
net1602,6.32
net1644,6.32
net1658,6.32
net1701,6.32
net1721,6.32
net1951,6.32
net1960,6.32
net1985,6.32
net2085,6.32
net2369,6.32
_01398_,6.31
_01971_,6.31
_02059_,6.31
DM_inst.D_Memory\[30\]\[5\],6.3
DM_inst.D_Memory\[42\]\[22\],6.3
DM_inst.D_Memory\[44\]\[16\],6.3
DM_inst.D_Memory\[53\]\[8\],6.3
DM_inst.D_Memory\[5\]\[31\],6.3
DM_inst.D_Memory\[6\]\[30\],6.3
_02611_,6.3
_02710_,6.3
_02806_,6.3
_02905_,6.3
_03167_,6.3
_03183_,6.3
_03234_,6.3
_03259_,6.3
_03362_,6.3
_03605_,6.3
_04333_,6.3
_04357_,6.3
_04513_,6.3
_04592_,6.3
_04654_,6.3
_04662_,6.3
_04777_,6.3
_04787_,6.3
_04817_,6.3
_06361_,6.3
_06388_,6.3
_06434_,6.3
_06565_,6.3
_07024_,6.3
_07253_,6.3
_07348_,6.3
_07373_,6.3
_07398_,6.3
_07469_,6.3
_07496_,6.3
_07766_,6.3
net203,6.3
net266,6.3
net282,6.3
net333,6.3
net340,6.3
net568,6.3
net765,6.3
net902,6.3
net1004,6.3
net1017,6.3
net1205,6.3
net1209,6.3
net1242,6.3
net1244,6.3
net1287,6.3
net1297,6.3
net1329,6.3
net1433,6.3
net1469,6.3
net1501,6.3
net1591,6.3
net1802,6.3
net1825,6.3
net1905,6.3
net1932,6.3
net1946,6.3
net2157,6.3
net2223,6.3
net2266,6.3
net2337,6.3
DM_inst.D_Memory\[38\]\[5\],6.28
RF_inst.Registers\[2\]\[6\],6.28
_00813_,6.28
_02444_,6.28
_04796_,6.28
_06463_,6.28
_06760_,6.28
_06774_,6.28
_07748_,6.28
DM_inst.D_Memory\[12\]\[28\],6.26
DM_inst.D_Memory\[21\]\[20\],6.26
DM_inst.D_Memory\[36\]\[8\],6.26
DM_inst.D_Memory\[38\]\[26\],6.26
DM_inst.D_Memory\[40\]\[10\],6.26
DM_inst.D_Memory\[41\]\[31\],6.26
DM_inst.D_Memory\[45\]\[26\],6.26
DM_inst.D_Memory\[47\]\[7\],6.26
DM_inst.D_Memory\[59\]\[10\],6.26
_02539_,6.26
_02791_,6.26
_03199_,6.26
_03257_,6.26
_03584_,6.26
_03695_,6.26
_03701_,6.26
_03758_,6.26
_03879_,6.26
_03985_,6.26
_04520_,6.26
_04526_,6.26
_04546_,6.26
_04655_,6.26
_05682_,6.26
_05736_,6.26
_05958_,6.26
_06354_,6.26
_06356_,6.26
_06476_,6.26
_07330_,6.26
_07479_,6.26
net868,6.26
net1325,6.26
net1795,6.26
net2114,6.26
net2255,6.26
_00060_,6.25
_00426_,6.25
_00556_,6.25
_00689_,6.25
_01489_,6.25
_01649_,6.25
_01669_,6.25
_01678_,6.25
_02058_,6.25
_00055_,6.24
_07504_,6.24
ALU_out[7],6.21
Instr_out[13],6.21
Instr_out[4],6.21
PC_out[6],6.21
PC_out[8],6.21
WriteBack_out[27],6.21
WriteBack_out[28],6.21
reset,6.21
_04755_,6.2
_04878_,6.2
_05055_,6.2
_05444_,6.2
_06669_,6.2
_06858_,6.2
_06876_,6.2
_07097_,6.2
_07099_,6.2
_07147_,6.2
_07290_,6.2
_07310_,6.2
_07342_,6.2
_07713_,6.2
_00907_,6.19
DM_inst.D_Memory\[3\]\[18\],6.18
DM_inst.D_Memory\[41\]\[18\],6.18
DM_inst.D_Memory\[52\]\[16\],6.18
_02565_,6.18
_02698_,6.18
_03014_,6.18
_03252_,6.18
_03430_,6.18
_03564_,6.18
_03636_,6.18
_03821_,6.18
_04101_,6.18
_04973_,6.18
_05044_,6.18
_05385_,6.18
_06376_,6.18
_06538_,6.18
_06744_,6.18
_06820_,6.18
_06883_,6.18
_07297_,6.18
_07448_,6.18
_07782_,6.18
net373,6.18
net431,6.18
net605,6.18
net647,6.18
net680,6.18
net873,6.18
net1112,6.18
net1150,6.18
net1611,6.18
net1995,6.18
net1997,6.18
net2278,6.18
DM_inst.D_Memory\[39\]\[25\],6.16
_05090_,6.16
_02314_,6.145
_03115_,6.145
_03843_,6.145
DM_inst.D_Memory\[30\]\[9\],6.14
_00887_,6.14
_04665_,6.14
_04783_,6.14
_04801_,6.14
_04802_,6.14
_04972_,6.14
_05994_,6.14
_06346_,6.14
_06385_,6.14
_06473_,6.14
_06545_,6.14
_06602_,6.14
_06664_,6.14
_06701_,6.14
_06704_,6.14
_06707_,6.14
_06914_,6.14
_06923_,6.14
_06979_,6.14
_07029_,6.14
_07036_,6.14
_07058_,6.14
_07209_,6.14
_07349_,6.14
_07665_,6.14
_07828_,6.14
_07839_,6.14
net1978,6.14
net2095,6.14
_01007_,6.13
_01357_,6.13
DM_inst.D_Memory\[2\]\[13\],6.12
_05060_,6.12
_01533_,6.11
_01894_,6.11
_01904_,6.11
net2360,6.1
ALU_out[15],6.09
_07363_,6.08
_07371_,6.08
net1153,6.08
net2282,6.08
net2298,6.08
_00324_,6.07
_01274_,6.07
_01400_,6.07
_01781_,6.07
_00831_,6.06
_01469_,6.06
_02272_,6.06
_02656_,6.06
_02840_,6.06
_03932_,6.06
_04295_,6.06
_04820_,6.06
_04870_,6.06
_05118_,6.06
_05620_,6.06
_05730_,6.06
_06592_,6.06
_06608_,6.06
_06907_,6.06
_07255_,6.06
_07261_,6.06
_07312_,6.06
_07378_,6.06
net2307,6.04
net2317,6.04
_02692_,6.025
_00010_,6.02
_00121_,6.02
_00393_,6.02
_00847_,6.02
_01298_,6.02
_01926_,6.02
_02144_,6.02
_02489_,6.02
_02602_,6.02
_04352_,6.005
_00318_,5.99
_00536_,5.99
_00596_,5.99
_01073_,5.99
_01315_,5.99
_02095_,5.99
_02129_,5.99
_05228_,5.98
_05722_,5.98
net162,5.98
net185,5.98
net804,5.98
net907,5.98
net1105,5.98
net1196,5.98
net1690,5.98
net1773,5.98
net1927,5.98
net2034,5.98
net2082,5.98
net2170,5.98
net2212,5.98
net2389,5.98
net134,5.97
_01095_,5.97
PC_Mux.out\[2\],5.96
_02178_,5.96
_02586_,5.96
_02622_,5.96
_02646_,5.96
_02805_,5.96
_02896_,5.96
_02946_,5.96
_02981_,5.96
_03090_,5.96
_03114_,5.96
_03172_,5.96
_03300_,5.96
_03363_,5.96
_03404_,5.96
_03520_,5.96
_03608_,5.96
_03669_,5.96
_03738_,5.96
_03751_,5.96
_03867_,5.96
_03908_,5.96
_03916_,5.96
_03933_,5.96
_04047_,5.96
_04239_,5.96
_04247_,5.96
_04338_,5.96
_04346_,5.96
_04455_,5.96
net331,5.96
net2313,5.96
_00379_,5.95
_00593_,5.95
_01722_,5.95
PC_Mux.out\[29\],5.945
_04390_,5.945
DM_inst.D_Memory\[31\]\[17\],5.94
DM_inst.D_Memory\[34\]\[15\],5.94
DM_inst.D_Memory\[48\]\[12\],5.94
DM_inst.D_Memory\[63\]\[31\],5.94
_01060_,5.94
_01985_,5.94
_03896_,5.94
_03927_,5.94
_05500_,5.94
_06741_,5.94
_07354_,5.94
_01574_,5.92
_02628_,5.92
_02691_,5.92
_02790_,5.92
_02831_,5.92
_03008_,5.92
_03023_,5.92
_03083_,5.92
_03120_,5.92
_03129_,5.92
_03231_,5.92
_03250_,5.92
_03281_,5.92
_03388_,5.92
_03501_,5.92
_03698_,5.92
_03749_,5.92
_04026_,5.92
_04132_,5.92
_04361_,5.92
_04557_,5.92
_00044_,5.91
_00079_,5.91
_00085_,5.91
_00142_,5.91
_00152_,5.91
_00196_,5.91
_00216_,5.91
_00320_,5.91
_00398_,5.91
_00428_,5.91
_00519_,5.91
_00563_,5.91
_00578_,5.91
_00609_,5.91
_00699_,5.91
_00700_,5.91
_00712_,5.91
_00722_,5.91
_00726_,5.91
_00780_,5.91
_00807_,5.91
_00841_,5.91
_00867_,5.91
_00931_,5.91
_00939_,5.91
_00945_,5.91
_00989_,5.91
_01009_,5.91
_01163_,5.91
_01216_,5.91
_01271_,5.91
_01308_,5.91
_01334_,5.91
_01346_,5.91
_01382_,5.91
_01519_,5.91
_01535_,5.91
_01542_,5.91
_01560_,5.91
_01572_,5.91
_01592_,5.91
_01598_,5.91
_01606_,5.91
_01629_,5.91
_01838_,5.91
_01879_,5.91
_01882_,5.91
_01932_,5.91
_01959_,5.91
_01974_,5.91
_01979_,5.91
_02014_,5.91
_02025_,5.91
_02040_,5.91
_02075_,5.91
_02111_,5.91
_02137_,5.91
_02157_,5.91
_02248_,5.91
_02266_,5.91
_02269_,5.91
RF_inst.Registers\[5\]\[13\],5.9
_00525_,5.9
_00603_,5.9
_01874_,5.9
_00165_,5.89
_00304_,5.89
_00962_,5.89
_01109_,5.89
_01147_,5.89
_01453_,5.89
_01758_,5.89
_02069_,5.89
_02147_,5.89
_02146_,5.87
DM_inst.D_Memory\[24\]\[24\],5.86
net260,5.86
net319,5.86
net461,5.86
net608,5.86
net658,5.86
net815,5.86
net851,5.86
net951,5.86
net1070,5.86
net1074,5.86
net1166,5.86
net1281,5.86
net1351,5.86
net1581,5.86
net1589,5.86
net1750,5.86
net1756,5.86
net1770,5.86
net1889,5.86
net2054,5.86
net2057,5.86
net2062,5.86
net2064,5.86
net2182,5.86
net2204,5.86
net2382,5.86
net886,5.855
_00169_,5.85
_00518_,5.85
_01742_,5.85
_01887_,5.85
DM_inst.D_Memory\[11\]\[8\],5.84
DM_inst.D_Memory\[12\]\[0\],5.84
DM_inst.D_Memory\[15\]\[17\],5.84
DM_inst.D_Memory\[16\]\[23\],5.84
DM_inst.D_Memory\[18\]\[2\],5.84
DM_inst.D_Memory\[1\]\[23\],5.84
DM_inst.D_Memory\[25\]\[28\],5.84
DM_inst.D_Memory\[25\]\[8\],5.84
DM_inst.D_Memory\[26\]\[16\],5.84
DM_inst.D_Memory\[28\]\[25\],5.84
DM_inst.D_Memory\[29\]\[5\],5.84
DM_inst.D_Memory\[35\]\[14\],5.84
DM_inst.D_Memory\[39\]\[30\],5.84
DM_inst.D_Memory\[3\]\[16\],5.84
DM_inst.D_Memory\[40\]\[25\],5.84
DM_inst.D_Memory\[40\]\[4\],5.84
DM_inst.D_Memory\[41\]\[11\],5.84
DM_inst.D_Memory\[42\]\[31\],5.84
DM_inst.D_Memory\[43\]\[24\],5.84
DM_inst.D_Memory\[49\]\[0\],5.84
DM_inst.D_Memory\[56\]\[22\],5.84
DM_inst.D_Memory\[63\]\[15\],5.84
DM_inst.D_Memory\[8\]\[29\],5.84
DM_inst.D_Memory\[9\]\[28\],5.84
PC_Mux.out\[16\],5.84
_00052_,5.84
_02388_,5.84
_02545_,5.84
_02654_,5.84
_02748_,5.84
_02852_,5.84
_02952_,5.84
_02954_,5.84
_03156_,5.84
_03236_,5.84
_03343_,5.84
_03446_,5.84
_03459_,5.84
_03484_,5.84
_03651_,5.84
_03716_,5.84
_03770_,5.84
_03782_,5.84
_03824_,5.84
_03842_,5.84
_03848_,5.84
_03976_,5.84
_04030_,5.84
_04075_,5.84
_04171_,5.84
_04265_,5.84
_04309_,5.84
_04911_,5.84
_05640_,5.84
_05662_,5.84
_05817_,5.84
_05893_,5.84
_06404_,5.84
_06429_,5.84
_07084_,5.84
net215,5.84
net227,5.84
net256,5.84
net322,5.84
net458,5.84
net527,5.84
net767,5.84
net788,5.84
net813,5.84
net963,5.84
net1235,5.84
net1439,5.84
net1477,5.84
net1525,5.84
net1663,5.84
net1735,5.84
net1834,5.84
net1848,5.84
net1884,5.84
net1916,5.84
net2093,5.84
net2164,5.84
net2211,5.84
net2253,5.84
net2409,5.84
DM_inst.D_Memory\[19\]\[0\],5.82
DM_inst.D_Memory\[32\]\[18\],5.82
DM_inst.D_Memory\[7\]\[15\],5.82
RF_inst.Registers\[6\]\[3\],5.82
_01378_,5.82
_04711_,5.82
_04768_,5.82
_04859_,5.82
_05066_,5.82
DM_inst.D_Memory\[59\]\[12\],5.815
DM_inst.D_Memory\[10\]\[9\],5.8
DM_inst.D_Memory\[1\]\[25\],5.8
DM_inst.D_Memory\[1\]\[3\],5.8
DM_inst.D_Memory\[24\]\[21\],5.8
DM_inst.D_Memory\[39\]\[17\],5.8
DM_inst.D_Memory\[42\]\[27\],5.8
DM_inst.D_Memory\[45\]\[25\],5.8
DM_inst.D_Memory\[54\]\[5\],5.8
DM_inst.D_Memory\[56\]\[6\],5.8
DM_inst.D_Memory\[61\]\[20\],5.8
DM_inst.D_Memory\[62\]\[17\],5.8
DM_inst.D_Memory\[7\]\[5\],5.8
_01349_,5.8
_02393_,5.8
_02516_,5.8
_03260_,5.8
_03345_,5.8
_04712_,5.8
_04903_,5.8
_04938_,5.8
_05125_,5.8
_05649_,5.8
_05704_,5.8
_05862_,5.8
_05993_,5.8
_06439_,5.8
_06481_,5.8
_06578_,5.8
_06619_,5.8
_06636_,5.8
_06738_,5.8
_06813_,5.8
_06857_,5.8
_07042_,5.8
_07047_,5.8
_07140_,5.8
_07545_,5.8
_07598_,5.8
_07681_,5.8
_07722_,5.8
net348,5.8
net572,5.8
net807,5.8
net1056,5.8
net1363,5.8
net1606,5.8
net1912,5.8
net1968,5.8
net2069,5.8
_00885_,5.79
RF_inst.Registers\[5\]\[0\],5.78
PC_out[31],5.75
PC_out[3],5.75
WriteBack_out[26],5.75
DM_inst.D_Memory\[9\]\[15\],5.74
_04746_,5.74
_04766_,5.74
_04900_,5.74
_05037_,5.74
_05053_,5.74
_05867_,5.74
_05917_,5.74
_06359_,5.74
_06478_,5.74
_06495_,5.74
_06705_,5.74
_07026_,5.74
_07027_,5.74
_07033_,5.74
_07050_,5.74
_07282_,5.74
_07325_,5.74
_07339_,5.74
_07721_,5.74
net681,5.74
net1703,5.74
net2115,5.74
DM_inst.D_Memory\[11\]\[10\],5.72
DM_inst.D_Memory\[28\]\[12\],5.72
DM_inst.D_Memory\[31\]\[4\],5.72
DM_inst.D_Memory\[5\]\[16\],5.72
DM_inst.D_Memory\[60\]\[23\],5.72
RF_inst.Registers\[5\]\[18\],5.72
_02118_,5.72
_02331_,5.72
_02430_,5.72
_02758_,5.72
_02787_,5.72
_02841_,5.72
_03148_,5.72
_03546_,5.72
_04439_,5.72
_05429_,5.72
_05653_,5.72
_05746_,5.72
_05776_,5.72
_06501_,5.72
_06764_,5.72
_06805_,5.72
_06882_,5.72
_06913_,5.72
_06947_,5.72
_07046_,5.72
_07194_,5.72
_07531_,5.72
_07582_,5.72
_07671_,5.72
_07700_,5.72
_07756_,5.72
net194,5.72
net280,5.72
net449,5.72
net670,5.72
net881,5.72
net941,5.72
net1200,5.72
net1423,5.72
net2166,5.72
net2358,5.72
net2391,5.72
RF_inst.Registers\[6\]\[29\],5.7
_05088_,5.7
_05639_,5.7
_06877_,5.7
_00974_,5.68
_02512_,5.68
_04811_,5.68
_05442_,5.68
_05972_,5.68
_06349_,5.68
_06420_,5.68
_06519_,5.68
_06580_,5.68
_06761_,5.68
_06908_,5.68
_07386_,5.68
_07653_,5.68
_00130_,5.67
_00870_,5.67
_00899_,5.67
_01712_,5.67
_00365_,5.65
_00735_,5.65
_00852_,5.65
_02681_,5.645
net240,5.62
_00632_,5.61
_01324_,5.61
_01447_,5.61
_01473_,5.61
_01497_,5.61
_01543_,5.61
_01711_,5.61
_00455_,5.6
_00802_,5.6
_01337_,5.6
_02172_,5.6
_02288_,5.6
_02956_,5.6
_04519_,5.6
_04897_,5.6
_05538_,5.6
_06351_,5.6
_07803_,5.6
net230,5.6
net305,5.6
_04739_,5.58
_05239_,5.58
_06818_,5.58
_07440_,5.58
_00098_,5.56
_00118_,5.56
_00128_,5.56
_00215_,5.56
_00384_,5.56
_00705_,5.56
_00706_,5.56
_00723_,5.56
_00799_,5.56
_00925_,5.56
_00986_,5.56
_01229_,5.56
_01715_,5.56
_01860_,5.56
_01945_,5.56
_02050_,5.56
_02100_,5.56
_02204_,5.56
_02205_,5.56
_02220_,5.56
_02289_,5.56
_02975_,5.56
_04092_,5.56
_05739_,5.56
ALU_out[16],5.53
net132,5.53
net126,5.53
Instr_out[7],5.53
PC_out[19],5.53
_01137_,5.53
_01170_,5.53
_01482_,5.53
_01899_,5.53
_02032_,5.53
_03953_,5.525
_04048_,5.525
DM_inst.D_Memory\[45\]\[13\],5.52
net299,5.52
net321,5.52
net443,5.52
net683,5.52
net1010,5.52
net1183,5.52
net1188,5.52
net1422,5.52
net1668,5.52
net1876,5.52
net1922,5.52
net1947,5.52
net2094,5.52
net2209,5.52
net2229,5.52
net2269,5.52
net2271,5.52
net2274,5.52
net2276,5.52
net2280,5.52
net2284,5.52
net2286,5.52
net2290,5.52
net2291,5.52
net2297,5.52
net2299,5.52
net2301,5.52
net2302,5.52
net2304,5.52
net2314,5.52
net2335,5.52
net2355,5.52
net2362,5.52
net2364,5.52
net2365,5.52
net2368,5.52
net2374,5.52
net2376,5.52
net2380,5.52
net2386,5.52
net2387,5.52
net2388,5.52
net2407,5.52
PC_Mux.out\[5\],5.5
_00221_,5.5
_02480_,5.5
_02518_,5.5
_02561_,5.5
_02589_,5.5
_02620_,5.5
_02645_,5.5
_02796_,5.5
_02944_,5.5
_03130_,5.5
_03176_,5.5
_03497_,5.5
_03562_,5.5
_03597_,5.5
_03814_,5.5
_03815_,5.5
_03959_,5.5
_04021_,5.5
_04452_,5.5
_04454_,5.5
_04537_,5.5
net237,5.5
_00565_,5.49
_01223_,5.49
DM_inst.D_Memory\[27\]\[19\],5.48
DM_inst.D_Memory\[2\]\[26\],5.48
DM_inst.D_Memory\[34\]\[31\],5.48
DM_inst.D_Memory\[45\]\[12\],5.48
DM_inst.D_Memory\[52\]\[28\],5.48
DM_inst.D_Memory\[54\]\[1\],5.48
DM_inst.D_Memory\[5\]\[8\],5.48
DM_inst.D_Memory\[6\]\[16\],5.48
_01047_,5.48
_02002_,5.48
_02969_,5.48
_03582_,5.48
_04552_,5.48
_05176_,5.48
_05598_,5.48
_06849_,5.48
net931,5.48
net1410,5.48
net1961,5.48
_00502_,5.46
_00809_,5.46
_01454_,5.46
_02356_,5.46
_02420_,5.46
_02438_,5.46
_02481_,5.46
_02579_,5.46
_02640_,5.46
_02961_,5.46
_03166_,5.46
_03169_,5.46
_03181_,5.46
_03514_,5.46
_03626_,5.46
_04327_,5.46
_04401_,5.46
_05586_,5.46
_00484_,5.44
_02109_,5.44
_00572_,5.43
_00583_,5.43
_00927_,5.43
_01230_,5.43
_01269_,5.43
_01318_,5.43
_01459_,5.43
_01559_,5.43
_01584_,5.43
_02087_,5.43
_02183_,5.43
PC_out[13],5.41
PC_out[18],5.41
PC_out[7],5.41
DM_inst.D_Memory\[11\]\[0\],5.4
net168,5.4
net277,5.4
net290,5.4
net298,5.4
net300,5.4
net301,5.4
net302,5.4
net324,5.4
net329,5.4
net335,5.4
net336,5.4
net384,5.4
net393,5.4
net408,5.4
net493,5.4
net534,5.4
net545,5.4
net661,5.4
net687,5.4
net717,5.4
net734,5.4
net776,5.4
net808,5.4
net836,5.4
net857,5.4
net890,5.4
net911,5.4
net925,5.4
net929,5.4
net945,5.4
net977,5.4
net1013,5.4
net1039,5.4
net1117,5.4
net1179,5.4
net1203,5.4
net1291,5.4
net1332,5.4
net1367,5.4
net1503,5.4
net1555,5.4
net1573,5.4
net1612,5.4
net1620,5.4
net1629,5.4
net1650,5.4
net1702,5.4
net1776,5.4
net1781,5.4
net1788,5.4
net1808,5.4
net1818,5.4
net1859,5.4
net1904,5.4
net1996,5.4
net2039,5.4
net2067,5.4
net2125,5.4
net2176,5.4
net2341,5.4
net2349,5.4
net2377,5.4
_01227_,5.39
_01717_,5.39
DM_inst.D_Memory\[14\]\[16\],5.38
DM_inst.D_Memory\[14\]\[19\],5.38
DM_inst.D_Memory\[18\]\[20\],5.38
DM_inst.D_Memory\[24\]\[20\],5.38
DM_inst.D_Memory\[27\]\[12\],5.38
DM_inst.D_Memory\[28\]\[21\],5.38
DM_inst.D_Memory\[31\]\[14\],5.38
DM_inst.D_Memory\[33\]\[21\],5.38
DM_inst.D_Memory\[36\]\[17\],5.38
DM_inst.D_Memory\[36\]\[18\],5.38
DM_inst.D_Memory\[36\]\[5\],5.38
DM_inst.D_Memory\[37\]\[5\],5.38
DM_inst.D_Memory\[38\]\[4\],5.38
DM_inst.D_Memory\[54\]\[11\],5.38
DM_inst.D_Memory\[57\]\[31\],5.38
DM_inst.D_Memory\[58\]\[25\],5.38
DM_inst.D_Memory\[58\]\[30\],5.38
DM_inst.D_Memory\[62\]\[9\],5.38
DM_inst.D_Memory\[8\]\[31\],5.38
PC_Mux.out\[11\],5.38
PC_Mux.out\[19\],5.38
_02332_,5.38
_02337_,5.38
_02363_,5.38
_02401_,5.38
_02517_,5.38
_02519_,5.38
_02644_,5.38
_02714_,5.38
_02910_,5.38
_03013_,5.38
_03040_,5.38
_03052_,5.38
_03076_,5.38
_03089_,5.38
_03208_,5.38
_03391_,5.38
_03453_,5.38
_03504_,5.38
_03606_,5.38
_03617_,5.38
_03689_,5.38
_03791_,5.38
_03878_,5.38
_03883_,5.38
_03917_,5.38
_03946_,5.38
_04055_,5.38
_04183_,5.38
_04192_,5.38
_04220_,5.38
_04227_,5.38
_04311_,5.38
_04379_,5.38
_04429_,5.38
_04446_,5.38
_04507_,5.38
_04547_,5.38
_04559_,5.38
_04853_,5.38
_05056_,5.38
_05063_,5.38
_05086_,5.38
_05375_,5.38
_05491_,5.38
_05676_,5.38
_05825_,5.38
_05872_,5.38
_06001_,5.38
_06451_,5.38
_06498_,5.38
_06532_,5.38
_06675_,5.38
_06717_,5.38
_06834_,5.38
_07004_,5.38
_07086_,5.38
_07243_,5.38
_07380_,5.38
_07736_,5.38
net149,5.38
net218,5.38
net233,5.38
net361,5.38
net463,5.38
net486,5.38
net655,5.38
net716,5.38
net870,5.38
net1008,5.38
net1028,5.38
net1197,5.38
net1361,5.38
net1441,5.38
net1577,5.38
net1775,5.38
net1839,5.38
net1895,5.38
net1959,5.38
net2006,5.38
net2026,5.38
net2109,5.38
net2249,5.38
net2330,5.38
net2338,5.38
net2357,5.38
net2363,5.38
net2397,5.38
_01029_,5.36
_06079_,5.36
_06612_,5.36
_07008_,5.36
_07810_,5.36
_07834_,5.36
DM_inst.D_Memory\[12\]\[23\],5.34
DM_inst.D_Memory\[13\]\[14\],5.34
DM_inst.D_Memory\[14\]\[12\],5.34
DM_inst.D_Memory\[15\]\[23\],5.34
DM_inst.D_Memory\[16\]\[24\],5.34
DM_inst.D_Memory\[16\]\[27\],5.34
DM_inst.D_Memory\[1\]\[15\],5.34
DM_inst.D_Memory\[24\]\[19\],5.34
DM_inst.D_Memory\[25\]\[26\],5.34
DM_inst.D_Memory\[32\]\[17\],5.34
DM_inst.D_Memory\[32\]\[6\],5.34
DM_inst.D_Memory\[33\]\[12\],5.34
DM_inst.D_Memory\[33\]\[20\],5.34
DM_inst.D_Memory\[34\]\[7\],5.34
DM_inst.D_Memory\[36\]\[2\],5.34
DM_inst.D_Memory\[3\]\[8\],5.34
DM_inst.D_Memory\[40\]\[21\],5.34
DM_inst.D_Memory\[46\]\[19\],5.34
DM_inst.D_Memory\[46\]\[30\],5.34
DM_inst.D_Memory\[49\]\[10\],5.34
DM_inst.D_Memory\[49\]\[16\],5.34
DM_inst.D_Memory\[5\]\[4\],5.34
DM_inst.D_Memory\[60\]\[11\],5.34
DM_inst.D_Memory\[61\]\[29\],5.34
DM_inst.D_Memory\[62\]\[13\],5.34
DM_inst.D_Memory\[8\]\[14\],5.34
_00567_,5.34
_03220_,5.34
_04710_,5.34
_04879_,5.34
_05167_,5.34
_05170_,5.34
_05307_,5.34
_05918_,5.34
_06053_,5.34
_06350_,5.34
_06372_,5.34
_06623_,5.34
_06625_,5.34
_06665_,5.34
_06797_,5.34
_06839_,5.34
_06922_,5.34
_06997_,5.34
_07115_,5.34
_07637_,5.34
net805,5.34
net1193,5.34
net1966,5.34
net2193,5.34
net2210,5.34
net2353,5.34
_00199_,5.33
_00325_,5.33
_00419_,5.33
_00541_,5.33
_00803_,5.33
_00823_,5.33
_00824_,5.33
_00932_,5.33
_01168_,5.33
_01280_,5.33
_01548_,5.33
_01654_,5.33
_02003_,5.33
net128,5.29
net133,5.29
_00633_,5.29
DM_inst.D_Memory\[14\]\[20\],5.28
DM_inst.D_Memory\[19\]\[10\],5.28
DM_inst.D_Memory\[28\]\[13\],5.28
DM_inst.D_Memory\[40\]\[13\],5.28
DM_inst.D_Memory\[45\]\[10\],5.28
_04586_,5.28
_04743_,5.28
_04758_,5.28
_04887_,5.28
_04967_,5.28
_04993_,5.28
_05666_,5.28
_05750_,5.28
_05916_,5.28
_06397_,5.28
_06496_,5.28
_06537_,5.28
_06659_,5.28
_06860_,5.28
_06884_,5.28
_06917_,5.28
_06955_,5.28
_07025_,5.28
_07031_,5.28
_07048_,5.28
_07180_,5.28
_07324_,5.28
_07352_,5.28
_07377_,5.28
_07388_,5.28
_07441_,5.28
_07465_,5.28
_07470_,5.28
_07473_,5.28
_07486_,5.28
_07490_,5.28
_07687_,5.28
DM_inst.D_Memory\[27\]\[28\],5.26
_00161_,5.26
_00501_,5.26
_03055_,5.26
_03064_,5.26
_03438_,5.26
_03589_,5.26
_03602_,5.26
_03618_,5.26
_03861_,5.26
_03936_,5.26
_04125_,5.26
_04212_,5.26
_04608_,5.26
_05046_,5.26
_05049_,5.26
_05108_,5.26
_05264_,5.26
_05300_,5.26
_05741_,5.26
_05828_,5.26
_06426_,5.26
_06515_,5.26
_06560_,5.26
_06595_,5.26
_06746_,5.26
_06796_,5.26
_06814_,5.26
_06872_,5.26
_06880_,5.26
_06893_,5.26
_06994_,5.26
_07127_,5.26
_07175_,5.26
_07271_,5.26
_07393_,5.26
_07409_,5.26
_07421_,5.26
_07471_,5.26
_07533_,5.26
_07574_,5.26
_07835_,5.26
net243,5.26
net273,5.26
net341,5.26
net423,5.26
net506,5.26
net548,5.26
net746,5.26
net944,5.26
net954,5.26
net971,5.26
net1139,5.26
net1387,5.26
net1511,5.26
net1737,5.26
net2144,5.26
net2149,5.26
net2168,5.26
net2246,5.26
net2261,5.26
net2334,5.26
net2336,5.26
DM_inst.D_Memory\[11\]\[2\],5.24
DM_inst.D_Memory\[35\]\[31\],5.24
DM_inst.D_Memory\[7\]\[31\],5.24
_04003_,5.24
PC_Mux.out\[15\],5.225
_02383_,5.225
DM_inst.D_Memory\[18\]\[0\],5.22
DM_inst.D_Memory\[55\]\[8\],5.22
DM_inst.D_Memory\[62\]\[7\],5.22
_00190_,5.22
_00480_,5.22
_01092_,5.22
_01290_,5.22
_01578_,5.22
_01762_,5.22
_01795_,5.22
_02012_,5.22
_02089_,5.22
_02435_,5.22
_04934_,5.22
_05199_,5.22
_05618_,5.22
_05858_,5.22
_05901_,5.22
_05973_,5.22
_05980_,5.22
_06051_,5.22
_06441_,5.22
_06697_,5.22
_07741_,5.22
net620,5.22
Instr_out[23],5.19
PC_out[12],5.19
PC_out[22],5.19
WriteBack_out[12],5.19
WriteBack_out[13],5.19
WriteBack_out[1],5.19
WriteBack_out[20],5.19
_00695_,5.19
_00856_,5.19
_01284_,5.19
_01306_,5.19
_01442_,5.19
_01470_,5.19
_02485_,5.185
_02670_,5.185
_03323_,5.185
_05311_,5.16
_05788_,5.16
_05877_,5.16
net186,5.16
net234,5.16
net1236,5.16
net1521,5.16
_00200_,5.15
_00296_,5.15
_00535_,5.15
_01180_,5.15
_01235_,5.15
_01484_,5.15
_02218_,5.15
_01096_,5.14
_01507_,5.14
_02203_,5.14
_02937_,5.14
_03366_,5.14
_03684_,5.14
_04024_,5.14
_04814_,5.14
_05813_,5.14
_06009_,5.14
net391,5.14
net537,5.14
net750,5.14
net1514,5.14
net1664,5.14
net1862,5.14
DM_inst.D_Memory\[22\]\[19\],5.12
_00054_,5.1
_00058_,5.1
_00174_,5.1
_00201_,5.1
_00277_,5.1
_00423_,5.1
_00449_,5.1
_00543_,5.1
_00574_,5.1
_00627_,5.1
_00648_,5.1
_00916_,5.1
_01218_,5.1
_01339_,5.1
_01380_,5.1
_01449_,5.1
_01505_,5.1
_01567_,5.1
_01861_,5.1
_01884_,5.1
_01905_,5.1
_02196_,5.1
_02249_,5.1
_02279_,5.1
_03531_,5.1
_00848_,5.09
ALU_out[10],5.07
PC_out[1],5.07
PC_out[4],5.07
PC_out[9],5.07
WriteBack_out[11],5.07
WriteBack_out[31],5.07
_00032_,5.07
_00462_,5.07
_00581_,5.07
_00973_,5.07
_02155_,5.07
DM_inst.D_Memory\[22\]\[7\],5.06
DM_inst.D_Memory\[39\]\[14\],5.06
PC_Mux.out\[13\],5.06
net173,5.06
net213,5.06
net380,5.06
net381,5.06
net412,5.06
net437,5.06
net633,5.06
net790,5.06
net838,5.06
net1309,5.06
net1400,5.06
net1474,5.06
net1820,5.06
net1822,5.06
net2055,5.06
net2070,5.06
net2111,5.06
net2129,5.06
net2203,5.06
PC_Mux.out\[9\],5.04
_00238_,5.04
_02009_,5.04
_02738_,5.04
_02775_,5.04
_02843_,5.04
_02859_,5.04
_02945_,5.04
_03018_,5.04
_03121_,5.04
_03246_,5.04
_03415_,5.04
_03481_,5.04
_03518_,5.04
_03672_,5.04
_03713_,5.04
_03819_,5.04
_03885_,5.04
_04150_,5.04
_04251_,5.04
_04313_,5.04
_04461_,5.04
_04487_,5.04
_04503_,5.04
_04550_,5.04
_07827_,5.04
_02784_,5.025
DM_inst.D_Memory\[16\]\[0\],5.02
DM_inst.D_Memory\[24\]\[2\],5.02
DM_inst.D_Memory\[29\]\[23\],5.02
DM_inst.D_Memory\[54\]\[26\],5.02
RF_inst.Registers\[4\]\[3\],5.02
_01886_,5.02
_02873_,5.02
_02974_,5.02
_02993_,5.02
_05242_,5.02
_05781_,5.02
net2367,5.02
_00775_,5
_00784_,5
_01022_,5
_01424_,5
_01845_,5
_01872_,5
_02370_,5
_02382_,5
_02413_,5
_02560_,5
_02614_,5
_02779_,5
_03016_,5
_03072_,5
_03241_,5
_03320_,5
_03342_,5
_03528_,5
_03871_,5
_00119_,4.99
_00358_,4.99
_00964_,4.99
_01067_,4.99
_01619_,4.99
_02023_,4.99
_02051_,4.99
_02280_,4.99
_00039_,4.97
_00063_,4.97
_00102_,4.97
_01152_,4.97
_01416_,4.97
_01895_,4.97
_02046_,4.97
_02135_,4.97
_01664_,4.95
DM_inst.D_Memory\[47\]\[31\],4.94
DM_inst.D_Memory\[6\]\[0\],4.94
_02599_,4.94
_03248_,4.94
_03464_,4.94
_03621_,4.94
_03822_,4.94
_04277_,4.94
_05230_,4.94
net250,4.94
net255,4.94
net262,4.94
net271,4.94
net286,4.94
net287,4.94
net304,4.94
net327,4.94
net338,4.94
net351,4.94
net369,4.94
net375,4.94
net400,4.94
net453,4.94
net471,4.94
net478,4.94
net487,4.94
net489,4.94
net606,4.94
net621,4.94
net713,4.94
net741,4.94
net743,4.94
net834,4.94
net878,4.94
net883,4.94
net930,4.94
net960,4.94
net1057,4.94
net1066,4.94
net1125,4.94
net1147,4.94
net1301,4.94
net1493,4.94
net1522,4.94
net1534,4.94
net1536,4.94
net1557,4.94
net1583,4.94
net1674,4.94
net1705,4.94
net1724,4.94
net1760,4.94
net1787,4.94
net1843,4.94
net1881,4.94
net1917,4.94
net2101,4.94
_00140_,4.93
_01034_,4.93
_01094_,4.93
_01183_,4.93
_01278_,4.93
_01348_,4.93
_01372_,4.93
_01632_,4.93
_01704_,4.93
_01735_,4.93
_01819_,4.93
_01914_,4.93
_02162_,4.93
_02242_,4.93
DM_inst.D_Memory\[10\]\[18\],4.92
DM_inst.D_Memory\[10\]\[20\],4.92
DM_inst.D_Memory\[10\]\[25\],4.92
DM_inst.D_Memory\[14\]\[17\],4.92
DM_inst.D_Memory\[14\]\[29\],4.92
DM_inst.D_Memory\[15\]\[28\],4.92
DM_inst.D_Memory\[16\]\[15\],4.92
DM_inst.D_Memory\[16\]\[7\],4.92
DM_inst.D_Memory\[22\]\[25\],4.92
DM_inst.D_Memory\[24\]\[29\],4.92
DM_inst.D_Memory\[26\]\[9\],4.92
DM_inst.D_Memory\[27\]\[11\],4.92
DM_inst.D_Memory\[28\]\[3\],4.92
DM_inst.D_Memory\[35\]\[13\],4.92
DM_inst.D_Memory\[35\]\[1\],4.92
DM_inst.D_Memory\[35\]\[21\],4.92
DM_inst.D_Memory\[37\]\[28\],4.92
DM_inst.D_Memory\[39\]\[4\],4.92
DM_inst.D_Memory\[3\]\[29\],4.92
DM_inst.D_Memory\[46\]\[0\],4.92
DM_inst.D_Memory\[47\]\[11\],4.92
DM_inst.D_Memory\[47\]\[13\],4.92
DM_inst.D_Memory\[47\]\[1\],4.92
DM_inst.D_Memory\[48\]\[14\],4.92
DM_inst.D_Memory\[49\]\[14\],4.92
DM_inst.D_Memory\[51\]\[13\],4.92
DM_inst.D_Memory\[51\]\[19\],4.92
DM_inst.D_Memory\[52\]\[14\],4.92
DM_inst.D_Memory\[55\]\[13\],4.92
DM_inst.D_Memory\[60\]\[13\],4.92
DM_inst.D_Memory\[7\]\[22\],4.92
DM_inst.D_Memory\[8\]\[12\],4.92
PC_Mux.out\[20\],4.92
_01774_,4.92
_02265_,4.92
_02322_,4.92
_02349_,4.92
_02392_,4.92
_02419_,4.92
_02440_,4.92
_02555_,4.92
_02571_,4.92
_02655_,4.92
_02713_,4.92
_02723_,4.92
_02890_,4.92
_02998_,4.92
_03168_,4.92
_03205_,4.92
_03207_,4.92
_03283_,4.92
_03352_,4.92
_03389_,4.92
_03495_,4.92
_03568_,4.92
_03616_,4.92
_03633_,4.92
_03638_,4.92
_03730_,4.92
_03780_,4.92
_03832_,4.92
_04042_,4.92
_04126_,4.92
_04382_,4.92
_04423_,4.92
_04427_,4.92
_04571_,4.92
_04978_,4.92
_06071_,4.92
_06431_,4.92
_06471_,4.92
_06529_,4.92
_06606_,4.92
_06873_,4.92
_06891_,4.92
_07201_,4.92
_07242_,4.92
_07399_,4.92
_07407_,4.92
_07495_,4.92
_07558_,4.92
_07573_,4.92
_07607_,4.92
_07724_,4.92
_07747_,4.92
_07769_,4.92
_07776_,4.92
_07796_,4.92
net276,4.92
net292,4.92
net296,4.92
net308,4.92
net571,4.92
net587,4.92
net611,4.92
net774,4.92
net812,4.92
net879,4.92
net957,4.92
net1049,4.92
net1210,4.92
net1398,4.92
net1466,4.92
net1615,4.92
net1653,4.92
net1748,4.92
net1813,4.92
net1954,4.92
net2040,4.92
net2124,4.92
net2142,4.92
net2155,4.92
net2322,4.92
DM_inst.D_Memory\[20\]\[29\],4.9
DM_inst.D_Memory\[23\]\[28\],4.9
DM_inst.D_Memory\[48\]\[0\],4.9
DM_inst.D_Memory\[51\]\[24\],4.9
_01021_,4.9
_04722_,4.9
_04905_,4.9
_07018_,4.9
_07143_,4.9
_07176_,4.9
_07432_,4.9
DM_inst.D_Memory\[15\]\[26\],4.88
DM_inst.D_Memory\[17\]\[20\],4.88
DM_inst.D_Memory\[19\]\[18\],4.88
DM_inst.D_Memory\[20\]\[19\],4.88
DM_inst.D_Memory\[23\]\[10\],4.88
DM_inst.D_Memory\[26\]\[17\],4.88
DM_inst.D_Memory\[28\]\[7\],4.88
DM_inst.D_Memory\[32\]\[11\],4.88
DM_inst.D_Memory\[36\]\[13\],4.88
DM_inst.D_Memory\[38\]\[29\],4.88
DM_inst.D_Memory\[39\]\[19\],4.88
DM_inst.D_Memory\[39\]\[6\],4.88
DM_inst.D_Memory\[40\]\[23\],4.88
DM_inst.D_Memory\[41\]\[19\],4.88
DM_inst.D_Memory\[42\]\[13\],4.88
DM_inst.D_Memory\[43\]\[11\],4.88
DM_inst.D_Memory\[43\]\[12\],4.88
DM_inst.D_Memory\[48\]\[1\],4.88
DM_inst.D_Memory\[48\]\[6\],4.88
DM_inst.D_Memory\[4\]\[25\],4.88
DM_inst.D_Memory\[52\]\[31\],4.88
DM_inst.D_Memory\[53\]\[11\],4.88
DM_inst.D_Memory\[54\]\[9\],4.88
DM_inst.D_Memory\[58\]\[16\],4.88
DM_inst.D_Memory\[59\]\[25\],4.88
DM_inst.D_Memory\[63\]\[30\],4.88
DM_inst.D_Memory\[6\]\[2\],4.88
DM_inst.D_Memory\[7\]\[7\],4.88
RF_inst.Registers\[6\]\[28\],4.88
_00207_,4.88
_00332_,4.88
_00860_,4.88
_00923_,4.88
_00948_,4.88
_01502_,4.88
_01604_,4.88
_01720_,4.88
_02141_,4.88
_02257_,4.88
_02342_,4.88
_02448_,4.88
_04663_,4.88
_04818_,4.88
_04939_,4.88
_05463_,4.88
_05854_,4.88
_06046_,4.88
_06668_,4.88
_06965_,4.88
_07239_,4.88
_07294_,4.88
_07360_,4.88
_07367_,4.88
_07460_,4.88
_07561_,4.88
net143,4.88
net1097,4.88
_00000_,4.87
_00497_,4.87
_00528_,4.87
_00613_,4.87
_00984_,4.87
_01276_,4.87
_02152_,4.87
_02273_,4.87
ALU_out[20],4.85
ALU_out[28],4.85
Instr_out[12],4.85
net130,4.85
Instr_out[6],4.85
PC_out[15],4.85
PC_out[20],4.85
PC_out[26],4.85
WriteBack_out[14],4.85
WriteBack_out[9],4.85
_00755_,4.85
_01082_,4.85
_07307_,4.84
DM_inst.D_Memory\[1\]\[22\],4.82
DM_inst.D_Memory\[25\]\[18\],4.82
DM_inst.D_Memory\[47\]\[17\],4.82
DM_inst.D_Memory\[54\]\[20\],4.82
_04603_,4.82
_04659_,4.82
_04724_,4.82
_04970_,4.82
_05033_,4.82
_05516_,4.82
_06446_,4.82
_06511_,4.82
_06544_,4.82
_06842_,4.82
_07077_,4.82
_07094_,4.82
_07174_,4.82
_07186_,4.82
_07283_,4.82
_07306_,4.82
_07503_,4.82
_07788_,4.82
DM_inst.D_Memory\[28\]\[23\],4.8
DM_inst.D_Memory\[38\]\[3\],4.8
DM_inst.D_Memory\[38\]\[6\],4.8
DM_inst.D_Memory\[47\]\[18\],4.8
_01494_,4.8
_02616_,4.8
_03284_,4.8
_03718_,4.8
_03784_,4.8
_04071_,4.8
_04197_,4.8
_04408_,4.8
_04435_,4.8
_04553_,4.8
_04701_,4.8
_04886_,4.8
_04907_,4.8
_05087_,4.8
_05263_,4.8
_05364_,4.8
_05664_,4.8
_06430_,4.8
_06522_,4.8
_06546_,4.8
_06615_,4.8
_06728_,4.8
_07150_,4.8
_07273_,4.8
_07338_,4.8
_07414_,4.8
_07661_,4.8
_07704_,4.8
_07768_,4.8
_07777_,4.8
net460,4.8
net464,4.8
net491,4.8
net497,4.8
net543,4.8
net551,4.8
net706,4.8
net749,4.8
net753,4.8
net760,4.8
net847,4.8
net865,4.8
net895,4.8
net981,4.8
net997,4.8
net1180,4.8
net1223,4.8
net1225,4.8
net1280,4.8
net1342,4.8
net1405,4.8
net1415,4.8
net1418,4.8
net1460,4.8
net1465,4.8
net1492,4.8
net1513,4.8
net1515,4.8
net1538,4.8
net1568,4.8
net1598,4.8
net1640,4.8
net1652,4.8
net1718,4.8
net1757,4.8
net1768,4.8
net1821,4.8
net1849,4.8
net1852,4.8
net1880,4.8
net1948,4.8
net1971,4.8
net1994,4.8
net2027,4.8
net2046,4.8
net2102,4.8
net2188,4.8
net2236,4.8
_05777_,4.785
DM_inst.D_Memory\[35\]\[26\],4.78
RF_inst.Registers\[5\]\[9\],4.78
_00126_,4.78
_01331_,4.78
_04381_,4.78
_02677_,4.765
_03180_,4.765
_03538_,4.765
_03653_,4.765
_03731_,4.765
_03991_,4.765
_04181_,4.765
_04289_,4.765
_04483_,4.765
_04492_,4.765
_00074_,4.76
_00387_,4.76
_00405_,4.76
_00442_,4.76
_00477_,4.76
_00897_,4.76
_00941_,4.76
_01243_,4.76
_01546_,4.76
_01601_,4.76
_01980_,4.76
_02029_,4.76
_05324_,4.76
_05432_,4.76
_05628_,4.76
_06866_,4.76
_07719_,4.76
net953,4.76
net1846,4.76
net1899,4.76
net2237,4.76
ALU_out[4],4.73
_00186_,4.73
_00489_,4.73
_00644_,4.73
_00782_,4.73
_00985_,4.73
_00992_,4.73
_01659_,4.73
_02093_,4.73
_02200_,4.73
DM_inst.D_Memory\[35\]\[29\],4.7
_06391_,4.7
net159,4.7
_00217_,4.68
_00658_,4.68
_00842_,4.68
_00871_,4.68
_01291_,4.68
_01471_,4.68
_01893_,4.68
_01986_,4.68
_02826_,4.68
_02966_,4.68
_03222_,4.68
_03543_,4.68
_03668_,4.68
_03769_,4.68
_03903_,4.68
_04270_,4.68
_04334_,4.68
_04354_,4.68
_04422_,4.68
_06844_,4.68
_07662_,4.68
net1149,4.68
net1402,4.68
net136,4.61
net137,4.61
_00046_,4.61
_00244_,4.61
_00503_,4.61
_00611_,4.61
_01051_,4.61
_01131_,4.61
_01234_,4.61
_01541_,4.61
_01702_,4.61
_01782_,4.61
_02098_,4.61
_03998_,4.605
DM_inst.D_Memory\[15\]\[13\],4.6
DM_inst.D_Memory\[15\]\[9\],4.6
DM_inst.D_Memory\[28\]\[1\],4.6
DM_inst.D_Memory\[31\]\[22\],4.6
DM_inst.D_Memory\[52\]\[27\],4.6
_05764_,4.6
net197,4.6
net263,4.6
net297,4.6
net309,4.6
net342,4.6
net356,4.6
net365,4.6
net411,4.6
net430,4.6
net480,4.6
net524,4.6
net550,4.6
net629,4.6
net644,4.6
net678,4.6
net916,4.6
net939,4.6
net1022,4.6
net1109,4.6
net1129,4.6
net1172,4.6
net1208,4.6
net1249,4.6
net1251,4.6
net1306,4.6
net1312,4.6
net1379,4.6
net1397,4.6
net1438,4.6
net1576,4.6
net1712,4.6
net1887,4.6
net1935,4.6
net1993,4.6
net2042,4.6
net2059,4.6
net2122,4.6
net2247,4.6
net2320,4.6
PC_Mux.out\[22\],4.58
_00654_,4.58
_00674_,4.58
_01108_,4.58
_01961_,4.58
_02222_,4.58
_02364_,4.58
_02399_,4.58
_02436_,4.58
_02466_,4.58
_02467_,4.58
_02487_,4.58
_02600_,4.58
_02835_,4.58
_02881_,4.58
_02965_,4.58
_02968_,4.58
_03065_,4.58
_03165_,4.58
_03187_,4.58
_03191_,4.58
_03398_,4.58
_03403_,4.58
_03516_,4.58
_03612_,4.58
_03625_,4.58
_03652_,4.58
_03677_,4.58
_03728_,4.58
_03855_,4.58
_03955_,4.58
_04032_,4.58
_04116_,4.58
_04142_,4.58
_04149_,4.58
_04238_,4.58
_04262_,4.58
_04263_,4.58
_04293_,4.58
_04300_,4.58
_04393_,4.58
_04421_,4.58
_04518_,4.58
_04570_,4.58
_05887_,4.58
_06832_,4.58
_02409_,4.565
_03145_,4.565
DM_inst.D_Memory\[27\]\[30\],4.56
DM_inst.D_Memory\[28\]\[31\],4.56
DM_inst.D_Memory\[36\]\[12\],4.56
DM_inst.D_Memory\[51\]\[17\],4.56
DM_inst.D_Memory\[5\]\[17\],4.56
DM_inst.D_Memory\[6\]\[21\],4.56
_00588_,4.56
_00717_,4.56
_01020_,4.56
_01377_,4.56
_01635_,4.56
_02680_,4.56
_03021_,4.56
_03593_,4.56
_04438_,4.56
_00093_,4.54
_00133_,4.54
_00250_,4.54
_00354_,4.54
_00416_,4.54
_00506_,4.54
_00618_,4.54
_00846_,4.54
_00859_,4.54
_00893_,4.54
_00937_,4.54
_01093_,4.54
_01360_,4.54
_01370_,4.54
_01375_,4.54
_01414_,4.54
_01571_,4.54
_01639_,4.54
_01891_,4.54
_02167_,4.54
_02192_,4.54
_02283_,4.54
_02357_,4.54
_02689_,4.54
_02760_,4.54
_02989_,4.54
_03364_,4.54
_03413_,4.54
_00072_,4.53
_01142_,4.53
_00270_,4.51
_00327_,4.51
_00526_,4.51
_00530_,4.51
_00608_,4.51
_00635_,4.51
_00720_,4.51
_01128_,4.51
_01178_,4.51
_01652_,4.51
_02664_,4.505
net474,4.5
_02231_,4.49
DM_inst.D_Memory\[12\]\[9\],4.48
DM_inst.D_Memory\[21\]\[9\],4.48
RF_inst.Registers\[2\]\[5\],4.48
RF_inst.Registers\[5\]\[14\],4.48
_02746_,4.48
_03971_,4.48
_05701_,4.48
_06373_,4.48
net267,4.48
net279,4.48
net313,4.48
net353,4.48
net357,4.48
net359,4.48
net366,4.48
net418,4.48
net420,4.48
net422,4.48
net434,4.48
net484,4.48
net494,4.48
net500,4.48
net502,4.48
net519,4.48
net522,4.48
net532,4.48
net576,4.48
net581,4.48
net589,4.48
net646,4.48
net666,4.48
net689,4.48
net768,4.48
net779,4.48
net803,4.48
net841,4.48
net843,4.48
net849,4.48
net901,4.48
net905,4.48
net943,4.48
net972,4.48
net990,4.48
net1091,4.48
net1101,4.48
net1138,4.48
net1159,4.48
net1204,4.48
net1246,4.48
net1290,4.48
net1328,4.48
net1330,4.48
net1334,4.48
net1341,4.48
net1609,4.48
net1673,4.48
net1722,4.48
net1738,4.48
net1789,4.48
net1879,4.48
net1892,4.48
net1893,4.48
net2011,4.48
net2024,4.48
net2232,4.48
net2294,4.48
_00117_,4.47
_00240_,4.47
_01994_,4.47
DM_inst.D_Memory\[11\]\[13\],4.46
DM_inst.D_Memory\[14\]\[7\],4.46
DM_inst.D_Memory\[15\]\[18\],4.46
DM_inst.D_Memory\[15\]\[2\],4.46
DM_inst.D_Memory\[15\]\[8\],4.46
DM_inst.D_Memory\[16\]\[1\],4.46
DM_inst.D_Memory\[18\]\[31\],4.46
DM_inst.D_Memory\[21\]\[28\],4.46
DM_inst.D_Memory\[22\]\[2\],4.46
DM_inst.D_Memory\[24\]\[25\],4.46
DM_inst.D_Memory\[25\]\[1\],4.46
DM_inst.D_Memory\[25\]\[4\],4.46
DM_inst.D_Memory\[29\]\[13\],4.46
DM_inst.D_Memory\[34\]\[27\],4.46
DM_inst.D_Memory\[3\]\[27\],4.46
DM_inst.D_Memory\[40\]\[5\],4.46
DM_inst.D_Memory\[41\]\[30\],4.46
DM_inst.D_Memory\[42\]\[21\],4.46
DM_inst.D_Memory\[47\]\[10\],4.46
DM_inst.D_Memory\[47\]\[25\],4.46
DM_inst.D_Memory\[50\]\[11\],4.46
DM_inst.D_Memory\[50\]\[31\],4.46
DM_inst.D_Memory\[53\]\[10\],4.46
DM_inst.D_Memory\[60\]\[27\],4.46
DM_inst.D_Memory\[61\]\[16\],4.46
DM_inst.D_Memory\[7\]\[12\],4.46
DM_inst.D_Memory\[9\]\[0\],4.46
DM_inst.D_Memory\[9\]\[8\],4.46
DM_inst.D_Memory\[9\]\[9\],4.46
RF_inst.Registers\[4\]\[26\],4.46
_02422_,4.46
_02511_,4.46
_02562_,4.46
_02630_,4.46
_02733_,4.46
_02801_,4.46
_03142_,4.46
_03210_,4.46
_03239_,4.46
_03309_,4.46
_03371_,4.46
_03394_,4.46
_03500_,4.46
_03535_,4.46
_03627_,4.46
_03650_,4.46
_03724_,4.46
_03752_,4.46
_03754_,4.46
_03763_,4.46
_03804_,4.46
_03907_,4.46
_04029_,4.46
_04041_,4.46
_04062_,4.46
_04130_,4.46
_04146_,4.46
_04180_,4.46
_04344_,4.46
_04386_,4.46
_04417_,4.46
_04445_,4.46
_04726_,4.46
_04882_,4.46
_04932_,4.46
_05094_,4.46
_05182_,4.46
_05238_,4.46
_05421_,4.46
_05861_,4.46
_06412_,4.46
_06561_,4.46
_06653_,4.46
_06824_,4.46
_06942_,4.46
_07053_,4.46
_07288_,4.46
_07362_,4.46
_07404_,4.46
_07415_,4.46
_07454_,4.46
_07672_,4.46
_07725_,4.46
_07754_,4.46
_07774_,4.46
_07781_,4.46
net328,4.46
net358,4.46
net371,4.46
net392,4.46
net397,4.46
net450,4.46
net452,4.46
net472,4.46
net483,4.46
net510,4.46
net511,4.46
net515,4.46
net535,4.46
net556,4.46
net583,4.46
net584,4.46
net588,4.46
net595,4.46
net596,4.46
net599,4.46
net623,4.46
net626,4.46
net636,4.46
net645,4.46
net674,4.46
net677,4.46
net688,4.46
net701,4.46
net718,4.46
net723,4.46
net727,4.46
net733,4.46
net772,4.46
net778,4.46
net782,4.46
net785,4.46
net791,4.46
net809,4.46
net824,4.46
net827,4.46
net830,4.46
net833,4.46
net850,4.46
net860,4.46
net861,4.46
net863,4.46
net869,4.46
net908,4.46
net934,4.46
net956,4.46
net980,4.46
net989,4.46
net1003,4.46
net1021,4.46
net1027,4.46
net1029,4.46
net1033,4.46
net1035,4.46
net1036,4.46
net1045,4.46
net1050,4.46
net1054,4.46
net1061,4.46
net1063,4.46
net1064,4.46
net1078,4.46
net1079,4.46
net1081,4.46
net1086,4.46
net1088,4.46
net1092,4.46
net1103,4.46
net1110,4.46
net1114,4.46
net1122,4.46
net1126,4.46
net1143,4.46
net1152,4.46
net1190,4.46
net1198,4.46
net1220,4.46
net1229,4.46
net1230,4.46
net1232,4.46
net1248,4.46
net1256,4.46
net1271,4.46
net1275,4.46
net1278,4.46
net1283,4.46
net1295,4.46
net1303,4.46
net1304,4.46
net1310,4.46
net1313,4.46
net1314,4.46
net1317,4.46
net1318,4.46
net1319,4.46
net1320,4.46
net1346,4.46
net1358,4.46
net1362,4.46
net1372,4.46
net1373,4.46
net1385,4.46
net1388,4.46
net1393,4.46
net1396,4.46
net1399,4.46
net1406,4.46
net1421,4.46
net1425,4.46
net1431,4.46
net1445,4.46
net1447,4.46
net1451,4.46
net1459,4.46
net1467,4.46
net1478,4.46
net1479,4.46
net1481,4.46
net1495,4.46
net1499,4.46
net1523,4.46
net1529,4.46
net1548,4.46
net1558,4.46
net1565,4.46
net1567,4.46
net1578,4.46
net1579,4.46
net1593,4.46
net1605,4.46
net1633,4.46
net1641,4.46
net1642,4.46
net1645,4.46
net1661,4.46
net1676,4.46
net1683,4.46
net1699,4.46
net1708,4.46
net1711,4.46
net1714,4.46
net1727,4.46
net1728,4.46
net1740,4.46
net1743,4.46
net1745,4.46
net1752,4.46
net1753,4.46
net1754,4.46
net1764,4.46
net1792,4.46
net1799,4.46
net1803,4.46
net1829,4.46
net1850,4.46
net1857,4.46
net1866,4.46
net1871,4.46
net1906,4.46
net1915,4.46
net1941,4.46
net1962,4.46
net2016,4.46
net2028,4.46
net2033,4.46
net2037,4.46
net2038,4.46
net2140,4.46
net2222,4.46
net2260,4.46
net2292,4.46
DM_inst.D_Memory\[19\]\[27\],4.44
DM_inst.D_Memory\[57\]\[5\],4.44
RF_inst.Registers\[4\]\[6\],4.44
_00498_,4.44
_02856_,4.44
_04937_,4.44
DM_inst.D_Memory\[10\]\[30\],4.42
DM_inst.D_Memory\[12\]\[16\],4.42
DM_inst.D_Memory\[27\]\[16\],4.42
DM_inst.D_Memory\[27\]\[6\],4.42
DM_inst.D_Memory\[29\]\[21\],4.42
DM_inst.D_Memory\[2\]\[3\],4.42
DM_inst.D_Memory\[37\]\[14\],4.42
DM_inst.D_Memory\[40\]\[2\],4.42
DM_inst.D_Memory\[40\]\[6\],4.42
DM_inst.D_Memory\[49\]\[30\],4.42
DM_inst.D_Memory\[57\]\[22\],4.42
DM_inst.D_Memory\[60\]\[2\],4.42
DM_inst.D_Memory\[60\]\[9\],4.42
RF_inst.Registers\[4\]\[13\],4.42
_00432_,4.42
_00858_,4.42
_01173_,4.42
_01228_,4.42
_01410_,4.42
_01517_,4.42
_01520_,4.42
_02020_,4.42
_02096_,4.42
_02104_,4.42
_02598_,4.42
_03799_,4.42
_04374_,4.42
_05848_,4.42
_07069_,4.42
net1491,4.42
net2324,4.42
_00435_,4.41
_01565_,4.41
_01723_,4.41
_01775_,4.41
_01853_,4.41
_01902_,4.41
_02034_,4.41
ALU_out[12],4.39
ALU_out[25],4.39
ALU_out[8],4.39
Instr_out[9],4.39
PC_out[14],4.39
PC_out[17],4.39
PC_out[23],4.39
PC_out[25],4.39
WriteBack_out[0],4.39
_00396_,4.39
_00738_,4.39
_00258_,4.37
DM_inst.D_Memory\[48\]\[11\],4.36
DM_inst.D_Memory\[52\]\[2\],4.36
DM_inst.D_Memory\[61\]\[27\],4.36
_04831_,4.36
_04868_,4.36
_04877_,4.36
_04942_,4.36
_05052_,4.36
_05112_,4.36
_05113_,4.36
_05192_,4.36
_05301_,4.36
_05593_,4.36
_06362_,4.36
_06405_,4.36
_06497_,4.36
_06730_,4.36
_06759_,4.36
_06885_,4.36
_07286_,4.36
_07566_,4.36
_07627_,4.36
_07821_,4.36
net1324,4.36
DM_inst.D_Memory\[32\]\[14\],4.34
DM_inst.D_Memory\[4\]\[6\],4.34
DM_inst.D_Memory\[55\]\[3\],4.34
_00107_,4.34
_00345_,4.34
_00772_,4.34
_02168_,4.34
_02348_,4.34
_02553_,4.34
_02582_,4.34
_02667_,4.34
_02861_,4.34
_02901_,4.34
_02920_,4.34
_02979_,4.34
_03359_,4.34
_03423_,4.34
_03428_,4.34
_03542_,4.34
_03642_,4.34
_03679_,4.34
_03712_,4.34
_03829_,4.34
_03844_,4.34
_03875_,4.34
_03969_,4.34
_04082_,4.34
_04112_,4.34
_04280_,4.34
_04343_,4.34
_04463_,4.34
_04477_,4.34
_04481_,4.34
_04490_,4.34
_04595_,4.34
_04633_,4.34
_04747_,4.34
_04771_,4.34
_04775_,4.34
_04794_,4.34
_04826_,4.34
_04865_,4.34
_04916_,4.34
_04965_,4.34
_05196_,4.34
_05837_,4.34
_06396_,4.34
_06567_,4.34
_07462_,4.34
_07485_,4.34
_07497_,4.34
_07536_,4.34
_07630_,4.34
_07660_,4.34
_07791_,4.34
_07841_,4.34
net198,4.34
net201,4.34
net344,4.34
net424,4.34
net573,4.34
net625,4.34
net631,4.34
net668,4.34
net720,4.34
net887,4.34
net1058,4.34
net1316,4.34
net1468,4.34
net1472,4.34
net1524,4.34
net1736,4.34
net1796,4.34
net1838,4.34
net1938,4.34
net1977,4.34
net2120,4.34
net2150,4.34
net2173,4.34
net2245,4.34
net2285,4.34
net2306,4.34
net2366,4.34
_02672_,4.305
_02685_,4.305
_03825_,4.305
_03856_,4.305
_00071_,4.27
_00252_,4.27
_00347_,4.27
_00811_,4.27
_01025_,4.27
_01518_,4.27
_02088_,4.27
_02125_,4.27
_02243_,4.27
_02506_,4.265
DM_inst.D_Memory\[37\]\[18\],4.24
_02623_,4.24
_03073_,4.24
_03911_,4.24
_05803_,4.24
DM_inst.D_Memory\[11\]\[17\],4.22
_01097_,4.22
_01362_,4.22
_02042_,4.22
_02070_,4.22
_02107_,4.22
_02618_,4.22
_03408_,4.22
_03609_,4.22
_03920_,4.22
_04059_,4.22
_04072_,4.22
_04165_,4.22
_04497_,4.22
_07296_,4.22
net2293,4.2
_00634_,4.15
_00884_,4.15
_00946_,4.15
_01027_,4.15
_01347_,4.15
_01599_,4.15
_01716_,4.15
_01925_,4.15
PC_Mux.out\[26\],4.145
_02592_,4.145
DM_inst.D_Memory\[13\]\[2\],4.14
DM_inst.D_Memory\[18\]\[6\],4.14
DM_inst.D_Memory\[1\]\[2\],4.14
DM_inst.D_Memory\[20\]\[6\],4.14
DM_inst.D_Memory\[22\]\[22\],4.14
DM_inst.D_Memory\[22\]\[6\],4.14
DM_inst.D_Memory\[23\]\[14\],4.14
DM_inst.D_Memory\[27\]\[17\],4.14
DM_inst.D_Memory\[32\]\[19\],4.14
DM_inst.D_Memory\[35\]\[7\],4.14
DM_inst.D_Memory\[39\]\[31\],4.14
DM_inst.D_Memory\[44\]\[30\],4.14
DM_inst.D_Memory\[45\]\[17\],4.14
DM_inst.D_Memory\[48\]\[5\],4.14
DM_inst.D_Memory\[53\]\[14\],4.14
DM_inst.D_Memory\[5\]\[3\],4.14
DM_inst.D_Memory\[8\]\[19\],4.14
_05401_,4.14
net200,4.14
net205,4.14
net238,4.14
net268,4.14
net274,4.14
net362,4.14
net363,4.14
net389,4.14
net416,4.14
net427,4.14
net438,4.14
net547,4.14
net555,4.14
net569,4.14
net600,4.14
net601,4.14
net672,4.14
net710,4.14
net711,4.14
net786,4.14
net817,4.14
net844,4.14
net874,4.14
net876,4.14
net921,4.14
net933,4.14
net1131,4.14
net1141,4.14
net1195,4.14
net1226,4.14
net1262,4.14
net1266,4.14
net1414,4.14
net1531,4.14
net1544,4.14
net1587,4.14
net1596,4.14
net1636,4.14
net1649,4.14
net1723,4.14
net1758,4.14
net1779,4.14
net1811,4.14
net1816,4.14
net1824,4.14
net1972,4.14
net1984,4.14
net1989,4.14
net1998,4.14
net2051,4.14
net2103,4.14
net2133,4.14
net2201,4.14
net2213,4.14
PC_Mux.out\[14\],4.12
_00728_,4.12
_01120_,4.12
_01622_,4.12
_02376_,4.12
_02470_,4.12
_02476_,4.12
_02498_,4.12
_02572_,4.12
_02708_,4.12
_02716_,4.12
_02871_,4.12
_02897_,4.12
_03079_,4.12
_03237_,4.12
_03286_,4.12
_03336_,4.12
_03354_,4.12
_03378_,4.12
_03411_,4.12
_03474_,4.12
_03550_,4.12
_03604_,4.12
_03629_,4.12
_03760_,4.12
_03830_,4.12
_03840_,4.12
_03869_,4.12
_03872_,4.12
_03967_,4.12
_04153_,4.12
_04257_,4.12
_04282_,4.12
_04397_,4.12
_04403_,4.12
_04470_,4.12
_04506_,4.12
_04566_,4.12
_04574_,4.12
DM_inst.D_Memory\[39\]\[24\],4.1
DM_inst.D_Memory\[41\]\[10\],4.1
DM_inst.D_Memory\[6\]\[15\],4.1
_00436_,4.1
_00753_,4.1
_01165_,4.1
_01205_,4.1
_01373_,4.1
_02022_,4.1
net207,4.1
net1665,4.1
net1911,4.1
net2183,4.1
_00168_,4.08
_00178_,4.08
_00381_,4.08
_00390_,4.08
_00475_,4.08
_00499_,4.08
_00514_,4.08
_00643_,4.08
_00657_,4.08
_00670_,4.08
_00687_,4.08
_00798_,4.08
_00849_,4.08
_00952_,4.08
_01026_,4.08
_01260_,4.08
_01332_,4.08
_01374_,4.08
_01451_,4.08
_01701_,4.08
_01757_,4.08
_01792_,4.08
_01831_,4.08
_01928_,4.08
_02056_,4.08
_02061_,4.08
_02068_,4.08
_02112_,4.08
_02171_,4.08
_02207_,4.08
_02240_,4.08
_02256_,4.08
_02361_,4.08
_02596_,4.08
_02798_,4.08
_00693_,4.07
_01312_,4.07
_01512_,4.07
_00070_,4.05
_00254_,4.05
_00326_,4.05
_00340_,4.05
_00350_,4.05
_00703_,4.05
_00734_,4.05
_00769_,4.05
_01341_,4.05
_01376_,4.05
_01594_,4.05
_01738_,4.05
_01744_,4.05
_01898_,4.05
_02047_,4.05
_02123_,4.05
PC_Mux.out\[17\],4.02
_05219_,4.02
_05355_,4.02
_05773_,4.02
_05810_,4.02
_05868_,4.02
_05883_,4.02
net251,4.02
net253,4.02
net258,4.02
net264,4.02
net306,4.02
net334,4.02
net360,4.02
net372,4.02
net379,4.02
net396,4.02
net398,4.02
net413,4.02
net439,4.02
net465,4.02
net574,4.02
net577,4.02
net639,4.02
net699,4.02
net708,4.02
net761,4.02
net810,4.02
net829,4.02
net831,4.02
net875,4.02
net889,4.02
net894,4.02
net924,4.02
net940,4.02
net949,4.02
net994,4.02
net1015,4.02
net1048,4.02
net1094,4.02
net1234,4.02
net1264,4.02
net1272,4.02
net1392,4.02
net1434,4.02
net1528,4.02
net1627,4.02
net1634,4.02
net1835,4.02
net1909,4.02
net1910,4.02
net1967,4.02
net1986,4.02
net2002,4.02
net2004,4.02
net2009,4.02
net2086,4.02
net2154,4.02
net2196,4.02
net2215,4.02
DM_inst.D_Memory\[10\]\[19\],4
DM_inst.D_Memory\[10\]\[5\],4
DM_inst.D_Memory\[11\]\[24\],4
DM_inst.D_Memory\[12\]\[10\],4
DM_inst.D_Memory\[12\]\[25\],4
DM_inst.D_Memory\[15\]\[20\],4
DM_inst.D_Memory\[15\]\[29\],4
DM_inst.D_Memory\[16\]\[11\],4
DM_inst.D_Memory\[16\]\[21\],4
DM_inst.D_Memory\[16\]\[25\],4
DM_inst.D_Memory\[18\]\[13\],4
DM_inst.D_Memory\[19\]\[3\],4
DM_inst.D_Memory\[1\]\[16\],4
DM_inst.D_Memory\[1\]\[20\],4
DM_inst.D_Memory\[24\]\[8\],4
DM_inst.D_Memory\[25\]\[19\],4
DM_inst.D_Memory\[31\]\[7\],4
DM_inst.D_Memory\[33\]\[25\],4
DM_inst.D_Memory\[35\]\[3\],4
DM_inst.D_Memory\[38\]\[30\],4
DM_inst.D_Memory\[42\]\[4\],4
DM_inst.D_Memory\[44\]\[12\],4
DM_inst.D_Memory\[45\]\[0\],4
DM_inst.D_Memory\[45\]\[14\],4
DM_inst.D_Memory\[45\]\[20\],4
DM_inst.D_Memory\[49\]\[26\],4
DM_inst.D_Memory\[4\]\[19\],4
DM_inst.D_Memory\[50\]\[3\],4
DM_inst.D_Memory\[51\]\[6\],4
DM_inst.D_Memory\[53\]\[27\],4
DM_inst.D_Memory\[54\]\[17\],4
DM_inst.D_Memory\[54\]\[23\],4
DM_inst.D_Memory\[54\]\[4\],4
DM_inst.D_Memory\[57\]\[26\],4
DM_inst.D_Memory\[58\]\[4\],4
DM_inst.D_Memory\[59\]\[21\],4
DM_inst.D_Memory\[5\]\[23\],4
DM_inst.D_Memory\[61\]\[28\],4
DM_inst.D_Memory\[63\]\[22\],4
DM_inst.D_Memory\[63\]\[8\],4
DM_inst.D_Memory\[7\]\[23\],4
RF_inst.Registers\[4\]\[1\],4
RF_inst.Registers\[4\]\[21\],4
RF_inst.Registers\[4\]\[28\],4
RF_inst.Registers\[6\]\[0\],4
RF_inst.Registers\[6\]\[19\],4
RF_inst.Registers\[6\]\[30\],4
_01911_,4
_02236_,4
_02355_,4
_02477_,4
_02483_,4
_02520_,4
_02590_,4
_02601_,4
_02615_,4
_02619_,4
_02626_,4
_02650_,4
_02676_,4
_02684_,4
_02688_,4
_02703_,4
_02707_,4
_02715_,4
_02730_,4
_02740_,4
_02743_,4
_02745_,4
_02766_,4
_02770_,4
_02844_,4
_02864_,4
_02867_,4
_02883_,4
_02885_,4
_02914_,4
_02970_,4
_02986_,4
_03010_,4
_03025_,4
_03039_,4
_03059_,4
_03071_,4
_03085_,4
_03086_,4
_03094_,4
_03110_,4
_03127_,4
_03137_,4
_03185_,4
_03195_,4
_03204_,4
_03217_,4
_03242_,4
_03268_,4
_03274_,4
_03292_,4
_03316_,4
_03325_,4
_03357_,4
_03369_,4
_03372_,4
_03374_,4
_03390_,4
_03397_,4
_03435_,4
_03452_,4
_03483_,4
_03511_,4
_03512_,4
_03532_,4
_03537_,4
_03567_,4
_03577_,4
_03579_,4
_03600_,4
_03614_,4
_03624_,4
_03634_,4
_03639_,4
_03649_,4
_03656_,4
_03660_,4
_03667_,4
_03686_,4
_03687_,4
_03699_,4
_03708_,4
_03717_,4
_03729_,4
_03732_,4
_03753_,4
_03773_,4
_03834_,4
_03837_,4
_03849_,4
_03859_,4
_03864_,4
_03887_,4
_03904_,4
_03912_,4
_03913_,4
_03945_,4
_03950_,4
_03951_,4
_03987_,4
_03995_,4
_04001_,4
_04013_,4
_04037_,4
_04039_,4
_04043_,4
_04046_,4
_04051_,4
_04054_,4
_04056_,4
_04058_,4
_04065_,4
_04066_,4
_04078_,4
_04081_,4
_04091_,4
_04096_,4
_04109_,4
_04121_,4
_04123_,4
_04139_,4
_04161_,4
_04162_,4
_04175_,4
_04177_,4
_04182_,4
_04214_,4
_04226_,4
_04228_,4
_04231_,4
_04244_,4
_04275_,4
_04296_,4
_04318_,4
_04320_,4
_04345_,4
_04358_,4
_04367_,4
_04373_,4
_04384_,4
_04385_,4
_04387_,4
_04396_,4
_04405_,4
_04428_,4
_04430_,4
_04450_,4
_04453_,4
_04482_,4
_04486_,4
_04493_,4
_04504_,4
_04522_,4
_04524_,4
_04530_,4
_04535_,4
_04587_,4
_04643_,4
_04861_,4
_05051_,4
_05581_,4
_05685_,4
_05832_,4
_05857_,4
_05995_,4
_06413_,4
_06510_,4
_06640_,4
_07181_,4
_07182_,4
_07328_,4
_07624_,4
net180,4
net283,4
net307,4
net559,4
net562,4
net592,4
net597,4
net704,4
net707,4
net725,4
net763,4
net769,4
net818,4
net867,4
net892,4
net893,4
net906,4
net967,4
net973,4
net1024,4
net1068,4
net1090,4
net1098,4
net1133,4
net1137,4
net1212,4
net1227,4
net1250,4
net1315,4
net1327,4
net1359,4
net1386,4
net1435,4
net1446,4
net1470,4
net1484,4
net1490,4
net1500,4
net1551,4
net1574,4
net1614,4
net1651,4
net1693,4
net1739,4
net1823,4
net1858,4
net1872,4
net1914,4
net1963,4
net1980,4
net2071,4
net2118,4
net2143,4
net2161,4
net2218,4
net2226,4
net2259,4
net2339,4
DM_inst.D_Memory\[29\]\[9\],3.98
DM_inst.D_Memory\[35\]\[9\],3.98
DM_inst.D_Memory\[39\]\[20\],3.98
DM_inst.D_Memory\[39\]\[21\],3.98
DM_inst.D_Memory\[62\]\[3\],3.98
DM_inst.D_Memory\[63\]\[26\],3.98
_07597_,3.98
_01589_,3.95
_01969_,3.95
_02028_,3.95
net135,3.93
DM_inst.D_Memory\[19\]\[9\],3.9
_04644_,3.9
_04647_,3.9
_04694_,3.9
_04703_,3.9
_04748_,3.9
_04888_,3.9
_04930_,3.9
_05064_,3.9
_05177_,3.9
_05259_,3.9
_05936_,3.9
_05957_,3.9
_05966_,3.9
_05967_,3.9
_06365_,3.9
_06368_,3.9
_06440_,3.9
_06448_,3.9
_06732_,3.9
_06809_,3.9
_06875_,3.9
_06978_,3.9
_07028_,3.9
_07074_,3.9
_07103_,3.9
_07105_,3.9
_07179_,3.9
_07187_,3.9
_07229_,3.9
_07233_,3.9
_07334_,3.9
_07365_,3.9
_07390_,3.9
_07396_,3.9
_07426_,3.9
_07464_,3.9
_07478_,3.9
_07522_,3.9
_07526_,3.9
_07581_,3.9
_07585_,3.9
_07626_,3.9
_07634_,3.9
_07675_,3.9
_07726_,3.9
_07822_,3.9
DM_inst.D_Memory\[14\]\[2\],3.88
DM_inst.D_Memory\[14\]\[8\],3.88
DM_inst.D_Memory\[25\]\[12\],3.88
DM_inst.D_Memory\[29\]\[7\],3.88
DM_inst.D_Memory\[2\]\[9\],3.88
DM_inst.D_Memory\[62\]\[2\],3.88
_01338_,3.88
_02643_,3.88
_02742_,3.88
_02799_,3.88
_02839_,3.88
_03301_,3.88
_03353_,3.88
_03436_,3.88
_03700_,3.88
_03777_,3.88
_03944_,3.88
_04008_,3.88
_04117_,3.88
_04168_,3.88
_04415_,3.88
_04543_,3.88
_04578_,3.88
_04594_,3.88
_04651_,3.88
_05013_,3.88
_05525_,3.88
_05744_,3.88
_05834_,3.88
_05847_,3.88
_05903_,3.88
_05971_,3.88
_06643_,3.88
_06661_,3.88
_06700_,3.88
_06840_,3.88
_06935_,3.88
_07280_,3.88
_07320_,3.88
_07604_,3.88
_07635_,3.88
_07692_,3.88
net563,3.88
net976,3.88
net1107,3.88
net1294,3.88
net1370,3.88
net1516,3.88
net1681,3.88
net1704,3.88
net1746,3.88
net1815,3.88
net1952,3.88
net1970,3.88
net1988,3.88
net2104,3.88
net2152,3.88
DM_inst.D_Memory\[30\]\[0\],3.86
_00770_,3.86
PC_Mux.out\[28\],3.845
_02674_,3.845
_02771_,3.845
_02926_,3.845
_03157_,3.845
_03368_,3.845
_03476_,3.845
_03519_,3.845
_03615_,3.845
_03690_,3.845
_04371_,3.845
_04480_,3.845
_04510_,3.845
_04512_,3.845
_05795_,3.82
_00467_,3.81
_01057_,3.81
_01299_,3.81
_01356_,3.81
_01930_,3.81
_02039_,3.81
_02247_,3.81
_03565_,3.805
DM_inst.D_Memory\[47\]\[20\],3.78
DM_inst.D_Memory\[6\]\[6\],3.78
_02414_,3.78
_05272_,3.78
net477,3.78
net2404,3.78
_00136_,3.76
_00246_,3.76
_00262_,3.76
_00580_,3.76
_00666_,3.76
_00804_,3.76
_00832_,3.76
_00977_,3.76
_01071_,3.76
_01386_,3.76
_01420_,3.76
_01870_,3.76
_01929_,3.76
_02311_,3.76
_02491_,3.76
_02617_,3.76
_02812_,3.76
_03206_,3.76
_03385_,3.76
_03424_,3.76
_03790_,3.76
_03811_,3.76
_04095_,3.76
_04808_,3.76
net509,3.76
net1506,3.76
_05574_,3.74
_04297_,3.705
net1279,3.7
_00016_,3.69
_00661_,3.69
_00934_,3.69
_00949_,3.69
_01133_,3.69
_01776_,3.69
_01798_,3.69
_01938_,3.69
_02185_,3.69
_02675_,3.685
_03051_,3.685
DM_inst.D_Memory\[13\]\[24\],3.68
DM_inst.D_Memory\[26\]\[22\],3.68
DM_inst.D_Memory\[32\]\[4\],3.68
DM_inst.D_Memory\[5\]\[15\],3.68
_05318_,3.68
net269,3.68
net275,3.68
net303,3.68
net323,3.68
net349,3.68
net402,3.68
net410,3.68
net415,3.68
net436,3.68
net444,3.68
net455,3.68
net459,3.68
net546,3.68
net553,3.68
net561,3.68
net567,3.68
net578,3.68
net602,3.68
net603,3.68
net635,3.68
net659,3.68
net684,3.68
net693,3.68
net698,3.68
net740,3.68
net747,3.68
net795,3.68
net806,3.68
net854,3.68
net862,3.68
net899,3.68
net966,3.68
net974,3.68
net979,3.68
net1005,3.68
net1019,3.68
net1020,3.68
net1089,3.68
net1106,3.68
net1154,3.68
net1155,3.68
net1185,3.68
net1254,3.68
net1260,3.68
net1292,3.68
net1335,3.68
net1456,3.68
net1556,3.68
net1559,3.68
net1599,3.68
net1613,3.68
net1622,3.68
net1654,3.68
net1670,3.68
net1671,3.68
net1691,3.68
net1720,3.68
net1856,3.68
net1861,3.68
net1869,3.68
net1891,3.68
net1896,3.68
net1928,3.68
net1950,3.68
net1983,3.68
net2003,3.68
net2014,3.68
net2017,3.68
net2072,3.68
net2139,3.68
net2219,3.68
net2231,3.68
net2243,3.68
net2248,3.68
_03264_,3.675
PC_Mux.out\[25\],3.66
PC_Mux.out\[30\],3.66
_00889_,3.66
_01504_,3.66
_01653_,3.66
_01771_,3.66
_02345_,3.66
_02351_,3.66
_02472_,3.66
_02490_,3.66
_02496_,3.66
_02499_,3.66
_02504_,3.66
_02505_,3.66
_02510_,3.66
_02531_,3.66
_02532_,3.66
_02548_,3.66
_02554_,3.66
_02566_,3.66
_02570_,3.66
_02578_,3.66
_02627_,3.66
_02629_,3.66
_02635_,3.66
_02659_,3.66
_02660_,3.66
_02666_,3.66
_02678_,3.66
_02679_,3.66
_02695_,3.66
_02696_,3.66
_02701_,3.66
_02720_,3.66
_02735_,3.66
_02753_,3.66
_02756_,3.66
_02759_,3.66
_02761_,3.66
_02768_,3.66
_02772_,3.66
_02800_,3.66
_02803_,3.66
_02807_,3.66
_02813_,3.66
_02818_,3.66
_02834_,3.66
_02838_,3.66
_02842_,3.66
_02855_,3.66
_02878_,3.66
_02879_,3.66
_02893_,3.66
_02904_,3.66
_02918_,3.66
_02924_,3.66
_02932_,3.66
_02941_,3.66
_02947_,3.66
_02953_,3.66
_02957_,3.66
_02959_,3.66
_02990_,3.66
_03006_,3.66
_03017_,3.66
_03028_,3.66
_03035_,3.66
_03049_,3.66
_03050_,3.66
_03063_,3.66
_03081_,3.66
_03117_,3.66
_03135_,3.66
_03140_,3.66
_03161_,3.66
_03178_,3.66
_03179_,3.66
_03202_,3.66
_03203_,3.66
_03214_,3.66
_03218_,3.66
_03227_,3.66
_03258_,3.66
_03311_,3.66
_03332_,3.66
_03347_,3.66
_03349_,3.66
_03441_,3.66
_03455_,3.66
_03457_,3.66
_03469_,3.66
_03473_,3.66
_03475_,3.66
_03478_,3.66
_03488_,3.66
_03499_,3.66
_03502_,3.66
_03526_,3.66
_03529_,3.66
_03539_,3.66
_03541_,3.66
_03551_,3.66
_03576_,3.66
_03654_,3.66
_03655_,3.66
_03676_,3.66
_03692_,3.66
_03727_,3.66
_03735_,3.66
_03750_,3.66
_03768_,3.66
_03778_,3.66
_03798_,3.66
_03800_,3.66
_03818_,3.66
_03823_,3.66
_03827_,3.66
_03835_,3.66
_03854_,3.66
_03860_,3.66
_03876_,3.66
_03882_,3.66
_03892_,3.66
_03900_,3.66
_03921_,3.66
_03925_,3.66
_03929_,3.66
_03937_,3.66
_03941_,3.66
_03943_,3.66
_03961_,3.66
_03965_,3.66
_03992_,3.66
_03994_,3.66
_04002_,3.66
_04022_,3.66
_04023_,3.66
_04027_,3.66
_04052_,3.66
_04076_,3.66
_04077_,3.66
_04085_,3.66
_04098_,3.66
_04103_,3.66
_04108_,3.66
_04115_,3.66
_04128_,3.66
_04135_,3.66
_04155_,3.66
_04184_,3.66
_04186_,3.66
_04190_,3.66
_04195_,3.66
_04213_,3.66
_04225_,3.66
_04237_,3.66
_04246_,3.66
_04252_,3.66
_04261_,3.66
_04266_,3.66
_04288_,3.66
_04298_,3.66
_04299_,3.66
_04301_,3.66
_04306_,3.66
_04335_,3.66
_04348_,3.66
_04349_,3.66
_04350_,3.66
_04353_,3.66
_04359_,3.66
_04364_,3.66
_04365_,3.66
_04376_,3.66
_04383_,3.66
_04388_,3.66
_04406_,3.66
_04407_,3.66
_04411_,3.66
_04444_,3.66
_04456_,3.66
_04471_,3.66
_04472_,3.66
_04498_,3.66
_04501_,3.66
_04502_,3.66
_04523_,3.66
_04532_,3.66
_04534_,3.66
_04536_,3.66
_04540_,3.66
_04562_,3.66
net2305,3.66
net1976,3.655
DM_inst.D_Memory\[19\]\[28\],3.64
DM_inst.D_Memory\[21\]\[26\],3.64
DM_inst.D_Memory\[25\]\[22\],3.64
DM_inst.D_Memory\[29\]\[6\],3.64
DM_inst.D_Memory\[32\]\[20\],3.64
DM_inst.D_Memory\[33\]\[30\],3.64
DM_inst.D_Memory\[35\]\[5\],3.64
DM_inst.D_Memory\[38\]\[7\],3.64
DM_inst.D_Memory\[43\]\[15\],3.64
DM_inst.D_Memory\[44\]\[10\],3.64
DM_inst.D_Memory\[45\]\[21\],3.64
DM_inst.D_Memory\[50\]\[5\],3.64
DM_inst.D_Memory\[53\]\[22\],3.64
DM_inst.D_Memory\[53\]\[28\],3.64
DM_inst.D_Memory\[57\]\[2\],3.64
RF_inst.Registers\[4\]\[17\],3.64
_00028_,3.64
_00233_,3.64
_00274_,3.64
net2250,3.635
_00108_,3.61
_00150_,3.61
_00443_,3.61
_00610_,3.61
_00743_,3.61
_00793_,3.61
_01212_,3.61
_01694_,3.61
_01696_,3.61
_01729_,3.61
_01844_,3.61
_02246_,3.61
_00336_,3.59
_00401_,3.59
_00512_,3.59
_00520_,3.59
_00820_,3.59
_01124_,3.59
_01162_,3.59
_01499_,3.59
_01554_,3.59
_01728_,3.59
_01812_,3.59
_01867_,3.59
_01877_,3.59
_02045_,3.59
_02114_,3.59
_04201_,3.585
PC_Mux.out\[24\],3.56
_02443_,3.56
_02450_,3.56
_02454_,3.56
_02468_,3.56
_02493_,3.56
_02509_,3.56
_02537_,3.56
_02631_,3.56
_02647_,3.56
_02690_,3.56
_02764_,3.56
_02783_,3.56
_02888_,3.56
_02903_,3.56
_02929_,3.56
_02978_,3.56
_03038_,3.56
_03041_,3.56
_03060_,3.56
_03112_,3.56
_03150_,3.56
_03158_,3.56
_03163_,3.56
_03177_,3.56
_03209_,3.56
_03282_,3.56
_03285_,3.56
_03293_,3.56
_03360_,3.56
_03393_,3.56
_03425_,3.56
_03429_,3.56
_03515_,3.56
_03570_,3.56
_03607_,3.56
_03659_,3.56
_03681_,3.56
_03838_,3.56
_03873_,3.56
_03942_,3.56
_03960_,3.56
_03978_,3.56
_04017_,3.56
_04019_,3.56
_04045_,3.56
_04080_,3.56
_04119_,3.56
_04122_,3.56
_04136_,3.56
_04160_,3.56
_04202_,3.56
_04203_,3.56
_04235_,3.56
_04241_,3.56
_04283_,3.56
_04315_,3.56
_04316_,3.56
_04324_,3.56
_04339_,3.56
_04342_,3.56
_04392_,3.56
_04409_,3.56
_04473_,3.56
_04514_,3.56
_05829_,3.56
DM_inst.D_Memory\[11\]\[18\],3.54
DM_inst.D_Memory\[11\]\[23\],3.54
DM_inst.D_Memory\[12\]\[1\],3.54
DM_inst.D_Memory\[12\]\[26\],3.54
DM_inst.D_Memory\[13\]\[30\],3.54
DM_inst.D_Memory\[14\]\[21\],3.54
DM_inst.D_Memory\[14\]\[3\],3.54
DM_inst.D_Memory\[16\]\[19\],3.54
DM_inst.D_Memory\[17\]\[15\],3.54
DM_inst.D_Memory\[17\]\[6\],3.54
DM_inst.D_Memory\[18\]\[17\],3.54
DM_inst.D_Memory\[18\]\[1\],3.54
DM_inst.D_Memory\[18\]\[30\],3.54
DM_inst.D_Memory\[20\]\[13\],3.54
DM_inst.D_Memory\[20\]\[24\],3.54
DM_inst.D_Memory\[20\]\[27\],3.54
DM_inst.D_Memory\[21\]\[5\],3.54
DM_inst.D_Memory\[22\]\[10\],3.54
DM_inst.D_Memory\[22\]\[15\],3.54
DM_inst.D_Memory\[22\]\[3\],3.54
DM_inst.D_Memory\[22\]\[5\],3.54
DM_inst.D_Memory\[23\]\[16\],3.54
DM_inst.D_Memory\[23\]\[18\],3.54
DM_inst.D_Memory\[25\]\[9\],3.54
DM_inst.D_Memory\[26\]\[14\],3.54
DM_inst.D_Memory\[26\]\[3\],3.54
DM_inst.D_Memory\[28\]\[18\],3.54
DM_inst.D_Memory\[29\]\[20\],3.54
DM_inst.D_Memory\[2\]\[7\],3.54
DM_inst.D_Memory\[30\]\[25\],3.54
DM_inst.D_Memory\[30\]\[26\],3.54
DM_inst.D_Memory\[31\]\[6\],3.54
DM_inst.D_Memory\[32\]\[0\],3.54
DM_inst.D_Memory\[33\]\[7\],3.54
DM_inst.D_Memory\[36\]\[14\],3.54
DM_inst.D_Memory\[36\]\[31\],3.54
DM_inst.D_Memory\[38\]\[21\],3.54
DM_inst.D_Memory\[3\]\[14\],3.54
DM_inst.D_Memory\[3\]\[15\],3.54
DM_inst.D_Memory\[3\]\[23\],3.54
DM_inst.D_Memory\[40\]\[15\],3.54
DM_inst.D_Memory\[40\]\[9\],3.54
DM_inst.D_Memory\[42\]\[20\],3.54
DM_inst.D_Memory\[44\]\[0\],3.54
DM_inst.D_Memory\[44\]\[17\],3.54
DM_inst.D_Memory\[46\]\[31\],3.54
DM_inst.D_Memory\[48\]\[7\],3.54
DM_inst.D_Memory\[4\]\[8\],3.54
DM_inst.D_Memory\[51\]\[20\],3.54
DM_inst.D_Memory\[53\]\[15\],3.54
DM_inst.D_Memory\[55\]\[19\],3.54
DM_inst.D_Memory\[56\]\[13\],3.54
DM_inst.D_Memory\[57\]\[10\],3.54
DM_inst.D_Memory\[59\]\[6\],3.54
DM_inst.D_Memory\[59\]\[8\],3.54
DM_inst.D_Memory\[5\]\[13\],3.54
DM_inst.D_Memory\[5\]\[6\],3.54
DM_inst.D_Memory\[61\]\[12\],3.54
DM_inst.D_Memory\[61\]\[8\],3.54
DM_inst.D_Memory\[62\]\[31\],3.54
DM_inst.D_Memory\[63\]\[2\],3.54
DM_inst.D_Memory\[63\]\[7\],3.54
DM_inst.D_Memory\[8\]\[20\],3.54
PC_Mux.out\[21\],3.54
PC_Mux.out\[4\],3.54
_00176_,3.54
_00313_,3.54
_00575_,3.54
_01475_,3.54
_01915_,3.54
_02138_,3.54
_02327_,3.54
_02405_,3.54
_02429_,3.54
_02437_,3.54
_02508_,3.54
_02556_,3.54
_02583_,3.54
_02585_,3.54
_02607_,3.54
_02634_,3.54
_02663_,3.54
_02673_,3.54
_02683_,3.54
_02700_,3.54
_02709_,3.54
_02721_,3.54
_02734_,3.54
_02788_,3.54
_02793_,3.54
_02824_,3.54
_02860_,3.54
_02889_,3.54
_02894_,3.54
_02909_,3.54
_02915_,3.54
_02950_,3.54
_02951_,3.54
_02960_,3.54
_02963_,3.54
_02971_,3.54
_02996_,3.54
_03005_,3.54
_03031_,3.54
_03054_,3.54
_03056_,3.54
_03078_,3.54
_03106_,3.54
_03122_,3.54
_03139_,3.54
_03160_,3.54
_03175_,3.54
_03235_,3.54
_03249_,3.54
_03278_,3.54
_03294_,3.54
_03306_,3.54
_03310_,3.54
_03346_,3.54
_03365_,3.54
_03375_,3.54
_03387_,3.54
_03407_,3.54
_03409_,3.54
_03440_,3.54
_03467_,3.54
_03479_,3.54
_03496_,3.54
_03513_,3.54
_03549_,3.54
_03552_,3.54
_03555_,3.54
_03569_,3.54
_03571_,3.54
_03573_,3.54
_03578_,3.54
_03585_,3.54
_03610_,3.54
_03623_,3.54
_03631_,3.54
_03647_,3.54
_03658_,3.54
_03675_,3.54
_03680_,3.54
_03693_,3.54
_03796_,3.54
_03826_,3.54
_03839_,3.54
_03851_,3.54
_03863_,3.54
_03866_,3.54
_03874_,3.54
_03884_,3.54
_03888_,3.54
_03893_,3.54
_03897_,3.54
_03901_,3.54
_03924_,3.54
_03947_,3.54
_03952_,3.54
_03954_,3.54
_03956_,3.54
_03970_,3.54
_03981_,3.54
_03997_,3.54
_04016_,3.54
_04050_,3.54
_04069_,3.54
_04099_,3.54
_04114_,3.54
_04129_,3.54
_04144_,3.54
_04147_,3.54
_04148_,3.54
_04154_,3.54
_04176_,3.54
_04206_,3.54
_04210_,3.54
_04229_,3.54
_04234_,3.54
_04242_,3.54
_04243_,3.54
_04264_,3.54
_04271_,3.54
_04274_,3.54
_04303_,3.54
_04308_,3.54
_04330_,3.54
_04347_,3.54
_04355_,3.54
_04389_,3.54
_04394_,3.54
_04413_,3.54
_04419_,3.54
_04431_,3.54
_04433_,3.54
_04447_,3.54
_04449_,3.54
_04460_,3.54
_04491_,3.54
_04516_,3.54
_04680_,3.54
_04864_,3.54
_04974_,3.54
_05017_,3.54
_05091_,3.54
_05394_,3.54
_05884_,3.54
_05889_,3.54
_05911_,3.54
_06347_,3.54
_06382_,3.54
_06688_,3.54
_06791_,3.54
_07002_,3.54
_07082_,3.54
_07235_,3.54
_07276_,3.54
_07516_,3.54
_07548_,3.54
_07770_,3.54
net433,3.54
net496,3.54
net566,3.54
net715,3.54
net729,3.54
net915,3.54
net917,3.54
net936,3.54
net1012,3.54
net1115,3.54
net1116,3.54
net1124,3.54
net1184,3.54
net1211,3.54
net1284,3.54
net1299,3.54
net1300,3.54
net1305,3.54
net1377,3.54
net1448,3.54
net1509,3.54
net1517,3.54
net1541,3.54
net1618,3.54
net1619,3.54
net1694,3.54
net1733,3.54
net1812,3.54
net1833,3.54
net1888,3.54
net2029,3.54
net2060,3.54
net2081,3.54
net2107,3.54
net2126,3.54
net2135,3.54
net2151,3.54
net2234,3.54
net2239,3.54
DM_inst.D_Memory\[1\]\[9\],3.52
DM_inst.D_Memory\[38\]\[23\],3.52
RF_inst.Registers\[2\]\[24\],3.52
_03894_,3.52
_00143_,3.47
_00915_,3.47
DM_inst.D_Memory\[26\]\[6\],3.44
DM_inst.D_Memory\[56\]\[8\],3.44
DM_inst.D_Memory\[6\]\[5\],3.44
_03322_,3.44
_04621_,3.44
_04696_,3.44
_04881_,3.44
_05010_,3.44
_05027_,3.44
_05047_,3.44
_05057_,3.44
_05074_,3.44
_05084_,3.44
_05975_,3.44
_05985_,3.44
_05991_,3.44
_06367_,3.44
_06374_,3.44
_06419_,3.44
_06475_,3.44
_06644_,3.44
_06690_,3.44
_06729_,3.44
_06742_,3.44
_06758_,3.44
_06787_,3.44
_06825_,3.44
_06899_,3.44
_07064_,3.44
_07128_,3.44
_07134_,3.44
_07135_,3.44
_07142_,3.44
_07319_,3.44
_07419_,3.44
_07425_,3.44
_07527_,3.44
_07571_,3.44
_07584_,3.44
_07618_,3.44
_07649_,3.44
_07785_,3.44
_07846_,3.44
net1828,3.44
net1920,3.44
_05280_,3.435
DM_inst.D_Memory\[15\]\[25\],3.42
DM_inst.D_Memory\[19\]\[21\],3.42
DM_inst.D_Memory\[3\]\[28\],3.42
DM_inst.D_Memory\[52\]\[24\],3.42
DM_inst.D_Memory\[53\]\[18\],3.42
DM_inst.D_Memory\[62\]\[12\],3.42
DM_inst.D_Memory\[9\]\[26\],3.42
_00123_,3.42
_00175_,3.42
_00226_,3.42
_00414_,3.42
_00494_,3.42
_00805_,3.42
_01483_,3.42
_02725_,3.42
_02727_,3.42
_02886_,3.42
_03561_,3.42
_04157_,3.42
_05123_,3.42
_05350_,3.42
_05759_,3.42
_05762_,3.42
_05786_,3.42
_05822_,3.42
_05835_,3.42
_05899_,3.42
_06022_,3.42
_06390_,3.42
_07188_,3.42
_07565_,3.42
_07679_,3.42
_07699_,3.42
net155,3.42
net199,3.42
net332,3.42
net622,3.42
net686,3.42
net811,3.42
net1494,3.42
net1817,3.42
net1841,3.42
net2172,3.42
_05437_,3.4
_02651_,3.385
_02749_,3.385
_02836_,3.385
_02869_,3.385
_02911_,3.385
_02928_,3.385
_02984_,3.385
_03066_,3.385
_03087_,3.385
_03099_,3.385
_03304_,3.385
_03319_,3.385
_03338_,3.385
_03340_,3.385
_03382_,3.385
_03795_,3.385
_03923_,3.385
_03975_,3.385
_04020_,3.385
_04133_,3.385
_04137_,3.385
_04230_,3.385
_04279_,3.385
_04391_,3.385
_04412_,3.385
_04527_,3.385
_00132_,3.37
_00692_,3.37
_01585_,3.37
_01984_,3.37
_02281_,3.37
_00370_,3.35
_00410_,3.35
_00511_,3.35
_00642_,3.35
_01005_,3.35
_01033_,3.35
_01176_,3.35
_01208_,3.35
_01221_,3.35
_01258_,3.35
_01307_,3.35
_01458_,3.35
_01672_,3.35
_01832_,3.35
_01846_,3.35
_01907_,3.35
_02223_,3.35
_02293_,3.35
net2281,3.32
net2303,3.32
net2361,3.32
_04750_,3.315
DM_inst.D_Memory\[54\]\[30\],3.3
_00116_,3.3
_00218_,3.3
_00344_,3.3
_00355_,3.3
_00465_,3.3
_00550_,3.3
_00620_,3.3
_00637_,3.3
_00646_,3.3
_00816_,3.3
_00904_,3.3
_01032_,3.3
_01084_,3.3
_01087_,3.3
_01301_,3.3
_01421_,3.3
_01431_,3.3
_01464_,3.3
_01603_,3.3
_01677_,3.3
_01791_,3.3
_02026_,3.3
_02036_,3.3
_02400_,3.3
_02421_,3.3
_02431_,3.3
_02574_,3.3
_02854_,3.3
_03596_,3.3
_00271_,3.23
_00515_,3.23
_00732_,3.23
_00833_,3.23
_01011_,3.23
_01043_,3.23
_01187_,3.23
_01233_,3.23
_01345_,3.23
_01371_,3.23
_01412_,3.23
_01516_,3.23
_01810_,3.23
_01839_,3.23
_02282_,3.23
_02668_,3.225
_02737_,3.225
DM_inst.D_Memory\[25\]\[29\],3.22
DM_inst.D_Memory\[34\]\[13\],3.22
DM_inst.D_Memory\[34\]\[18\],3.22
DM_inst.D_Memory\[34\]\[28\],3.22
DM_inst.D_Memory\[39\]\[12\],3.22
DM_inst.D_Memory\[3\]\[19\],3.22
DM_inst.D_Memory\[3\]\[22\],3.22
DM_inst.D_Memory\[49\]\[25\],3.22
DM_inst.D_Memory\[54\]\[2\],3.22
DM_inst.D_Memory\[5\]\[5\],3.22
DM_inst.D_Memory\[8\]\[4\],3.22
_02306_,3.22
_02319_,3.22
_02320_,3.22
_02328_,3.22
_05765_,3.22
_02310_,3.2
_02374_,3.2
_02434_,3.2
_02500_,3.2
_02530_,3.2
_02536_,3.2
_02550_,3.2
_02559_,3.2
_02563_,3.2
_02575_,3.2
_02584_,3.2
_02588_,3.2
_02591_,3.2
_02593_,3.2
_02597_,3.2
_02605_,3.2
_02608_,3.2
_02621_,3.2
_02641_,3.2
_02657_,3.2
_02661_,3.2
_02697_,3.2
_02699_,3.2
_02704_,3.2
_02719_,3.2
_02724_,3.2
_02731_,3.2
_02741_,3.2
_02752_,3.2
_02755_,3.2
_02786_,3.2
_02814_,3.2
_02815_,3.2
_02816_,3.2
_02820_,3.2
_02822_,3.2
_02849_,3.2
_02875_,3.2
_02876_,3.2
_02877_,3.2
_02882_,3.2
_02935_,3.2
_02936_,3.2
_02942_,3.2
_02943_,3.2
_02949_,3.2
_02964_,3.2
_02967_,3.2
_02972_,3.2
_02982_,3.2
_02985_,3.2
_02987_,3.2
_02992_,3.2
_02997_,3.2
_03003_,3.2
_03007_,3.2
_03020_,3.2
_03030_,3.2
_03034_,3.2
_03046_,3.2
_03048_,3.2
_03074_,3.2
_03075_,3.2
_03080_,3.2
_03098_,3.2
_03100_,3.2
_03102_,3.2
_03111_,3.2
_03141_,3.2
_03171_,3.2
_03174_,3.2
_03196_,3.2
_03213_,3.2
_03261_,3.2
_03265_,3.2
_03266_,3.2
_03273_,3.2
_03277_,3.2
_03289_,3.2
_03297_,3.2
_03298_,3.2
_03307_,3.2
_03318_,3.2
_03329_,3.2
_03333_,3.2
_03379_,3.2
_03380_,3.2
_03392_,3.2
_03395_,3.2
_03396_,3.2
_03402_,3.2
_03406_,3.2
_03432_,3.2
_03437_,3.2
_03444_,3.2
_03449_,3.2
_03472_,3.2
_03482_,3.2
_03494_,3.2
_03505_,3.2
_03507_,3.2
_03533_,3.2
_03553_,3.2
_03583_,3.2
_03587_,3.2
_03620_,3.2
_03646_,3.2
_03703_,3.2
_03704_,3.2
_03705_,3.2
_03711_,3.2
_03720_,3.2
_03721_,3.2
_03725_,3.2
_03761_,3.2
_03764_,3.2
_03774_,3.2
_03786_,3.2
_03789_,3.2
_03792_,3.2
_03793_,3.2
_03805_,3.2
_03807_,3.2
_03816_,3.2
_03831_,3.2
_03833_,3.2
_03850_,3.2
_03877_,3.2
_03898_,3.2
_03915_,3.2
_03930_,3.2
_03931_,3.2
_03939_,3.2
_03940_,3.2
_03948_,3.2
_03972_,3.2
_03983_,3.2
_04006_,3.2
_04025_,3.2
_04034_,3.2
_04040_,3.2
_04063_,3.2
_04067_,3.2
_04070_,3.2
_04093_,3.2
_04107_,3.2
_04124_,3.2
_04131_,3.2
_04141_,3.2
_04143_,3.2
_04166_,3.2
_04169_,3.2
_04174_,3.2
_04178_,3.2
_04191_,3.2
_04198_,3.2
_04215_,3.2
_04232_,3.2
_04248_,3.2
_04254_,3.2
_04267_,3.2
_04285_,3.2
_04291_,3.2
_04294_,3.2
_04302_,3.2
_04360_,3.2
_04370_,3.2
_04404_,3.2
_04424_,3.2
_04442_,3.2
_04443_,3.2
_04457_,3.2
_04464_,3.2
_04469_,3.2
_04509_,3.2
_04531_,3.2
_04538_,3.2
_04545_,3.2
_04551_,3.2
_04564_,3.2
DM_inst.D_Memory\[13\]\[6\],3.18
DM_inst.D_Memory\[20\]\[0\],3.18
DM_inst.D_Memory\[27\]\[29\],3.18
DM_inst.D_Memory\[39\]\[5\],3.18
DM_inst.D_Memory\[4\]\[3\],3.18
DM_inst.D_Memory\[50\]\[20\],3.18
DM_inst.D_Memory\[57\]\[30\],3.18
_00290_,3.18
_00873_,3.18
_00876_,3.18
_01190_,3.18
_01313_,3.18
_01319_,3.18
_01328_,3.18
_01456_,3.18
_01510_,3.18
_01670_,3.18
_01767_,3.18
_05999_,3.18
_00188_,3.15
_00995_,3.15
_01013_,3.15
_01197_,3.15
_00194_,3.13
_00263_,3.13
_00444_,3.13
_00742_,3.13
_00764_,3.13
_00817_,3.13
_00839_,3.13
_00896_,3.13
_01119_,3.13
_01617_,3.13
_01679_,3.13
_01743_,3.13
_01764_,3.13
_01827_,3.13
_01830_,3.13
_01936_,3.13
_04014_,3.125
_02398_,3.1
_02407_,3.1
_02457_,3.1
_02462_,3.1
_02463_,3.1
_02497_,3.1
_02524_,3.1
_02551_,3.1
_02702_,3.1
_02754_,3.1
_02991_,3.1
_03044_,3.1
_03092_,3.1
_03124_,3.1
_03182_,3.1
_03226_,3.1
_03240_,3.1
_03280_,3.1
_03291_,3.1
_03335_,3.1
_03337_,3.1
_03433_,3.1
_03637_,3.1
_03696_,3.1
_03743_,3.1
_03776_,3.1
_04314_,3.1
_04549_,3.1
_04560_,3.1
_04565_,3.1
_05268_,3.1
_05340_,3.1
_05826_,3.1
_05879_,3.1
net610,3.1
net705,3.1
net1145,3.1
net1162,3.1
net1247,3.1
net1729,3.1
net1801,3.1
net1819,3.1
net1936,3.1
net2079,3.1
net2206,3.1
net2233,3.1
net2252,3.1
DM_inst.D_Memory\[11\]\[15\],3.08
DM_inst.D_Memory\[11\]\[6\],3.08
DM_inst.D_Memory\[12\]\[12\],3.08
DM_inst.D_Memory\[12\]\[19\],3.08
DM_inst.D_Memory\[12\]\[22\],3.08
DM_inst.D_Memory\[12\]\[31\],3.08
DM_inst.D_Memory\[16\]\[26\],3.08
DM_inst.D_Memory\[17\]\[2\],3.08
DM_inst.D_Memory\[17\]\[7\],3.08
DM_inst.D_Memory\[18\]\[23\],3.08
DM_inst.D_Memory\[18\]\[7\],3.08
DM_inst.D_Memory\[19\]\[20\],3.08
DM_inst.D_Memory\[19\]\[25\],3.08
DM_inst.D_Memory\[1\]\[12\],3.08
DM_inst.D_Memory\[21\]\[10\],3.08
DM_inst.D_Memory\[21\]\[27\],3.08
DM_inst.D_Memory\[26\]\[0\],3.08
DM_inst.D_Memory\[26\]\[1\],3.08
DM_inst.D_Memory\[27\]\[20\],3.08
DM_inst.D_Memory\[28\]\[11\],3.08
DM_inst.D_Memory\[28\]\[9\],3.08
DM_inst.D_Memory\[29\]\[19\],3.08
DM_inst.D_Memory\[30\]\[28\],3.08
DM_inst.D_Memory\[31\]\[0\],3.08
DM_inst.D_Memory\[31\]\[27\],3.08
DM_inst.D_Memory\[33\]\[16\],3.08
DM_inst.D_Memory\[34\]\[3\],3.08
DM_inst.D_Memory\[35\]\[16\],3.08
DM_inst.D_Memory\[35\]\[19\],3.08
DM_inst.D_Memory\[36\]\[16\],3.08
DM_inst.D_Memory\[37\]\[19\],3.08
DM_inst.D_Memory\[37\]\[4\],3.08
DM_inst.D_Memory\[38\]\[17\],3.08
DM_inst.D_Memory\[39\]\[7\],3.08
DM_inst.D_Memory\[3\]\[21\],3.08
DM_inst.D_Memory\[40\]\[19\],3.08
DM_inst.D_Memory\[41\]\[4\],3.08
DM_inst.D_Memory\[42\]\[26\],3.08
DM_inst.D_Memory\[44\]\[20\],3.08
DM_inst.D_Memory\[45\]\[7\],3.08
DM_inst.D_Memory\[46\]\[14\],3.08
DM_inst.D_Memory\[47\]\[23\],3.08
DM_inst.D_Memory\[47\]\[29\],3.08
DM_inst.D_Memory\[47\]\[9\],3.08
DM_inst.D_Memory\[49\]\[9\],3.08
DM_inst.D_Memory\[4\]\[18\],3.08
DM_inst.D_Memory\[4\]\[1\],3.08
DM_inst.D_Memory\[4\]\[29\],3.08
DM_inst.D_Memory\[50\]\[14\],3.08
DM_inst.D_Memory\[50\]\[27\],3.08
DM_inst.D_Memory\[50\]\[2\],3.08
DM_inst.D_Memory\[51\]\[26\],3.08
DM_inst.D_Memory\[55\]\[24\],3.08
DM_inst.D_Memory\[56\]\[25\],3.08
DM_inst.D_Memory\[59\]\[16\],3.08
DM_inst.D_Memory\[5\]\[14\],3.08
DM_inst.D_Memory\[5\]\[9\],3.08
DM_inst.D_Memory\[60\]\[21\],3.08
DM_inst.D_Memory\[60\]\[22\],3.08
DM_inst.D_Memory\[63\]\[10\],3.08
DM_inst.D_Memory\[6\]\[12\],3.08
DM_inst.D_Memory\[6\]\[14\],3.08
DM_inst.D_Memory\[6\]\[20\],3.08
DM_inst.D_Memory\[7\]\[0\],3.08
DM_inst.D_Memory\[7\]\[14\],3.08
DM_inst.D_Memory\[8\]\[15\],3.08
DM_inst.D_Memory\[8\]\[22\],3.08
DM_inst.D_Memory\[8\]\[25\],3.08
DM_inst.D_Memory\[9\]\[10\],3.08
DM_inst.D_Memory\[9\]\[11\],3.08
DM_inst.D_Memory\[9\]\[2\],3.08
PC_Mux.out\[3\],3.08
RF_inst.Registers\[4\]\[0\],3.08
RF_inst.Registers\[4\]\[10\],3.08
RF_inst.Registers\[4\]\[5\],3.08
_00377_,3.08
_00411_,3.08
_02139_,3.08
_02312_,3.08
_02325_,3.08
_02338_,3.08
_02347_,3.08
_02354_,3.08
_02358_,3.08
_02378_,3.08
_02406_,3.08
_02408_,3.08
_02449_,3.08
_02568_,3.08
_02711_,3.08
_02819_,3.08
_02857_,3.08
_02866_,3.08
_03009_,3.08
_03024_,3.08
_03037_,3.08
_03088_,3.08
_03154_,3.08
_03200_,3.08
_03211_,3.08
_03215_,3.08
_03928_,3.08
_03980_,3.08
_04200_,3.08
_04205_,3.08
_04273_,3.08
_04563_,3.08
_04614_,3.08
_05193_,3.08
_05198_,3.08
_05227_,3.08
_05329_,3.08
_05569_,3.08
_05703_,3.08
_05900_,3.08
_06432_,3.08
_06629_,3.08
_06954_,3.08
_07493_,3.08
_07517_,3.08
_07523_,3.08
_07554_,3.08
_07667_,3.08
_07709_,3.08
net326,3.08
net370,3.08
net594,3.08
net634,3.08
net754,3.08
net891,3.08
net896,3.08
net968,3.08
net993,3.08
net996,3.08
net999,3.08
net1016,3.08
net1047,3.08
net1127,3.08
net1240,3.08
net1323,3.08
net1339,3.08
net1532,3.08
net1537,3.08
net1564,3.08
net1698,3.08
net1713,3.08
net1719,3.08
net1924,3.08
net2036,3.08
net2066,3.08
DM_inst.D_Memory\[27\]\[0\],3.06
DM_inst.D_Memory\[43\]\[25\],3.06
_00106_,3.06
_01897_,3.06
_05537_,3.06
_00097_,3.03
_00746_,3.03
_00835_,3.03
_02221_,3.03
_00151_,3.01
_04079_,3.005
_06462_,3
DM_inst.D_Memory\[24\]\[27\],2.98
DM_inst.D_Memory\[51\]\[11\],2.98
_04640_,2.98
_04670_,2.98
_04673_,2.98
_04674_,2.98
_04683_,2.98
_04693_,2.98
_04707_,2.98
_04741_,2.98
_04744_,2.98
_04799_,2.98
_04823_,2.98
_04827_,2.98
_04829_,2.98
_04928_,2.98
_04955_,2.98
_04979_,2.98
_05594_,2.98
_05920_,2.98
_05926_,2.98
_05940_,2.98
_05943_,2.98
_06416_,2.98
_06442_,2.98
_06517_,2.98
_06528_,2.98
_06621_,2.98
_06702_,2.98
_06823_,2.98
_06831_,2.98
_06878_,2.98
_06895_,2.98
_06932_,2.98
_06995_,2.98
_07037_,2.98
_07090_,2.98
_07111_,2.98
_07113_,2.98
_07130_,2.98
_07131_,2.98
_07153_,2.98
_07190_,2.98
_07212_,2.98
_07216_,2.98
_07226_,2.98
_07244_,2.98
_07248_,2.98
_07259_,2.98
_07285_,2.98
_07314_,2.98
_07350_,2.98
_07361_,2.98
_07435_,2.98
_07439_,2.98
_07450_,2.98
_07459_,2.98
_07474_,2.98
_07488_,2.98
_07515_,2.98
_07519_,2.98
_07575_,2.98
_07619_,2.98
_07652_,2.98
_07656_,2.98
_07669_,2.98
_07685_,2.98
_07701_,2.98
_07735_,2.98
_07757_,2.98
_07780_,2.98
_07809_,2.98
_07811_,2.98
_07818_,2.98
DM_inst.D_Memory\[34\]\[29\],2.96
DM_inst.D_Memory\[37\]\[10\],2.96
DM_inst.D_Memory\[38\]\[1\],2.96
DM_inst.D_Memory\[41\]\[13\],2.96
DM_inst.D_Memory\[48\]\[27\],2.96
DM_inst.D_Memory\[6\]\[26\],2.96
_00059_,2.96
_00084_,2.96
_00600_,2.96
_01673_,2.96
_02426_,2.96
_02525_,2.96
_02637_,2.96
_03523_,2.96
_04699_,2.96
_04893_,2.96
_04986_,2.96
_05688_,2.96
_05767_,2.96
_05939_,2.96
_05960_,2.96
_06065_,2.96
_06600_,2.96
_06838_,2.96
_06864_,2.96
_06999_,2.96
_07030_,2.96
_07116_,2.96
_07694_,2.96
_07703_,2.96
net1293,2.96
net1601,2.96
net1688,2.96
net1777,2.96
net1933,2.96
net2163,2.96
net2202,2.96
net2214,2.96
net2230,2.96
PC_Mux.out\[23\],2.925
_02415_,2.925
_02442_,2.925
_02747_,2.925
_02892_,2.925
_03002_,2.925
_03070_,2.925
_03159_,2.925
_03290_,2.925
_03330_,2.925
_03355_,2.925
_03419_,2.925
_03422_,2.925
_03581_,2.925
_03678_,2.925
_03737_,2.925
_03767_,2.925
_03775_,2.925
_03858_,2.925
_03902_,2.925
_04505_,2.925
_00030_,2.89
_00100_,2.89
_00115_,2.89
_00241_,2.89
_00268_,2.89
_00281_,2.89
_00288_,2.89
_00312_,2.89
_00322_,2.89
_00360_,2.89
_00461_,2.89
_00602_,2.89
_00652_,2.89
_00694_,2.89
_00777_,2.89
_00950_,2.89
_00972_,2.89
_00994_,2.89
_01159_,2.89
_01214_,2.89
_01226_,2.89
_01411_,2.89
_01434_,2.89
_01556_,2.89
_01557_,2.89
_01588_,2.89
_01613_,2.89
_01638_,2.89
_01703_,2.89
_01788_,2.89
_01947_,2.89
_02097_,2.89
_02116_,2.89
_02235_,2.89
_00057_,2.84
_00086_,2.84
_00144_,2.84
_00149_,2.84
_00177_,2.84
_00236_,2.84
_00247_,2.84
_00265_,2.84
_00289_,2.84
_00294_,2.84
_00309_,2.84
_00311_,2.84
_00316_,2.84
_00341_,2.84
_00352_,2.84
_00368_,2.84
_00376_,2.84
_00420_,2.84
_00441_,2.84
_00446_,2.84
_00466_,2.84
_00493_,2.84
_00559_,2.84
_00569_,2.84
_00590_,2.84
_00591_,2.84
_00595_,2.84
_00621_,2.84
_00624_,2.84
_00730_,2.84
_00736_,2.84
_00745_,2.84
_00748_,2.84
_00760_,2.84
_00774_,2.84
_00797_,2.84
_00808_,2.84
_00812_,2.84
_00822_,2.84
_00844_,2.84
_00869_,2.84
_00877_,2.84
_00881_,2.84
_00890_,2.84
_00891_,2.84
_00905_,2.84
_00911_,2.84
_00930_,2.84
_00955_,2.84
_00976_,2.84
_00990_,2.84
_00999_,2.84
_01000_,2.84
_01063_,2.84
_01090_,2.84
_01098_,2.84
_01103_,2.84
_01135_,2.84
_01145_,2.84
_01166_,2.84
_01177_,2.84
_01193_,2.84
_01256_,2.84
_01295_,2.84
_01321_,2.84
_01340_,2.84
_01364_,2.84
_01365_,2.84
_01367_,2.84
_01387_,2.84
_01396_,2.84
_01425_,2.84
_01439_,2.84
_01461_,2.84
_01498_,2.84
_01514_,2.84
_01527_,2.84
_01564_,2.84
_01569_,2.84
_01595_,2.84
_01614_,2.84
_01627_,2.84
_01676_,2.84
_01755_,2.84
_01763_,2.84
_01801_,2.84
_01817_,2.84
_01825_,2.84
_01847_,2.84
_01865_,2.84
_01880_,2.84
_01888_,2.84
_01920_,2.84
_01931_,2.84
_01957_,2.84
_01963_,2.84
_01964_,2.84
_01970_,2.84
_01988_,2.84
_02005_,2.84
_02030_,2.84
_02031_,2.84
_02041_,2.84
_02071_,2.84
_02080_,2.84
_02084_,2.84
_02113_,2.84
_02117_,2.84
_02148_,2.84
_02158_,2.84
_02219_,2.84
_02230_,2.84
_02261_,2.84
_02321_,2.84
_02569_,2.84
_03817_,2.84
_03841_,2.84
_04363_,2.84
_00048_,2.77
_00075_,2.77
_00517_,2.77
_00631_,2.77
_00754_,2.77
_00909_,2.77
_00943_,2.77
_01255_,2.77
_01428_,2.77
_01662_,2.77
_01840_,2.77
_02083_,2.77
_02105_,2.77
_02163_,2.77
_02239_,2.77
_02254_,2.77
_02340_,2.765
DM_inst.D_Memory\[14\]\[31\],2.76
DM_inst.D_Memory\[18\]\[4\],2.76
DM_inst.D_Memory\[22\]\[9\],2.76
DM_inst.D_Memory\[23\]\[19\],2.76
DM_inst.D_Memory\[30\]\[6\],2.76
DM_inst.D_Memory\[37\]\[25\],2.76
DM_inst.D_Memory\[42\]\[12\],2.76
DM_inst.D_Memory\[50\]\[25\],2.76
DM_inst.D_Memory\[57\]\[12\],2.76
DM_inst.D_Memory\[63\]\[11\],2.76
RF_inst.Registers\[4\]\[4\],2.76
_02307_,2.76
_02335_,2.76
_00249_,2.74
_00255_,2.74
_00406_,2.74
_00438_,2.74
_00606_,2.74
_00614_,2.74
_00838_,2.74
_01605_,2.74
_01885_,2.74
_02143_,2.74
_02305_,2.74
_02339_,2.74
_02343_,2.74
_02344_,2.74
_02350_,2.74
_02390_,2.74
_02403_,2.74
_02417_,2.74
_02418_,2.74
_02427_,2.74
_02428_,2.74
_02439_,2.74
_02447_,2.74
_02482_,2.74
_02486_,2.74
_02488_,2.74
_02503_,2.74
_02521_,2.74
_02552_,2.74
_02581_,2.74
_02594_,2.74
_02712_,2.74
_02726_,2.74
_02898_,2.74
_02907_,2.74
_03146_,2.74
_03189_,2.74
_03321_,2.74
_03339_,2.74
_03361_,2.74
_03416_,2.74
_03466_,2.74
_03489_,2.74
_03522_,2.74
_03540_,2.74
_03640_,2.74
_03666_,2.74
_03813_,2.74
_03870_,2.74
_03986_,2.74
_04113_,2.74
_04218_,2.74
_04222_,2.74
_04233_,2.74
_04305_,2.74
_04310_,2.74
_04336_,2.74
_04351_,2.74
_04425_,2.74
_04440_,2.74
_04475_,2.74
_04476_,2.74
_04500_,2.74
_04555_,2.74
_05484_,2.74
net184,2.74
DM_inst.D_Memory\[13\]\[27\],2.72
DM_inst.D_Memory\[30\]\[18\],2.72
DM_inst.D_Memory\[34\]\[16\],2.72
DM_inst.D_Memory\[60\]\[17\],2.72
_00439_,2.72
_00628_,2.72
_01222_,2.72
_01538_,2.72
_01806_,2.72
_02037_,2.72
_02412_,2.72
_04276_,2.72
_00021_,2.69
_00037_,2.69
_00243_,2.69
_00337_,2.69
_00413_,2.69
_00458_,2.69
_00500_,2.69
_00601_,2.69
_00636_,2.69
_00671_,2.69
_00830_,2.69
_00850_,2.69
_00906_,2.69
_01138_,2.69
_01523_,2.69
_01530_,2.69
_01573_,2.69
_01583_,2.69
_01633_,2.69
_01820_,2.69
_01835_,2.69
_02215_,2.69
_02255_,2.69
_02292_,2.69
_00034_,2.67
_00431_,2.67
_00668_,2.67
_00845_,2.67
_01054_,2.67
_01151_,2.67
_01157_,2.67
_01251_,2.67
_01254_,2.67
_01452_,2.67
_01661_,2.67
_01949_,2.67
_02154_,2.67
_02227_,2.67
_05738_,2.64
_05811_,2.64
_05860_,2.64
_05865_,2.64
_06011_,2.64
DM_inst.D_Memory\[10\]\[12\],2.62
DM_inst.D_Memory\[10\]\[16\],2.62
DM_inst.D_Memory\[10\]\[17\],2.62
DM_inst.D_Memory\[10\]\[24\],2.62
DM_inst.D_Memory\[10\]\[28\],2.62
DM_inst.D_Memory\[10\]\[2\],2.62
DM_inst.D_Memory\[10\]\[31\],2.62
DM_inst.D_Memory\[11\]\[14\],2.62
DM_inst.D_Memory\[11\]\[22\],2.62
DM_inst.D_Memory\[11\]\[28\],2.62
DM_inst.D_Memory\[11\]\[31\],2.62
DM_inst.D_Memory\[12\]\[13\],2.62
DM_inst.D_Memory\[12\]\[14\],2.62
DM_inst.D_Memory\[12\]\[18\],2.62
DM_inst.D_Memory\[12\]\[21\],2.62
DM_inst.D_Memory\[12\]\[8\],2.62
DM_inst.D_Memory\[13\]\[13\],2.62
DM_inst.D_Memory\[13\]\[15\],2.62
DM_inst.D_Memory\[13\]\[16\],2.62
DM_inst.D_Memory\[13\]\[1\],2.62
DM_inst.D_Memory\[13\]\[20\],2.62
DM_inst.D_Memory\[13\]\[25\],2.62
DM_inst.D_Memory\[13\]\[5\],2.62
DM_inst.D_Memory\[13\]\[9\],2.62
DM_inst.D_Memory\[14\]\[18\],2.62
DM_inst.D_Memory\[14\]\[22\],2.62
DM_inst.D_Memory\[15\]\[10\],2.62
DM_inst.D_Memory\[15\]\[1\],2.62
DM_inst.D_Memory\[15\]\[21\],2.62
DM_inst.D_Memory\[15\]\[30\],2.62
DM_inst.D_Memory\[15\]\[6\],2.62
DM_inst.D_Memory\[16\]\[13\],2.62
DM_inst.D_Memory\[16\]\[20\],2.62
DM_inst.D_Memory\[16\]\[31\],2.62
DM_inst.D_Memory\[16\]\[8\],2.62
DM_inst.D_Memory\[17\]\[14\],2.62
DM_inst.D_Memory\[18\]\[10\],2.62
DM_inst.D_Memory\[18\]\[16\],2.62
DM_inst.D_Memory\[18\]\[19\],2.62
DM_inst.D_Memory\[18\]\[25\],2.62
DM_inst.D_Memory\[18\]\[27\],2.62
DM_inst.D_Memory\[18\]\[5\],2.62
DM_inst.D_Memory\[19\]\[1\],2.62
DM_inst.D_Memory\[19\]\[30\],2.62
DM_inst.D_Memory\[1\]\[24\],2.62
DM_inst.D_Memory\[20\]\[10\],2.62
DM_inst.D_Memory\[20\]\[18\],2.62
DM_inst.D_Memory\[20\]\[25\],2.62
DM_inst.D_Memory\[20\]\[4\],2.62
DM_inst.D_Memory\[21\]\[1\],2.62
DM_inst.D_Memory\[21\]\[3\],2.62
DM_inst.D_Memory\[22\]\[11\],2.62
DM_inst.D_Memory\[22\]\[12\],2.62
DM_inst.D_Memory\[22\]\[17\],2.62
DM_inst.D_Memory\[22\]\[1\],2.62
DM_inst.D_Memory\[23\]\[15\],2.62
DM_inst.D_Memory\[23\]\[23\],2.62
DM_inst.D_Memory\[23\]\[29\],2.62
DM_inst.D_Memory\[24\]\[10\],2.62
DM_inst.D_Memory\[24\]\[22\],2.62
DM_inst.D_Memory\[24\]\[3\],2.62
DM_inst.D_Memory\[25\]\[10\],2.62
DM_inst.D_Memory\[25\]\[20\],2.62
DM_inst.D_Memory\[25\]\[21\],2.62
DM_inst.D_Memory\[25\]\[2\],2.62
DM_inst.D_Memory\[27\]\[18\],2.62
DM_inst.D_Memory\[27\]\[1\],2.62
DM_inst.D_Memory\[27\]\[4\],2.62
DM_inst.D_Memory\[28\]\[10\],2.62
DM_inst.D_Memory\[28\]\[17\],2.62
DM_inst.D_Memory\[28\]\[19\],2.62
DM_inst.D_Memory\[28\]\[22\],2.62
DM_inst.D_Memory\[29\]\[10\],2.62
DM_inst.D_Memory\[29\]\[12\],2.62
DM_inst.D_Memory\[2\]\[10\],2.62
DM_inst.D_Memory\[2\]\[20\],2.62
DM_inst.D_Memory\[2\]\[27\],2.62
DM_inst.D_Memory\[2\]\[4\],2.62
DM_inst.D_Memory\[2\]\[6\],2.62
DM_inst.D_Memory\[30\]\[13\],2.62
DM_inst.D_Memory\[30\]\[2\],2.62
DM_inst.D_Memory\[31\]\[26\],2.62
DM_inst.D_Memory\[31\]\[2\],2.62
DM_inst.D_Memory\[31\]\[5\],2.62
DM_inst.D_Memory\[32\]\[10\],2.62
DM_inst.D_Memory\[32\]\[16\],2.62
DM_inst.D_Memory\[32\]\[29\],2.62
DM_inst.D_Memory\[32\]\[7\],2.62
DM_inst.D_Memory\[33\]\[10\],2.62
DM_inst.D_Memory\[33\]\[13\],2.62
DM_inst.D_Memory\[33\]\[1\],2.62
DM_inst.D_Memory\[33\]\[22\],2.62
DM_inst.D_Memory\[33\]\[2\],2.62
DM_inst.D_Memory\[33\]\[31\],2.62
DM_inst.D_Memory\[33\]\[6\],2.62
DM_inst.D_Memory\[34\]\[20\],2.62
DM_inst.D_Memory\[34\]\[21\],2.62
DM_inst.D_Memory\[34\]\[24\],2.62
DM_inst.D_Memory\[34\]\[30\],2.62
DM_inst.D_Memory\[34\]\[9\],2.62
DM_inst.D_Memory\[35\]\[15\],2.62
DM_inst.D_Memory\[35\]\[18\],2.62
DM_inst.D_Memory\[35\]\[27\],2.62
DM_inst.D_Memory\[36\]\[21\],2.62
DM_inst.D_Memory\[36\]\[24\],2.62
DM_inst.D_Memory\[36\]\[25\],2.62
DM_inst.D_Memory\[36\]\[29\],2.62
DM_inst.D_Memory\[36\]\[7\],2.62
DM_inst.D_Memory\[37\]\[16\],2.62
DM_inst.D_Memory\[38\]\[12\],2.62
DM_inst.D_Memory\[38\]\[18\],2.62
DM_inst.D_Memory\[38\]\[25\],2.62
DM_inst.D_Memory\[38\]\[27\],2.62
DM_inst.D_Memory\[38\]\[2\],2.62
DM_inst.D_Memory\[39\]\[10\],2.62
DM_inst.D_Memory\[39\]\[11\],2.62
DM_inst.D_Memory\[39\]\[15\],2.62
DM_inst.D_Memory\[39\]\[28\],2.62
DM_inst.D_Memory\[39\]\[29\],2.62
DM_inst.D_Memory\[39\]\[2\],2.62
DM_inst.D_Memory\[39\]\[3\],2.62
DM_inst.D_Memory\[3\]\[10\],2.62
DM_inst.D_Memory\[3\]\[11\],2.62
DM_inst.D_Memory\[3\]\[20\],2.62
DM_inst.D_Memory\[3\]\[7\],2.62
DM_inst.D_Memory\[3\]\[9\],2.62
DM_inst.D_Memory\[40\]\[3\],2.62
DM_inst.D_Memory\[40\]\[7\],2.62
DM_inst.D_Memory\[40\]\[8\],2.62
DM_inst.D_Memory\[41\]\[20\],2.62
DM_inst.D_Memory\[41\]\[27\],2.62
DM_inst.D_Memory\[41\]\[2\],2.62
DM_inst.D_Memory\[41\]\[6\],2.62
DM_inst.D_Memory\[42\]\[10\],2.62
DM_inst.D_Memory\[42\]\[19\],2.62
DM_inst.D_Memory\[42\]\[24\],2.62
DM_inst.D_Memory\[42\]\[2\],2.62
DM_inst.D_Memory\[42\]\[6\],2.62
DM_inst.D_Memory\[42\]\[7\],2.62
DM_inst.D_Memory\[43\]\[14\],2.62
DM_inst.D_Memory\[43\]\[1\],2.62
DM_inst.D_Memory\[43\]\[22\],2.62
DM_inst.D_Memory\[43\]\[26\],2.62
DM_inst.D_Memory\[43\]\[5\],2.62
DM_inst.D_Memory\[43\]\[6\],2.62
DM_inst.D_Memory\[43\]\[8\],2.62
DM_inst.D_Memory\[44\]\[11\],2.62
DM_inst.D_Memory\[44\]\[14\],2.62
DM_inst.D_Memory\[44\]\[21\],2.62
DM_inst.D_Memory\[44\]\[23\],2.62
DM_inst.D_Memory\[44\]\[27\],2.62
DM_inst.D_Memory\[44\]\[29\],2.62
DM_inst.D_Memory\[44\]\[2\],2.62
DM_inst.D_Memory\[44\]\[4\],2.62
DM_inst.D_Memory\[44\]\[7\],2.62
DM_inst.D_Memory\[44\]\[9\],2.62
DM_inst.D_Memory\[45\]\[15\],2.62
DM_inst.D_Memory\[45\]\[31\],2.62
DM_inst.D_Memory\[45\]\[4\],2.62
DM_inst.D_Memory\[45\]\[8\],2.62
DM_inst.D_Memory\[46\]\[12\],2.62
DM_inst.D_Memory\[46\]\[15\],2.62
DM_inst.D_Memory\[46\]\[16\],2.62
DM_inst.D_Memory\[46\]\[1\],2.62
DM_inst.D_Memory\[46\]\[29\],2.62
DM_inst.D_Memory\[47\]\[28\],2.62
DM_inst.D_Memory\[47\]\[6\],2.62
DM_inst.D_Memory\[48\]\[29\],2.62
DM_inst.D_Memory\[48\]\[2\],2.62
DM_inst.D_Memory\[48\]\[8\],2.62
DM_inst.D_Memory\[49\]\[1\],2.62
DM_inst.D_Memory\[49\]\[28\],2.62
DM_inst.D_Memory\[4\]\[15\],2.62
DM_inst.D_Memory\[4\]\[22\],2.62
DM_inst.D_Memory\[4\]\[2\],2.62
DM_inst.D_Memory\[4\]\[5\],2.62
DM_inst.D_Memory\[4\]\[7\],2.62
DM_inst.D_Memory\[50\]\[18\],2.62
DM_inst.D_Memory\[50\]\[6\],2.62
DM_inst.D_Memory\[50\]\[7\],2.62
DM_inst.D_Memory\[51\]\[10\],2.62
DM_inst.D_Memory\[51\]\[2\],2.62
DM_inst.D_Memory\[51\]\[30\],2.62
DM_inst.D_Memory\[52\]\[18\],2.62
DM_inst.D_Memory\[52\]\[22\],2.62
DM_inst.D_Memory\[53\]\[1\],2.62
DM_inst.D_Memory\[53\]\[21\],2.62
DM_inst.D_Memory\[53\]\[24\],2.62
DM_inst.D_Memory\[53\]\[3\],2.62
DM_inst.D_Memory\[53\]\[9\],2.62
DM_inst.D_Memory\[54\]\[0\],2.62
DM_inst.D_Memory\[54\]\[21\],2.62
DM_inst.D_Memory\[54\]\[31\],2.62
DM_inst.D_Memory\[55\]\[10\],2.62
DM_inst.D_Memory\[55\]\[21\],2.62
DM_inst.D_Memory\[55\]\[26\],2.62
DM_inst.D_Memory\[55\]\[6\],2.62
DM_inst.D_Memory\[56\]\[15\],2.62
DM_inst.D_Memory\[56\]\[17\],2.62
DM_inst.D_Memory\[56\]\[27\],2.62
DM_inst.D_Memory\[56\]\[28\],2.62
DM_inst.D_Memory\[56\]\[29\],2.62
DM_inst.D_Memory\[57\]\[14\],2.62
DM_inst.D_Memory\[57\]\[24\],2.62
DM_inst.D_Memory\[57\]\[9\],2.62
DM_inst.D_Memory\[58\]\[17\],2.62
DM_inst.D_Memory\[58\]\[19\],2.62
DM_inst.D_Memory\[58\]\[28\],2.62
DM_inst.D_Memory\[58\]\[29\],2.62
DM_inst.D_Memory\[58\]\[31\],2.62
DM_inst.D_Memory\[58\]\[7\],2.62
DM_inst.D_Memory\[59\]\[11\],2.62
DM_inst.D_Memory\[59\]\[15\],2.62
DM_inst.D_Memory\[59\]\[19\],2.62
DM_inst.D_Memory\[59\]\[3\],2.62
DM_inst.D_Memory\[5\]\[0\],2.62
DM_inst.D_Memory\[5\]\[30\],2.62
DM_inst.D_Memory\[60\]\[0\],2.62
DM_inst.D_Memory\[60\]\[18\],2.62
DM_inst.D_Memory\[60\]\[24\],2.62
DM_inst.D_Memory\[60\]\[3\],2.62
DM_inst.D_Memory\[60\]\[4\],2.62
DM_inst.D_Memory\[60\]\[6\],2.62
DM_inst.D_Memory\[61\]\[0\],2.62
DM_inst.D_Memory\[61\]\[21\],2.62
DM_inst.D_Memory\[61\]\[3\],2.62
DM_inst.D_Memory\[62\]\[11\],2.62
DM_inst.D_Memory\[62\]\[15\],2.62
DM_inst.D_Memory\[62\]\[20\],2.62
DM_inst.D_Memory\[62\]\[21\],2.62
DM_inst.D_Memory\[62\]\[27\],2.62
DM_inst.D_Memory\[62\]\[5\],2.62
DM_inst.D_Memory\[63\]\[1\],2.62
DM_inst.D_Memory\[63\]\[23\],2.62
DM_inst.D_Memory\[63\]\[29\],2.62
DM_inst.D_Memory\[63\]\[9\],2.62
DM_inst.D_Memory\[6\]\[19\],2.62
DM_inst.D_Memory\[6\]\[22\],2.62
DM_inst.D_Memory\[6\]\[23\],2.62
DM_inst.D_Memory\[6\]\[28\],2.62
DM_inst.D_Memory\[6\]\[29\],2.62
DM_inst.D_Memory\[6\]\[3\],2.62
DM_inst.D_Memory\[6\]\[7\],2.62
DM_inst.D_Memory\[7\]\[1\],2.62
DM_inst.D_Memory\[7\]\[25\],2.62
DM_inst.D_Memory\[7\]\[28\],2.62
DM_inst.D_Memory\[8\]\[0\],2.62
DM_inst.D_Memory\[8\]\[10\],2.62
DM_inst.D_Memory\[8\]\[18\],2.62
DM_inst.D_Memory\[8\]\[1\],2.62
DM_inst.D_Memory\[8\]\[6\],2.62
DM_inst.D_Memory\[8\]\[8\],2.62
DM_inst.D_Memory\[9\]\[12\],2.62
DM_inst.D_Memory\[9\]\[13\],2.62
DM_inst.D_Memory\[9\]\[18\],2.62
DM_inst.D_Memory\[9\]\[24\],2.62
PC_Mux.out\[10\],2.62
RF_inst.Registers\[4\]\[30\],2.62
RF_inst.Registers\[6\]\[10\],2.62
RF_inst.Registers\[6\]\[13\],2.62
RF_inst.Registers\[6\]\[1\],2.62
RF_inst.Registers\[6\]\[27\],2.62
RF_inst.Registers\[6\]\[4\],2.62
_00292_,2.62
_01055_,2.62
_02317_,2.62
_02362_,2.62
_02396_,2.62
_02410_,2.62
_02411_,2.62
_02424_,2.62
_02441_,2.62
_02558_,2.62
_02777_,2.62
_02794_,2.62
_02825_,2.62
_02872_,2.62
_02895_,2.62
_02925_,2.62
_03107_,2.62
_03116_,2.62
_03152_,2.62
_03162_,2.62
_03164_,2.62
_03229_,2.62
_03451_,2.62
_03463_,2.62
_03487_,2.62
_03506_,2.62
_03547_,2.62
_03739_,2.62
_03801_,2.62
_03812_,2.62
_03963_,2.62
_04038_,2.62
_04189_,2.62
_04208_,2.62
_04323_,2.62
_04398_,2.62
_04488_,2.62
_04561_,2.62
_04576_,2.62
_05251_,2.62
_05297_,2.62
_05756_,2.62
_05804_,2.62
_05956_,2.62
_06007_,2.62
_06582_,2.62
_06782_,2.62
_06928_,2.62
_06960_,2.62
_07734_,2.62
net189,2.62
net204,2.62
net228,2.62
net291,2.62
net374,2.62
net504,2.62
net542,2.62
net612,2.62
net618,2.62
net781,2.62
net816,2.62
net1018,2.62
net1067,2.62
net1069,2.62
net1083,2.62
net1173,2.62
net1245,2.62
net1274,2.62
net1326,2.62
net1389,2.62
net1407,2.62
net1417,2.62
net1440,2.62
net1461,2.62
net1535,2.62
net1550,2.62
net1561,2.62
net1851,2.62
net1875,2.62
net2022,2.62
net2075,2.62
net2205,2.62
net2270,2.62
_00067_,2.57
_00587_,2.57
_00622_,2.57
_00724_,2.57
_01544_,2.57
_01536_,2.55
DM_inst.D_Memory\[60\]\[29\],2.52
_04583_,2.52
_04624_,2.52
_04661_,2.52
_04788_,2.52
_04792_,2.52
_04819_,2.52
_04821_,2.52
_04832_,2.52
_04857_,2.52
_04866_,2.52
_04871_,2.52
_04917_,2.52
_04918_,2.52
_04951_,2.52
_04959_,2.52
_04987_,2.52
_05020_,2.52
_05083_,2.52
_05909_,2.52
_05919_,2.52
_05976_,2.52
_06387_,2.52
_06402_,2.52
_06409_,2.52
_06452_,2.52
_06550_,2.52
_06553_,2.52
_06555_,2.52
_06558_,2.52
_06562_,2.52
_06566_,2.52
_06572_,2.52
_06589_,2.52
_06601_,2.52
_06618_,2.52
_06691_,2.52
_06773_,2.52
_06799_,2.52
_06881_,2.52
_06887_,2.52
_06906_,2.52
_07039_,2.52
_07057_,2.52
_07068_,2.52
_07167_,2.52
_07169_,2.52
_07178_,2.52
_07206_,2.52
_07232_,2.52
_07236_,2.52
_07263_,2.52
_07267_,2.52
_07268_,2.52
_07279_,2.52
_07335_,2.52
_07366_,2.52
_07391_,2.52
_07403_,2.52
_07476_,2.52
_07487_,2.52
_07498_,2.52
_07520_,2.52
_07535_,2.52
_07543_,2.52
_07552_,2.52
_07613_,2.52
_07706_,2.52
_07733_,2.52
_07817_,2.52
DM_inst.D_Memory\[14\]\[24\],2.5
DM_inst.D_Memory\[19\]\[4\],2.5
DM_inst.D_Memory\[20\]\[26\],2.5
DM_inst.D_Memory\[52\]\[12\],2.5
_00011_,2.5
_00081_,2.5
_00204_,2.5
_00469_,2.5
_00474_,2.5
_00496_,2.5
_00545_,2.5
_00713_,2.5
_00741_,2.5
_00908_,2.5
_00983_,2.5
_01072_,2.5
_01169_,2.5
_01246_,2.5
_01275_,2.5
_01335_,2.5
_01495_,2.5
_01515_,2.5
_01707_,2.5
_01765_,2.5
_01797_,2.5
_01968_,2.5
_02120_,2.5
_02176_,2.5
_02352_,2.5
_02902_,2.5
_04725_,2.5
_04742_,2.5
_04807_,2.5
_04860_,2.5
_04876_,2.5
_04997_,2.5
_05104_,2.5
_05542_,2.5
_05693_,2.5
_05728_,2.5
_05794_,2.5
_05965_,2.5
_06353_,2.5
_06358_,2.5
_06489_,2.5
_06632_,2.5
_06708_,2.5
_06950_,2.5
_07010_,2.5
_07168_,2.5
net457,2.5
net579,2.5
net1255,2.5
net1793,2.5
net2007,2.5
_02346_,2.465
_02423_,2.465
_03125_,2.465
_03131_,2.465
_00012_,2.43
_00092_,2.43
_00172_,2.43
_00189_,2.43
_00230_,2.43
_00380_,2.43
_00391_,2.43
_00516_,2.43
_00538_,2.43
_00579_,2.43
_00599_,2.43
_00607_,2.43
_00612_,2.43
_00615_,2.43
_00663_,2.43
_00665_,2.43
_00688_,2.43
_00756_,2.43
_00762_,2.43
_00791_,2.43
_00918_,2.43
_00975_,2.43
_01004_,2.43
_01016_,2.43
_01038_,2.43
_01064_,2.43
_01066_,2.43
_01129_,2.43
_01220_,2.43
_01401_,2.43
_01463_,2.43
_01467_,2.43
_01680_,2.43
_01828_,2.43
_01863_,2.43
_01908_,2.43
_01913_,2.43
_01973_,2.43
_01999_,2.43
_02064_,2.43
_02153_,2.43
_02206_,2.43
_02211_,2.43
_02238_,2.43
_02245_,2.43
_02250_,2.43
_02253_,2.43
_02284_,2.43
_05163_,2.4
net210,2.4
net223,2.4
net247,2.4
_00005_,2.38
_00006_,2.38
_00013_,2.38
_00014_,2.38
_00022_,2.38
_00024_,2.38
_00036_,2.38
_00064_,2.38
_00077_,2.38
_00080_,2.38
_00094_,2.38
_00104_,2.38
_00120_,2.38
_00154_,2.38
_00159_,2.38
_00170_,2.38
_00195_,2.38
_00220_,2.38
_00234_,2.38
_00248_,2.38
_00251_,2.38
_00279_,2.38
_00295_,2.38
_00299_,2.38
_00306_,2.38
_00308_,2.38
_00314_,2.38
_00329_,2.38
_00334_,2.38
_00351_,2.38
_00367_,2.38
_00374_,2.38
_00378_,2.38
_00399_,2.38
_00418_,2.38
_00427_,2.38
_00437_,2.38
_00456_,2.38
_00472_,2.38
_00482_,2.38
_00488_,2.38
_00490_,2.38
_00555_,2.38
_00564_,2.38
_00605_,2.38
_00616_,2.38
_00630_,2.38
_00651_,2.38
_00664_,2.38
_00675_,2.38
_00677_,2.38
_00680_,2.38
_00682_,2.38
_00702_,2.38
_00716_,2.38
_00727_,2.38
_00737_,2.38
_00758_,2.38
_00759_,2.38
_00767_,2.38
_00768_,2.38
_00771_,2.38
_00778_,2.38
_00810_,2.38
_00815_,2.38
_00818_,2.38
_00827_,2.38
_00834_,2.38
_00866_,2.38
_00892_,2.38
_00894_,2.38
_00898_,2.38
_00920_,2.38
_00935_,2.38
_00947_,2.38
_00954_,2.38
_00956_,2.38
_00965_,2.38
_00969_,2.38
_00971_,2.38
_01001_,2.38
_01017_,2.38
_01035_,2.38
_01086_,2.38
_01101_,2.38
_01115_,2.38
_01153_,2.38
_01181_,2.38
_01188_,2.38
_01192_,2.38
_01194_,2.38
_01206_,2.38
_01219_,2.38
_01232_,2.38
_01238_,2.38
_01239_,2.38
_01285_,2.38
_01292_,2.38
_01294_,2.38
_01314_,2.38
_01322_,2.38
_01336_,2.38
_01343_,2.38
_01379_,2.38
_01403_,2.38
_01406_,2.38
_01417_,2.38
_01437_,2.38
_01441_,2.38
_01445_,2.38
_01448_,2.38
_01462_,2.38
_01468_,2.38
_01477_,2.38
_01480_,2.38
_01492_,2.38
_01508_,2.38
_01513_,2.38
_01526_,2.38
_01550_,2.38
_01551_,2.38
_01552_,2.38
_01555_,2.38
_01596_,2.38
_01602_,2.38
_01620_,2.38
_01621_,2.38
_01644_,2.38
_01657_,2.38
_01668_,2.38
_01675_,2.38
_01681_,2.38
_01683_,2.38
_01695_,2.38
_01718_,2.38
_01768_,2.38
_01794_,2.38
_01802_,2.38
_01815_,2.38
_01856_,2.38
_01871_,2.38
_01873_,2.38
_01889_,2.38
_01900_,2.38
_01943_,2.38
_01948_,2.38
_01951_,2.38
_01967_,2.38
_01983_,2.38
_01992_,2.38
_01998_,2.38
_02011_,2.38
_02016_,2.38
_02035_,2.38
_02048_,2.38
_02053_,2.38
_02079_,2.38
_02081_,2.38
_02099_,2.38
_02131_,2.38
_02136_,2.38
_02142_,2.38
_02149_,2.38
_02194_,2.38
_02199_,2.38
_02229_,2.38
_02258_,2.38
_02262_,2.38
_02270_,2.38
_02287_,2.38
_02294_,2.38
_02299_,2.38
_02538_,2.305
DM_inst.D_Memory\[10\]\[29\],2.3
DM_inst.D_Memory\[25\]\[23\],2.3
DM_inst.D_Memory\[50\]\[8\],2.3
DM_inst.D_Memory\[55\]\[9\],2.3
DM_inst.D_Memory\[63\]\[27\],2.3
_05406_,2.3
_05458_,2.3
_06059_,2.3
net169,2.3
net179,2.3
net257,2.3
PC_Mux.out\[18\],2.28
PC_Mux.out\[6\],2.28
_00222_,2.28
_00257_,2.28
_00273_,2.28
_00761_,2.28
_00837_,2.28
_00882_,2.28
_00901_,2.28
_00936_,2.28
_01050_,2.28
_01118_,2.28
_01204_,2.28
_01279_,2.28
_01361_,2.28
_01496_,2.28
_01625_,2.28
_01713_,2.28
_01881_,2.28
_02224_,2.28
_02329_,2.28
_02341_,2.28
_02372_,2.28
_02386_,2.28
_02397_,2.28
_02416_,2.28
_02425_,2.28
_02433_,2.28
_02451_,2.28
_02461_,2.28
_02464_,2.28
_02495_,2.28
_02732_,2.28
_02781_,2.28
_02845_,2.28
_02913_,2.28
_02955_,2.28
_03103_,2.28
_03184_,2.28
_03315_,2.28
_03328_,2.28
_03490_,2.28
_03545_,2.28
_03603_,2.28
_03757_,2.28
_03880_,2.28
_03889_,2.28
_03958_,2.28
_04064_,2.28
_04187_,2.28
_04304_,2.28
_04416_,2.28
_04459_,2.28
_04567_,2.28
_00050_,2.23
_00051_,2.23
_00065_,2.23
_00066_,2.23
_00083_,2.23
_00091_,2.23
_00095_,2.23
_00099_,2.23
_00111_,2.23
_00122_,2.23
_00125_,2.23
_00137_,2.23
_00141_,2.23
_00146_,2.23
_00180_,2.23
_00182_,2.23
_00183_,2.23
_00187_,2.23
_00202_,2.23
_00212_,2.23
_00227_,2.23
_00245_,2.23
_00267_,2.23
_00283_,2.23
_00297_,2.23
_00300_,2.23
_00303_,2.23
_00310_,2.23
_00331_,2.23
_00359_,2.23
_00361_,2.23
_00364_,2.23
_00394_,2.23
_00460_,2.23
_00468_,2.23
_00473_,2.23
_00487_,2.23
_00508_,2.23
_00532_,2.23
_00537_,2.23
_00542_,2.23
_00546_,2.23
_00553_,2.23
_00586_,2.23
_00653_,2.23
_00795_,2.23
_00801_,2.23
_00814_,2.23
_00855_,2.23
_00861_,2.23
_00862_,2.23
_00922_,2.23
_00938_,2.23
_00940_,2.23
_01030_,2.23
_01036_,2.23
_01049_,2.23
_01056_,2.23
_01058_,2.23
_01081_,2.23
_01088_,2.23
_01091_,2.23
_01102_,2.23
_01134_,2.23
_01143_,2.23
_01144_,2.23
_01148_,2.23
_01248_,2.23
_01261_,2.23
_01363_,2.23
_01402_,2.23
_01418_,2.23
_01436_,2.23
_01438_,2.23
_01440_,2.23
_01522_,2.23
_01524_,2.23
_01581_,2.23
_01597_,2.23
_01651_,2.23
_01671_,2.23
_01706_,2.23
_01769_,2.23
_01784_,2.23
_01787_,2.23
_01789_,2.23
_01811_,2.23
_01818_,2.23
_01848_,2.23
_01852_,2.23
_01855_,2.23
_01858_,2.23
_01868_,2.23
_01912_,2.23
_01933_,2.23
_01934_,2.23
_01939_,2.23
_01953_,2.23
_01976_,2.23
_01982_,2.23
_01987_,2.23
_01993_,2.23
_02063_,2.23
_02094_,2.23
_02126_,2.23
_02182_,2.23
_02197_,2.23
_02198_,2.23
_02210_,2.23
_02212_,2.23
_02214_,2.23
_02244_,2.23
_02260_,2.23
_00056_,2.21
_00124_,2.21
_00145_,2.21
_00147_,2.21
_00373_,2.21
_00659_,2.21
_00711_,2.21
_00786_,2.21
_00788_,2.21
_00942_,2.21
_01085_,2.21
_01089_,2.21
_01217_,2.21
_01547_,2.21
_01562_,2.21
_01612_,2.21
_01685_,2.21
_01689_,2.21
_01777_,2.21
_01814_,2.21
_01829_,2.21
_02290_,2.21
PC_Mux.out\[31\],2.18
net1625,2.18
DM_inst.D_Memory\[10\]\[1\],2.16
DM_inst.D_Memory\[10\]\[7\],2.16
DM_inst.D_Memory\[11\]\[16\],2.16
DM_inst.D_Memory\[11\]\[19\],2.16
DM_inst.D_Memory\[11\]\[25\],2.16
DM_inst.D_Memory\[11\]\[3\],2.16
DM_inst.D_Memory\[11\]\[5\],2.16
DM_inst.D_Memory\[12\]\[24\],2.16
DM_inst.D_Memory\[13\]\[19\],2.16
DM_inst.D_Memory\[14\]\[11\],2.16
DM_inst.D_Memory\[14\]\[25\],2.16
DM_inst.D_Memory\[14\]\[28\],2.16
DM_inst.D_Memory\[14\]\[4\],2.16
DM_inst.D_Memory\[15\]\[16\],2.16
DM_inst.D_Memory\[15\]\[19\],2.16
DM_inst.D_Memory\[15\]\[22\],2.16
DM_inst.D_Memory\[15\]\[3\],2.16
DM_inst.D_Memory\[17\]\[11\],2.16
DM_inst.D_Memory\[17\]\[1\],2.16
DM_inst.D_Memory\[17\]\[21\],2.16
DM_inst.D_Memory\[17\]\[24\],2.16
DM_inst.D_Memory\[17\]\[30\],2.16
DM_inst.D_Memory\[18\]\[12\],2.16
DM_inst.D_Memory\[18\]\[24\],2.16
DM_inst.D_Memory\[19\]\[16\],2.16
DM_inst.D_Memory\[19\]\[7\],2.16
DM_inst.D_Memory\[1\]\[17\],2.16
DM_inst.D_Memory\[1\]\[30\],2.16
DM_inst.D_Memory\[1\]\[4\],2.16
DM_inst.D_Memory\[20\]\[12\],2.16
DM_inst.D_Memory\[20\]\[15\],2.16
DM_inst.D_Memory\[21\]\[14\],2.16
DM_inst.D_Memory\[21\]\[31\],2.16
DM_inst.D_Memory\[22\]\[13\],2.16
DM_inst.D_Memory\[22\]\[20\],2.16
DM_inst.D_Memory\[22\]\[27\],2.16
DM_inst.D_Memory\[22\]\[30\],2.16
DM_inst.D_Memory\[23\]\[1\],2.16
DM_inst.D_Memory\[23\]\[22\],2.16
DM_inst.D_Memory\[23\]\[2\],2.16
DM_inst.D_Memory\[23\]\[30\],2.16
DM_inst.D_Memory\[23\]\[8\],2.16
DM_inst.D_Memory\[24\]\[16\],2.16
DM_inst.D_Memory\[24\]\[30\],2.16
DM_inst.D_Memory\[25\]\[16\],2.16
DM_inst.D_Memory\[25\]\[17\],2.16
DM_inst.D_Memory\[25\]\[7\],2.16
DM_inst.D_Memory\[26\]\[12\],2.16
DM_inst.D_Memory\[26\]\[13\],2.16
DM_inst.D_Memory\[26\]\[15\],2.16
DM_inst.D_Memory\[26\]\[21\],2.16
DM_inst.D_Memory\[26\]\[26\],2.16
DM_inst.D_Memory\[26\]\[31\],2.16
DM_inst.D_Memory\[27\]\[14\],2.16
DM_inst.D_Memory\[28\]\[0\],2.16
DM_inst.D_Memory\[28\]\[28\],2.16
DM_inst.D_Memory\[28\]\[2\],2.16
DM_inst.D_Memory\[2\]\[17\],2.16
DM_inst.D_Memory\[2\]\[1\],2.16
DM_inst.D_Memory\[2\]\[22\],2.16
DM_inst.D_Memory\[2\]\[28\],2.16
DM_inst.D_Memory\[2\]\[31\],2.16
DM_inst.D_Memory\[30\]\[15\],2.16
DM_inst.D_Memory\[30\]\[17\],2.16
DM_inst.D_Memory\[30\]\[1\],2.16
DM_inst.D_Memory\[31\]\[10\],2.16
DM_inst.D_Memory\[31\]\[12\],2.16
DM_inst.D_Memory\[31\]\[13\],2.16
DM_inst.D_Memory\[31\]\[3\],2.16
DM_inst.D_Memory\[32\]\[15\],2.16
DM_inst.D_Memory\[32\]\[21\],2.16
DM_inst.D_Memory\[32\]\[25\],2.16
DM_inst.D_Memory\[32\]\[8\],2.16
DM_inst.D_Memory\[32\]\[9\],2.16
DM_inst.D_Memory\[33\]\[29\],2.16
DM_inst.D_Memory\[34\]\[10\],2.16
DM_inst.D_Memory\[34\]\[14\],2.16
DM_inst.D_Memory\[34\]\[2\],2.16
DM_inst.D_Memory\[34\]\[4\],2.16
DM_inst.D_Memory\[35\]\[25\],2.16
DM_inst.D_Memory\[35\]\[8\],2.16
DM_inst.D_Memory\[36\]\[28\],2.16
DM_inst.D_Memory\[36\]\[30\],2.16
DM_inst.D_Memory\[37\]\[11\],2.16
DM_inst.D_Memory\[37\]\[17\],2.16
DM_inst.D_Memory\[37\]\[23\],2.16
DM_inst.D_Memory\[37\]\[3\],2.16
DM_inst.D_Memory\[38\]\[0\],2.16
DM_inst.D_Memory\[38\]\[16\],2.16
DM_inst.D_Memory\[3\]\[3\],2.16
DM_inst.D_Memory\[3\]\[6\],2.16
DM_inst.D_Memory\[40\]\[11\],2.16
DM_inst.D_Memory\[40\]\[26\],2.16
DM_inst.D_Memory\[40\]\[31\],2.16
DM_inst.D_Memory\[41\]\[21\],2.16
DM_inst.D_Memory\[41\]\[28\],2.16
DM_inst.D_Memory\[42\]\[0\],2.16
DM_inst.D_Memory\[42\]\[28\],2.16
DM_inst.D_Memory\[42\]\[5\],2.16
DM_inst.D_Memory\[43\]\[16\],2.16
DM_inst.D_Memory\[43\]\[19\],2.16
DM_inst.D_Memory\[43\]\[27\],2.16
DM_inst.D_Memory\[43\]\[28\],2.16
DM_inst.D_Memory\[44\]\[19\],2.16
DM_inst.D_Memory\[44\]\[24\],2.16
DM_inst.D_Memory\[45\]\[18\],2.16
DM_inst.D_Memory\[45\]\[22\],2.16
DM_inst.D_Memory\[45\]\[29\],2.16
DM_inst.D_Memory\[45\]\[3\],2.16
DM_inst.D_Memory\[45\]\[9\],2.16
DM_inst.D_Memory\[46\]\[11\],2.16
DM_inst.D_Memory\[46\]\[13\],2.16
DM_inst.D_Memory\[46\]\[25\],2.16
DM_inst.D_Memory\[46\]\[3\],2.16
DM_inst.D_Memory\[47\]\[26\],2.16
DM_inst.D_Memory\[47\]\[2\],2.16
DM_inst.D_Memory\[47\]\[8\],2.16
DM_inst.D_Memory\[48\]\[13\],2.16
DM_inst.D_Memory\[48\]\[15\],2.16
DM_inst.D_Memory\[48\]\[17\],2.16
DM_inst.D_Memory\[48\]\[21\],2.16
DM_inst.D_Memory\[49\]\[15\],2.16
DM_inst.D_Memory\[4\]\[12\],2.16
DM_inst.D_Memory\[4\]\[17\],2.16
DM_inst.D_Memory\[50\]\[21\],2.16
DM_inst.D_Memory\[50\]\[22\],2.16
DM_inst.D_Memory\[50\]\[26\],2.16
DM_inst.D_Memory\[51\]\[18\],2.16
DM_inst.D_Memory\[51\]\[1\],2.16
DM_inst.D_Memory\[51\]\[25\],2.16
DM_inst.D_Memory\[51\]\[27\],2.16
DM_inst.D_Memory\[51\]\[29\],2.16
DM_inst.D_Memory\[51\]\[5\],2.16
DM_inst.D_Memory\[52\]\[30\],2.16
DM_inst.D_Memory\[52\]\[9\],2.16
DM_inst.D_Memory\[53\]\[25\],2.16
DM_inst.D_Memory\[53\]\[6\],2.16
DM_inst.D_Memory\[54\]\[14\],2.16
DM_inst.D_Memory\[54\]\[15\],2.16
DM_inst.D_Memory\[54\]\[29\],2.16
DM_inst.D_Memory\[54\]\[6\],2.16
DM_inst.D_Memory\[55\]\[11\],2.16
DM_inst.D_Memory\[55\]\[20\],2.16
DM_inst.D_Memory\[55\]\[30\],2.16
DM_inst.D_Memory\[56\]\[2\],2.16
DM_inst.D_Memory\[56\]\[7\],2.16
DM_inst.D_Memory\[57\]\[13\],2.16
DM_inst.D_Memory\[57\]\[17\],2.16
DM_inst.D_Memory\[57\]\[20\],2.16
DM_inst.D_Memory\[57\]\[25\],2.16
DM_inst.D_Memory\[57\]\[27\],2.16
DM_inst.D_Memory\[58\]\[14\],2.16
DM_inst.D_Memory\[58\]\[9\],2.16
DM_inst.D_Memory\[59\]\[23\],2.16
DM_inst.D_Memory\[59\]\[24\],2.16
DM_inst.D_Memory\[59\]\[29\],2.16
DM_inst.D_Memory\[59\]\[9\],2.16
DM_inst.D_Memory\[5\]\[29\],2.16
DM_inst.D_Memory\[60\]\[10\],2.16
DM_inst.D_Memory\[60\]\[12\],2.16
DM_inst.D_Memory\[60\]\[16\],2.16
DM_inst.D_Memory\[60\]\[7\],2.16
DM_inst.D_Memory\[61\]\[11\],2.16
DM_inst.D_Memory\[61\]\[13\],2.16
DM_inst.D_Memory\[61\]\[17\],2.16
DM_inst.D_Memory\[61\]\[22\],2.16
DM_inst.D_Memory\[61\]\[23\],2.16
DM_inst.D_Memory\[61\]\[2\],2.16
DM_inst.D_Memory\[61\]\[9\],2.16
DM_inst.D_Memory\[62\]\[16\],2.16
DM_inst.D_Memory\[62\]\[22\],2.16
DM_inst.D_Memory\[6\]\[10\],2.16
DM_inst.D_Memory\[7\]\[18\],2.16
DM_inst.D_Memory\[7\]\[21\],2.16
DM_inst.D_Memory\[8\]\[11\],2.16
DM_inst.D_Memory\[8\]\[16\],2.16
DM_inst.D_Memory\[8\]\[27\],2.16
DM_inst.D_Memory\[9\]\[14\],2.16
DM_inst.D_Memory\[9\]\[17\],2.16
DM_inst.D_Memory\[9\]\[29\],2.16
DM_inst.D_Memory\[9\]\[3\],2.16
PC_Mux.out\[12\],2.16
RF_inst.Registers\[4\]\[22\],2.16
RF_inst.Registers\[4\]\[9\],2.16
RF_inst.Registers\[6\]\[8\],2.16
_00069_,2.16
_00171_,2.16
_00185_,2.16
_00224_,2.16
_00225_,2.16
_00229_,2.16
_00301_,2.16
_00323_,2.16
_00338_,2.16
_00346_,2.16
_00369_,2.16
_00371_,2.16
_00383_,2.16
_00404_,2.16
_00409_,2.16
_00454_,2.16
_00570_,2.16
_01028_,2.16
_01189_,2.16
_01242_,2.16
_01309_,2.16
_01311_,2.16
_01320_,2.16
_01323_,2.16
_01330_,2.16
_01430_,2.16
_01485_,2.16
_01610_,2.16
_01647_,2.16
_01714_,2.16
_01785_,2.16
_01833_,2.16
_02082_,2.16
_02150_,2.16
_02173_,2.16
_02193_,2.16
_02241_,2.16
_02263_,2.16
_02268_,2.16
_02296_,2.16
_02308_,2.16
_02394_,2.16
_02456_,2.16
_02475_,2.16
_02502_,2.16
_02603_,2.16
_02613_,2.16
_02652_,2.16
_02693_,2.16
_02833_,2.16
_03042_,2.16
_03096_,2.16
_03136_,2.16
_03138_,2.16
_03149_,2.16
_03251_,2.16
_03269_,2.16
_03276_,2.16
_03288_,2.16
_03412_,2.16
_03491_,2.16
_03548_,2.16
_03556_,2.16
_03559_,2.16
_03575_,2.16
_03645_,2.16
_03691_,2.16
_03715_,2.16
_03740_,2.16
_03787_,2.16
_03895_,2.16
_04028_,2.16
_04159_,2.16
_04193_,2.16
_04217_,2.16
_04332_,2.16
_04377_,2.16
_04400_,2.16
_04432_,2.16
_04544_,2.16
_04573_,2.16
_04623_,2.16
_04969_,2.16
_05075_,2.16
_05768_,2.16
_05979_,2.16
_06045_,2.16
_06598_,2.16
_06703_,2.16
_06720_,2.16
_06754_,2.16
_06967_,2.16
_06990_,2.16
_07015_,2.16
_07059_,2.16
_07329_,2.16
_07833_,2.16
net903,2.16
net998,2.16
net1051,2.16
net1075,2.16
net1148,2.16
net1243,2.16
net1340,2.16
net1416,2.16
net1437,2.16
net1476,2.16
net1586,2.16
net1638,2.16
net1868,2.16
net1974,2.16
net2001,2.16
net2010,2.16
net2053,2.16
net2058,2.16
net2106,2.16
net2191,2.16
net2199,2.16
net2256,2.16
net2264,2.16
net2345,2.16
net2410,2.16
_07815_,2.1
_00090_,2.09
_05454_,2.09
DM_inst.D_Memory\[19\]\[23\],2.06
DM_inst.D_Memory\[21\]\[16\],2.06
DM_inst.D_Memory\[23\]\[17\],2.06
DM_inst.D_Memory\[24\]\[1\],2.06
_04599_,2.06
_04601_,2.06
_04605_,2.06
_04618_,2.06
_04630_,2.06
_04632_,2.06
_04646_,2.06
_04658_,2.06
_04681_,2.06
_04682_,2.06
_04692_,2.06
_04706_,2.06
_04715_,2.06
_04723_,2.06
_04728_,2.06
_04761_,2.06
_04773_,2.06
_04779_,2.06
_04780_,2.06
_04793_,2.06
_04795_,2.06
_04809_,2.06
_04835_,2.06
_04839_,2.06
_04840_,2.06
_04862_,2.06
_04869_,2.06
_04883_,2.06
_04895_,2.06
_04896_,2.06
_04899_,2.06
_04906_,2.06
_04908_,2.06
_04910_,2.06
_04913_,2.06
_04941_,2.06
_04960_,2.06
_04975_,2.06
_04992_,2.06
_05003_,2.06
_05007_,2.06
_05016_,2.06
_05048_,2.06
_05050_,2.06
_05071_,2.06
_05077_,2.06
_05092_,2.06
_05117_,2.06
_05276_,2.06
_05904_,2.06
_05914_,2.06
_05927_,2.06
_05930_,2.06
_05932_,2.06
_05941_,2.06
_06360_,2.06
_06369_,2.06
_06381_,2.06
_06436_,2.06
_06453_,2.06
_06465_,2.06
_06477_,2.06
_06493_,2.06
_06494_,2.06
_06500_,2.06
_06508_,2.06
_06509_,2.06
_06524_,2.06
_06530_,2.06
_06539_,2.06
_06568_,2.06
_06575_,2.06
_06581_,2.06
_06611_,2.06
_06627_,2.06
_06649_,2.06
_06650_,2.06
_06657_,2.06
_06676_,2.06
_06706_,2.06
_06711_,2.06
_06714_,2.06
_06716_,2.06
_06718_,2.06
_06750_,2.06
_06783_,2.06
_06801_,2.06
_06812_,2.06
_06815_,2.06
_06817_,2.06
_06829_,2.06
_06847_,2.06
_06855_,2.06
_06865_,2.06
_06868_,2.06
_06911_,2.06
_06916_,2.06
_06920_,2.06
_06921_,2.06
_06931_,2.06
_06943_,2.06
_06968_,2.06
_06972_,2.06
_06996_,2.06
_06998_,2.06
_07017_,2.06
_07022_,2.06
_07055_,2.06
_07120_,2.06
_07133_,2.06
_07163_,2.06
_07164_,2.06
_07197_,2.06
_07246_,2.06
_07266_,2.06
_07309_,2.06
_07358_,2.06
_07370_,2.06
_07375_,2.06
_07381_,2.06
_07402_,2.06
_07406_,2.06
_07434_,2.06
_07437_,2.06
_07452_,2.06
_07481_,2.06
_07482_,2.06
_07532_,2.06
_07539_,2.06
_07555_,2.06
_07559_,2.06
_07578_,2.06
_07594_,2.06
_07614_,2.06
_07620_,2.06
_07647_,2.06
_07658_,2.06
_07686_,2.06
_07707_,2.06
_07710_,2.06
_07718_,2.06
_07740_,2.06
_07744_,2.06
_07765_,2.06
_07786_,2.06
_07820_,2.06
_07824_,2.06
_07825_,2.06
_07830_,2.06
_07836_,2.06
_07837_,2.06
_07843_,2.06
DM_inst.D_Memory\[53\]\[17\],2.04
DM_inst.D_Memory\[5\]\[10\],2.04
_00113_,2.04
_00134_,2.04
_00231_,2.04
_00343_,2.04
_00382_,2.04
_00448_,2.04
_00479_,2.04
_00524_,2.04
_00551_,2.04
_00566_,2.04
_00641_,2.04
_00662_,2.04
_00719_,2.04
_00766_,2.04
_00886_,2.04
_00888_,2.04
_00921_,2.04
_01037_,2.04
_01100_,2.04
_01111_,2.04
_01113_,2.04
_01182_,2.04
_01209_,2.04
_01264_,2.04
_01268_,2.04
_01408_,2.04
_01415_,2.04
_01457_,2.04
_01493_,2.04
_01575_,2.04
_01577_,2.04
_01609_,2.04
_01630_,2.04
_01646_,2.04
_01721_,2.04
_01917_,2.04
_01918_,2.04
_01946_,2.04
_02015_,2.04
_02044_,2.04
_02065_,2.04
_02074_,2.04
_02106_,2.04
_02179_,2.04
_02191_,2.04
_02209_,2.04
_02216_,2.04
_02368_,2.04
_02606_,2.04
_02797_,2.04
_03134_,2.04
_03891_,2.04
_03993_,2.04
_04329_,2.04
_04572_,2.04
_04677_,2.04
_05260_,2.04
_05665_,2.04
_06837_,2.04
net531,2.04
net1202,2.04
net1331,2.04
net1882,2.04
_02304_,2.005
_02432_,2.005
_02653_,2.005
_02767_,2.005
_06393_,1.98
DM_inst.D_Memory\[29\]\[24\],1.94
DM_inst.D_Memory\[51\]\[21\],1.94
_06002_,1.94
_03271_,1.845
_03434_,1.845
DM_inst.D_Memory\[10\]\[23\],1.84
DM_inst.D_Memory\[13\]\[10\],1.84
DM_inst.D_Memory\[22\]\[26\],1.84
DM_inst.D_Memory\[26\]\[2\],1.84
DM_inst.D_Memory\[26\]\[30\],1.84
DM_inst.D_Memory\[27\]\[5\],1.84
DM_inst.D_Memory\[30\]\[30\],1.84
DM_inst.D_Memory\[34\]\[0\],1.84
DM_inst.D_Memory\[39\]\[8\],1.84
DM_inst.D_Memory\[42\]\[8\],1.84
DM_inst.D_Memory\[45\]\[24\],1.84
DM_inst.D_Memory\[46\]\[26\],1.84
DM_inst.D_Memory\[50\]\[23\],1.84
DM_inst.D_Memory\[51\]\[12\],1.84
DM_inst.D_Memory\[54\]\[3\],1.84
DM_inst.D_Memory\[56\]\[5\],1.84
DM_inst.D_Memory\[57\]\[19\],1.84
DM_inst.D_Memory\[59\]\[5\],1.84
DM_inst.D_Memory\[5\]\[20\],1.84
DM_inst.D_Memory\[61\]\[30\],1.84
DM_inst.D_Memory\[61\]\[6\],1.84
DM_inst.D_Memory\[6\]\[4\],1.84
RF_inst.Registers\[2\]\[12\],1.84
RF_inst.Registers\[6\]\[7\],1.84
_05495_,1.84
_05514_,1.84
_05831_,1.84
_06074_,1.84
_06077_,1.84
net675,1.84
net682,1.84
net1999,1.84
net2056,1.84
net2130,1.84
net2186,1.84
_00007_,1.82
_00019_,1.82
_00087_,1.82
_00089_,1.82
_00129_,1.82
_00148_,1.82
_00160_,1.82
_00164_,1.82
_00167_,1.82
_00173_,1.82
_00179_,1.82
_00197_,1.82
_00203_,1.82
_00205_,1.82
_00242_,1.82
_00260_,1.82
_00276_,1.82
_00280_,1.82
_00282_,1.82
_00293_,1.82
_00298_,1.82
_00302_,1.82
_00342_,1.82
_00353_,1.82
_00389_,1.82
_00400_,1.82
_00408_,1.82
_00412_,1.82
_00453_,1.82
_00478_,1.82
_00481_,1.82
_00483_,1.82
_00509_,1.82
_00540_,1.82
_00544_,1.82
_00560_,1.82
_00597_,1.82
_00623_,1.82
_00629_,1.82
_00640_,1.82
_00649_,1.82
_00669_,1.82
_00673_,1.82
_00679_,1.82
_00708_,1.82
_00729_,1.82
_00733_,1.82
_00765_,1.82
_00773_,1.82
_00789_,1.82
_00790_,1.82
_00796_,1.82
_00829_,1.82
_00843_,1.82
_00872_,1.82
_00900_,1.82
_00928_,1.82
_00929_,1.82
_00944_,1.82
_00953_,1.82
_00961_,1.82
_00979_,1.82
_00988_,1.82
_01010_,1.82
_01012_,1.82
_01015_,1.82
_01018_,1.82
_01023_,1.82
_01053_,1.82
_01075_,1.82
_01149_,1.82
_01156_,1.82
_01158_,1.82
_01164_,1.82
_01185_,1.82
_01195_,1.82
_01201_,1.82
_01231_,1.82
_01252_,1.82
_01266_,1.82
_01267_,1.82
_01277_,1.82
_01281_,1.82
_01282_,1.82
_01293_,1.82
_01302_,1.82
_01327_,1.82
_01354_,1.82
_01359_,1.82
_01366_,1.82
_01381_,1.82
_01392_,1.82
_01394_,1.82
_01399_,1.82
_01405_,1.82
_01444_,1.82
_01474_,1.82
_01503_,1.82
_01549_,1.82
_01553_,1.82
_01558_,1.82
_01561_,1.82
_01566_,1.82
_01591_,1.82
_01608_,1.82
_01624_,1.82
_01626_,1.82
_01628_,1.82
_01648_,1.82
_01655_,1.82
_01658_,1.82
_01660_,1.82
_01684_,1.82
_01691_,1.82
_01732_,1.82
_01749_,1.82
_01753_,1.82
_01778_,1.82
_01780_,1.82
_01793_,1.82
_01799_,1.82
_01841_,1.82
_01850_,1.82
_01869_,1.82
_01892_,1.82
_01903_,1.82
_01910_,1.82
_01916_,1.82
_01972_,1.82
_01975_,1.82
_01978_,1.82
_02004_,1.82
_02024_,1.82
_02027_,1.82
_02085_,1.82
_02090_,1.82
_02115_,1.82
_02134_,1.82
_02151_,1.82
_02161_,1.82
_02169_,1.82
_02189_,1.82
_02264_,1.82
_02278_,1.82
_02291_,1.82
_02309_,1.82
_02367_,1.82
_02446_,1.82
_02455_,1.82
_02501_,1.82
_02576_,1.82
_02862_,1.82
_02863_,1.82
_02899_,1.82
_02917_,1.82
_02940_,1.82
_02973_,1.82
_03095_,1.82
_03144_,1.82
_03151_,1.82
_03233_,1.82
_03243_,1.82
_03253_,1.82
_03367_,1.82
_03377_,1.82
_03524_,1.82
_03590_,1.82
_03661_,1.82
_03755_,1.82
_03797_,1.82
_03806_,1.82
_03810_,1.82
_03886_,1.82
_03999_,1.82
_04004_,1.82
_04097_,1.82
_04110_,1.82
_04156_,1.82
_04290_,1.82
_04541_,1.82
_04558_,1.82
_05630_,1.82
_00015_,1.75
_00082_,1.75
_00163_,1.75
_00206_,1.75
_00421_,1.75
_00440_,1.75
_00485_,1.75
_00523_,1.75
_00531_,1.75
_00672_,1.75
_00880_,1.75
_00957_,1.75
_00960_,1.75
_00963_,1.75
_01083_,1.75
_01121_,1.75
_01130_,1.75
_01385_,1.75
_01593_,1.75
_01634_,1.75
_01739_,1.75
_01754_,1.75
_01849_,1.75
_01923_,1.75
_01989_,1.75
_02013_,1.75
_02054_,1.75
_02237_,1.75
_05749_,1.72
_05812_,1.72
net835,1.72
net2078,1.72
net2105,1.72
DM_inst.D_Memory\[10\]\[21\],1.7
DM_inst.D_Memory\[11\]\[11\],1.7
DM_inst.D_Memory\[11\]\[1\],1.7
DM_inst.D_Memory\[11\]\[27\],1.7
DM_inst.D_Memory\[11\]\[30\],1.7
DM_inst.D_Memory\[12\]\[15\],1.7
DM_inst.D_Memory\[12\]\[17\],1.7
DM_inst.D_Memory\[12\]\[20\],1.7
DM_inst.D_Memory\[12\]\[3\],1.7
DM_inst.D_Memory\[12\]\[4\],1.7
DM_inst.D_Memory\[13\]\[12\],1.7
DM_inst.D_Memory\[13\]\[22\],1.7
DM_inst.D_Memory\[13\]\[7\],1.7
DM_inst.D_Memory\[13\]\[8\],1.7
DM_inst.D_Memory\[14\]\[1\],1.7
DM_inst.D_Memory\[14\]\[27\],1.7
DM_inst.D_Memory\[14\]\[30\],1.7
DM_inst.D_Memory\[15\]\[27\],1.7
DM_inst.D_Memory\[15\]\[5\],1.7
DM_inst.D_Memory\[16\]\[12\],1.7
DM_inst.D_Memory\[16\]\[17\],1.7
DM_inst.D_Memory\[16\]\[18\],1.7
DM_inst.D_Memory\[16\]\[2\],1.7
DM_inst.D_Memory\[16\]\[3\],1.7
DM_inst.D_Memory\[16\]\[9\],1.7
DM_inst.D_Memory\[17\]\[23\],1.7
DM_inst.D_Memory\[17\]\[28\],1.7
DM_inst.D_Memory\[18\]\[14\],1.7
DM_inst.D_Memory\[18\]\[26\],1.7
DM_inst.D_Memory\[18\]\[29\],1.7
DM_inst.D_Memory\[19\]\[19\],1.7
DM_inst.D_Memory\[1\]\[28\],1.7
DM_inst.D_Memory\[20\]\[14\],1.7
DM_inst.D_Memory\[20\]\[16\],1.7
DM_inst.D_Memory\[20\]\[17\],1.7
DM_inst.D_Memory\[20\]\[1\],1.7
DM_inst.D_Memory\[20\]\[23\],1.7
DM_inst.D_Memory\[20\]\[28\],1.7
DM_inst.D_Memory\[20\]\[3\],1.7
DM_inst.D_Memory\[20\]\[8\],1.7
DM_inst.D_Memory\[21\]\[13\],1.7
DM_inst.D_Memory\[21\]\[8\],1.7
DM_inst.D_Memory\[22\]\[14\],1.7
DM_inst.D_Memory\[22\]\[18\],1.7
DM_inst.D_Memory\[22\]\[21\],1.7
DM_inst.D_Memory\[22\]\[23\],1.7
DM_inst.D_Memory\[22\]\[8\],1.7
DM_inst.D_Memory\[23\]\[27\],1.7
DM_inst.D_Memory\[24\]\[11\],1.7
DM_inst.D_Memory\[24\]\[13\],1.7
DM_inst.D_Memory\[24\]\[14\],1.7
DM_inst.D_Memory\[24\]\[18\],1.7
DM_inst.D_Memory\[24\]\[26\],1.7
DM_inst.D_Memory\[24\]\[5\],1.7
DM_inst.D_Memory\[24\]\[6\],1.7
DM_inst.D_Memory\[25\]\[14\],1.7
DM_inst.D_Memory\[25\]\[30\],1.7
DM_inst.D_Memory\[25\]\[3\],1.7
DM_inst.D_Memory\[26\]\[19\],1.7
DM_inst.D_Memory\[26\]\[20\],1.7
DM_inst.D_Memory\[26\]\[23\],1.7
DM_inst.D_Memory\[26\]\[25\],1.7
DM_inst.D_Memory\[26\]\[4\],1.7
DM_inst.D_Memory\[27\]\[10\],1.7
DM_inst.D_Memory\[27\]\[22\],1.7
DM_inst.D_Memory\[27\]\[26\],1.7
DM_inst.D_Memory\[27\]\[3\],1.7
DM_inst.D_Memory\[27\]\[7\],1.7
DM_inst.D_Memory\[28\]\[26\],1.7
DM_inst.D_Memory\[28\]\[30\],1.7
DM_inst.D_Memory\[29\]\[14\],1.7
DM_inst.D_Memory\[29\]\[29\],1.7
DM_inst.D_Memory\[29\]\[31\],1.7
DM_inst.D_Memory\[2\]\[11\],1.7
DM_inst.D_Memory\[2\]\[12\],1.7
DM_inst.D_Memory\[2\]\[16\],1.7
DM_inst.D_Memory\[2\]\[19\],1.7
DM_inst.D_Memory\[2\]\[23\],1.7
DM_inst.D_Memory\[2\]\[25\],1.7
DM_inst.D_Memory\[2\]\[29\],1.7
DM_inst.D_Memory\[30\]\[22\],1.7
DM_inst.D_Memory\[30\]\[23\],1.7
DM_inst.D_Memory\[30\]\[29\],1.7
DM_inst.D_Memory\[30\]\[4\],1.7
DM_inst.D_Memory\[30\]\[7\],1.7
DM_inst.D_Memory\[30\]\[8\],1.7
DM_inst.D_Memory\[31\]\[25\],1.7
DM_inst.D_Memory\[32\]\[24\],1.7
DM_inst.D_Memory\[33\]\[15\],1.7
DM_inst.D_Memory\[33\]\[4\],1.7
DM_inst.D_Memory\[35\]\[17\],1.7
DM_inst.D_Memory\[35\]\[28\],1.7
DM_inst.D_Memory\[36\]\[3\],1.7
DM_inst.D_Memory\[37\]\[0\],1.7
DM_inst.D_Memory\[37\]\[1\],1.7
DM_inst.D_Memory\[37\]\[27\],1.7
DM_inst.D_Memory\[37\]\[8\],1.7
DM_inst.D_Memory\[38\]\[10\],1.7
DM_inst.D_Memory\[38\]\[19\],1.7
DM_inst.D_Memory\[38\]\[20\],1.7
DM_inst.D_Memory\[38\]\[9\],1.7
DM_inst.D_Memory\[39\]\[0\],1.7
DM_inst.D_Memory\[39\]\[13\],1.7
DM_inst.D_Memory\[3\]\[26\],1.7
DM_inst.D_Memory\[3\]\[30\],1.7
DM_inst.D_Memory\[40\]\[12\],1.7
DM_inst.D_Memory\[40\]\[24\],1.7
DM_inst.D_Memory\[40\]\[29\],1.7
DM_inst.D_Memory\[41\]\[0\],1.7
DM_inst.D_Memory\[41\]\[14\],1.7
DM_inst.D_Memory\[41\]\[15\],1.7
DM_inst.D_Memory\[41\]\[5\],1.7
DM_inst.D_Memory\[41\]\[7\],1.7
DM_inst.D_Memory\[42\]\[16\],1.7
DM_inst.D_Memory\[43\]\[10\],1.7
DM_inst.D_Memory\[43\]\[13\],1.7
DM_inst.D_Memory\[43\]\[18\],1.7
DM_inst.D_Memory\[43\]\[20\],1.7
DM_inst.D_Memory\[43\]\[21\],1.7
DM_inst.D_Memory\[44\]\[15\],1.7
DM_inst.D_Memory\[44\]\[18\],1.7
DM_inst.D_Memory\[44\]\[8\],1.7
DM_inst.D_Memory\[45\]\[23\],1.7
DM_inst.D_Memory\[45\]\[30\],1.7
DM_inst.D_Memory\[46\]\[17\],1.7
DM_inst.D_Memory\[46\]\[28\],1.7
DM_inst.D_Memory\[46\]\[9\],1.7
DM_inst.D_Memory\[47\]\[21\],1.7
DM_inst.D_Memory\[47\]\[27\],1.7
DM_inst.D_Memory\[48\]\[20\],1.7
DM_inst.D_Memory\[48\]\[24\],1.7
DM_inst.D_Memory\[48\]\[25\],1.7
DM_inst.D_Memory\[48\]\[3\],1.7
DM_inst.D_Memory\[49\]\[2\],1.7
DM_inst.D_Memory\[4\]\[31\],1.7
DM_inst.D_Memory\[50\]\[13\],1.7
DM_inst.D_Memory\[51\]\[16\],1.7
DM_inst.D_Memory\[51\]\[23\],1.7
DM_inst.D_Memory\[51\]\[28\],1.7
DM_inst.D_Memory\[51\]\[31\],1.7
DM_inst.D_Memory\[52\]\[25\],1.7
DM_inst.D_Memory\[52\]\[26\],1.7
DM_inst.D_Memory\[52\]\[29\],1.7
DM_inst.D_Memory\[53\]\[30\],1.7
DM_inst.D_Memory\[54\]\[18\],1.7
DM_inst.D_Memory\[54\]\[19\],1.7
DM_inst.D_Memory\[54\]\[27\],1.7
DM_inst.D_Memory\[54\]\[8\],1.7
DM_inst.D_Memory\[55\]\[25\],1.7
DM_inst.D_Memory\[55\]\[31\],1.7
DM_inst.D_Memory\[55\]\[4\],1.7
DM_inst.D_Memory\[56\]\[26\],1.7
DM_inst.D_Memory\[56\]\[4\],1.7
DM_inst.D_Memory\[57\]\[28\],1.7
DM_inst.D_Memory\[57\]\[3\],1.7
DM_inst.D_Memory\[57\]\[7\],1.7
DM_inst.D_Memory\[58\]\[24\],1.7
DM_inst.D_Memory\[58\]\[26\],1.7
DM_inst.D_Memory\[58\]\[27\],1.7
DM_inst.D_Memory\[58\]\[6\],1.7
DM_inst.D_Memory\[59\]\[18\],1.7
DM_inst.D_Memory\[5\]\[19\],1.7
DM_inst.D_Memory\[5\]\[24\],1.7
DM_inst.D_Memory\[61\]\[14\],1.7
DM_inst.D_Memory\[61\]\[18\],1.7
DM_inst.D_Memory\[61\]\[4\],1.7
DM_inst.D_Memory\[62\]\[18\],1.7
DM_inst.D_Memory\[62\]\[19\],1.7
DM_inst.D_Memory\[62\]\[24\],1.7
DM_inst.D_Memory\[63\]\[12\],1.7
DM_inst.D_Memory\[63\]\[17\],1.7
DM_inst.D_Memory\[6\]\[17\],1.7
DM_inst.D_Memory\[6\]\[25\],1.7
DM_inst.D_Memory\[7\]\[11\],1.7
DM_inst.D_Memory\[7\]\[13\],1.7
DM_inst.D_Memory\[7\]\[19\],1.7
DM_inst.D_Memory\[8\]\[13\],1.7
DM_inst.D_Memory\[8\]\[17\],1.7
DM_inst.D_Memory\[8\]\[23\],1.7
DM_inst.D_Memory\[8\]\[28\],1.7
DM_inst.D_Memory\[8\]\[2\],1.7
DM_inst.D_Memory\[8\]\[3\],1.7
DM_inst.D_Memory\[9\]\[20\],1.7
DM_inst.D_Memory\[9\]\[22\],1.7
DM_inst.D_Memory\[9\]\[23\],1.7
DM_inst.D_Memory\[9\]\[5\],1.7
RF_inst.Registers\[4\]\[18\],1.7
RF_inst.Registers\[4\]\[20\],1.7
RF_inst.Registers\[4\]\[29\],1.7
RF_inst.Registers\[4\]\[8\],1.7
RF_inst.Registers\[6\]\[20\],1.7
RF_inst.Registers\[6\]\[24\],1.7
_00027_,1.7
_00053_,1.7
_00223_,1.7
_00321_,1.7
_00356_,1.7
_00362_,1.7
_00425_,1.7
_00507_,1.7
_00513_,1.7
_00527_,1.7
_00568_,1.7
_00582_,1.7
_00683_,1.7
_00710_,1.7
_00718_,1.7
_00749_,1.7
_01042_,1.7
_01046_,1.7
_01106_,1.7
_01126_,1.7
_01132_,1.7
_01139_,1.7
_01272_,1.7
_01283_,1.7
_01329_,1.7
_01455_,1.7
_01534_,1.7
_01563_,1.7
_01611_,1.7
_01726_,1.7
_01740_,1.7
_01796_,1.7
_01854_,1.7
_01937_,1.7
_02052_,1.7
_02073_,1.7
_02130_,1.7
_02132_,1.7
_02164_,1.7
_02166_,1.7
_02186_,1.7
_02213_,1.7
_02232_,1.7
_02271_,1.7
_02297_,1.7
_02313_,1.7
_02323_,1.7
_02359_,1.7
_02360_,1.7
_02380_,1.7
_02452_,1.7
_02469_,1.7
_02494_,1.7
_02527_,1.7
_02542_,1.7
_02995_,1.7
_03011_,1.7
_03036_,1.7
_03084_,1.7
_03238_,1.7
_03270_,1.7
_03275_,1.7
_03356_,1.7
_03442_,1.7
_04163_,1.7
_04322_,1.7
_04479_,1.7
_05335_,1.7
_06778_,1.7
net920,1.7
net1241,1.7
net1444,1.7
net1498,1.7
net1778,1.7
net1867,1.7
net2181,1.7
DM_inst.D_Memory\[10\]\[26\],1.6
DM_inst.D_Memory\[14\]\[5\],1.6
DM_inst.D_Memory\[28\]\[24\],1.6
DM_inst.D_Memory\[28\]\[27\],1.6
DM_inst.D_Memory\[28\]\[5\],1.6
DM_inst.D_Memory\[29\]\[0\],1.6
DM_inst.D_Memory\[30\]\[31\],1.6
DM_inst.D_Memory\[34\]\[11\],1.6
DM_inst.D_Memory\[34\]\[17\],1.6
DM_inst.D_Memory\[3\]\[13\],1.6
DM_inst.D_Memory\[46\]\[27\],1.6
DM_inst.D_Memory\[47\]\[24\],1.6
DM_inst.D_Memory\[48\]\[9\],1.6
DM_inst.D_Memory\[49\]\[5\],1.6
DM_inst.D_Memory\[4\]\[23\],1.6
DM_inst.D_Memory\[50\]\[19\],1.6
DM_inst.D_Memory\[51\]\[14\],1.6
DM_inst.D_Memory\[51\]\[3\],1.6
DM_inst.D_Memory\[53\]\[23\],1.6
DM_inst.D_Memory\[53\]\[31\],1.6
DM_inst.D_Memory\[54\]\[13\],1.6
DM_inst.D_Memory\[54\]\[16\],1.6
DM_inst.D_Memory\[55\]\[23\],1.6
DM_inst.D_Memory\[55\]\[28\],1.6
DM_inst.D_Memory\[56\]\[11\],1.6
DM_inst.D_Memory\[58\]\[13\],1.6
DM_inst.D_Memory\[59\]\[27\],1.6
DM_inst.D_Memory\[60\]\[25\],1.6
DM_inst.D_Memory\[60\]\[30\],1.6
_04604_,1.6
_04642_,1.6
_04669_,1.6
_04687_,1.6
_04688_,1.6
_04705_,1.6
_04714_,1.6
_04719_,1.6
_04734_,1.6
_04736_,1.6
_04740_,1.6
_04756_,1.6
_04760_,1.6
_04770_,1.6
_04772_,1.6
_04798_,1.6
_04843_,1.6
_04845_,1.6
_04854_,1.6
_04885_,1.6
_04890_,1.6
_04912_,1.6
_04914_,1.6
_04920_,1.6
_04943_,1.6
_04947_,1.6
_04956_,1.6
_04957_,1.6
_04962_,1.6
_04977_,1.6
_04988_,1.6
_04996_,1.6
_05009_,1.6
_05061_,1.6
_05888_,1.6
_05913_,1.6
_05928_,1.6
_05929_,1.6
_05933_,1.6
_05937_,1.6
_05942_,1.6
_05947_,1.6
_05954_,1.6
_05964_,1.6
_05969_,1.6
_05977_,1.6
_06348_,1.6
_06364_,1.6
_06384_,1.6
_06401_,1.6
_06466_,1.6
_06467_,1.6
_06468_,1.6
_06492_,1.6
_06507_,1.6
_06527_,1.6
_06536_,1.6
_06554_,1.6
_06557_,1.6
_06563_,1.6
_06571_,1.6
_06596_,1.6
_06603_,1.6
_06617_,1.6
_06631_,1.6
_06637_,1.6
_06663_,1.6
_06698_,1.6
_06727_,1.6
_06731_,1.6
_06735_,1.6
_06737_,1.6
_06768_,1.6
_06771_,1.6
_06846_,1.6
_06863_,1.6
_06894_,1.6
_06896_,1.6
_06930_,1.6
_06944_,1.6
_06971_,1.6
_06981_,1.6
_07001_,1.6
_07040_,1.6
_07044_,1.6
_07052_,1.6
_07054_,1.6
_07091_,1.6
_07106_,1.6
_07155_,1.6
_07171_,1.6
_07195_,1.6
_07207_,1.6
_07213_,1.6
_07217_,1.6
_07256_,1.6
_07304_,1.6
_07305_,1.6
_07313_,1.6
_07326_,1.6
_07357_,1.6
_07389_,1.6
_07405_,1.6
_07502_,1.6
_07563_,1.6
_07569_,1.6
_07570_,1.6
_07592_,1.6
_07599_,1.6
_07632_,1.6
_07641_,1.6
_07670_,1.6
_07711_,1.6
_07714_,1.6
_07716_,1.6
_07728_,1.6
_07755_,1.6
_07764_,1.6
_07767_,1.6
_07773_,1.6
_07783_,1.6
_07789_,1.6
_07840_,1.6
_02492_,1.545
_02528_,1.545
_03317_,1.545
_04207_,1.545
_04260_,1.545
_04467_,1.545
_05103_,1.52
DM_inst.D_Memory\[44\]\[3\],1.48
_05269_,1.48
net195,1.48
net209,1.48
DM_inst.D_Memory\[14\]\[9\],1.38
DM_inst.D_Memory\[15\]\[0\],1.38
DM_inst.D_Memory\[17\]\[22\],1.38
DM_inst.D_Memory\[23\]\[0\],1.38
DM_inst.D_Memory\[23\]\[7\],1.38
DM_inst.D_Memory\[27\]\[8\],1.38
DM_inst.D_Memory\[28\]\[15\],1.38
DM_inst.D_Memory\[29\]\[16\],1.38
DM_inst.D_Memory\[29\]\[26\],1.38
DM_inst.D_Memory\[2\]\[18\],1.38
DM_inst.D_Memory\[31\]\[24\],1.38
DM_inst.D_Memory\[35\]\[6\],1.38
DM_inst.D_Memory\[36\]\[15\],1.38
DM_inst.D_Memory\[36\]\[27\],1.38
DM_inst.D_Memory\[37\]\[26\],1.38
DM_inst.D_Memory\[43\]\[30\],1.38
DM_inst.D_Memory\[46\]\[8\],1.38
DM_inst.D_Memory\[47\]\[16\],1.38
DM_inst.D_Memory\[49\]\[19\],1.38
DM_inst.D_Memory\[51\]\[4\],1.38
DM_inst.D_Memory\[53\]\[19\],1.38
DM_inst.D_Memory\[53\]\[20\],1.38
DM_inst.D_Memory\[55\]\[14\],1.38
DM_inst.D_Memory\[57\]\[21\],1.38
DM_inst.D_Memory\[57\]\[23\],1.38
DM_inst.D_Memory\[62\]\[0\],1.38
RF_inst.Registers\[6\]\[12\],1.38
RF_inst.Registers\[6\]\[6\],1.38
_05578_,1.38
_05635_,1.38
_05657_,1.38
_05878_,1.38
net156,1.38
net272,1.38
net386,1.38
net401,1.38
net403,1.38
net409,1.38
net432,1.38
net442,1.38
net445,1.38
net456,1.38
net466,1.38
net470,1.38
net473,1.38
net475,1.38
net476,1.38
net481,1.38
net482,1.38
net485,1.38
net490,1.38
net512,1.38
net514,1.38
net523,1.38
net549,1.38
net558,1.38
net570,1.38
net585,1.38
net591,1.38
net593,1.38
net613,1.38
net614,1.38
net616,1.38
net617,1.38
net624,1.38
net649,1.38
net650,1.38
net654,1.38
net660,1.38
net664,1.38
net665,1.38
net667,1.38
net671,1.38
net694,1.38
net702,1.38
net719,1.38
net721,1.38
net724,1.38
net742,1.38
net748,1.38
net752,1.38
net757,1.38
net766,1.38
net770,1.38
net771,1.38
net777,1.38
net780,1.38
net784,1.38
net792,1.38
net796,1.38
net798,1.38
net814,1.38
net823,1.38
net828,1.38
net832,1.38
net845,1.38
net856,1.38
net864,1.38
net877,1.38
net897,1.38
net898,1.38
net909,1.38
net910,1.38
net919,1.38
net938,1.38
net948,1.38
net950,1.38
net959,1.38
net961,1.38
net964,1.38
net965,1.38
net970,1.38
net982,1.38
net985,1.38
net987,1.38
net988,1.38
net1000,1.38
net1001,1.38
net1002,1.38
net1009,1.38
net1025,1.38
net1037,1.38
net1040,1.38
net1041,1.38
net1043,1.38
net1046,1.38
net1055,1.38
net1060,1.38
net1062,1.38
net1065,1.38
net1072,1.38
net1076,1.38
net1080,1.38
net1084,1.38
net1087,1.38
net1093,1.38
net1100,1.38
net1108,1.38
net1111,1.38
net1120,1.38
net1121,1.38
net1123,1.38
net1136,1.38
net1142,1.38
net1156,1.38
net1157,1.38
net1158,1.38
net1163,1.38
net1164,1.38
net1167,1.38
net1168,1.38
net1171,1.38
net1174,1.38
net1175,1.38
net1176,1.38
net1178,1.38
net1206,1.38
net1207,1.38
net1219,1.38
net1222,1.38
net1233,1.38
net1237,1.38
net1261,1.38
net1265,1.38
net1268,1.38
net1269,1.38
net1273,1.38
net1277,1.38
net1282,1.38
net1286,1.38
net1289,1.38
net1296,1.38
net1298,1.38
net1337,1.38
net1338,1.38
net1345,1.38
net1350,1.38
net1355,1.38
net1365,1.38
net1369,1.38
net1371,1.38
net1374,1.38
net1376,1.38
net1378,1.38
net1382,1.38
net1383,1.38
net1384,1.38
net1390,1.38
net1401,1.38
net1403,1.38
net1412,1.38
net1426,1.38
net1428,1.38
net1432,1.38
net1442,1.38
net1443,1.38
net1449,1.38
net1453,1.38
net1454,1.38
net1455,1.38
net1463,1.38
net1464,1.38
net1480,1.38
net1482,1.38
net1483,1.38
net1485,1.38
net1489,1.38
net1496,1.38
net1502,1.38
net1507,1.38
net1518,1.38
net1530,1.38
net1545,1.38
net1546,1.38
net1547,1.38
net1553,1.38
net1566,1.38
net1569,1.38
net1584,1.38
net1585,1.38
net1592,1.38
net1595,1.38
net1597,1.38
net1604,1.38
net1608,1.38
net1610,1.38
net1616,1.38
net1621,1.38
net1623,1.38
net1624,1.38
net1628,1.38
net1630,1.38
net1631,1.38
net1632,1.38
net1635,1.38
net1639,1.38
net1643,1.38
net1646,1.38
net1656,1.38
net1659,1.38
net1660,1.38
net1666,1.38
net1672,1.38
net1675,1.38
net1679,1.38
net1680,1.38
net1682,1.38
net1684,1.38
net1687,1.38
net1692,1.38
net1697,1.38
net1717,1.38
net1726,1.38
net1731,1.38
net1742,1.38
net1755,1.38
net1761,1.38
net1771,1.38
net1772,1.38
net1782,1.38
net1785,1.38
net1804,1.38
net1806,1.38
net1832,1.38
net1842,1.38
net1854,1.38
net1855,1.38
net1864,1.38
net1865,1.38
net1883,1.38
net1894,1.38
net1903,1.38
net1921,1.38
net1925,1.38
net1929,1.38
net1930,1.38
net1940,1.38
net1942,1.38
net1953,1.38
net1956,1.38
net1958,1.38
net1973,1.38
net1987,1.38
net2000,1.38
net2005,1.38
net2012,1.38
net2035,1.38
net2049,1.38
net2087,1.38
net2088,1.38
net2089,1.38
net2091,1.38
net2110,1.38
net2116,1.38
net2117,1.38
net2119,1.38
net2121,1.38
net2127,1.38
net2138,1.38
net2141,1.38
net2146,1.38
net2148,1.38
net2153,1.38
net2165,1.38
net2180,1.38
net2185,1.38
net2190,1.38
net2192,1.38
net2197,1.38
net2198,1.38
net2200,1.38
net2220,1.38
net2224,1.38
net2227,1.38
net2240,1.38
net2241,1.38
net2242,1.38
_00001_,1.36
_00002_,1.36
_00004_,1.36
_00008_,1.36
_00017_,1.36
_00020_,1.36
_00031_,1.36
_00033_,1.36
_00040_,1.36
_00041_,1.36
_00042_,1.36
_00047_,1.36
_00068_,1.36
_00078_,1.36
_00103_,1.36
_00105_,1.36
_00109_,1.36
_00127_,1.36
_00135_,1.36
_00162_,1.36
_00181_,1.36
_00184_,1.36
_00192_,1.36
_00193_,1.36
_00213_,1.36
_00214_,1.36
_00228_,1.36
_00261_,1.36
_00278_,1.36
_00285_,1.36
_00287_,1.36
_00291_,1.36
_00315_,1.36
_00317_,1.36
_00333_,1.36
_00348_,1.36
_00386_,1.36
_00395_,1.36
_00402_,1.36
_00417_,1.36
_00429_,1.36
_00445_,1.36
_00447_,1.36
_00451_,1.36
_00459_,1.36
_00463_,1.36
_00522_,1.36
_00533_,1.36
_00548_,1.36
_00561_,1.36
_00562_,1.36
_00585_,1.36
_00589_,1.36
_00598_,1.36
_00625_,1.36
_00626_,1.36
_00650_,1.36
_00655_,1.36
_00681_,1.36
_00685_,1.36
_00696_,1.36
_00697_,1.36
_00709_,1.36
_00740_,1.36
_00750_,1.36
_00785_,1.36
_00792_,1.36
_00800_,1.36
_00828_,1.36
_00836_,1.36
_00840_,1.36
_00851_,1.36
_00863_,1.36
_00868_,1.36
_00874_,1.36
_00875_,1.36
_00878_,1.36
_00910_,1.36
_00912_,1.36
_00913_,1.36
_00917_,1.36
_00919_,1.36
_00959_,1.36
_00968_,1.36
_00978_,1.36
_00981_,1.36
_00987_,1.36
_00991_,1.36
_01024_,1.36
_01040_,1.36
_01045_,1.36
_01052_,1.36
_01105_,1.36
_01112_,1.36
_01116_,1.36
_01117_,1.36
_01155_,1.36
_01161_,1.36
_01171_,1.36
_01175_,1.36
_01200_,1.36
_01202_,1.36
_01211_,1.36
_01213_,1.36
_01224_,1.36
_01225_,1.36
_01237_,1.36
_01250_,1.36
_01259_,1.36
_01263_,1.36
_01270_,1.36
_01287_,1.36
_01288_,1.36
_01289_,1.36
_01300_,1.36
_01305_,1.36
_01316_,1.36
_01344_,1.36
_01350_,1.36
_01353_,1.36
_01393_,1.36
_01395_,1.36
_01419_,1.36
_01426_,1.36
_01429_,1.36
_01446_,1.36
_01478_,1.36
_01481_,1.36
_01490_,1.36
_01501_,1.36
_01506_,1.36
_01521_,1.36
_01531_,1.36
_01532_,1.36
_01537_,1.36
_01545_,1.36
_01576_,1.36
_01579_,1.36
_01580_,1.36
_01586_,1.36
_01587_,1.36
_01590_,1.36
_01618_,1.36
_01623_,1.36
_01640_,1.36
_01642_,1.36
_01663_,1.36
_01665_,1.36
_01674_,1.36
_01687_,1.36
_01705_,1.36
_01709_,1.36
_01727_,1.36
_01734_,1.36
_01737_,1.36
_01747_,1.36
_01773_,1.36
_01783_,1.36
_01786_,1.36
_01790_,1.36
_01813_,1.36
_01824_,1.36
_01842_,1.36
_01843_,1.36
_01851_,1.36
_01857_,1.36
_01876_,1.36
_01901_,1.36
_01906_,1.36
_01909_,1.36
_01921_,1.36
_01942_,1.36
_01944_,1.36
_01954_,1.36
_01955_,1.36
_01956_,1.36
_01965_,1.36
_01966_,1.36
_01990_,1.36
_01991_,1.36
_01996_,1.36
_02006_,1.36
_02007_,1.36
_02017_,1.36
_02018_,1.36
_02019_,1.36
_02038_,1.36
_02066_,1.36
_02077_,1.36
_02078_,1.36
_02086_,1.36
_02103_,1.36
_02119_,1.36
_02121_,1.36
_02145_,1.36
_02159_,1.36
_02165_,1.36
_02170_,1.36
_02175_,1.36
_02177_,1.36
_02180_,1.36
_02187_,1.36
_02195_,1.36
_02202_,1.36
_02217_,1.36
_02226_,1.36
_02267_,1.36
_02277_,1.36
_02286_,1.36
_02298_,1.36
_02395_,1.36
_02514_,1.36
_02535_,1.36
_02648_,1.36
_03448_,1.36
_03454_,1.36
_03510_,1.36
_03554_,1.36
_03601_,1.36
_03673_,1.36
_03745_,1.36
_04259_,1.36
_04331_,1.36
_04369_,1.36
_04441_,1.36
_04515_,1.36
_04539_,1.36
_05591_,1.36
DM_inst.D_Memory\[11\]\[4\],1.26
DM_inst.D_Memory\[19\]\[2\],1.26
DM_inst.D_Memory\[29\]\[17\],1.26
DM_inst.D_Memory\[35\]\[12\],1.26
DM_inst.D_Memory\[38\]\[28\],1.26
DM_inst.D_Memory\[41\]\[16\],1.26
DM_inst.D_Memory\[5\]\[22\],1.26
_05154_,1.26
_05206_,1.26
_05247_,1.26
_07112_,1.18
DM_inst.D_Memory\[10\]\[4\],1.14
DM_inst.D_Memory\[13\]\[11\],1.14
DM_inst.D_Memory\[14\]\[6\],1.14
DM_inst.D_Memory\[1\]\[1\],1.14
DM_inst.D_Memory\[21\]\[22\],1.14
DM_inst.D_Memory\[21\]\[29\],1.14
DM_inst.D_Memory\[24\]\[7\],1.14
DM_inst.D_Memory\[35\]\[10\],1.14
DM_inst.D_Memory\[36\]\[4\],1.14
DM_inst.D_Memory\[50\]\[16\],1.14
DM_inst.D_Memory\[51\]\[22\],1.14
DM_inst.D_Memory\[52\]\[0\],1.14
DM_inst.D_Memory\[53\]\[26\],1.14
DM_inst.D_Memory\[57\]\[15\],1.14
DM_inst.D_Memory\[5\]\[2\],1.14
DM_inst.D_Memory\[62\]\[30\],1.14
RF_inst.Registers\[6\]\[5\],1.14
_04579_,1.14
_04580_,1.14
_04631_,1.14
_04639_,1.14
_04650_,1.14
_04713_,1.14
_04717_,1.14
_04732_,1.14
_04733_,1.14
_04759_,1.14
_04790_,1.14
_04803_,1.14
_04804_,1.14
_04822_,1.14
_04825_,1.14
_04828_,1.14
_04838_,1.14
_04847_,1.14
_04874_,1.14
_04894_,1.14
_04904_,1.14
_04936_,1.14
_04948_,1.14
_04950_,1.14
_04966_,1.14
_04989_,1.14
_05002_,1.14
_05012_,1.14
_05038_,1.14
_05039_,1.14
_05041_,1.14
_05069_,1.14
_05076_,1.14
_05079_,1.14
_05082_,1.14
_05095_,1.14
_05106_,1.14
_05109_,1.14
_05647_,1.14
_05902_,1.14
_05925_,1.14
_05931_,1.14
_05935_,1.14
_05949_,1.14
_05951_,1.14
_05986_,1.14
_06371_,1.14
_06377_,1.14
_06380_,1.14
_06406_,1.14
_06407_,1.14
_06414_,1.14
_06417_,1.14
_06443_,1.14
_06450_,1.14
_06487_,1.14
_06488_,1.14
_06491_,1.14
_06503_,1.14
_06514_,1.14
_06526_,1.14
_06542_,1.14
_06549_,1.14
_06559_,1.14
_06587_,1.14
_06588_,1.14
_06591_,1.14
_06597_,1.14
_06613_,1.14
_06614_,1.14
_06628_,1.14
_06652_,1.14
_06666_,1.14
_06671_,1.14
_06673_,1.14
_06739_,1.14
_06743_,1.14
_06757_,1.14
_06766_,1.14
_06772_,1.14
_06784_,1.14
_06790_,1.14
_06798_,1.14
_06819_,1.14
_06836_,1.14
_06867_,1.14
_06869_,1.14
_06886_,1.14
_06888_,1.14
_06889_,1.14
_06892_,1.14
_06924_,1.14
_06934_,1.14
_06940_,1.14
_06948_,1.14
_06961_,1.14
_06975_,1.14
_06983_,1.14
_06986_,1.14
_06989_,1.14
_06992_,1.14
_07005_,1.14
_07014_,1.14
_07019_,1.14
_07034_,1.14
_07035_,1.14
_07043_,1.14
_07092_,1.14
_07104_,1.14
_07107_,1.14
_07118_,1.14
_07123_,1.14
_07125_,1.14
_07126_,1.14
_07138_,1.14
_07141_,1.14
_07162_,1.14
_07165_,1.14
_07166_,1.14
_07184_,1.14
_07185_,1.14
_07189_,1.14
_07196_,1.14
_07200_,1.14
_07202_,1.14
_07205_,1.14
_07222_,1.14
_07254_,1.14
_07272_,1.14
_07274_,1.14
_07315_,1.14
_07321_,1.14
_07323_,1.14
_07331_,1.14
_07359_,1.14
_07376_,1.14
_07379_,1.14
_07416_,1.14
_07467_,1.14
_07480_,1.14
_07530_,1.14
_07541_,1.14
_07562_,1.14
_07568_,1.14
_07609_,1.14
_07615_,1.14
_07622_,1.14
_07646_,1.14
_07648_,1.14
_07677_,1.14
_07690_,1.14
_07695_,1.14
_07717_,1.14
_07760_,1.14
_07762_,1.14
_07793_,1.14
_07845_,1.14
_02391_,1.085
_02988_,1.085
_03019_,1.085
_03771_,1.085
_04328_,1.085
_04468_,1.085
DM_inst.D_Memory\[10\]\[11\],0.92
DM_inst.D_Memory\[10\]\[13\],0.92
DM_inst.D_Memory\[10\]\[14\],0.92
DM_inst.D_Memory\[10\]\[3\],0.92
DM_inst.D_Memory\[10\]\[6\],0.92
DM_inst.D_Memory\[11\]\[20\],0.92
DM_inst.D_Memory\[11\]\[21\],0.92
DM_inst.D_Memory\[12\]\[29\],0.92
DM_inst.D_Memory\[12\]\[30\],0.92
DM_inst.D_Memory\[12\]\[6\],0.92
DM_inst.D_Memory\[12\]\[7\],0.92
DM_inst.D_Memory\[13\]\[0\],0.92
DM_inst.D_Memory\[13\]\[17\],0.92
DM_inst.D_Memory\[13\]\[31\],0.92
DM_inst.D_Memory\[13\]\[3\],0.92
DM_inst.D_Memory\[14\]\[0\],0.92
DM_inst.D_Memory\[14\]\[23\],0.92
DM_inst.D_Memory\[14\]\[26\],0.92
DM_inst.D_Memory\[15\]\[11\],0.92
DM_inst.D_Memory\[15\]\[15\],0.92
DM_inst.D_Memory\[15\]\[4\],0.92
DM_inst.D_Memory\[16\]\[16\],0.92
DM_inst.D_Memory\[16\]\[28\],0.92
DM_inst.D_Memory\[17\]\[16\],0.92
DM_inst.D_Memory\[17\]\[18\],0.92
DM_inst.D_Memory\[17\]\[19\],0.92
DM_inst.D_Memory\[17\]\[25\],0.92
DM_inst.D_Memory\[17\]\[4\],0.92
DM_inst.D_Memory\[17\]\[9\],0.92
DM_inst.D_Memory\[18\]\[21\],0.92
DM_inst.D_Memory\[18\]\[8\],0.92
DM_inst.D_Memory\[18\]\[9\],0.92
DM_inst.D_Memory\[19\]\[12\],0.92
DM_inst.D_Memory\[19\]\[17\],0.92
DM_inst.D_Memory\[19\]\[29\],0.92
DM_inst.D_Memory\[19\]\[31\],0.92
DM_inst.D_Memory\[19\]\[6\],0.92
DM_inst.D_Memory\[19\]\[8\],0.92
DM_inst.D_Memory\[1\]\[13\],0.92
DM_inst.D_Memory\[1\]\[18\],0.92
DM_inst.D_Memory\[1\]\[21\],0.92
DM_inst.D_Memory\[1\]\[31\],0.92
DM_inst.D_Memory\[1\]\[5\],0.92
DM_inst.D_Memory\[1\]\[7\],0.92
DM_inst.D_Memory\[20\]\[11\],0.92
DM_inst.D_Memory\[20\]\[2\],0.92
DM_inst.D_Memory\[20\]\[31\],0.92
DM_inst.D_Memory\[20\]\[5\],0.92
DM_inst.D_Memory\[20\]\[9\],0.92
DM_inst.D_Memory\[21\]\[0\],0.92
DM_inst.D_Memory\[21\]\[18\],0.92
DM_inst.D_Memory\[21\]\[23\],0.92
DM_inst.D_Memory\[21\]\[24\],0.92
DM_inst.D_Memory\[21\]\[25\],0.92
DM_inst.D_Memory\[21\]\[2\],0.92
DM_inst.D_Memory\[21\]\[30\],0.92
DM_inst.D_Memory\[23\]\[11\],0.92
DM_inst.D_Memory\[23\]\[13\],0.92
DM_inst.D_Memory\[23\]\[20\],0.92
DM_inst.D_Memory\[23\]\[21\],0.92
DM_inst.D_Memory\[23\]\[25\],0.92
DM_inst.D_Memory\[23\]\[26\],0.92
DM_inst.D_Memory\[23\]\[5\],0.92
DM_inst.D_Memory\[23\]\[9\],0.92
DM_inst.D_Memory\[24\]\[0\],0.92
DM_inst.D_Memory\[24\]\[17\],0.92
DM_inst.D_Memory\[24\]\[28\],0.92
DM_inst.D_Memory\[24\]\[4\],0.92
DM_inst.D_Memory\[24\]\[9\],0.92
DM_inst.D_Memory\[25\]\[11\],0.92
DM_inst.D_Memory\[25\]\[13\],0.92
DM_inst.D_Memory\[25\]\[24\],0.92
DM_inst.D_Memory\[25\]\[25\],0.92
DM_inst.D_Memory\[25\]\[31\],0.92
DM_inst.D_Memory\[25\]\[5\],0.92
DM_inst.D_Memory\[25\]\[6\],0.92
DM_inst.D_Memory\[26\]\[11\],0.92
DM_inst.D_Memory\[26\]\[18\],0.92
DM_inst.D_Memory\[26\]\[27\],0.92
DM_inst.D_Memory\[26\]\[7\],0.92
DM_inst.D_Memory\[27\]\[15\],0.92
DM_inst.D_Memory\[27\]\[21\],0.92
DM_inst.D_Memory\[27\]\[23\],0.92
DM_inst.D_Memory\[27\]\[2\],0.92
DM_inst.D_Memory\[27\]\[31\],0.92
DM_inst.D_Memory\[28\]\[16\],0.92
DM_inst.D_Memory\[28\]\[29\],0.92
DM_inst.D_Memory\[28\]\[4\],0.92
DM_inst.D_Memory\[29\]\[15\],0.92
DM_inst.D_Memory\[29\]\[22\],0.92
DM_inst.D_Memory\[29\]\[28\],0.92
DM_inst.D_Memory\[29\]\[4\],0.92
DM_inst.D_Memory\[2\]\[15\],0.92
DM_inst.D_Memory\[2\]\[21\],0.92
DM_inst.D_Memory\[2\]\[24\],0.92
DM_inst.D_Memory\[2\]\[30\],0.92
DM_inst.D_Memory\[2\]\[5\],0.92
DM_inst.D_Memory\[30\]\[11\],0.92
DM_inst.D_Memory\[30\]\[12\],0.92
DM_inst.D_Memory\[30\]\[14\],0.92
DM_inst.D_Memory\[30\]\[19\],0.92
DM_inst.D_Memory\[30\]\[20\],0.92
DM_inst.D_Memory\[31\]\[19\],0.92
DM_inst.D_Memory\[31\]\[1\],0.92
DM_inst.D_Memory\[31\]\[20\],0.92
DM_inst.D_Memory\[31\]\[23\],0.92
DM_inst.D_Memory\[31\]\[29\],0.92
DM_inst.D_Memory\[31\]\[31\],0.92
DM_inst.D_Memory\[31\]\[9\],0.92
DM_inst.D_Memory\[32\]\[1\],0.92
DM_inst.D_Memory\[32\]\[22\],0.92
DM_inst.D_Memory\[32\]\[26\],0.92
DM_inst.D_Memory\[32\]\[28\],0.92
DM_inst.D_Memory\[32\]\[2\],0.92
DM_inst.D_Memory\[32\]\[30\],0.92
DM_inst.D_Memory\[32\]\[31\],0.92
DM_inst.D_Memory\[32\]\[3\],0.92
DM_inst.D_Memory\[33\]\[14\],0.92
DM_inst.D_Memory\[33\]\[19\],0.92
DM_inst.D_Memory\[33\]\[26\],0.92
DM_inst.D_Memory\[33\]\[27\],0.92
DM_inst.D_Memory\[33\]\[28\],0.92
DM_inst.D_Memory\[33\]\[3\],0.92
DM_inst.D_Memory\[33\]\[5\],0.92
DM_inst.D_Memory\[34\]\[19\],0.92
DM_inst.D_Memory\[34\]\[1\],0.92
DM_inst.D_Memory\[34\]\[22\],0.92
DM_inst.D_Memory\[34\]\[23\],0.92
DM_inst.D_Memory\[34\]\[25\],0.92
DM_inst.D_Memory\[34\]\[8\],0.92
DM_inst.D_Memory\[35\]\[0\],0.92
DM_inst.D_Memory\[35\]\[20\],0.92
DM_inst.D_Memory\[35\]\[23\],0.92
DM_inst.D_Memory\[35\]\[30\],0.92
DM_inst.D_Memory\[35\]\[4\],0.92
DM_inst.D_Memory\[36\]\[1\],0.92
DM_inst.D_Memory\[36\]\[6\],0.92
DM_inst.D_Memory\[36\]\[9\],0.92
DM_inst.D_Memory\[37\]\[12\],0.92
DM_inst.D_Memory\[37\]\[13\],0.92
DM_inst.D_Memory\[37\]\[15\],0.92
DM_inst.D_Memory\[37\]\[24\],0.92
DM_inst.D_Memory\[37\]\[6\],0.92
DM_inst.D_Memory\[38\]\[13\],0.92
DM_inst.D_Memory\[38\]\[22\],0.92
DM_inst.D_Memory\[38\]\[24\],0.92
DM_inst.D_Memory\[38\]\[8\],0.92
DM_inst.D_Memory\[39\]\[16\],0.92
DM_inst.D_Memory\[39\]\[18\],0.92
DM_inst.D_Memory\[39\]\[26\],0.92
DM_inst.D_Memory\[39\]\[9\],0.92
DM_inst.D_Memory\[3\]\[0\],0.92
DM_inst.D_Memory\[3\]\[12\],0.92
DM_inst.D_Memory\[3\]\[4\],0.92
DM_inst.D_Memory\[40\]\[18\],0.92
DM_inst.D_Memory\[40\]\[20\],0.92
DM_inst.D_Memory\[40\]\[30\],0.92
DM_inst.D_Memory\[41\]\[12\],0.92
DM_inst.D_Memory\[41\]\[1\],0.92
DM_inst.D_Memory\[41\]\[24\],0.92
DM_inst.D_Memory\[41\]\[26\],0.92
DM_inst.D_Memory\[41\]\[3\],0.92
DM_inst.D_Memory\[41\]\[8\],0.92
DM_inst.D_Memory\[42\]\[14\],0.92
DM_inst.D_Memory\[42\]\[1\],0.92
DM_inst.D_Memory\[42\]\[25\],0.92
DM_inst.D_Memory\[42\]\[29\],0.92
DM_inst.D_Memory\[42\]\[9\],0.92
DM_inst.D_Memory\[43\]\[17\],0.92
DM_inst.D_Memory\[43\]\[23\],0.92
DM_inst.D_Memory\[43\]\[2\],0.92
DM_inst.D_Memory\[43\]\[31\],0.92
DM_inst.D_Memory\[43\]\[4\],0.92
DM_inst.D_Memory\[43\]\[9\],0.92
DM_inst.D_Memory\[45\]\[11\],0.92
DM_inst.D_Memory\[45\]\[19\],0.92
DM_inst.D_Memory\[45\]\[2\],0.92
DM_inst.D_Memory\[45\]\[5\],0.92
DM_inst.D_Memory\[46\]\[18\],0.92
DM_inst.D_Memory\[46\]\[6\],0.92
DM_inst.D_Memory\[47\]\[15\],0.92
DM_inst.D_Memory\[47\]\[22\],0.92
DM_inst.D_Memory\[47\]\[3\],0.92
DM_inst.D_Memory\[47\]\[4\],0.92
DM_inst.D_Memory\[48\]\[18\],0.92
DM_inst.D_Memory\[48\]\[23\],0.92
DM_inst.D_Memory\[48\]\[26\],0.92
DM_inst.D_Memory\[48\]\[4\],0.92
DM_inst.D_Memory\[49\]\[11\],0.92
DM_inst.D_Memory\[49\]\[13\],0.92
DM_inst.D_Memory\[49\]\[17\],0.92
DM_inst.D_Memory\[49\]\[29\],0.92
DM_inst.D_Memory\[49\]\[6\],0.92
DM_inst.D_Memory\[4\]\[10\],0.92
DM_inst.D_Memory\[4\]\[20\],0.92
DM_inst.D_Memory\[4\]\[24\],0.92
DM_inst.D_Memory\[4\]\[26\],0.92
DM_inst.D_Memory\[4\]\[27\],0.92
DM_inst.D_Memory\[4\]\[4\],0.92
DM_inst.D_Memory\[4\]\[9\],0.92
DM_inst.D_Memory\[50\]\[0\],0.92
DM_inst.D_Memory\[50\]\[1\],0.92
DM_inst.D_Memory\[50\]\[24\],0.92
DM_inst.D_Memory\[50\]\[30\],0.92
DM_inst.D_Memory\[50\]\[9\],0.92
DM_inst.D_Memory\[52\]\[11\],0.92
DM_inst.D_Memory\[52\]\[15\],0.92
DM_inst.D_Memory\[52\]\[19\],0.92
DM_inst.D_Memory\[52\]\[20\],0.92
DM_inst.D_Memory\[52\]\[4\],0.92
DM_inst.D_Memory\[52\]\[7\],0.92
DM_inst.D_Memory\[52\]\[8\],0.92
DM_inst.D_Memory\[53\]\[29\],0.92
DM_inst.D_Memory\[53\]\[5\],0.92
DM_inst.D_Memory\[54\]\[24\],0.92
DM_inst.D_Memory\[54\]\[25\],0.92
DM_inst.D_Memory\[54\]\[7\],0.92
DM_inst.D_Memory\[55\]\[15\],0.92
DM_inst.D_Memory\[55\]\[1\],0.92
DM_inst.D_Memory\[55\]\[2\],0.92
DM_inst.D_Memory\[56\]\[12\],0.92
DM_inst.D_Memory\[56\]\[14\],0.92
DM_inst.D_Memory\[56\]\[1\],0.92
DM_inst.D_Memory\[56\]\[21\],0.92
DM_inst.D_Memory\[56\]\[9\],0.92
DM_inst.D_Memory\[57\]\[0\],0.92
DM_inst.D_Memory\[57\]\[18\],0.92
DM_inst.D_Memory\[57\]\[6\],0.92
DM_inst.D_Memory\[58\]\[11\],0.92
DM_inst.D_Memory\[58\]\[18\],0.92
DM_inst.D_Memory\[58\]\[1\],0.92
DM_inst.D_Memory\[58\]\[20\],0.92
DM_inst.D_Memory\[58\]\[21\],0.92
DM_inst.D_Memory\[58\]\[23\],0.92
DM_inst.D_Memory\[58\]\[2\],0.92
DM_inst.D_Memory\[58\]\[8\],0.92
DM_inst.D_Memory\[59\]\[26\],0.92
DM_inst.D_Memory\[59\]\[30\],0.92
DM_inst.D_Memory\[59\]\[4\],0.92
DM_inst.D_Memory\[59\]\[7\],0.92
DM_inst.D_Memory\[5\]\[11\],0.92
DM_inst.D_Memory\[5\]\[18\],0.92
DM_inst.D_Memory\[5\]\[1\],0.92
DM_inst.D_Memory\[5\]\[26\],0.92
DM_inst.D_Memory\[5\]\[7\],0.92
DM_inst.D_Memory\[60\]\[14\],0.92
DM_inst.D_Memory\[60\]\[15\],0.92
DM_inst.D_Memory\[60\]\[19\],0.92
DM_inst.D_Memory\[60\]\[1\],0.92
DM_inst.D_Memory\[60\]\[20\],0.92
DM_inst.D_Memory\[60\]\[28\],0.92
DM_inst.D_Memory\[60\]\[31\],0.92
DM_inst.D_Memory\[60\]\[8\],0.92
DM_inst.D_Memory\[61\]\[19\],0.92
DM_inst.D_Memory\[61\]\[1\],0.92
DM_inst.D_Memory\[61\]\[24\],0.92
DM_inst.D_Memory\[61\]\[25\],0.92
DM_inst.D_Memory\[61\]\[26\],0.92
DM_inst.D_Memory\[62\]\[25\],0.92
DM_inst.D_Memory\[62\]\[26\],0.92
DM_inst.D_Memory\[62\]\[28\],0.92
DM_inst.D_Memory\[62\]\[4\],0.92
DM_inst.D_Memory\[62\]\[8\],0.92
DM_inst.D_Memory\[63\]\[13\],0.92
DM_inst.D_Memory\[63\]\[18\],0.92
DM_inst.D_Memory\[63\]\[20\],0.92
DM_inst.D_Memory\[63\]\[24\],0.92
DM_inst.D_Memory\[63\]\[25\],0.92
DM_inst.D_Memory\[63\]\[28\],0.92
DM_inst.D_Memory\[63\]\[4\],0.92
DM_inst.D_Memory\[63\]\[5\],0.92
DM_inst.D_Memory\[63\]\[6\],0.92
DM_inst.D_Memory\[6\]\[8\],0.92
DM_inst.D_Memory\[6\]\[9\],0.92
DM_inst.D_Memory\[7\]\[16\],0.92
DM_inst.D_Memory\[7\]\[26\],0.92
DM_inst.D_Memory\[7\]\[29\],0.92
DM_inst.D_Memory\[7\]\[8\],0.92
DM_inst.D_Memory\[7\]\[9\],0.92
DM_inst.D_Memory\[8\]\[30\],0.92
DM_inst.D_Memory\[9\]\[21\],0.92
DM_inst.D_Memory\[9\]\[27\],0.92
DM_inst.D_Memory\[9\]\[31\],0.92
DM_inst.D_Memory\[9\]\[4\],0.92
DM_inst.D_Memory\[9\]\[7\],0.92
RF_inst.Registers\[4\]\[27\],0.92
RF_inst.Registers\[6\]\[26\],0.92
RF_inst.Registers\[6\]\[9\],0.92
_05652_,0.92
_05819_,0.92
net2402,0.92
DM_inst.D_Memory\[59\]\[2\],0.8
_05214_,0.8
_05232_,0.8
_05279_,0.8
_05413_,0.8
DM_inst.D_Memory\[10\]\[0\],0.46
DM_inst.D_Memory\[10\]\[15\],0.46
DM_inst.D_Memory\[10\]\[22\],0.46
DM_inst.D_Memory\[10\]\[27\],0.46
DM_inst.D_Memory\[10\]\[8\],0.46
DM_inst.D_Memory\[11\]\[12\],0.46
DM_inst.D_Memory\[12\]\[27\],0.46
DM_inst.D_Memory\[12\]\[2\],0.46
DM_inst.D_Memory\[13\]\[21\],0.46
DM_inst.D_Memory\[13\]\[23\],0.46
DM_inst.D_Memory\[13\]\[26\],0.46
DM_inst.D_Memory\[13\]\[28\],0.46
DM_inst.D_Memory\[13\]\[29\],0.46
DM_inst.D_Memory\[14\]\[10\],0.46
DM_inst.D_Memory\[14\]\[13\],0.46
DM_inst.D_Memory\[14\]\[14\],0.46
DM_inst.D_Memory\[14\]\[15\],0.46
DM_inst.D_Memory\[15\]\[12\],0.46
DM_inst.D_Memory\[15\]\[14\],0.46
DM_inst.D_Memory\[15\]\[7\],0.46
DM_inst.D_Memory\[16\]\[10\],0.46
DM_inst.D_Memory\[16\]\[22\],0.46
DM_inst.D_Memory\[16\]\[30\],0.46
DM_inst.D_Memory\[16\]\[4\],0.46
DM_inst.D_Memory\[16\]\[5\],0.46
DM_inst.D_Memory\[17\]\[0\],0.46
DM_inst.D_Memory\[17\]\[10\],0.46
DM_inst.D_Memory\[17\]\[26\],0.46
DM_inst.D_Memory\[17\]\[3\],0.46
DM_inst.D_Memory\[17\]\[5\],0.46
DM_inst.D_Memory\[18\]\[11\],0.46
DM_inst.D_Memory\[18\]\[15\],0.46
DM_inst.D_Memory\[18\]\[18\],0.46
DM_inst.D_Memory\[18\]\[22\],0.46
DM_inst.D_Memory\[19\]\[14\],0.46
DM_inst.D_Memory\[19\]\[26\],0.46
DM_inst.D_Memory\[19\]\[5\],0.46
DM_inst.D_Memory\[1\]\[10\],0.46
DM_inst.D_Memory\[1\]\[26\],0.46
DM_inst.D_Memory\[1\]\[27\],0.46
DM_inst.D_Memory\[1\]\[29\],0.46
DM_inst.D_Memory\[1\]\[8\],0.46
DM_inst.D_Memory\[20\]\[22\],0.46
DM_inst.D_Memory\[21\]\[11\],0.46
DM_inst.D_Memory\[21\]\[12\],0.46
DM_inst.D_Memory\[21\]\[17\],0.46
DM_inst.D_Memory\[21\]\[21\],0.46
DM_inst.D_Memory\[21\]\[6\],0.46
DM_inst.D_Memory\[22\]\[16\],0.46
DM_inst.D_Memory\[22\]\[24\],0.46
DM_inst.D_Memory\[22\]\[28\],0.46
DM_inst.D_Memory\[22\]\[4\],0.46
DM_inst.D_Memory\[23\]\[12\],0.46
DM_inst.D_Memory\[23\]\[24\],0.46
DM_inst.D_Memory\[23\]\[3\],0.46
DM_inst.D_Memory\[23\]\[6\],0.46
DM_inst.D_Memory\[24\]\[12\],0.46
DM_inst.D_Memory\[24\]\[15\],0.46
DM_inst.D_Memory\[24\]\[23\],0.46
DM_inst.D_Memory\[24\]\[31\],0.46
DM_inst.D_Memory\[25\]\[15\],0.46
DM_inst.D_Memory\[25\]\[27\],0.46
DM_inst.D_Memory\[26\]\[10\],0.46
DM_inst.D_Memory\[26\]\[5\],0.46
DM_inst.D_Memory\[26\]\[8\],0.46
DM_inst.D_Memory\[27\]\[24\],0.46
DM_inst.D_Memory\[27\]\[9\],0.46
DM_inst.D_Memory\[28\]\[20\],0.46
DM_inst.D_Memory\[28\]\[6\],0.46
DM_inst.D_Memory\[28\]\[8\],0.46
DM_inst.D_Memory\[29\]\[1\],0.46
DM_inst.D_Memory\[29\]\[27\],0.46
DM_inst.D_Memory\[29\]\[2\],0.46
DM_inst.D_Memory\[29\]\[3\],0.46
DM_inst.D_Memory\[2\]\[0\],0.46
DM_inst.D_Memory\[30\]\[16\],0.46
DM_inst.D_Memory\[30\]\[21\],0.46
DM_inst.D_Memory\[30\]\[24\],0.46
DM_inst.D_Memory\[31\]\[16\],0.46
DM_inst.D_Memory\[31\]\[21\],0.46
DM_inst.D_Memory\[31\]\[28\],0.46
DM_inst.D_Memory\[31\]\[30\],0.46
DM_inst.D_Memory\[32\]\[23\],0.46
DM_inst.D_Memory\[32\]\[27\],0.46
DM_inst.D_Memory\[33\]\[0\],0.46
DM_inst.D_Memory\[33\]\[17\],0.46
DM_inst.D_Memory\[33\]\[8\],0.46
DM_inst.D_Memory\[33\]\[9\],0.46
DM_inst.D_Memory\[34\]\[5\],0.46
DM_inst.D_Memory\[35\]\[11\],0.46
DM_inst.D_Memory\[36\]\[0\],0.46
DM_inst.D_Memory\[36\]\[10\],0.46
DM_inst.D_Memory\[36\]\[11\],0.46
DM_inst.D_Memory\[36\]\[19\],0.46
DM_inst.D_Memory\[37\]\[21\],0.46
DM_inst.D_Memory\[37\]\[2\],0.46
DM_inst.D_Memory\[37\]\[30\],0.46
DM_inst.D_Memory\[37\]\[31\],0.46
DM_inst.D_Memory\[37\]\[7\],0.46
DM_inst.D_Memory\[38\]\[31\],0.46
DM_inst.D_Memory\[39\]\[22\],0.46
DM_inst.D_Memory\[39\]\[23\],0.46
DM_inst.D_Memory\[39\]\[27\],0.46
DM_inst.D_Memory\[3\]\[17\],0.46
DM_inst.D_Memory\[3\]\[24\],0.46
DM_inst.D_Memory\[3\]\[5\],0.46
DM_inst.D_Memory\[40\]\[0\],0.46
DM_inst.D_Memory\[40\]\[14\],0.46
DM_inst.D_Memory\[40\]\[17\],0.46
DM_inst.D_Memory\[41\]\[23\],0.46
DM_inst.D_Memory\[41\]\[25\],0.46
DM_inst.D_Memory\[41\]\[29\],0.46
DM_inst.D_Memory\[41\]\[9\],0.46
DM_inst.D_Memory\[42\]\[11\],0.46
DM_inst.D_Memory\[42\]\[15\],0.46
DM_inst.D_Memory\[42\]\[17\],0.46
DM_inst.D_Memory\[42\]\[3\],0.46
DM_inst.D_Memory\[43\]\[3\],0.46
DM_inst.D_Memory\[43\]\[7\],0.46
DM_inst.D_Memory\[44\]\[13\],0.46
DM_inst.D_Memory\[44\]\[1\],0.46
DM_inst.D_Memory\[44\]\[22\],0.46
DM_inst.D_Memory\[44\]\[25\],0.46
DM_inst.D_Memory\[44\]\[26\],0.46
DM_inst.D_Memory\[44\]\[5\],0.46
DM_inst.D_Memory\[44\]\[6\],0.46
DM_inst.D_Memory\[45\]\[1\],0.46
DM_inst.D_Memory\[45\]\[27\],0.46
DM_inst.D_Memory\[46\]\[10\],0.46
DM_inst.D_Memory\[46\]\[20\],0.46
DM_inst.D_Memory\[46\]\[22\],0.46
DM_inst.D_Memory\[46\]\[4\],0.46
DM_inst.D_Memory\[46\]\[5\],0.46
DM_inst.D_Memory\[46\]\[7\],0.46
DM_inst.D_Memory\[47\]\[0\],0.46
DM_inst.D_Memory\[47\]\[12\],0.46
DM_inst.D_Memory\[47\]\[14\],0.46
DM_inst.D_Memory\[48\]\[22\],0.46
DM_inst.D_Memory\[48\]\[28\],0.46
DM_inst.D_Memory\[49\]\[12\],0.46
DM_inst.D_Memory\[49\]\[18\],0.46
DM_inst.D_Memory\[49\]\[22\],0.46
DM_inst.D_Memory\[49\]\[23\],0.46
DM_inst.D_Memory\[49\]\[24\],0.46
DM_inst.D_Memory\[49\]\[27\],0.46
DM_inst.D_Memory\[49\]\[31\],0.46
DM_inst.D_Memory\[49\]\[4\],0.46
DM_inst.D_Memory\[49\]\[7\],0.46
DM_inst.D_Memory\[49\]\[8\],0.46
DM_inst.D_Memory\[4\]\[13\],0.46
DM_inst.D_Memory\[4\]\[14\],0.46
DM_inst.D_Memory\[4\]\[21\],0.46
DM_inst.D_Memory\[4\]\[28\],0.46
DM_inst.D_Memory\[50\]\[17\],0.46
DM_inst.D_Memory\[50\]\[28\],0.46
DM_inst.D_Memory\[50\]\[4\],0.46
DM_inst.D_Memory\[51\]\[0\],0.46
DM_inst.D_Memory\[51\]\[15\],0.46
DM_inst.D_Memory\[51\]\[8\],0.46
DM_inst.D_Memory\[52\]\[13\],0.46
DM_inst.D_Memory\[52\]\[17\],0.46
DM_inst.D_Memory\[52\]\[1\],0.46
DM_inst.D_Memory\[52\]\[21\],0.46
DM_inst.D_Memory\[52\]\[23\],0.46
DM_inst.D_Memory\[52\]\[3\],0.46
DM_inst.D_Memory\[52\]\[6\],0.46
DM_inst.D_Memory\[53\]\[12\],0.46
DM_inst.D_Memory\[53\]\[13\],0.46
DM_inst.D_Memory\[53\]\[2\],0.46
DM_inst.D_Memory\[53\]\[4\],0.46
DM_inst.D_Memory\[53\]\[7\],0.46
DM_inst.D_Memory\[55\]\[0\],0.46
DM_inst.D_Memory\[55\]\[18\],0.46
DM_inst.D_Memory\[55\]\[29\],0.46
DM_inst.D_Memory\[55\]\[5\],0.46
DM_inst.D_Memory\[55\]\[7\],0.46
DM_inst.D_Memory\[56\]\[10\],0.46
DM_inst.D_Memory\[56\]\[16\],0.46
DM_inst.D_Memory\[56\]\[18\],0.46
DM_inst.D_Memory\[56\]\[23\],0.46
DM_inst.D_Memory\[56\]\[24\],0.46
DM_inst.D_Memory\[56\]\[30\],0.46
DM_inst.D_Memory\[56\]\[3\],0.46
DM_inst.D_Memory\[57\]\[11\],0.46
DM_inst.D_Memory\[57\]\[16\],0.46
DM_inst.D_Memory\[57\]\[29\],0.46
DM_inst.D_Memory\[58\]\[0\],0.46
DM_inst.D_Memory\[58\]\[10\],0.46
DM_inst.D_Memory\[58\]\[12\],0.46
DM_inst.D_Memory\[58\]\[22\],0.46
DM_inst.D_Memory\[58\]\[3\],0.46
DM_inst.D_Memory\[58\]\[5\],0.46
DM_inst.D_Memory\[59\]\[14\],0.46
DM_inst.D_Memory\[59\]\[17\],0.46
DM_inst.D_Memory\[59\]\[1\],0.46
DM_inst.D_Memory\[59\]\[20\],0.46
DM_inst.D_Memory\[59\]\[22\],0.46
DM_inst.D_Memory\[59\]\[28\],0.46
DM_inst.D_Memory\[5\]\[12\],0.46
DM_inst.D_Memory\[5\]\[21\],0.46
DM_inst.D_Memory\[5\]\[25\],0.46
DM_inst.D_Memory\[60\]\[26\],0.46
DM_inst.D_Memory\[60\]\[5\],0.46
DM_inst.D_Memory\[62\]\[10\],0.46
DM_inst.D_Memory\[62\]\[14\],0.46
DM_inst.D_Memory\[62\]\[1\],0.46
DM_inst.D_Memory\[62\]\[29\],0.46
DM_inst.D_Memory\[63\]\[0\],0.46
DM_inst.D_Memory\[6\]\[13\],0.46
DM_inst.D_Memory\[6\]\[24\],0.46
DM_inst.D_Memory\[6\]\[31\],0.46
DM_inst.D_Memory\[7\]\[10\],0.46
DM_inst.D_Memory\[7\]\[27\],0.46
DM_inst.D_Memory\[7\]\[30\],0.46
DM_inst.D_Memory\[7\]\[6\],0.46
DM_inst.D_Memory\[8\]\[21\],0.46
DM_inst.D_Memory\[8\]\[24\],0.46
DM_inst.D_Memory\[8\]\[26\],0.46
DM_inst.D_Memory\[8\]\[7\],0.46
DM_inst.D_Memory\[8\]\[9\],0.46
DM_inst.D_Memory\[9\]\[16\],0.46
DM_inst.D_Memory\[9\]\[1\],0.46
DM_inst.D_Memory\[9\]\[30\],0.46
DM_inst.D_Memory\[9\]\[6\],0.46
RF_inst.Registers\[2\]\[8\],0.46
RF_inst.Registers\[4\]\[14\],0.46
RF_inst.Registers\[4\]\[15\],0.46
RF_inst.Registers\[4\]\[16\],0.46
RF_inst.Registers\[4\]\[19\],0.46
RF_inst.Registers\[4\]\[23\],0.46
RF_inst.Registers\[4\]\[24\],0.46
RF_inst.Registers\[4\]\[7\],0.46
RF_inst.Registers\[6\]\[11\],0.46
RF_inst.Registers\[6\]\[14\],0.46
RF_inst.Registers\[6\]\[15\],0.46
RF_inst.Registers\[6\]\[16\],0.46
RF_inst.Registers\[6\]\[17\],0.46
RF_inst.Registers\[6\]\[18\],0.46
RF_inst.Registers\[6\]\[21\],0.46
RF_inst.Registers\[6\]\[22\],0.46
_05687_,0.46
net244,0.46
net2325,0.46
net2342,0.46
